model,image_id,num_gt,num_predictions,num_operating_predictions,num_detected_gt,num_false_positives,num_missed,num_low_confidence_candidate,num_assignment_conflict_candidate,num_classification_error_candidate,num_localization_error_candidate
YOLO11m,1,34,179,38,26,12,3,3,0,1,1
YOLO11m,2,4,128,5,3,2,0,1,0,0,0
YOLO11m,3,14,60,7,6,1,1,5,0,0,2
YOLO11m,4,19,74,20,17,3,0,1,0,0,1
YOLO11m,5,35,212,27,19,8,5,10,0,0,1
YOLO11m,6,6,76,6,6,0,0,0,0,0,0
YOLO11m,7,16,138,14,11,3,1,3,0,0,1
YOLO11m,8,19,158,28,14,14,0,2,0,2,1
YOLO11m,9,13,142,14,12,2,1,0,0,0,0
YOLO11m,10,10,48,8,8,0,2,0,0,0,0
YOLO11m,11,14,155,16,13,3,0,1,0,0,0
YOLO11m,12,4,89,6,2,4,0,2,0,0,0
YOLO11m,13,21,74,19,18,1,1,2,0,0,0
YOLO11m,14,14,209,12,8,4,3,2,0,1,0
YOLO11m,15,19,135,16,13,3,3,3,0,0,0
YOLO11m,16,20,162,18,10,8,0,8,0,0,2
YOLO11m,17,38,231,41,34,7,0,1,0,1,2
YOLO11m,18,23,174,22,18,4,0,3,0,0,2
YOLO11m,19,23,133,27,19,8,0,2,0,0,2
YOLO11m,20,34,212,34,28,6,1,3,0,0,2
YOLO11m,21,26,148,22,18,4,3,3,1,0,1
YOLO11m,22,25,146,22,19,3,1,5,0,0,0
YOLO11m,23,19,211,24,15,9,1,3,0,0,0
YOLO11m,24,24,136,20,14,6,0,8,0,0,2
YOLO11m,25,14,80,7,6,1,2,6,0,0,0
YOLO11m,26,41,233,29,24,5,7,8,0,0,2
YOLO11m,27,28,206,26,25,1,0,3,0,0,0
YOLO11m,28,12,79,12,11,1,1,0,0,0,0
YOLO11m,29,12,158,8,6,2,0,4,0,0,2
YOLO11m,30,15,112,7,2,5,1,9,0,1,2
YOLO11m,31,30,231,26,23,3,1,4,0,0,2
YOLO11m,32,13,136,11,10,1,0,3,0,0,0
YOLO11m,33,24,142,25,22,3,0,1,0,0,1
YOLO11m,34,12,103,14,11,3,0,1,0,0,0
YOLO11m,35,29,105,25,18,7,1,3,0,0,7
YOLO11m,36,4,116,5,3,2,0,0,0,0,1
YOLO11m,37,17,98,10,8,2,0,9,0,0,0
YOLO11m,38,5,138,5,4,1,0,1,0,0,0
YOLO11m,39,6,58,7,5,2,0,1,0,0,0
YOLO11m,40,4,106,4,4,0,0,0,0,0,0
YOLO11m,41,17,143,15,10,5,1,3,0,1,2
YOLO11m,42,7,61,7,7,0,0,0,0,0,0
YOLO11m,43,9,57,9,8,1,0,1,0,0,0
YOLO11m,44,4,37,4,3,1,0,0,0,0,1
YOLO11m,45,25,151,30,20,10,0,1,0,0,4
YOLO11m,46,18,132,21,17,4,0,1,0,0,0
YOLO11m,47,29,140,30,21,9,2,0,0,0,6
YOLO11m,48,17,81,18,11,7,1,2,0,1,2
YOLO11m,49,22,170,20,17,3,1,2,0,2,0
YOLO11m,50,13,119,15,12,3,0,1,0,0,0
YOLO11m,51,6,44,7,6,1,0,0,0,0,0
YOLO11m,52,18,198,20,12,8,1,1,0,1,3
YOLO11m,53,10,224,7,6,1,0,2,0,0,2
YOLO11m,54,24,128,27,16,11,0,2,0,1,5
YOLO11m,55,16,182,17,14,3,0,2,0,0,0
YOLO11m,56,12,70,13,12,1,0,0,0,0,0
YOLO11m,57,24,106,14,9,5,10,3,0,1,1
YOLO11m,58,14,199,10,7,3,2,3,0,0,2
YOLO11m,59,13,77,10,9,1,1,2,0,0,1
YOLO11m,60,15,196,17,12,5,0,3,0,0,0
YOLO11m,61,12,69,10,8,2,0,3,0,1,0
YOLO11m,62,22,216,16,12,4,3,5,0,1,1
YOLO11m,63,13,112,10,7,3,1,3,0,0,2
YOLO11m,64,16,101,18,14,4,1,1,0,0,0
YOLO11m,65,20,93,25,15,10,0,3,0,0,2
YOLO11m,66,6,84,7,5,2,0,1,0,0,0
YOLO11m,67,6,39,7,5,2,0,1,0,0,0
YOLO11m,68,15,54,16,15,1,0,0,0,0,0
YOLO11m,69,34,210,34,24,10,3,3,1,1,2
YOLO11m,70,12,79,9,7,2,2,2,0,0,1
YOLO11m,71,11,124,7,6,1,1,2,0,0,2
YOLO11m,72,21,152,23,19,4,1,0,0,0,1
YOLO11m,73,26,222,27,20,7,0,6,0,0,0
YOLO11m,74,11,160,9,8,1,0,3,0,0,0
YOLO11m,75,17,104,30,14,16,0,2,0,0,1
YOLO11m,76,7,76,9,7,2,0,0,0,0,0
YOLO11m,77,33,165,21,16,5,12,3,0,0,2
YOLO11m,78,14,148,23,13,10,0,0,0,0,1
YOLO11m,79,6,74,8,5,3,0,0,0,1,0
YOLO11m,80,14,207,11,10,1,0,4,0,0,0
YOLO11m,81,17,157,16,14,2,0,2,0,0,1
YOLO11m,82,17,146,11,9,2,3,5,0,0,0
YOLO11m,83,16,91,18,13,5,0,1,0,0,2
YOLO11m,84,18,98,10,9,1,3,4,0,0,2
YOLO11m,85,11,146,14,6,8,0,3,0,1,1
YOLO11m,86,4,77,6,4,2,0,0,0,0,0
YOLO11m,87,22,146,25,19,6,0,3,0,0,0
YOLO11m,88,55,255,49,40,9,2,9,3,1,0
YOLO11m,89,7,73,8,5,3,1,1,0,0,0
YOLO11m,90,23,180,22,20,2,0,2,0,0,1
YOLO11m,91,23,148,24,21,3,1,1,0,0,0
YOLO11m,92,8,83,8,7,1,0,1,0,0,0
YOLO11m,93,37,163,30,23,7,5,4,0,1,4
YOLO11m,94,7,96,8,6,2,0,1,0,0,0
YOLO11m,95,29,121,28,24,4,2,2,0,0,1
YOLO11m,96,20,171,20,12,8,1,4,0,0,3
YOLO11m,97,5,57,6,5,1,0,0,0,0,0
YOLO11m,98,26,160,28,16,12,1,6,0,0,3
YOLO11m,99,23,149,24,19,5,1,3,0,0,0
YOLO11m,100,9,70,7,6,1,1,1,0,0,1
YOLO11m,101,7,40,6,5,1,0,2,0,0,0
YOLO11m,102,23,187,30,20,10,0,2,0,1,0
YOLO11m,103,16,101,15,13,2,1,1,0,1,0
YOLO11m,104,13,117,15,9,6,0,4,0,0,0
YOLO11m,105,37,154,27,22,5,7,8,0,0,0
YOLO11m,106,6,68,6,5,1,0,1,0,0,0
YOLO11m,107,23,158,14,10,4,7,4,0,0,2
YOLO11m,108,18,151,17,13,4,3,2,0,0,0
YOLO11m,109,9,46,11,9,2,0,0,0,0,0
YOLO11m,110,14,182,15,12,3,1,0,0,1,0
YOLO11m,111,25,105,21,19,2,3,2,0,0,1
YOLO11m,112,12,88,12,11,1,0,1,0,0,0
YOLO11m,113,10,79,7,7,0,0,2,0,0,1
YOLO11m,114,36,233,34,27,7,1,5,0,1,2
YOLO11m,115,14,152,14,10,4,2,1,0,0,1
YOLO11m,116,28,138,25,16,9,2,7,0,0,3
YOLO11m,117,12,71,10,8,2,2,1,0,0,1
YOLO11m,118,31,168,29,25,4,3,2,0,0,1
YOLO11m,119,30,130,31,26,5,0,4,0,0,0
YOLO11m,120,20,129,18,13,5,0,2,0,0,5
YOLO11m,121,15,142,18,11,7,0,2,0,0,2
YOLO11m,122,16,134,18,8,10,0,4,0,2,2
YOLO11m,123,9,104,7,6,1,1,2,0,0,0
YOLO11m,124,19,107,20,15,5,2,2,0,0,0
YOLO11m,125,18,132,24,16,8,0,2,0,0,0
YOLO11m,126,11,100,9,7,2,1,3,0,0,0
YOLO11m,127,19,87,15,12,3,0,4,0,1,2
YOLO11m,128,7,67,7,7,0,0,0,0,0,0
YOLO11m,129,6,109,4,4,0,0,2,0,0,0
YOLO11m,130,5,106,7,3,4,0,0,0,0,2
YOLO11m,131,10,85,8,7,1,0,3,0,0,0
YOLO11m,132,24,110,32,20,12,0,1,0,0,3
YOLO11m,133,8,76,10,6,4,1,1,0,0,0
YOLO11m,134,23,242,19,15,4,2,5,1,0,0
YOLO11m,135,28,121,30,22,8,2,2,0,1,1
YOLO11m,136,16,154,22,15,7,0,1,0,0,0
YOLO11m,137,5,176,12,3,9,1,1,0,0,0
YOLO11m,138,14,224,10,9,1,1,4,0,0,0
YOLO11m,139,11,169,7,6,1,0,5,0,0,0
YOLO11m,140,14,83,19,13,6,0,1,0,0,0
YOLO11m,141,21,56,22,19,3,0,2,0,0,0
YOLO11m,142,31,201,18,15,3,1,12,0,0,3
YOLO11m,143,19,203,16,15,1,2,2,0,0,0
YOLO11m,144,26,202,26,19,7,3,3,1,0,0
YOLO11m,145,19,101,21,15,6,0,1,0,0,3
YOLO11m,146,17,244,13,10,3,2,4,0,1,0
YOLO11m,147,7,116,8,6,2,0,1,0,0,0
YOLO11m,148,10,103,9,7,2,1,2,0,0,0
YOLO11m,149,30,176,27,21,6,2,2,0,0,5
YOLO11m,150,12,204,13,12,1,0,0,0,0,0
YOLO11m,151,29,246,19,10,9,7,9,0,2,1
YOLO11m,152,11,122,12,8,4,2,1,0,0,0
YOLO11m,153,28,237,27,19,8,6,0,1,0,2
YOLO11m,154,19,168,23,16,7,1,0,0,0,2
YOLO11m,155,11,70,12,10,2,0,1,0,0,0
YOLO11m,156,44,279,31,20,11,14,5,0,0,5
YOLO11m,157,22,183,14,14,0,1,6,0,0,1
YOLO11m,158,10,177,10,7,3,0,3,0,0,0
YOLO11m,159,23,98,20,17,3,1,4,0,0,1
YOLO11m,160,15,147,13,12,1,1,2,0,0,0
YOLO11m,161,16,86,15,12,3,0,3,0,0,1
YOLO11m,162,27,176,27,18,9,0,3,0,1,5
YOLO11m,163,30,165,28,23,5,0,5,0,0,2
YOLO11m,164,18,90,17,14,3,0,3,0,0,1
YOLO11m,165,18,92,17,12,5,1,2,0,1,2
YOLO11m,166,18,124,21,16,5,0,0,0,1,1
YOLO11m,167,8,31,8,7,1,0,0,0,0,1
YOLO11m,168,20,124,19,19,0,0,1,0,0,0
YOLO11m,169,24,126,19,17,2,2,5,0,0,0
YOLO11m,170,21,155,24,20,4,0,0,0,0,1
YOLO11m,171,20,130,20,16,4,1,3,0,0,0
YOLO11m,172,17,71,16,13,3,2,1,0,0,1
YOLO11m,173,37,149,40,30,10,1,4,0,2,0
YOLO11m,174,23,116,11,10,1,3,9,0,0,1
YOLO11m,175,25,154,26,18,8,0,4,0,1,2
YOLO11m,176,31,234,34,24,10,2,2,0,1,2
YOLO11m,177,23,214,22,14,8,0,5,0,0,4
YOLO11m,178,9,46,7,7,0,0,2,0,0,0
YOLO11m,179,16,95,16,13,3,0,0,0,0,3
YOLO11m,180,11,37,10,10,0,1,0,0,0,0
YOLO11m,181,35,173,37,29,8,1,2,0,1,2
YOLO11m,182,8,147,10,7,3,0,1,0,0,0
YOLO11m,183,12,82,15,10,5,0,2,0,0,0
YOLO11m,184,26,205,21,16,5,2,5,0,0,3
YOLO11m,185,9,191,9,6,3,0,2,0,0,1
YOLO11m,186,6,27,7,6,1,0,0,0,0,0
YOLO11m,187,28,187,27,19,8,1,8,0,0,0
YOLO11m,188,33,118,28,22,6,0,8,0,1,2
YOLO11m,189,12,143,17,11,6,0,1,0,0,0
YOLO11m,190,17,191,16,11,5,0,6,0,0,0
YOLO11m,191,10,52,12,10,2,0,0,0,0,0
YOLO11m,192,39,242,32,27,5,3,6,0,0,3
YOLO11m,193,28,127,18,15,3,5,6,0,0,2
YOLO11m,194,18,110,15,14,1,0,3,0,0,1
YOLO11m,195,35,185,36,31,5,0,3,0,0,1
YOLO11m,196,27,137,30,22,8,0,3,0,0,2
YOLO11m,197,11,154,12,9,3,0,2,0,0,0
YOLO11m,198,41,261,40,33,7,0,8,0,0,0
YOLO11m,199,12,71,5,3,2,0,7,0,0,2
YOLO11m,200,13,135,16,8,8,0,4,0,0,1
YOLO11m,201,10,62,9,6,3,2,1,0,0,1
YOLO11m,202,9,117,13,8,5,0,0,0,0,1
YOLO11m,203,20,75,22,17,5,1,0,1,0,1
YOLO11m,204,4,34,3,3,0,0,1,0,0,0
YOLO11m,205,9,54,8,8,0,0,0,0,0,1
YOLO11m,206,19,90,19,16,3,1,0,0,0,2
YOLO11m,207,17,183,20,12,8,1,0,0,0,4
YOLO11m,208,4,56,4,3,1,0,1,0,0,0
YOLO11m,209,17,181,13,8,5,4,2,0,0,3
YOLO11m,210,28,170,27,22,5,0,3,0,1,2
YOLO11m,211,8,139,8,7,1,0,0,0,0,1
YOLO11m,212,17,56,17,16,1,0,0,0,0,1
YOLO11m,213,16,84,15,14,1,0,2,0,0,0
YOLO11m,214,33,245,34,26,8,0,6,1,0,0
YOLO11m,215,27,161,25,21,4,1,2,0,0,3
YOLO11m,216,20,194,24,16,8,1,2,0,0,1
YOLO11m,217,5,90,6,4,2,0,1,0,0,0
YOLO11m,218,11,190,8,6,2,0,4,0,0,1
YOLO11m,219,15,109,20,13,7,0,1,0,0,1
YOLO11m,220,23,183,23,15,8,3,2,0,0,3
YOLO11m,221,7,52,14,3,11,0,3,0,0,1
YOLO11m,222,16,104,10,8,2,2,4,0,0,2
YOLO11m,223,22,97,20,18,2,2,1,0,0,1
YOLO11m,224,19,126,19,18,1,0,1,0,0,0
YOLO11m,225,13,278,5,5,0,1,7,0,0,0
YOLO11m,226,18,91,21,13,8,0,4,0,0,1
YOLO11m,227,18,161,21,12,9,0,3,0,0,3
YOLO11m,228,12,106,12,9,3,1,2,0,0,0
YOLO11m,229,12,110,9,6,3,0,6,0,0,0
YOLO11m,230,20,89,21,14,7,0,3,0,0,3
YOLO11m,231,15,114,14,11,3,1,3,0,0,0
YOLO11m,232,10,108,10,8,2,0,2,0,0,0
YOLO11m,233,5,32,5,5,0,0,0,0,0,0
YOLO11m,234,17,84,12,12,0,2,3,0,0,0
YOLO11m,235,52,232,46,33,13,4,8,0,1,6
YOLO11m,236,49,242,34,28,6,4,11,0,0,6
YOLO11m,237,14,155,12,10,2,0,4,0,0,0
YOLO11m,238,14,161,12,9,3,1,3,0,0,1
YOLO11m,239,42,225,38,30,8,1,5,0,0,6
YOLO11m,240,7,122,6,4,2,0,3,0,0,0
YOLO11m,241,21,193,26,17,9,0,3,0,0,1
YOLO11m,242,17,186,19,14,5,0,1,0,0,2
YOLO11m,243,22,114,19,18,1,2,2,0,0,0
YOLO11m,244,14,79,11,11,0,2,1,0,0,0
YOLO11m,245,36,194,24,21,3,3,11,0,0,1
YOLO11m,246,24,182,26,19,7,1,1,0,0,3
YOLO11m,247,32,161,19,17,2,6,7,0,0,2
YOLO11m,248,22,80,22,19,3,0,1,0,0,2
YOLO11m,249,5,32,5,5,0,0,0,0,0,0
YOLO11m,250,13,144,12,8,4,2,3,0,0,0
YOLO11m,251,18,79,33,15,18,0,1,0,0,2
YOLO11m,252,9,78,10,7,3,0,1,0,0,1
YOLO11m,253,12,89,10,9,1,0,2,0,1,0
YOLO11m,254,10,47,7,6,1,0,2,0,0,2
YOLO11m,255,33,300,30,19,11,5,5,0,1,3
YOLO11m,256,12,70,14,11,3,0,1,0,0,0
YOLO11m,257,6,185,6,4,2,0,1,0,1,0
YOLO11m,258,11,106,11,8,3,0,1,0,1,1
YOLO11m,259,25,170,26,15,11,2,3,0,2,3
YOLO11m,260,33,198,24,22,2,2,8,0,0,1
YOLO11m,261,4,29,4,4,0,0,0,0,0,0
YOLO11m,262,5,73,10,4,6,0,1,0,0,0
YOLO11m,263,27,195,25,22,3,0,5,0,0,0
YOLO11m,264,6,66,8,4,4,0,0,0,0,2
YOLO11m,265,10,100,11,7,4,0,1,0,2,0
YOLO11m,266,18,211,11,10,1,2,5,0,0,1
YOLO11m,267,13,123,10,7,3,0,5,0,0,1
YOLO11m,268,34,291,29,18,11,4,10,0,0,2
YOLO11m,269,12,65,20,11,9,0,1,0,0,0
YOLO11m,270,19,155,22,17,5,1,0,0,0,1
YOLO11m,271,20,121,20,10,10,3,5,0,0,2
YOLO11m,272,12,160,20,10,10,2,0,0,0,0
YOLO11m,273,16,90,19,13,6,0,0,1,0,2
YOLO11m,274,19,126,19,11,8,3,3,0,2,0
YOLO11m,275,22,213,21,16,5,0,4,0,1,1
YOLO11m,276,17,207,26,13,13,2,2,0,0,0
YOLO11m,277,13,102,14,11,3,0,0,0,0,2
YOLO11m,278,16,118,19,13,6,1,1,0,0,1
YOLO11m,279,28,117,25,21,4,2,4,0,0,1
YOLO11m,280,31,122,14,9,5,6,10,0,1,5
YOLO11m,281,23,75,22,18,4,1,2,0,0,2
YOLO11m,282,12,135,10,8,2,2,0,0,1,1
YOLO11m,283,12,51,12,11,1,0,1,0,0,0
YOLO11m,284,15,105,17,13,4,0,1,0,0,1
YOLO11m,285,8,99,11,5,6,0,2,0,0,1
YOLO11m,286,8,68,3,3,0,3,2,0,0,0
YOLO11m,287,26,148,26,19,7,2,1,0,1,3
YOLO11m,288,14,122,14,10,4,0,4,0,0,0
YOLO11m,289,14,139,20,11,9,0,1,0,0,2
YOLO11m,290,13,46,11,10,1,0,1,0,0,2
YOLO11m,291,9,65,8,7,1,0,1,0,1,0
YOLO11m,292,6,134,7,4,3,0,2,0,0,0
YOLO11m,293,16,62,20,15,5,0,0,0,0,1
YOLO11m,294,39,156,20,16,4,7,5,2,0,9
YOLO11m,295,25,166,25,19,6,3,3,0,0,0
YOLO11m,296,18,89,16,12,4,0,3,0,0,3
YOLO11m,297,27,132,25,17,8,2,2,0,0,6
YOLO11m,298,12,156,14,10,4,1,1,0,0,0
YOLO11m,299,17,185,13,11,2,3,2,0,1,0
YOLO11m,300,25,229,26,20,6,1,2,0,0,2
YOLO11m,301,10,62,8,6,2,1,2,0,0,1
YOLO11m,302,22,109,23,17,6,0,4,0,0,1
YOLO11m,303,24,122,19,13,6,3,7,0,1,0
YOLO11m,304,37,134,27,23,4,3,1,3,4,3
YOLO11m,305,20,130,15,12,3,2,5,0,0,1
YOLO11m,306,45,300,31,25,6,6,11,0,0,3
YOLO11m,307,27,266,23,18,5,2,7,0,0,0
YOLO11m,308,24,155,20,11,9,1,8,0,0,4
YOLO11m,309,19,162,22,17,5,0,2,0,0,0
YOLO11m,310,20,91,24,17,7,0,0,0,0,3
YOLO11m,311,23,142,22,15,7,2,3,0,1,2
YOLO11m,312,32,228,38,29,9,1,1,0,1,0
YOLO11m,313,9,68,6,5,1,1,2,0,0,1
YOLO11m,314,15,131,9,8,1,2,5,0,0,0
YOLO11m,315,26,132,34,25,9,0,0,0,0,1
YOLO11m,316,10,221,16,9,7,0,1,0,0,0
YOLO11m,317,16,141,15,12,3,2,1,0,0,1
YOLO11m,318,6,58,6,5,1,0,0,0,0,1
YOLO11m,319,18,120,9,9,0,2,7,0,0,0
YOLO11m,320,9,67,9,8,1,1,0,0,0,0
YOLO11m,321,19,138,21,17,4,0,2,0,0,0
YOLO11m,322,22,102,19,16,3,0,6,0,0,0
YOLO11m,323,22,97,24,21,3,0,1,0,0,0
YOLO11m,324,14,93,13,13,0,0,1,0,0,0
YOLO11m,325,7,104,8,6,2,0,1,0,0,0
YOLO11m,326,22,180,25,16,9,1,3,1,1,0
YOLO11m,327,10,45,9,9,0,0,1,0,0,0
YOLO11m,328,10,66,9,7,2,1,2,0,0,0
YOLO11m,329,15,82,11,6,5,5,4,0,0,0
YOLO11m,330,24,167,23,18,5,0,3,0,1,2
YOLO11m,331,23,61,29,22,7,0,0,0,0,1
YOLO11m,332,11,121,8,6,2,0,3,0,0,2
YOLO11m,333,17,79,18,15,3,0,0,0,1,1
YOLO11m,334,9,97,14,8,6,0,1,0,0,0
YOLO11m,335,16,160,18,14,4,1,1,0,0,0
YOLO11m,336,26,173,28,21,7,1,2,0,0,2
YOLO11m,337,7,121,7,4,3,1,2,0,0,0
YOLO11m,338,14,119,15,10,5,1,2,0,0,1
YOLO11m,339,23,158,23,17,6,0,1,1,0,4
YOLO11m,340,21,70,20,14,6,0,2,0,0,5
YOLO11m,341,15,167,21,11,10,1,3,0,0,0
YOLO11m,342,17,86,18,14,4,0,3,0,0,0
YOLO11m,343,25,132,22,14,8,3,2,0,0,6
YOLO11m,344,46,270,43,33,10,2,8,0,2,1
YOLO11m,345,30,235,27,21,6,4,3,0,1,1
YOLO11m,346,27,219,21,20,1,2,5,0,0,0
YOLO11m,347,10,103,8,7,1,1,1,0,1,0
YOLO11m,348,26,153,35,23,12,0,2,0,0,1
YOLO11m,349,27,123,33,18,15,1,3,0,0,5
YOLO11m,350,5,79,5,4,1,0,1,0,0,0
YOLO11m,351,7,112,10,7,3,0,0,0,0,0
YOLO11m,352,9,64,11,7,4,0,1,1,0,0
YOLO11m,353,7,92,8,7,1,0,0,0,0,0
YOLO11m,354,28,183,24,20,4,4,4,0,0,0
YOLO11m,355,20,132,21,16,5,0,3,0,0,1
YOLO11m,356,18,101,15,12,3,1,4,0,0,1
YOLO11m,357,11,85,11,10,1,0,1,0,0,0
YOLO11m,358,18,91,21,14,7,0,0,0,0,4
YOLO11m,359,11,53,13,11,2,0,0,0,0,0
YOLO11m,360,16,126,20,15,5,0,1,0,0,0
YOLO11m,361,21,124,15,12,3,3,6,0,0,0
YOLO11m,362,17,117,18,13,5,1,3,0,0,0
YOLO11m,363,29,196,26,19,7,1,3,0,2,4
YOLO11m,364,17,51,13,11,2,3,0,0,1,2
YOLO11m,365,25,161,29,22,7,0,2,0,1,0
YOLO11m,366,31,189,32,27,5,1,2,0,0,1
YOLO11m,367,27,300,26,21,5,4,2,0,0,0
YOLO11m,368,39,276,31,21,10,6,5,0,1,6
YOLO11m,369,16,91,20,15,5,0,0,0,0,1
YOLO11m,370,12,141,16,12,4,0,0,0,0,0
YOLO11m,371,23,167,20,15,5,3,3,0,0,2
YOLO11m,372,21,221,19,16,3,0,4,0,1,0
YOLO11m,373,16,114,16,10,6,0,1,0,1,4
YOLO11m,374,16,173,14,12,2,0,2,0,0,2
YOLO11m,375,6,39,5,5,0,0,1,0,0,0
YOLO11m,376,17,117,17,14,3,1,2,0,0,0
YOLO11m,377,17,104,15,14,1,2,1,0,0,0
YOLO11m,378,28,217,21,18,3,5,4,0,0,1
YOLO11m,379,6,146,5,5,0,0,1,0,0,0
YOLO11m,380,24,231,18,16,2,1,5,0,0,2
YOLO11m,381,18,150,20,16,4,0,1,0,0,1
YOLO11m,382,21,135,19,17,2,1,3,0,0,0
YOLO11m,383,16,75,18,13,5,0,2,0,0,1
YOLO11m,384,18,122,21,16,5,1,1,0,0,0
YOLO11m,385,30,197,33,20,13,0,6,0,1,3
YOLO11m,386,20,146,19,16,3,1,3,0,0,0
YOLO11m,387,9,118,7,6,1,1,2,0,0,0
YOLO11m,388,25,133,26,22,4,0,1,0,0,2
YOLO11m,389,26,124,23,19,4,2,2,0,0,3
YOLO11m,390,6,86,7,6,1,0,0,0,0,0
YOLO11m,391,12,76,6,5,1,2,5,0,0,0
YOLO11m,392,9,85,9,9,0,0,0,0,0,0
YOLO11m,393,23,112,19,19,0,0,4,0,0,0
YOLO11m,394,13,116,15,10,5,0,0,2,0,1
YOLO11m,395,15,93,17,13,4,0,1,0,0,1
YOLO11m,396,16,63,20,15,5,0,1,0,0,0
YOLO11m,397,45,300,39,30,9,5,7,0,0,3
YOLO11m,398,22,236,23,15,8,0,5,0,0,2
YOLO11m,399,9,95,7,6,1,1,1,0,0,1
YOLO11m,400,8,183,10,6,4,0,2,0,0,0
YOLO11m,401,19,92,22,14,8,0,2,0,0,3
YOLO11m,402,4,121,4,3,1,0,1,0,0,0
YOLO11m,403,25,177,28,14,14,0,5,0,0,6
YOLO11m,404,17,80,18,16,2,0,1,0,0,0
YOLO11m,405,25,171,14,9,5,8,6,0,0,2
YOLO11m,406,12,49,11,10,1,2,0,0,0,0
YOLO11m,407,16,120,15,11,4,0,3,1,1,0
YOLO11m,408,8,93,7,7,0,0,1,0,0,0
YOLO11m,409,15,98,15,15,0,0,0,0,0,0
YOLO11m,410,33,173,29,19,10,6,3,0,0,5
YOLO11m,411,28,188,25,20,5,3,4,0,1,0
YOLO11m,412,20,65,15,14,1,0,5,0,0,1
YOLO11m,413,23,87,28,22,6,0,0,0,0,1
YOLO11m,414,10,63,11,9,2,0,1,0,0,0
YOLO11m,415,6,86,8,6,2,0,0,0,0,0
YOLO11m,416,18,130,16,15,1,0,3,0,0,0
YOLO11m,417,40,272,42,33,9,0,5,0,0,2
YOLO11m,418,12,71,14,12,2,0,0,0,0,0
YOLO11m,419,23,192,21,19,2,0,4,0,0,0
YOLO11m,420,25,211,19,17,2,1,6,0,0,1
YOLO11m,421,21,82,20,18,2,2,1,0,0,0
YOLO11m,422,24,77,15,10,5,3,10,0,0,1
YOLO11m,423,9,73,9,8,1,0,0,0,0,1
YOLO11m,424,8,107,10,8,2,0,0,0,0,0
YOLO11m,425,38,200,30,29,1,4,5,0,0,0
YOLO11m,426,14,154,10,7,3,1,5,0,0,1
YOLO11m,427,21,74,25,19,6,0,1,0,0,1
YOLO11m,428,27,221,20,14,6,6,5,0,0,2
YOLO11m,429,36,247,37,23,14,6,4,0,0,3
YOLO11m,430,5,80,5,4,1,0,0,0,0,1
YOLO11m,431,30,148,15,13,2,2,14,0,0,1
YOLO11m,432,22,300,34,19,15,0,2,0,0,1
YOLO11m,433,6,53,5,4,1,0,2,0,0,0
YOLO11m,434,11,63,18,11,7,0,0,0,0,0
YOLO11m,435,17,124,17,9,8,0,5,0,2,1
YOLO11m,436,38,212,40,33,7,0,2,0,0,3
YOLO11m,437,20,100,23,17,6,0,0,0,0,3
YOLO11m,438,22,217,23,16,7,1,5,0,0,0
YOLO11m,439,21,99,22,17,5,2,1,0,0,1
YOLO11m,440,25,183,22,21,1,0,3,0,0,1
YOLO11m,441,6,100,7,4,3,0,0,0,0,2
YOLO11m,442,7,122,6,4,2,0,1,0,0,2
YOLO11m,443,36,184,26,21,5,6,7,0,1,1
YOLO11m,444,18,245,12,9,3,6,3,0,0,0
YOLO11m,445,27,233,21,17,4,3,6,0,1,0
YOLO11m,446,19,170,19,15,4,0,2,0,1,1
YOLO11m,447,4,53,5,4,1,0,0,0,0,0
YOLO11m,448,26,233,24,13,11,3,3,0,2,5
YOLO11m,449,28,245,23,17,6,5,4,0,2,0
YOLO11m,450,31,139,26,23,3,5,1,0,1,1
YOLO11m,451,6,70,8,6,2,0,0,0,0,0
YOLO11m,452,37,195,29,27,2,6,1,1,0,2
YOLO11m,453,17,111,22,14,8,0,1,0,0,2
YOLO11m,454,31,171,24,22,2,5,2,1,1,0
YOLO11m,455,22,154,25,20,5,0,2,0,0,0
YOLO11m,456,7,71,6,6,0,0,1,0,0,0
YOLO11m,457,15,115,18,13,5,0,2,0,0,0
YOLO11m,458,24,130,31,20,11,0,2,1,0,1
YOLO11m,459,54,300,42,27,15,10,13,0,0,4
YOLO11m,460,20,121,20,15,5,0,5,0,0,0
YOLO11m,461,5,75,4,4,0,0,1,0,0,0
YOLO11m,462,10,37,10,10,0,0,0,0,0,0
YOLO11m,463,25,125,25,19,6,1,3,1,0,1
YOLO11m,464,14,94,13,13,0,0,1,0,0,0
YOLO11m,465,13,66,16,12,4,0,1,0,0,0
YOLO11m,466,32,166,34,21,13,3,1,0,1,6
YOLO11m,467,45,225,32,23,9,5,8,0,1,8
YOLO11m,468,42,267,38,27,11,1,10,0,0,4
YOLO11m,469,31,134,29,23,6,3,3,0,0,2
YOLO11m,470,12,114,14,12,2,0,0,0,0,0
YOLO11m,471,38,212,24,21,3,3,13,0,0,1
YOLO11m,472,13,49,10,10,0,2,1,0,0,0
YOLO11m,473,45,275,36,29,7,1,13,1,1,0
YOLO11m,474,21,166,17,15,2,1,3,0,0,2
YOLO11m,475,24,146,23,21,2,0,2,0,0,1
YOLO11m,476,24,152,32,22,10,0,0,0,0,2
YOLO11m,477,19,162,20,16,4,1,1,0,1,0
YOLO11m,478,16,96,14,11,3,2,2,0,0,1
YOLO11m,479,6,46,6,6,0,0,0,0,0,0
YOLO11m,480,44,299,41,37,4,1,5,0,0,1
YOLO11m,481,30,229,30,22,8,2,1,0,0,5
YOLO11m,482,13,63,13,12,1,0,0,0,0,1
YOLO11m,483,8,44,10,8,2,0,0,0,0,0
YOLO11m,484,17,151,21,14,7,0,2,0,0,1
YOLO11m,485,5,159,5,2,3,0,3,0,0,0
YOLO11m,486,7,178,13,7,6,0,0,0,0,0
YOLO11m,487,10,83,11,10,1,0,0,0,0,0
YOLO11m,488,14,88,13,10,3,1,1,0,0,2
YOLO11m,489,9,89,13,9,4,0,0,0,0,0
YOLO11m,490,13,119,15,8,7,1,2,0,0,2
YOLO11m,491,17,157,10,8,2,2,7,0,0,0
YOLO11m,492,21,143,14,13,1,2,6,0,0,0
YOLO11m,493,53,267,38,25,13,10,13,0,0,5
YOLO11m,494,29,203,34,23,11,3,1,0,0,2
YOLO11m,495,33,219,33,22,11,1,4,0,0,6
YOLO11m,496,26,171,25,17,8,2,4,0,1,2
YOLO11m,497,17,61,17,15,2,0,1,0,0,1
YOLO11m,498,12,84,13,11,2,1,0,0,0,0
YOLO11m,499,4,64,3,2,1,1,1,0,0,0
YOLO11m,500,9,113,8,4,4,0,3,0,0,2
YOLO11m,501,15,110,14,11,3,1,2,0,0,1
YOLO11m,502,7,144,3,3,0,1,3,0,0,0
YOLO11m,503,34,242,34,25,9,3,4,0,0,2
YOLO11m,504,10,110,12,10,2,0,0,0,0,0
YOLO11m,505,5,37,6,5,1,0,0,0,0,0
YOLO11m,506,20,134,19,17,2,0,2,0,0,1
YOLO11m,507,32,185,34,25,9,0,4,0,1,2
YOLO11m,508,23,156,20,17,3,1,3,0,0,2
YOLO11m,509,7,106,8,3,5,0,3,0,0,1
YOLO11m,510,9,117,8,8,0,1,0,0,0,0
YOLO11m,511,14,92,14,12,2,0,2,0,0,0
YOLO11m,512,26,184,28,19,9,2,4,0,0,1
YOLO11m,513,9,47,11,9,2,0,0,0,0,0
YOLO11m,514,38,247,30,23,7,6,6,1,1,1
YOLO11m,515,5,77,5,5,0,0,0,0,0,0
YOLO11m,516,20,97,15,12,3,2,4,0,0,2
YOLO11m,517,28,120,26,16,10,1,6,0,0,5
YOLO11m,518,13,175,14,11,3,0,1,0,0,1
YOLO11m,519,16,155,21,13,8,0,1,0,0,2
YOLO11m,520,6,55,6,6,0,0,0,0,0,0
YOLO11m,521,5,47,7,5,2,0,0,0,0,0
YOLO11m,522,33,225,35,25,10,3,3,0,0,2
YOLO11m,523,6,45,5,5,0,0,1,0,0,0
YOLO11m,524,18,81,13,11,2,2,5,0,0,0
YOLO11m,525,24,157,24,17,7,3,1,0,0,3
YOLO11m,526,12,79,24,12,12,0,0,0,0,0
YOLO11m,527,7,163,5,5,0,0,2,0,0,0
YOLO11m,528,28,210,16,15,1,4,9,0,0,0
YOLO11m,529,18,177,28,16,12,0,2,0,0,0
YOLO11m,530,14,105,14,9,5,0,3,1,0,1
YOLO11m,531,11,210,13,5,8,0,4,0,0,2
YOLO11m,532,23,287,17,9,8,6,6,0,0,2
YOLO11m,533,6,73,6,6,0,0,0,0,0,0
YOLO11m,534,15,141,10,8,2,2,5,0,0,0
YOLO11m,535,19,177,22,17,5,0,2,0,0,0
YOLO11m,536,21,130,23,17,6,1,3,0,0,0
YOLO11m,537,11,67,9,8,1,0,2,0,0,1
YOLO11m,538,7,96,5,5,0,0,2,0,0,0
YOLO11m,539,7,99,7,6,1,0,1,0,0,0
YOLO11m,540,12,84,13,10,3,0,2,0,0,0
YOLO11m,541,9,72,10,7,3,1,1,0,0,0
YOLO11m,542,19,181,15,10,5,1,6,0,0,2
YOLO11m,543,25,142,24,20,4,0,5,0,0,0
YOLO11m,544,15,90,19,14,5,0,0,0,0,1
YOLO11m,545,24,96,28,21,7,0,0,0,0,3
YOLO11m,546,17,165,12,12,0,2,3,0,0,0
YOLO11m,547,26,141,31,22,9,0,1,0,0,3
YOLO11m,548,39,154,32,24,8,1,10,0,1,3
YOLO11m,549,22,132,20,17,3,1,3,0,1,0
YOLO11m,550,11,172,23,7,16,1,3,0,0,0
YOLO11m,551,35,216,28,22,6,4,5,0,1,3
YOLO11m,552,20,68,17,14,3,0,5,0,0,1
YOLO11m,553,12,197,14,10,4,1,1,0,0,0
YOLO11m,554,10,82,7,6,1,1,1,1,0,1
YOLO11m,555,27,217,28,21,7,1,4,0,0,1
YOLO11m,556,27,167,22,19,3,3,3,1,0,1
YOLO11m,557,13,81,10,8,2,1,4,0,0,0
YOLO11m,558,13,80,18,11,7,0,0,0,0,2
YOLO11m,559,16,95,8,8,0,4,4,0,0,0
YOLO11m,560,7,45,3,1,2,0,3,0,0,3
YOLO11m,561,15,149,21,12,9,0,2,0,0,1
YOLO11m,562,21,168,17,16,1,0,5,0,0,0
YOLO11m,563,21,193,19,12,7,1,6,0,0,2
YOLO11m,564,34,162,30,21,9,1,7,1,0,4
YOLO11m,565,9,91,10,8,2,0,0,0,0,1
YOLO11m,566,13,237,16,12,4,0,1,0,0,0
YOLO11m,567,19,81,20,15,5,1,2,0,0,1
YOLO11m,568,17,103,17,16,1,0,1,0,0,0
YOLO11m,569,10,63,10,10,0,0,0,0,0,0
YOLO11m,570,19,101,26,18,8,0,1,0,0,0
YOLO11m,571,17,55,22,17,5,0,0,0,0,0
YOLO11m,572,13,76,15,11,4,0,2,0,0,0
YOLO11m,573,21,221,22,17,5,0,2,0,0,2
YOLO11m,574,29,177,23,15,8,3,8,0,0,3
YOLO11m,575,18,81,12,11,1,2,4,0,0,1
YOLO11m,576,8,58,8,8,0,0,0,0,0,0
YOLO11m,577,20,69,25,18,7,1,0,0,0,1
YOLO11m,578,5,94,10,4,6,0,1,0,0,0
YOLO11m,579,10,127,3,3,0,4,3,0,0,0
YOLO11m,580,20,188,18,14,4,1,4,0,0,1
YOLO11m,581,22,50,10,9,1,4,6,0,0,3
YOLO11m,582,20,198,20,17,3,0,3,0,0,0
YOLO11m,583,18,83,16,15,1,0,1,0,0,2
YOLO11m,584,27,218,27,25,2,1,1,0,0,0
YOLO11m,585,8,54,5,4,1,0,4,0,0,0
YOLO11m,586,28,149,19,18,1,0,6,0,0,4
YOLO11m,587,4,117,2,2,0,0,2,0,0,0
YOLO11m,588,34,251,31,23,8,1,6,0,1,3
YOLO11m,589,9,60,8,6,2,0,3,0,0,0
YOLO11m,590,19,206,25,15,10,3,0,0,0,1
YOLO11m,591,9,176,8,6,2,2,1,0,0,0
YOLO11m,592,14,167,15,14,1,0,0,0,0,0
YOLO11m,593,15,55,17,15,2,0,0,0,0,0
YOLO11m,594,17,171,17,15,2,1,0,0,0,1
YOLO11m,595,12,48,12,10,2,0,1,0,1,0
YOLO11m,596,24,194,27,17,10,2,4,0,0,1
YOLO11m,597,52,258,49,34,15,7,8,0,0,3
YOLO11m,598,24,236,26,19,7,2,3,0,0,0
YOLO11m,599,8,97,6,5,1,2,1,0,0,0
YOLO11m,600,27,172,26,22,4,0,4,0,0,1
YOLO11m,601,33,136,27,25,2,4,1,0,0,3
YOLO11m,602,29,128,32,21,11,0,4,0,0,4
YOLO11m,603,20,129,20,15,5,1,2,0,0,2
YOLO11m,604,13,67,17,13,4,0,0,0,0,0
YOLO11m,605,20,125,21,15,6,1,2,0,1,1
YOLO11m,606,13,177,18,10,8,0,2,0,0,1
YOLO11m,607,9,164,8,6,2,1,2,0,0,0
YOLO11m,608,22,111,25,20,5,0,0,0,0,2
YOLO11m,609,24,148,20,15,5,1,6,0,0,2
YOLO11m,610,26,222,17,16,1,5,5,0,0,0
YOLO11m,611,21,191,21,17,4,1,3,0,0,0
YOLO11m,612,4,33,6,4,2,0,0,0,0,0
YOLO11m,613,6,39,8,6,2,0,0,0,0,0
YOLO11m,614,5,97,6,5,1,0,0,0,0,0
YOLO11m,615,10,55,4,3,1,0,6,0,1,0
YOLO11m,616,9,43,10,7,3,2,0,0,0,0
YOLO11m,617,8,77,6,5,1,0,3,0,0,0
YOLO11m,618,6,119,8,6,2,0,0,0,0,0
YOLO11m,619,13,145,12,10,2,1,1,0,1,0
YOLO11m,620,17,157,20,14,6,0,1,0,0,2
YOLO11m,621,24,196,22,16,6,1,6,0,1,0
YOLO11m,622,15,117,16,12,4,0,1,0,0,2
YOLO11m,623,15,103,13,10,3,0,1,0,0,4
YOLO11m,624,13,145,16,9,7,0,0,0,0,4
YOLO11m,625,14,141,17,11,6,1,1,0,0,1
YOLO11m,626,19,188,14,10,4,5,3,0,0,1
YOLO11m,627,13,110,12,9,3,0,4,0,0,0
YOLO11m,628,27,268,24,20,4,1,4,0,0,2
YOLO11m,629,16,105,5,4,1,6,6,0,0,0
YOLO11m,630,15,85,16,8,8,1,3,0,1,2
YOLO11m,631,19,258,19,15,4,0,3,0,0,1
YOLO11m,632,18,135,10,8,2,3,7,0,0,0
YOLO11m,633,23,230,20,12,8,3,7,0,0,1
YOLO11m,634,9,106,11,7,4,0,2,0,0,0
YOLO11m,635,20,129,21,16,5,1,2,0,0,1
YOLO11m,636,15,155,20,14,6,0,1,0,0,0
YOLO11m,637,12,153,11,9,2,2,1,0,0,0
YOLO11m,638,10,94,11,9,2,1,0,0,0,0
YOLO11m,639,18,188,9,8,1,3,7,0,0,0
YOLO11m,640,18,173,16,12,4,0,6,0,0,0
YOLO11m,641,12,56,12,10,2,0,0,0,0,2
YOLO11m,642,7,45,7,5,2,0,2,0,0,0
YOLO11m,643,23,130,24,18,6,1,1,0,2,1
YOLO11m,644,24,164,23,17,6,1,6,0,0,0
YOLO11m,645,18,176,28,14,14,0,2,0,1,1
YOLO11m,646,26,81,24,21,3,0,3,2,0,0
YOLO11m,647,21,140,17,15,2,1,4,0,0,1
YOLO11m,648,35,200,28,21,7,6,1,0,3,4
YOLO11m,649,13,197,11,6,5,1,4,0,1,1
YOLO11m,650,9,87,9,9,0,0,0,0,0,0
YOLO11m,651,7,73,5,4,1,0,3,0,0,0
YOLO11m,652,12,142,13,11,2,1,0,0,0,0
YOLO11m,653,16,84,13,13,0,1,2,0,0,0
YOLO11m,654,27,260,21,13,8,5,7,0,1,1
YOLO11m,655,13,146,10,9,1,2,2,0,0,0
YOLO11m,656,21,89,19,17,2,1,3,0,0,0
YOLO11m,657,5,139,11,2,9,3,0,0,0,0
YOLO11m,658,11,123,10,8,2,0,3,0,0,0
YOLO11m,659,7,156,11,6,5,0,1,0,0,0
YOLO11m,660,15,92,18,15,3,0,0,0,0,0
YOLO11m,661,29,185,19,16,3,3,8,0,0,2
YOLO11m,662,26,124,16,14,2,2,6,0,0,4
YOLO11m,663,40,281,41,27,14,1,8,0,2,2
YOLO11m,664,11,67,9,9,0,1,1,0,0,0
YOLO11m,665,20,127,15,14,1,0,6,0,0,0
YOLO11m,666,22,112,32,20,12,0,2,0,0,0
YOLO11m,667,43,241,22,19,3,5,13,0,0,6
YOLO11m,668,13,102,11,8,3,1,4,0,0,0
YOLO11m,669,36,222,31,22,9,1,10,0,0,3
YOLO11m,670,38,300,16,12,4,10,15,0,1,0
YOLO11m,671,31,246,30,22,8,2,4,0,0,3
YOLO11m,672,19,116,18,13,5,0,6,0,0,0
YOLO11m,673,9,79,15,6,9,0,1,0,1,1
YOLO11m,674,22,88,20,19,1,0,2,0,0,1
YOLO11m,675,17,41,17,15,2,0,2,0,0,0
YOLO11m,676,23,171,27,18,9,0,2,0,1,2
YOLO11m,677,28,164,28,25,3,2,1,0,0,0
YOLO11m,678,27,163,30,20,10,2,3,0,1,1
YOLO11m,679,5,50,5,5,0,0,0,0,0,0
YOLO11m,680,27,201,29,17,12,1,3,0,1,5
YOLO11m,681,6,107,6,5,1,0,1,0,0,0
YOLO11m,682,14,86,13,11,2,0,1,0,0,2
YOLO11m,683,5,69,4,3,1,0,0,0,0,2
YOLO11m,684,8,136,8,5,3,0,3,0,0,0
YOLO11m,685,10,85,11,8,3,0,1,0,1,0
YOLO11m,686,16,115,20,14,6,0,0,0,0,2
YOLO11m,687,5,55,4,4,0,0,1,0,0,0
YOLO11m,688,16,80,16,13,3,0,2,0,0,1
YOLO11m,689,34,182,37,20,17,2,4,0,1,7
YOLO11m,690,17,85,16,14,2,0,3,0,0,0
YOLO11m,691,23,157,17,16,1,2,4,0,0,1
YOLO11m,692,51,179,46,38,8,2,4,1,1,5
YOLO11m,693,15,98,19,15,4,0,0,0,0,0
YOLO11m,694,12,68,12,12,0,0,0,0,0,0
YOLO11m,695,11,93,11,11,0,0,0,0,0,0
YOLO11m,696,16,93,15,13,2,0,2,0,0,1
YOLO11m,697,27,189,26,24,2,0,2,0,0,1
YOLO11m,698,6,58,6,6,0,0,0,0,0,0
YOLO11m,699,8,36,8,8,0,0,0,0,0,0
YOLO11m,700,13,152,8,5,3,1,6,1,0,0
YOLO11m,701,8,137,7,6,1,0,2,0,0,0
YOLO11m,702,26,180,24,20,4,2,3,0,0,1
YOLO11m,703,16,93,17,15,2,0,1,0,0,0
YOLO11m,704,7,74,8,5,3,1,0,0,1,0
YOLO11m,705,15,157,12,9,3,0,3,0,1,2
YOLO11m,706,19,188,19,14,5,0,5,0,0,0
YOLO11m,707,4,44,3,3,0,1,0,0,0,0
YOLO11m,708,22,109,23,20,3,0,0,0,0,2
YOLO11m,709,21,195,22,14,8,0,3,0,3,1
YOLO11m,710,16,119,11,10,1,3,3,0,0,0
YOLO11m,711,14,150,14,11,3,0,2,0,1,0
YOLO11m,712,17,129,15,13,2,0,4,0,0,0
YOLO11m,713,15,82,15,14,1,0,1,0,0,0
YOLO11m,714,5,83,8,4,4,1,0,0,0,0
YOLO11m,715,13,147,16,9,7,0,2,1,0,1
YOLO11m,716,15,135,13,10,3,1,1,0,0,3
YOLO11m,717,22,114,23,18,5,2,0,1,0,1
YOLO11m,718,9,81,10,5,5,2,2,0,0,0
YOLO11m,719,11,50,13,9,4,0,2,0,0,0
YOLO11m,720,10,106,7,5,2,1,3,0,0,1
YOLO11m,721,6,66,7,5,2,1,0,0,0,0
YOLO11m,722,18,130,16,6,10,1,3,0,0,8
YOLO11m,723,23,95,24,20,4,1,1,0,0,1
YOLO11m,724,16,80,18,15,3,0,1,0,0,0
YOLO11m,725,12,120,8,6,2,3,3,0,0,0
YOLO11m,726,9,42,8,6,2,2,1,0,0,0
YOLO11m,727,7,86,8,6,2,0,1,0,0,0
YOLO11m,728,10,72,15,10,5,0,0,0,0,0
YOLO11m,729,14,104,15,13,2,0,1,0,0,0
YOLO11m,730,14,133,17,12,5,0,2,0,0,0
YOLO11m,731,19,133,16,15,1,1,1,1,0,1
YOLO11m,732,20,175,20,13,7,2,3,0,0,2
YOLO11m,733,4,28,2,2,0,0,2,0,0,0
YOLO11m,734,15,230,18,11,7,1,2,0,0,1
YOLO11m,735,28,170,26,15,11,3,8,0,0,2
YOLO11m,736,21,127,26,13,13,1,4,0,0,3
YOLO11m,737,31,192,32,24,8,0,4,0,0,3
YOLO11m,738,9,188,8,5,3,0,4,0,0,0
YOLO11m,739,12,142,14,12,2,0,0,0,0,0
YOLO11m,740,22,88,28,19,9,0,1,0,0,2
YOLO11m,741,25,120,25,21,4,0,2,0,0,2
YOLO11m,742,21,103,22,18,4,1,0,1,1,0
YOLO11m,743,18,165,14,13,1,0,4,0,0,1
YOLO11m,744,25,131,25,17,8,3,2,0,0,3
YOLO11m,745,19,171,12,10,2,2,6,0,0,1
YOLO11m,746,5,29,5,5,0,0,0,0,0,0
YOLO11m,747,7,41,5,3,2,0,1,0,0,3
YOLO11m,748,13,61,14,11,3,0,1,0,0,1
YOLO11m,749,13,71,15,9,6,2,0,0,0,2
YOLO11m,750,26,145,21,17,4,2,4,0,1,2
YOLO11m,751,32,257,35,24,11,2,2,0,0,4
YOLO11m,752,23,162,19,15,4,0,7,0,0,1
YOLO11m,753,20,137,22,19,3,0,1,0,0,0
YOLO11m,754,21,172,15,11,4,3,5,0,0,2
YOLO11m,755,20,160,18,9,9,3,6,0,2,0
YOLO11m,756,33,161,29,22,7,1,7,0,0,3
YOLO11m,757,20,232,24,18,6,0,2,0,0,0
YOLO11m,758,27,138,21,18,3,1,6,0,0,2
YOLO11m,759,8,72,7,7,0,1,0,0,0,0
YOLO11m,760,15,163,15,13,2,0,2,0,0,0
YOLO11m,761,11,219,13,9,4,0,2,0,0,0
YOLO11m,762,31,169,33,21,12,1,6,0,3,0
YOLO11m,763,20,178,18,17,1,1,1,1,0,0
YOLO11m,764,21,135,9,8,1,2,9,0,0,2
YOLO11m,765,18,99,15,13,2,1,2,0,1,1
YOLO11m,766,22,185,16,11,5,0,7,0,1,3
YOLO11m,767,18,179,20,11,9,2,0,0,0,5
YOLO11m,768,16,99,17,15,2,0,0,0,0,1
YOLO11m,769,17,112,20,15,5,0,1,0,0,1
YOLO11m,770,8,45,10,8,2,0,0,0,0,0
YOLO11m,771,20,63,21,17,4,1,0,1,0,1
YOLO11m,772,25,149,22,20,2,1,4,0,0,0
YOLO11m,773,13,104,13,9,4,0,3,0,0,1
YOLO11m,774,18,87,19,16,3,0,0,0,0,2
YOLO11m,775,17,79,15,14,1,1,2,0,0,0
YOLO11m,776,23,124,21,18,3,0,4,0,0,1
YOLO11m,777,36,256,30,22,8,6,4,1,0,3
YOLO11m,778,21,153,19,16,3,2,3,0,0,0
YOLO11m,779,26,103,15,13,2,7,3,0,0,3
YOLO11m,780,6,47,8,6,2,0,0,0,0,0
YOLO11m,781,11,81,8,7,1,0,2,0,0,2
YOLO11m,782,8,71,7,6,1,0,2,0,0,0
YOLO11m,783,19,194,26,15,11,0,2,0,0,2
YOLO11m,784,27,194,22,19,3,2,3,0,0,3
YOLO11m,785,19,266,22,18,4,0,1,0,0,0
YOLO11m,786,18,135,21,14,7,1,1,0,0,2
YOLO11m,787,12,120,12,11,1,0,0,0,0,1
YOLO11m,788,24,128,32,21,11,0,0,0,1,2
YOLO11m,789,18,76,20,17,3,0,0,0,0,1
YOLO11m,790,20,190,21,15,6,0,3,0,0,2
YOLO11m,791,41,290,25,20,5,5,12,0,0,4
YOLO11m,792,8,132,11,5,6,0,3,0,0,0
YOLO11m,793,17,89,23,15,8,0,0,0,1,1
YOLO11m,794,6,38,5,5,0,0,1,0,0,0
YOLO11m,795,11,75,11,8,3,0,3,0,0,0
YOLO11m,796,30,204,27,24,3,1,4,1,0,0
YOLO11m,797,23,286,29,22,7,0,1,0,0,0
YOLO11m,798,15,99,15,15,0,0,0,0,0,0
YOLO11m,799,42,279,47,33,14,1,7,0,0,1
YOLO11m,800,4,33,6,1,5,1,0,0,0,2
YOLO11m,801,18,207,27,15,12,0,1,0,0,2
YOLO11m,802,9,46,2,2,0,5,1,0,0,1
YOLO11m,803,25,168,25,20,5,0,5,0,0,0
YOLO11m,804,43,272,36,31,5,5,7,0,0,0
YOLO11m,805,5,115,9,5,4,0,0,0,0,0
YOLO11m,806,18,164,17,11,6,2,4,0,0,1
YOLO11m,807,14,132,15,11,4,1,1,0,0,1
YOLO11m,808,22,186,19,13,6,4,3,0,0,2
YOLO11m,809,6,81,6,5,1,0,1,0,0,0
YOLO11m,810,9,75,9,6,3,1,2,0,0,0
YOLO11m,811,34,300,34,26,8,0,5,0,1,2
YOLO11m,812,7,104,7,5,2,1,1,0,0,0
YOLO11m,813,14,88,13,11,2,0,2,0,0,1
YOLO11m,814,33,145,36,30,6,0,0,0,0,3
YOLO11m,815,8,51,7,5,2,3,0,0,0,0
YOLO11m,816,20,176,12,9,3,3,8,0,0,0
YOLO11m,817,16,89,15,14,1,0,2,0,0,0
YOLO11m,818,14,120,14,12,2,0,2,0,0,0
YOLO11m,819,9,115,5,5,0,2,2,0,0,0
YOLO11m,820,11,146,10,9,1,0,2,0,0,0
YOLO11m,821,11,75,11,8,3,1,1,0,0,1
YOLO11m,822,16,94,18,14,4,0,2,0,0,0
YOLO11m,823,10,86,12,10,2,0,0,0,0,0
YOLO11m,824,14,65,13,9,4,0,1,0,0,4
YOLO11m,825,7,120,8,6,2,0,1,0,0,0
YOLO11m,826,15,72,20,14,6,0,1,0,0,0
YOLO11m,827,11,125,13,7,6,1,3,0,0,0
YOLO11m,828,5,20,3,2,1,0,3,0,0,0
YOLO11m,829,23,73,22,19,3,0,3,0,0,1
YOLO11m,830,17,86,20,16,4,0,1,0,0,0
YOLO11m,831,14,99,16,10,6,1,1,0,2,0
YOLO11m,832,25,125,26,18,8,1,3,0,0,3
YOLO11m,833,15,106,13,12,1,1,1,1,0,0
YOLO11m,834,32,133,32,26,6,2,2,0,0,2
YOLO11m,835,28,120,24,16,8,5,1,0,0,6
YOLO11m,836,21,112,22,20,2,0,1,0,0,0
YOLO11m,837,19,98,22,19,3,0,0,0,0,0
YOLO11m,838,23,190,23,16,7,0,2,0,0,5
YOLO11m,839,38,152,38,33,5,1,4,0,0,0
YOLO11m,840,5,110,4,3,1,0,1,0,0,1
YOLO11m,841,7,59,6,4,2,0,3,0,0,0
YOLO11m,842,12,40,11,11,0,0,1,0,0,0
YOLO11m,843,35,236,31,22,9,3,8,0,2,0
YOLO11m,844,13,125,14,12,2,0,1,0,0,0
YOLO11m,845,9,89,13,9,4,0,0,0,0,0
YOLO11m,846,10,113,24,9,15,0,0,0,0,1
YOLO11m,847,21,115,23,18,5,0,2,0,0,1
YOLO11m,848,11,97,14,10,4,0,1,0,0,0
YOLO11m,849,30,205,26,23,3,3,2,0,0,2
YOLO11m,850,21,114,18,14,4,0,7,0,0,0
YOLO11m,851,23,155,28,21,7,0,1,0,1,0
YOLO11m,852,15,109,16,13,3,0,1,0,1,0
YOLO11m,853,25,120,22,14,8,5,4,0,0,2
YOLO11m,854,26,205,21,15,6,0,10,0,0,1
YOLO11m,855,24,115,24,20,4,1,2,0,0,1
YOLO11m,856,19,65,19,17,2,0,0,0,1,1
YOLO11m,857,28,172,25,17,8,2,6,0,0,3
YOLO11m,858,19,76,11,9,2,4,4,0,0,2
YOLO11m,859,22,151,15,12,3,2,5,0,0,3
YOLO11m,860,23,68,13,9,4,8,2,0,1,3
YOLO11m,861,22,184,19,11,8,1,8,0,1,1
YOLO11m,862,27,214,21,20,1,0,6,0,0,1
YOLO11m,863,9,87,7,5,2,0,4,0,0,0
YOLO11m,864,8,73,8,7,1,0,1,0,0,0
YOLO11m,865,32,176,28,16,12,3,5,0,1,7
YOLO11m,866,19,65,22,17,5,0,1,0,0,1
YOLO11m,867,20,134,14,10,4,0,6,0,0,4
YOLO11m,868,15,71,15,10,5,0,4,0,0,1
YOLO11m,869,25,124,21,17,4,2,5,0,0,1
YOLO11m,870,11,63,11,9,2,1,1,0,0,0
YOLO11m,871,18,103,19,16,3,0,2,0,0,0
YOLO11m,872,14,107,11,10,1,0,2,0,0,2
YOLO11m,873,20,167,20,16,4,0,2,0,0,2
YOLO11m,874,22,172,12,11,1,6,5,0,0,0
YOLO11m,875,15,137,17,11,6,1,2,0,1,0
YOLO11m,876,9,112,9,8,1,0,1,0,0,0
YOLO11m,877,17,193,13,12,1,0,5,0,0,0
YOLO11m,878,16,120,19,12,7,2,2,0,0,0
YOLO11m,879,25,116,26,19,7,1,4,0,0,1
YOLO11m,880,32,193,21,20,1,2,9,1,0,0
YOLO11m,881,20,84,18,13,5,1,3,0,1,2
YOLO11m,882,31,162,24,18,6,4,2,0,2,5
YOLO11m,883,15,83,15,13,2,0,2,0,0,0
YOLO11m,884,11,53,9,6,3,0,2,0,0,3
YOLO11m,885,15,45,12,11,1,0,0,0,0,4
YOLO11m,886,6,161,7,3,4,1,1,0,0,1
YOLO11m,887,24,204,28,19,9,2,1,0,0,2
YOLO11m,888,9,97,2,1,1,4,4,0,0,0
YOLO11m,889,23,143,33,19,14,1,0,0,1,2
YOLO11m,890,34,221,37,25,12,2,2,0,0,5
YOLO11m,891,20,112,14,14,0,2,4,0,0,0
YOLO11m,892,36,205,33,28,5,2,5,0,0,1
YOLO11m,893,13,112,12,12,0,0,1,0,0,0
YOLO11m,894,57,300,56,38,18,3,9,0,0,7
YOLO11m,895,21,265,21,15,6,1,4,0,1,0
YOLO11m,896,7,120,7,5,2,0,0,0,2,0
YOLO11m,897,22,198,23,19,4,0,3,0,0,0
YOLO11m,898,4,42,6,4,2,0,0,0,0,0
YOLO11m,899,6,26,6,5,1,0,0,1,0,0
YOLO11m,900,30,175,30,19,11,4,0,0,0,7
YOLO11m,901,15,115,13,13,0,1,0,0,0,1
YOLO11m,902,23,181,18,11,7,3,7,0,0,2
YOLO11m,903,13,176,21,11,10,1,1,0,0,0
YOLO11m,904,21,142,22,18,4,1,2,0,0,0
YOLO11m,905,22,156,30,21,9,0,0,0,1,0
YOLO11m,906,38,275,33,27,6,3,1,2,1,4
YOLO11m,907,9,63,10,9,1,0,0,0,0,0
YOLO11m,908,37,198,37,27,10,1,2,0,0,7
YOLO11m,909,19,159,19,16,3,0,2,0,0,1
YOLO11m,910,22,194,28,17,11,1,0,0,0,4
YOLO11m,911,19,136,16,13,3,0,3,0,0,3
YOLO11m,912,22,243,34,14,20,1,1,0,0,6
YOLO11m,913,10,48,9,9,0,0,1,0,0,0
YOLO11m,914,15,150,16,10,6,2,3,0,0,0
YOLO11m,915,11,124,10,9,1,1,1,0,0,0
YOLO11m,916,12,209,17,11,6,1,0,0,0,0
YOLO11m,917,17,136,10,8,2,2,5,0,0,2
YOLO11m,918,25,196,28,20,8,1,1,0,0,3
YOLO11m,919,21,93,22,14,8,1,2,0,0,4
YOLO11m,920,34,145,32,29,3,0,4,0,0,1
YOLO11m,921,59,246,31,23,8,17,9,0,0,10
YOLO11m,922,36,152,32,24,8,6,4,0,0,2
YOLO11m,923,12,85,13,11,2,0,1,0,0,0
YOLO11m,924,7,111,9,7,2,0,0,0,0,0
YOLO11m,925,30,132,29,20,9,2,5,0,0,3
YOLO11m,926,34,120,16,14,2,8,9,0,1,2
YOLO11m,927,28,116,22,15,7,2,8,0,1,2
YOLO11m,928,7,48,5,4,1,1,2,0,0,0
YOLO11m,929,12,81,10,8,2,0,4,0,0,0
YOLO11m,930,12,59,12,8,4,0,1,0,0,3
YOLO11m,931,18,162,18,11,7,1,5,0,0,1
YOLO11m,932,16,203,22,14,8,0,2,0,0,0
YOLO11m,933,15,92,16,10,6,0,3,0,0,2
YOLO11m,934,12,101,9,8,1,0,1,0,0,3
YOLO11m,935,14,118,9,7,2,1,5,0,0,1
YOLO11m,936,13,193,12,10,2,1,1,0,0,1
YOLO11m,937,37,237,37,25,12,1,9,0,0,2
YOLO11m,938,16,96,17,11,6,0,3,0,1,1
YOLO11m,939,5,132,4,3,1,2,0,0,0,0
YOLO11m,940,24,193,24,20,4,0,2,0,0,2
YOLO11m,941,23,155,22,16,6,0,4,0,0,3
YOLO11m,942,4,45,2,2,0,0,2,0,0,0
YOLO11m,943,5,82,6,4,2,0,1,0,0,0
YOLO11m,944,30,143,35,25,10,0,3,0,1,1
YOLO11m,945,23,163,22,18,4,0,3,0,1,1
YOLO11m,946,6,129,16,5,11,0,0,0,1,0
YOLO11m,947,22,138,23,18,5,1,0,0,0,3
YOLO11m,948,16,51,13,11,2,0,3,0,0,2
YOLO11m,949,8,174,11,6,5,0,2,0,0,0
YOLO11m,950,25,221,27,22,5,0,2,0,1,0
YOLO11m,951,16,71,15,12,3,0,3,0,0,1
YOLO11m,952,17,223,13,10,3,2,5,0,0,0
YOLO11m,953,8,173,8,7,1,1,0,0,0,0
YOLO11m,954,29,154,18,18,0,3,7,0,0,1
YOLO11m,955,5,63,6,4,2,0,1,0,0,0
YOLO11m,956,8,66,6,5,1,0,3,0,0,0
YOLO11m,957,21,199,19,18,1,2,0,0,0,1
YOLO11m,958,14,95,11,10,1,0,3,0,0,1
YOLO11m,959,22,135,17,12,5,2,3,0,2,3
YOLO11m,960,15,118,17,13,4,0,1,0,1,0
YOLO11m,961,24,119,25,21,4,1,2,0,0,0
YOLO11m,962,8,131,9,6,3,0,1,0,0,1
YOLO11m,963,19,112,16,14,2,0,4,0,0,1
YOLO11m,964,27,178,22,14,8,4,3,0,1,5
YOLO11m,965,42,274,44,33,11,1,4,1,0,3
YOLO11m,966,14,137,13,13,0,0,1,0,0,0
YOLO11m,967,17,99,19,15,4,1,0,0,0,1
YOLO11m,968,10,52,6,6,0,2,2,0,0,0
YOLO11m,969,22,174,17,15,2,4,3,0,0,0
YOLO11m,970,20,144,19,16,3,1,3,0,0,0
YOLO11m,971,16,108,15,14,1,2,0,0,0,0
YOLO11m,972,21,146,21,17,4,1,3,0,0,0
YOLO11m,973,22,152,21,19,2,0,2,0,0,1
YOLO11m,974,30,177,35,24,11,0,3,0,0,3
YOLO11m,975,4,46,9,4,5,0,0,0,0,0
YOLO11m,976,12,120,13,9,4,0,3,0,0,0
YOLO11m,977,33,222,36,27,9,0,3,0,0,3
YOLO11m,978,13,100,13,13,0,0,0,0,0,0
YOLO11m,979,19,91,15,13,2,2,2,0,0,2
YOLO11m,980,20,224,15,9,6,2,8,0,0,1
YOLO11m,981,16,95,17,12,5,2,2,0,0,0
YOLO11m,982,8,257,10,6,4,1,1,0,0,0
YOLO11m,983,47,300,38,26,12,4,11,0,0,6
YOLO11m,984,17,128,19,14,5,1,2,0,0,0
YOLO11m,985,18,153,18,10,8,0,4,0,0,4
YOLO11m,986,21,146,30,16,14,0,2,0,0,3
YOLO11m,987,29,279,28,21,7,1,6,0,0,1
YOLO11m,988,35,217,29,17,12,7,4,0,0,7
YOLO11m,989,19,142,17,15,2,1,3,0,0,0
YOLO11m,990,6,51,5,4,1,0,2,0,0,0
YOLO11m,991,12,110,13,8,5,0,2,0,0,2
YOLO11m,992,9,61,8,7,1,0,2,0,0,0
YOLO11m,993,32,121,27,23,4,7,1,0,0,1
YOLO11m,994,20,77,16,12,4,4,1,0,0,3
YOLO11m,995,23,134,32,19,13,1,3,0,0,0
YOLO11m,996,15,159,16,10,6,0,3,0,0,2
YOLO11m,997,12,87,15,10,5,0,1,0,0,1
YOLO11m,998,13,105,14,11,3,0,1,0,0,1
YOLO11m,999,17,182,29,15,14,0,1,0,0,1
YOLO11m,1000,51,288,36,30,6,6,6,0,0,9
YOLO11m,1001,10,67,12,9,3,0,0,0,0,1
YOLO11m,1002,38,296,32,26,6,1,9,1,0,1
YOLO11m,1003,23,141,19,15,4,3,2,0,0,3
YOLO11m,1004,18,188,20,9,11,0,4,0,1,4
YOLO11m,1005,16,98,11,11,0,3,2,0,0,0
YOLO11m,1006,4,47,3,3,0,1,0,0,0,0
YOLO11m,1007,12,63,11,10,1,0,2,0,0,0
YOLO11m,1008,57,265,30,27,3,19,9,0,0,2
YOLO11m,1009,11,58,14,7,7,0,2,0,1,1
YOLO11m,1010,38,225,40,31,9,2,3,0,0,2
YOLO11m,1011,11,133,11,9,2,1,1,0,0,0
YOLO11m,1012,8,98,6,5,1,1,1,0,0,1
YOLO11m,1013,7,87,5,5,0,1,1,0,0,0
YOLO11m,1014,21,142,32,17,15,0,3,0,0,1
YOLO11m,1015,23,91,27,23,4,0,0,0,0,0
YOLO11m,1016,29,234,22,17,5,2,8,0,0,2
YOLO11m,1017,16,133,13,10,3,1,5,0,0,0
YOLO11m,1018,4,56,2,2,0,0,2,0,0,0
YOLO11m,1019,16,117,17,16,1,0,0,0,0,0
YOLO11m,1020,26,150,31,21,10,0,3,0,0,2
YOLO11m,1021,11,209,8,4,4,1,4,0,1,1
YOLO11m,1022,30,134,35,21,14,0,3,0,0,6
YOLO11m,1023,7,56,8,5,3,1,0,0,1,0
YOLO11m,1024,44,300,34,29,5,4,5,0,3,3
YOLO11m,1025,16,124,19,15,4,0,0,0,0,1
YOLO11m,1026,22,162,22,15,7,1,4,0,1,1
YOLO11m,1027,47,270,22,17,5,12,15,0,0,3
YOLO11m,1028,33,300,39,30,9,0,2,0,1,0
YOLO11m,1029,35,232,33,29,4,1,4,0,1,0
YOLO11m,1030,10,72,11,9,2,0,0,0,0,1
YOLO11m,1031,4,91,4,3,1,0,1,0,0,0
YOLO11m,1032,36,251,29,23,6,5,6,0,0,2
YOLO11m,1033,14,119,17,9,8,1,2,0,0,2
YOLO11m,1034,9,173,5,3,2,0,3,0,0,3
YOLO11m,1035,20,123,8,8,0,8,3,0,0,1
YOLO11m,1036,14,83,11,9,2,1,4,0,0,0
YOLO11m,1037,14,113,14,9,5,0,2,0,0,3
YOLO11m,1038,10,81,11,6,5,1,2,0,0,1
YOLO11m,1039,30,179,22,17,5,7,3,0,0,3
YOLO11m,1040,13,124,14,9,5,1,1,0,0,2
YOLO11m,1041,16,138,22,15,7,0,1,0,0,0
YOLO11m,1042,26,205,29,19,10,0,6,0,0,1
YOLO11m,1043,20,155,21,11,10,2,4,0,0,3
YOLO11m,1044,8,56,6,4,2,0,4,0,0,0
YOLO11m,1045,13,63,15,11,4,0,1,0,0,1
YOLO11m,1046,21,71,27,21,6,0,0,0,0,0
YOLO11m,1047,27,111,22,20,2,4,3,0,0,0
YOLO11m,1048,16,150,17,14,3,0,1,0,0,1
YOLO11m,1049,42,278,48,36,12,0,6,0,0,0
YOLO11m,1050,9,99,5,5,0,0,4,0,0,0
YOLO11m,1051,4,157,7,3,4,0,1,0,0,0
YOLO11m,1052,15,176,19,14,5,0,1,0,0,0
YOLO11m,1053,21,144,18,13,5,1,5,0,0,2
YOLO11m,1054,20,117,19,15,4,1,2,0,1,1
YOLO11m,1055,13,79,14,12,2,1,0,0,0,0
YOLO11m,1056,13,113,21,12,9,0,0,0,0,1
YOLO11m,1057,18,159,18,13,5,1,2,0,0,2
YOLO11m,1058,18,115,17,9,8,4,3,0,0,2
YOLO11m,1059,12,121,13,8,5,0,2,0,0,2
YOLO11m,1060,4,96,8,4,4,0,0,0,0,0
YOLO11m,1061,26,174,27,21,6,1,3,0,1,0
YOLO11m,1062,18,162,26,16,10,0,1,0,0,1
YOLO11m,1063,12,231,15,3,12,0,9,0,0,0
YOLO11m,1064,13,221,19,7,12,2,0,0,0,4
YOLO11m,1065,11,92,7,6,1,5,0,0,0,0
YOLO11m,1066,13,114,16,12,4,0,1,0,0,0
YOLO11m,1067,47,245,39,26,13,4,11,0,0,6
YOLO11m,1068,21,97,21,16,5,1,3,0,0,1
YOLO11m,1069,32,208,31,21,10,2,4,0,3,2
YOLO11m,1070,17,74,23,16,7,0,1,0,0,0
YOLO11m,1071,35,253,29,19,10,5,7,0,0,4
YOLO11m,1072,17,133,21,13,8,0,2,0,0,2
YOLO11m,1073,16,109,17,10,7,0,2,0,1,3
YOLO11m,1074,9,109,11,8,3,0,1,0,0,0
YOLO11m,1075,7,77,9,6,3,0,1,0,0,0
YOLO11m,1076,11,81,10,8,2,0,2,0,0,1
YOLO11m,1077,30,107,24,23,1,2,3,0,0,2
YOLO11m,1078,14,50,14,11,3,0,3,0,0,0
YOLO11m,1079,12,224,17,10,7,0,0,0,1,1
YOLO11m,1080,33,132,39,28,11,1,0,2,0,2
YOLO11m,1081,15,148,13,9,4,0,4,0,1,1
YOLO11m,1082,18,186,23,15,8,0,2,0,1,0
YOLO11m,1083,42,300,46,31,15,2,5,0,1,3
YOLO11m,1084,23,180,23,16,7,3,3,0,0,1
YOLO11m,1085,13,135,14,11,3,0,2,0,0,0
YOLO11m,1086,18,177,16,14,2,0,3,0,0,1
YOLO11m,1087,7,125,6,5,1,0,2,0,0,0
YOLO11m,1088,13,44,11,10,1,1,2,0,0,0
YOLO11m,1089,16,137,23,13,10,0,2,0,0,1
YOLO11m,1090,40,282,34,29,5,4,6,0,0,1
YOLO11m,1091,8,57,8,7,1,0,1,0,0,0
YOLO11m,1092,4,39,3,3,0,0,1,0,0,0
YOLO11m,1093,12,73,13,12,1,0,0,0,0,0
YOLO11m,1094,10,25,10,9,1,0,1,0,0,0
YOLO11m,1095,6,58,10,3,7,1,2,0,0,0
YOLO11m,1096,16,200,15,10,5,1,5,0,0,0
YOLO11m,1097,7,101,8,7,1,0,0,0,0,0
YOLO11m,1098,14,156,11,10,1,2,1,0,0,1
YOLO11m,1099,23,163,20,17,3,2,4,0,0,0
YOLO11m,1100,37,200,37,29,8,5,1,0,0,2
YOLO11m,1101,18,210,15,12,3,1,5,0,0,0
YOLO11m,1102,28,148,38,23,15,0,2,0,0,3
YOLO11m,1103,11,122,8,7,1,0,3,0,1,0
YOLO11m,1104,10,86,11,10,1,0,0,0,0,0
YOLO11m,1105,24,174,24,23,1,1,0,0,0,0
YOLO11m,1106,57,212,35,30,5,16,5,0,1,5
YOLO11m,1107,19,109,18,14,4,1,0,0,1,3
YOLO11m,1108,15,107,15,14,1,0,0,0,0,1
YOLO11m,1109,13,233,16,11,5,1,0,0,0,1
YOLO11m,1110,23,118,18,13,5,4,3,0,2,1
YOLO11m,1111,20,73,25,16,9,0,1,0,0,3
YOLO11m,1112,15,103,13,8,5,1,1,1,0,4
YOLO11m,1113,27,218,21,16,5,2,6,0,0,3
YOLO11m,1114,26,115,22,15,7,1,6,0,0,4
YOLO11m,1115,30,83,26,21,5,1,2,1,0,5
YOLO11m,1116,28,87,21,16,5,5,4,0,0,3
YOLO11m,1117,14,68,16,14,2,0,0,0,0,0
YOLO11m,1118,5,109,6,5,1,0,0,0,0,0
YOLO11m,1119,18,90,16,16,0,1,1,0,0,0
YOLO11m,1120,21,70,18,15,3,2,3,0,0,1
YOLO11m,1121,29,191,26,20,6,2,6,1,0,0
YOLO11m,1122,52,292,52,41,11,1,5,0,0,5
YOLO11m,1123,5,90,6,1,5,0,0,0,0,4
YOLO11m,1124,36,300,32,24,8,5,6,0,0,1
YOLO11m,1125,8,141,8,6,2,1,1,0,0,0
YOLO11m,1126,7,60,6,4,2,0,1,0,0,2
YOLO11m,1127,20,135,19,17,2,0,2,0,0,1
YOLO11m,1128,49,227,51,33,18,2,8,0,1,5
YOLO11m,1129,27,78,23,21,2,1,2,1,0,2
YOLO11m,1130,24,143,23,17,6,2,3,0,0,2
YOLO11m,1131,15,123,13,9,4,0,2,1,0,3
YOLO11m,1132,45,300,30,21,9,6,10,1,0,7
YOLO11m,1133,22,120,21,16,5,3,3,0,0,0
YOLO11m,1134,10,126,7,7,0,3,0,0,0,0
YOLO11m,1135,23,170,14,10,4,2,9,0,0,2
YOLO11m,1136,14,185,10,8,2,1,5,0,0,0
YOLO11m,1137,8,59,9,7,2,0,1,0,0,0
YOLO11m,1138,7,86,7,4,3,0,3,0,0,0
YOLO11m,1139,6,65,6,5,1,0,1,0,0,0
YOLO11m,1140,15,217,26,15,11,0,0,0,0,0
YOLO11m,1141,19,167,19,16,3,0,1,1,0,1
YOLO11m,1142,33,166,29,27,2,2,1,0,1,2
YOLO11m,1143,8,17,7,7,0,0,0,0,0,1
YOLO11m,1144,35,250,36,29,7,1,2,0,0,3
YOLO11m,1145,30,174,31,21,10,2,5,0,0,2
YOLO11m,1146,39,201,39,33,6,3,2,0,0,1
YOLO11m,1147,9,58,8,8,0,1,0,0,0,0
YOLO11m,1148,25,136,20,19,1,3,3,0,0,0
YOLO11m,1149,30,167,31,28,3,0,0,0,0,2
YOLO11m,1150,32,201,31,23,8,1,3,0,1,4
YOLO11m,1151,26,149,25,22,3,2,0,0,0,2
YOLO11m,1152,11,67,13,10,3,0,1,0,0,0
YOLO11m,1153,32,196,23,18,5,2,8,1,0,3
YOLO11m,1154,20,130,16,14,2,3,3,0,0,0
YOLO11m,1155,9,110,8,7,1,0,2,0,0,0
YOLO11m,1156,5,98,8,5,3,0,0,0,0,0
YOLO11m,1157,12,84,7,7,0,2,3,0,0,0
YOLO11m,1158,32,226,29,23,6,1,6,0,0,2
YOLO11m,1159,30,179,28,26,2,1,1,2,0,0
YOLO11m,1160,55,257,55,37,18,0,8,1,2,7
YOLO11m,1161,20,129,20,19,1,0,1,0,0,0
YOLO11m,1162,11,83,11,9,2,0,2,0,0,0
YOLO11m,1163,33,85,27,25,2,1,3,1,0,3
YOLO11m,1164,45,300,47,34,13,3,7,0,0,1
YOLO11m,1165,22,137,28,20,8,0,1,0,1,0
YOLO11m,1166,18,145,25,18,7,0,0,0,0,0
YOLO11m,1167,18,151,17,11,6,3,3,0,1,0
YOLO11m,1168,14,94,16,13,3,0,1,0,0,0
YOLO11m,1169,18,84,17,15,2,0,3,0,0,0
YOLO11m,1170,22,182,18,12,6,1,7,0,1,1
YOLO11m,1171,15,160,12,11,1,1,3,0,0,0
YOLO11m,1172,26,182,14,11,3,3,8,1,0,3
YOLO11m,1173,39,136,31,23,8,5,5,0,0,6
YOLO11m,1174,8,125,11,7,4,0,1,0,0,0
YOLO11m,1175,14,122,13,10,3,0,4,0,0,0
YOLO11m,1176,22,205,27,16,11,3,1,0,0,2
YOLO11m,1177,4,104,4,2,2,1,1,0,0,0
YOLO11m,1178,8,141,7,5,2,0,2,0,1,0
YOLO11m,1179,20,148,21,16,5,1,2,0,0,1
YOLO11m,1180,18,117,17,15,2,0,3,0,0,0
YOLO11m,1181,9,66,6,6,0,0,3,0,0,0
YOLO11m,1182,26,108,25,21,4,0,4,0,0,1
YOLO11m,1183,20,190,18,15,3,2,2,0,0,1
YOLO11m,1184,37,300,33,22,11,3,5,0,1,6
YOLO11m,1185,12,125,17,10,7,0,2,0,0,0
YOLO11m,1186,29,153,33,22,11,1,5,0,0,1
YOLO11m,1187,21,72,27,20,7,0,0,0,0,1
YOLO11m,1188,23,204,27,20,7,0,1,0,0,2
YOLO11m,1189,18,71,18,16,2,0,2,0,0,0
YOLO11m,1190,19,105,20,16,4,0,0,1,0,2
YOLO11m,1191,7,53,6,5,1,0,2,0,0,0
YOLO11m,1192,16,137,16,6,10,1,4,0,0,5
YOLO11m,1193,4,67,8,4,4,0,0,0,0,0
YOLO11m,1194,29,199,26,17,9,3,7,0,0,2
YOLO11m,1195,19,158,21,13,8,3,2,0,0,1
YOLO11m,1196,8,79,7,6,1,0,2,0,0,0
YOLO11m,1197,13,107,10,9,1,0,4,0,0,0
YOLO11m,1198,18,187,14,9,5,0,8,0,0,1
YOLO11m,1199,11,96,13,7,6,2,2,0,0,0
YOLO11m,1200,13,71,15,10,5,0,2,0,0,1
YOLO11m,1201,16,168,10,6,4,5,4,0,0,1
YOLO11m,1202,20,138,23,18,5,0,1,0,0,1
YOLO11m,1203,7,62,6,5,1,1,0,0,0,1
YOLO11m,1204,14,163,14,12,2,0,2,0,0,0
YOLO11m,1205,12,78,12,9,3,1,1,0,1,0
YOLO11m,1206,65,228,47,29,18,13,6,0,0,17
YOLO11m,1207,14,99,12,10,2,2,1,0,1,0
YOLO11m,1208,15,132,15,14,1,0,1,0,0,0
YOLO11m,1209,31,163,28,18,10,3,5,0,2,3
YOLO11m,1210,6,89,6,5,1,0,1,0,0,0
YOLO11m,1211,17,106,11,10,1,3,4,0,0,0
YOLO11m,1212,6,26,8,6,2,0,0,0,0,0
YOLO11m,1213,6,17,8,6,2,0,0,0,0,0
YOLO11m,1214,7,96,10,7,3,0,0,0,0,0
YOLO11m,1215,8,39,8,8,0,0,0,0,0,0
YOLO11m,1216,21,153,21,20,1,0,1,0,0,0
YOLO11m,1217,22,234,19,14,5,3,2,0,0,3
YOLO11m,1218,20,300,23,16,7,1,2,0,0,1
YOLO11m,1219,15,148,11,9,2,0,6,0,0,0
YOLO11m,1220,22,150,16,8,8,6,4,0,0,4
YOLO11m,1221,16,110,11,10,1,0,4,0,0,2
YOLO11m,1222,16,175,18,10,8,0,4,0,1,1
YOLO11m,1223,28,84,30,23,7,0,2,1,0,2
YOLO11m,1224,20,175,16,11,5,3,6,0,0,0
YOLO11m,1225,19,176,20,16,4,0,3,0,0,0
YOLO11m,1226,18,206,25,16,9,0,2,0,0,0
YOLO11m,1227,11,187,11,8,3,1,2,0,0,0
YOLO11m,1228,4,23,4,4,0,0,0,0,0,0
YOLO11m,1229,21,97,17,17,0,1,3,0,0,0
YOLO11m,1230,4,116,4,3,1,0,1,0,0,0
YOLO11m,1231,16,125,16,12,4,0,4,0,0,0
YOLO11m,1232,26,130,22,20,2,2,3,0,0,1
YOLO11m,1233,16,163,17,11,6,3,2,0,0,0
YOLO11m,1234,23,116,21,14,7,2,3,0,0,4
YOLO11m,1235,34,279,49,29,20,0,4,0,0,1
YOLO11m,1236,21,61,22,19,3,0,0,0,0,2
YOLO11m,1237,26,95,24,16,8,0,2,1,2,5
YOLO11m,1238,11,107,18,9,9,0,2,0,0,0
YOLO11m,1239,22,150,21,18,3,0,3,0,0,1
YOLO11m,1240,23,95,21,18,3,1,3,0,0,1
YOLO11m,1241,38,231,26,19,7,8,9,0,0,2
YOLO11m,1242,14,43,15,13,2,0,0,0,0,1
YOLO11m,1243,22,73,19,16,3,1,4,1,0,0
YOLO11m,1244,8,125,17,7,10,0,0,0,1,0
YOLO11m,1245,12,114,14,10,4,0,2,0,0,0
YOLO11m,1246,24,168,17,14,3,4,4,1,1,0
YOLO11m,1247,17,119,17,15,2,1,0,1,0,0
YOLO11m,1248,11,170,11,8,3,0,3,0,0,0
YOLO11m,1249,27,140,20,17,3,3,6,0,1,0
YOLO11m,1250,14,103,12,7,5,4,3,0,0,0
YOLO11m,1251,31,134,22,21,1,3,7,0,0,0
YOLO11m,1252,21,72,15,14,1,2,4,0,0,1
YOLO11m,1253,16,164,12,12,0,2,2,0,0,0
YOLO11m,1254,12,63,13,10,3,0,2,0,0,0
YOLO11m,1255,11,100,8,7,1,0,4,0,0,0
YOLO11m,1256,6,77,5,4,1,0,1,0,0,1
YOLO11m,1257,8,44,7,7,0,0,1,0,0,0
YOLO11m,1258,14,119,15,11,4,2,0,0,0,1
YOLO11m,1259,8,87,7,5,2,0,2,0,0,1
YOLO11m,1260,15,175,18,15,3,0,0,0,0,0
YOLO11m,1261,19,173,19,14,5,0,4,0,0,1
YOLO11m,1262,19,84,21,16,5,0,1,0,0,2
YOLO11m,1263,4,94,5,4,1,0,0,0,0,0
YOLO11m,1264,27,108,23,20,3,0,4,0,0,3
YOLO11m,1265,15,54,11,10,1,1,3,0,0,1
YOLO11m,1266,9,70,7,6,1,2,1,0,0,0
YOLO11m,1267,22,196,23,15,8,0,4,0,0,3
YOLO11m,1268,19,111,17,14,3,0,4,0,0,1
YOLO11m,1269,15,300,11,7,4,2,5,0,0,1
YOLO11m,1270,13,74,4,3,1,2,7,0,0,1
YOLO11m,1271,18,164,20,13,7,0,2,0,0,3
YOLO11m,1272,25,179,26,20,6,0,3,1,1,0
YOLO11m,1273,13,107,12,11,1,0,2,0,0,0
YOLO11m,1274,14,160,12,11,1,2,1,0,0,0
YOLO11m,1275,18,150,15,12,3,2,2,0,0,2
YOLO11m,1276,28,130,22,18,4,5,3,0,0,2
YOLO11m,1277,37,200,28,24,4,3,6,1,0,3
YOLO11m,1278,20,110,11,10,1,5,4,0,0,1
YOLO11m,1279,9,68,9,6,3,2,0,0,0,1
YOLO11m,1280,17,166,19,16,3,0,1,0,0,0
YOLO11m,1281,11,43,10,9,1,0,2,0,0,0
YOLO11m,1282,9,47,8,8,0,0,1,0,0,0
YOLO11m,1283,15,132,16,13,3,0,1,1,0,0
YOLO11m,1284,6,74,4,4,0,0,2,0,0,0
YOLO11m,1285,10,139,9,9,0,0,1,0,0,0
YOLO11m,1286,14,141,19,12,7,0,1,0,0,1
YOLO11m,1287,11,52,12,7,5,1,0,0,0,3
YOLO11m,1288,23,84,19,17,2,1,2,0,0,3
YOLO11m,1289,26,165,28,23,5,0,3,0,0,0
YOLO11m,1290,4,60,4,4,0,0,0,0,0,0
YOLO11m,1291,17,114,10,8,2,0,7,0,0,2
YOLO11m,1292,18,165,19,14,5,2,1,0,0,1
YOLO11m,1293,9,118,8,7,1,0,2,0,0,0
YOLO11m,1294,20,120,15,13,2,1,5,0,1,0
YOLO11m,1295,29,195,26,21,5,2,5,0,1,0
YOLO11m,1296,27,181,34,23,11,0,3,0,0,1
YOLO11m,1297,20,161,22,13,9,2,4,0,0,1
YOLO11m,1298,18,168,18,15,3,0,3,0,0,0
YOLO11m,1299,15,159,12,11,1,0,3,0,0,1
YOLO11m,1300,13,162,11,11,0,0,2,0,0,0
YOLO11m,1301,21,123,24,17,7,0,2,0,0,2
YOLO11m,1302,4,43,4,4,0,0,0,0,0,0
YOLO11m,1303,13,162,16,11,5,0,1,1,0,0
YOLO11m,1304,25,137,33,19,14,2,4,0,0,0
YOLO11m,1305,8,95,6,5,1,0,3,0,0,0
YOLO11m,1306,5,90,4,4,0,0,1,0,0,0
YOLO11m,1307,9,77,9,9,0,0,0,0,0,0
YOLO11m,1308,25,77,25,23,2,2,0,0,0,0
YOLO11m,1309,20,80,27,17,10,0,0,0,0,3
YOLO11m,1310,19,190,17,13,4,2,3,1,0,0
YOLO11m,1311,30,225,22,19,3,2,9,0,0,0
YOLO11m,1312,33,300,29,23,6,2,5,0,0,3
YOLO11m,1313,25,193,20,14,6,5,5,0,0,1
YOLO11m,1314,5,109,5,5,0,0,0,0,0,0
YOLO11m,1315,10,178,14,9,5,1,0,0,0,0
YOLO11m,1316,22,168,18,12,6,2,7,0,1,0
YOLO11m,1317,40,300,34,29,5,4,6,0,0,1
YOLO11m,1318,24,160,27,17,10,3,1,0,2,1
YOLO11m,1319,13,154,14,9,5,0,2,0,0,2
YOLO11m,1320,24,148,20,16,4,1,4,0,2,1
YOLO11m,1321,27,188,24,19,5,3,5,0,0,0
YOLO11m,1322,15,185,13,8,5,5,2,0,0,0
YOLO11m,1323,20,150,18,12,6,1,5,0,1,1
YOLO11m,1324,25,154,27,20,7,1,2,0,0,2
YOLO11m,1325,16,150,13,8,5,3,2,0,1,2
YOLO11m,1326,10,150,14,8,6,0,1,0,1,0
YOLO11m,1327,38,242,34,32,2,5,1,0,0,0
YOLO11m,1328,5,154,4,4,0,0,1,0,0,0
YOLO11m,1329,19,116,19,15,4,2,2,0,0,0
YOLO11m,1330,16,88,17,15,2,1,0,0,0,0
YOLO11m,1331,20,236,12,11,1,0,7,1,0,1
YOLO11m,1332,14,143,8,7,1,3,3,0,0,1
YOLO11m,1333,46,235,30,25,5,9,11,1,0,0
YOLO11m,1334,4,44,4,4,0,0,0,0,0,0
YOLO11m,1335,4,103,3,1,2,3,0,0,0,0
YOLO11m,1336,21,181,23,16,7,2,3,0,0,0
YOLO11m,1337,17,107,17,14,3,0,0,0,0,3
YOLO11m,1338,8,102,6,4,2,1,3,0,0,0
YOLO11m,1339,6,84,7,5,2,0,1,0,0,0
YOLO11m,1340,29,170,29,22,7,1,4,0,0,2
YOLO11m,1341,6,22,5,5,0,1,0,0,0,0
YOLO11m,1342,23,129,29,21,8,0,1,0,0,1
YOLO11m,1343,29,205,37,22,15,1,2,0,0,4
YOLO11m,1344,16,119,12,12,0,0,4,0,0,0
YOLO11m,1345,9,100,14,7,7,0,1,0,0,1
YOLO11m,1346,13,125,10,10,0,1,2,0,0,0
YOLO11m,1347,25,206,16,14,2,2,9,0,0,0
YOLO11m,1348,5,85,10,3,7,0,1,0,0,1
YOLO11m,1349,22,108,28,18,10,0,1,0,1,2
YOLO11m,1350,15,101,14,14,0,1,0,0,0,0
YOLO11m,1351,23,156,20,17,3,0,4,0,1,1
YOLO11m,1352,32,140,19,15,4,7,4,0,0,6
YOLO11m,1353,16,141,12,10,2,0,5,0,0,1
YOLO11m,1354,11,94,12,8,4,2,1,0,0,0
YOLO11m,1355,15,101,15,14,1,0,1,0,0,0
YOLO11m,1356,22,195,22,16,6,0,4,0,0,2
YOLO11m,1357,37,233,27,23,4,4,5,0,1,4
YOLO11m,1358,6,93,6,5,1,1,0,0,0,0
YOLO11m,1359,26,150,26,22,4,1,1,0,0,2
YOLO11m,1360,36,228,45,29,16,1,2,0,0,4
YOLO11m,1361,44,300,42,34,8,1,4,1,1,3
YOLO11m,1362,30,142,23,19,4,1,6,0,0,4
YOLO11m,1363,6,34,6,5,1,0,1,0,0,0
YOLO11m,1364,45,249,35,22,13,4,14,1,0,4
YOLO11m,1365,25,165,17,15,2,2,6,0,0,2
YOLO11m,1366,6,33,6,5,1,0,1,0,0,0
YOLO11m,1367,21,105,18,15,3,3,3,0,0,0
YOLO11m,1368,13,88,12,11,1,1,1,0,0,0
YOLO11m,1369,8,70,6,6,0,1,1,0,0,0
YOLO11m,1370,28,107,29,22,7,0,1,0,2,3
YOLO11m,1371,8,108,8,5,3,0,3,0,0,0
YOLO11m,1372,27,158,16,12,4,7,7,0,0,1
YOLO11m,1373,14,71,12,11,1,1,1,0,0,1
YOLO11m,1374,38,233,40,34,6,2,2,0,0,0
YOLO11m,1375,10,151,17,7,10,2,1,0,0,0
YOLO11m,1376,22,85,15,11,4,3,6,0,0,2
YOLO11m,1377,21,185,22,17,5,0,3,0,0,1
YOLO11m,1378,22,132,21,11,10,4,4,0,1,2
YOLO11m,1379,32,177,32,25,7,3,3,0,0,1
YOLO11m,1380,18,103,19,18,1,0,0,0,0,0
YOLO11m,1381,27,169,26,19,7,3,4,0,0,1
YOLO11m,1382,18,88,20,18,2,0,0,0,0,0
YOLO11m,1383,31,173,35,26,9,2,2,1,0,0
YOLO11m,1384,23,196,30,19,11,2,2,0,0,0
YOLO11m,1385,25,146,22,19,3,1,4,0,0,1
YOLO11m,1386,5,92,8,5,3,0,0,0,0,0
YOLO11m,1387,10,109,12,7,5,1,2,0,0,0
YOLO11m,1388,21,97,22,14,8,0,3,0,0,4
YOLO11m,1389,12,84,9,7,2,0,4,1,0,0
YOLO11m,1390,17,91,17,16,1,0,1,0,0,0
YOLO11m,1391,23,110,14,12,2,5,6,0,0,0
YOLO11m,1392,21,86,20,14,6,1,1,1,0,4
YOLO11m,1393,26,106,25,21,4,0,4,0,1,0
YOLO11m,1394,26,174,31,18,13,1,3,0,1,3
YOLO11m,1395,21,147,25,19,6,1,1,0,0,0
YOLO11m,1396,5,130,4,4,0,1,0,0,0,0
YOLO11m,1397,7,73,7,5,2,0,2,0,0,0
YOLO11m,1398,18,73,17,10,7,2,4,0,0,2
YOLO11m,1399,14,117,18,11,7,1,0,0,0,2
YOLO11m,1400,8,125,9,5,4,0,1,0,0,2
YOLO11m,1401,14,102,12,10,2,1,3,0,0,0
YOLO11m,1402,12,115,11,10,1,0,2,0,0,0
YOLO11m,1403,9,156,11,9,2,0,0,0,0,0
YOLO11m,1404,24,206,19,15,4,2,5,0,1,1
YOLO11m,1405,18,90,15,11,4,1,6,0,0,0
YOLO11m,1406,19,105,22,16,6,0,3,0,0,0
YOLO11m,1407,21,94,19,18,1,0,3,0,0,0
YOLO11m,1408,22,78,18,17,1,0,5,0,0,0
YOLO11m,1409,19,140,20,16,4,1,2,0,0,0
YOLO11m,1410,19,120,22,15,7,0,1,0,0,3
YOLO11m,1411,15,91,10,7,3,2,6,0,0,0
YOLO11m,1412,21,71,24,16,8,1,1,0,1,2
YOLO11m,1413,19,92,23,17,6,0,1,0,0,1
YOLO11m,1414,25,111,26,20,6,2,2,0,0,1
YOLO11m,1415,27,103,28,20,8,0,2,0,0,5
YOLO11m,1416,12,91,17,9,8,0,3,0,0,0
YOLO11m,1417,22,127,26,14,12,0,2,0,0,6
YOLO11m,1418,33,250,34,27,7,2,3,0,0,1
YOLO11m,1419,38,162,38,36,2,0,0,1,0,1
YOLO11m,1420,19,184,19,9,10,2,6,0,1,1
YOLO11m,1421,22,189,20,17,3,2,3,0,0,0
YOLO11m,1422,18,121,10,8,2,3,7,0,0,0
YOLO11m,1423,14,121,17,9,8,0,4,0,0,1
YOLO11m,1424,21,85,20,14,6,0,4,1,0,2
YOLO11m,1425,17,99,32,8,24,1,4,0,0,4
YOLO11m,1426,16,54,23,13,10,0,1,0,0,2
YOLO11m,1427,16,87,22,13,9,0,1,0,0,2
YOLO11m,1428,33,181,21,16,5,3,12,0,0,2
YOLO11m,1429,14,62,13,13,0,0,1,0,0,0
YOLO11m,1430,9,133,9,8,1,0,1,0,0,0
YOLO11m,1431,11,79,7,5,2,0,5,0,0,1
YOLO11m,1432,10,95,7,5,2,1,3,0,0,1
YOLO11m,1433,19,68,19,18,1,1,0,0,0,0
YOLO11m,1434,4,68,7,4,3,0,0,0,0,0
YOLO11m,1435,18,140,18,14,4,1,2,0,0,1
YOLO11m,1436,22,101,21,17,4,0,2,0,0,3
YOLO11m,1437,20,166,23,16,7,0,4,0,0,0
YOLO11m,1438,11,121,11,7,4,0,4,0,0,0
YOLO11m,1439,28,121,26,16,10,2,3,0,0,7
YOLO11m,1440,26,153,25,20,5,0,5,0,0,1
YOLO11m,1441,20,162,21,18,3,1,1,0,0,0
YOLO11m,1442,8,47,9,8,1,0,0,0,0,0
YOLO11m,1443,9,103,7,6,1,1,2,0,0,0
YOLO11m,1444,8,75,8,8,0,0,0,0,0,0
YOLO11m,1445,5,128,8,5,3,0,0,0,0,0
YOLO11m,1446,23,97,21,16,5,1,4,0,0,2
YOLO11m,1447,17,140,15,12,3,2,3,0,0,0
YOLO11m,1448,21,88,22,18,4,0,1,0,0,2
YOLO11m,1449,8,92,11,8,3,0,0,0,0,0
YOLO11m,1450,36,169,33,27,6,2,6,1,0,0
YOLO11m,1451,24,153,15,11,4,1,8,0,0,4
YOLO11m,1452,19,71,22,15,7,0,3,0,1,0
YOLO11m,1453,17,135,18,13,5,1,2,0,0,1
YOLO11m,1454,15,140,15,13,2,1,1,0,0,0
YOLO11m,1455,36,176,30,23,7,1,4,0,0,8
YOLO11m,1456,30,133,27,20,7,0,1,1,0,8
YOLO11m,1457,10,87,9,8,1,0,2,0,0,0
YOLO11m,1458,20,121,18,17,1,0,3,0,0,0
YOLO11m,1459,22,262,21,16,5,2,0,0,1,3
YOLO11m,1460,18,146,23,15,8,0,2,0,0,1
YOLO11m,1461,28,224,25,20,5,3,4,0,0,1
YOLO11m,1462,16,109,20,15,5,0,1,0,0,0
YOLO11m,1463,18,159,16,13,3,1,4,0,0,0
YOLO11m,1464,27,132,24,16,8,4,4,0,0,3
YOLO11m,1465,28,128,22,17,5,1,3,1,1,5
YOLO11m,1466,25,136,25,23,2,0,2,0,0,0
YOLO11m,1467,9,58,7,7,0,0,2,0,0,0
YOLO11m,1468,21,172,21,14,7,1,3,0,0,3
YOLO11m,1469,19,163,24,17,7,0,1,0,0,1
YOLO11m,1470,4,52,5,3,2,1,0,0,0,0
YOLO11m,1471,11,124,15,9,6,0,1,0,1,0
YOLO11m,1472,18,188,20,15,5,1,2,0,0,0
YOLO11m,1473,9,72,13,8,5,0,0,0,0,1
YOLO11m,1474,22,89,21,19,2,1,2,0,0,0
YOLO11m,1475,21,211,23,14,9,0,5,0,0,2
YOLO11m,1476,20,134,28,13,15,2,0,0,2,3
YOLO11m,1477,35,161,34,23,11,0,5,0,0,7
YOLO11m,1478,20,203,23,16,7,0,4,0,0,0
YOLO11m,1479,11,95,4,4,0,1,6,0,0,0
YOLO11m,1480,5,41,5,5,0,0,0,0,0,0
YOLO11m,1481,32,231,38,29,9,1,2,0,0,0
YOLO11m,1482,15,147,16,11,5,0,4,0,0,0
YOLO11m,1483,7,77,6,5,1,0,0,0,0,2
YOLO11m,1484,7,53,8,7,1,0,0,0,0,0
YOLO11m,1485,4,38,5,4,1,0,0,0,0,0
YOLO11m,1486,7,31,8,6,2,0,0,0,1,0
YOLO11m,1487,16,118,10,8,2,3,3,0,0,2
YOLO11m,1488,15,119,10,5,5,7,2,0,0,1
YOLO11m,1489,23,60,10,9,1,9,3,0,0,2
YOLO11m,1490,21,99,17,15,2,4,2,0,0,0
YOLO11m,1491,26,152,25,17,8,4,2,0,0,3
YOLO11m,1492,37,117,34,32,2,0,3,0,0,2
YOLO11m,1493,4,27,5,4,1,0,0,0,0,0
YOLO11m,1494,19,92,13,9,4,0,6,0,0,4
YOLO11m,1495,23,122,24,19,5,0,2,0,0,2
YOLO11m,1496,10,84,10,9,1,0,1,0,0,0
YOLO11m,1497,35,268,36,29,7,0,5,0,0,1
YOLO11m,1498,29,80,25,19,6,0,2,2,0,6
YOLO11m,1499,20,202,19,14,5,1,5,0,0,0
YOLO11m,1500,29,182,16,13,3,5,10,0,1,0
YOLO11m,1501,22,167,23,16,7,1,4,0,0,1
YOLO11m,1502,15,92,15,9,6,1,5,0,0,0
YOLO11m,1503,20,87,18,14,4,0,4,1,0,1
YOLO11m,1504,17,65,11,9,2,4,2,0,0,2
YOLO11m,1505,25,82,20,17,3,1,3,0,0,4
YOLO11m,1506,13,58,12,9,3,3,0,0,0,1
YOLO11m,1507,24,77,25,22,3,0,0,0,0,2
YOLO11m,1508,22,159,18,16,2,0,5,0,0,1
YOLO11m,1509,18,120,20,15,5,0,1,0,0,2
YOLO11m,1510,30,147,27,22,5,0,3,1,2,2
YOLO11m,1511,22,232,15,13,2,1,6,0,0,2
YOLO11m,1512,6,80,8,5,3,0,1,0,0,0
YOLO11m,1513,5,62,5,5,0,0,0,0,0,0
YOLO11m,1514,22,98,19,16,3,2,4,0,0,0
YOLO11m,1515,6,110,5,3,2,1,2,0,0,0
YOLO11m,1516,24,108,29,22,7,0,1,0,1,0
YOLO11m,1517,32,203,37,29,8,0,2,1,0,0
YOLO11m,1518,29,146,31,24,7,0,3,0,1,1
YOLO11m,1519,34,140,32,23,9,2,2,0,1,6
YOLO11m,1520,11,109,11,9,2,0,2,0,0,0
YOLO11m,1521,9,70,7,5,2,1,2,0,0,1
YOLO11m,1522,23,135,20,17,3,0,5,0,0,1
YOLO11m,1523,6,17,5,5,0,0,1,0,0,0
YOLO11m,1524,15,116,12,5,7,2,5,0,0,3
YOLO11m,1525,23,133,24,18,6,2,2,0,0,1
YOLO11m,1526,14,128,15,10,5,0,3,0,0,1
YOLO11m,1527,30,176,31,23,8,2,3,0,0,2
YOLO11m,1528,31,261,22,21,1,1,9,0,0,0
YOLO11m,1529,37,176,36,26,10,4,3,0,1,3
YOLO11m,1530,19,87,18,14,4,1,4,0,0,0
YOLO11m,1531,16,68,14,12,2,0,1,2,0,1
YOLO11m,1532,11,95,7,7,0,2,2,0,0,0
YOLO11m,1533,18,208,14,11,3,1,6,0,0,0
YOLO11m,1534,18,175,14,14,0,1,2,0,0,1
YOLO11m,1535,24,137,31,18,13,0,5,0,0,1
YOLO11m,1536,24,97,22,19,3,1,3,0,0,1
YOLO11m,1537,9,153,9,8,1,0,0,0,0,1
YOLO11m,1538,24,124,27,21,6,0,1,0,0,2
YOLO11m,1539,15,52,11,10,1,1,3,0,0,1
YOLO11m,1540,18,130,17,14,3,2,0,0,1,1
YOLO11m,1541,5,118,6,5,1,0,0,0,0,0
YOLO11m,1542,9,130,9,5,4,1,3,0,0,0
YOLO11m,1543,6,116,6,5,1,0,0,0,1,0
YOLO11m,1544,27,139,30,22,8,0,2,1,1,1
YOLO11m,1545,16,182,11,9,2,3,3,0,0,1
YOLO11m,1546,29,118,27,25,2,0,3,0,0,1
YOLO11m,1547,21,85,24,20,4,0,0,1,0,0
YOLO11m,1548,10,149,9,4,5,1,4,0,1,0
YOLO11m,1549,27,187,21,15,6,1,9,0,0,2
YOLO11m,1550,10,160,12,8,4,0,1,0,0,1
YOLO11m,1551,54,213,45,35,10,6,9,0,0,4
YOLO11m,1552,8,152,12,6,6,0,2,0,0,0
YOLO11m,1553,9,88,8,7,1,0,1,0,0,1
YOLO11m,1554,27,189,29,24,5,0,3,0,0,0
YOLO11m,1555,21,123,22,18,4,0,2,0,0,1
YOLO11m,1556,8,71,11,5,6,0,2,0,0,1
YOLO11m,1557,32,191,31,23,8,3,2,0,1,3
YOLO11m,1558,33,242,26,24,2,1,8,0,0,0
YOLO11m,1559,22,300,29,19,10,0,3,0,0,0
YOLO11m,1560,28,158,25,21,4,1,4,0,1,1
YOLO11m,1561,38,172,35,30,5,5,0,0,0,3
YOLO11m,1562,32,192,25,19,6,4,7,0,0,2
YOLO11m,1563,24,198,22,16,6,2,3,0,1,2
YOLO11m,1564,31,133,27,20,7,2,5,0,0,4
YOLO11m,1565,38,252,29,24,5,4,8,0,1,1
YOLO11m,1566,16,94,13,12,1,1,3,0,0,0
YOLO11m,1567,10,111,11,9,2,1,0,0,0,0
YOLO11m,1568,18,153,16,13,3,1,3,0,1,0
YOLO11m,1569,20,151,18,15,3,1,4,0,0,0
YOLO11m,1570,27,184,23,18,5,2,5,0,0,2
YOLO11m,1571,21,176,23,15,8,0,4,0,0,2
YOLO11m,1572,23,230,22,15,7,2,3,1,0,2
YOLO11m,1573,19,149,18,14,4,2,3,0,0,0
YOLO11m,1574,28,217,32,23,9,1,1,0,0,3
YOLO11m,1575,6,58,6,6,0,0,0,0,0,0
YOLO11m,1576,26,300,24,19,5,1,6,0,0,0
YOLO11m,1577,48,300,44,32,12,3,10,0,1,2
YOLO11m,1578,4,49,5,4,1,0,0,0,0,0
YOLO11m,1579,25,188,26,18,8,2,2,0,0,3
YOLO11m,1580,29,169,28,23,5,0,4,0,0,2
YOLO11m,1581,11,65,13,11,2,0,0,0,0,0
YOLO11m,1582,20,279,17,14,3,0,6,0,0,0
YOLO11m,1583,6,99,8,6,2,0,0,0,0,0
YOLO11m,1584,5,60,5,4,1,0,1,0,0,0
YOLO11m,1585,10,66,9,9,0,1,0,0,0,0
YOLO11m,1586,15,181,16,14,2,0,1,0,0,0
YOLO11m,1587,11,201,17,10,7,0,1,0,0,0
YOLO11m,1588,6,119,8,4,4,2,0,0,0,0
YOLO11m,1589,25,237,23,18,5,3,2,0,0,2
YOLO11m,1590,51,167,9,8,1,15,27,0,0,1
YOLO11m,1591,17,148,16,8,8,1,3,0,1,4
YOLO11m,1592,34,208,29,23,6,1,8,0,0,2
YOLO11m,1593,15,109,16,14,2,0,0,0,0,1
YOLO11m,1594,7,105,7,4,3,0,3,0,0,0
YOLO11m,1595,21,109,19,16,3,2,3,0,0,0
YOLO11m,1596,10,156,8,6,2,1,2,0,0,1
YOLO11m,1597,10,142,20,7,13,2,0,0,0,1
YOLO11m,1598,29,84,25,25,0,1,3,0,0,0
YOLO11m,1599,15,82,11,10,1,1,4,0,0,0
YOLO11m,1600,14,100,14,10,4,0,3,0,0,1
YOLO11m,1601,14,206,12,11,1,0,3,0,0,0
YOLO11m,1602,9,111,7,6,1,2,1,0,0,0
YOLO11m,1603,37,288,36,24,12,7,2,0,1,3
YOLO11m,1604,15,66,14,13,1,0,1,0,0,1
YOLO11m,1605,20,65,16,16,0,1,2,0,0,1
YOLO11m,1606,17,192,18,10,8,0,5,0,0,2
YOLO11m,1607,30,203,35,26,9,0,3,0,0,1
YOLO11m,1608,27,162,21,18,3,2,6,0,0,1
YOLO11m,1609,23,92,18,16,2,3,2,2,0,0
YOLO11m,1610,21,171,17,16,1,0,2,0,0,3
YOLO11m,1611,6,89,7,5,2,1,0,0,0,0
YOLO11m,1612,25,199,19,14,5,1,7,0,0,3
YOLO11m,1613,14,74,16,10,6,0,0,0,0,4
YOLO11m,1614,9,73,8,7,1,0,1,0,0,1
YOLO11m,1615,29,243,31,18,13,2,6,0,1,2
YOLO11m,1616,20,208,20,14,6,1,4,0,0,1
YOLO11m,1617,36,183,36,27,9,2,3,1,0,3
YOLO11m,1618,7,103,5,4,1,0,3,0,0,0
YOLO11m,1619,6,120,6,5,1,0,0,0,0,1
YOLO11m,1620,27,233,36,24,12,0,2,0,1,0
YOLO11m,1621,29,125,29,20,9,4,1,0,1,3
YOLO11m,1622,9,95,10,8,2,0,0,0,0,1
YOLO11m,1623,20,72,19,12,7,1,4,0,0,3
YOLO11m,1624,5,67,9,5,4,0,0,0,0,0
YOLO11m,1625,16,190,16,14,2,2,0,0,0,0
YOLO11m,1626,16,107,18,14,4,1,1,0,0,0
YOLO11m,1627,7,127,2,1,1,2,4,0,0,0
YOLO11m,1628,23,189,14,11,3,5,5,0,1,1
YOLO11m,1629,18,180,10,6,4,5,4,0,2,1
YOLO11m,1630,20,168,23,16,7,0,1,0,0,3
YOLO11m,1631,18,108,13,11,2,1,6,0,0,0
YOLO11m,1632,25,95,22,19,3,2,4,0,0,0
YOLO11m,1633,7,61,6,6,0,1,0,0,0,0
YOLO11m,1634,25,157,22,16,6,3,3,0,0,3
YOLO11m,1635,13,73,15,12,3,0,1,0,0,0
YOLO11m,1636,14,88,14,10,4,0,0,0,0,4
YOLO11m,1637,19,129,19,16,3,0,3,0,0,0
YOLO11m,1638,24,110,17,15,2,2,6,0,0,1
YOLO11m,1639,21,93,28,17,11,0,3,0,0,1
YOLO11m,1640,8,86,10,8,2,0,0,0,0,0
YOLO11m,1641,14,79,13,13,0,0,1,0,0,0
YOLO11m,1642,27,137,25,24,1,0,3,0,0,0
YOLO11m,1643,15,141,14,9,5,2,2,0,0,2
YOLO11m,1644,23,144,19,15,4,1,6,0,0,1
YOLO11m,1645,17,84,22,14,8,0,3,0,0,0
YOLO11m,1646,7,48,7,5,2,0,0,0,2,0
YOLO11m,1647,6,56,7,5,2,0,0,0,1,0
YOLO11m,1648,17,129,15,11,4,1,3,0,0,2
YOLO11m,1649,11,94,14,9,5,0,1,0,0,1
YOLO11m,1650,14,47,14,13,1,0,0,0,1,0
YOLO11m,1651,30,242,32,26,6,0,3,0,0,1
YOLO11m,1652,12,100,12,9,3,0,2,0,0,1
YOLO11m,1653,23,83,19,16,3,0,4,1,0,2
YOLO11m,1654,38,300,29,23,6,3,10,0,0,2
YOLO11m,1655,16,89,16,11,5,3,1,0,0,1
YOLO11m,1656,9,45,9,9,0,0,0,0,0,0
YOLO11m,1657,25,186,20,17,3,3,4,0,0,1
YOLO11m,1658,19,168,27,18,9,0,1,0,0,0
YOLO11m,1659,14,248,8,7,1,0,7,0,0,0
YOLO11m,1660,10,41,10,9,1,1,0,0,0,0
YOLO11m,1661,19,108,24,19,5,0,0,0,0,0
YOLO11m,1662,9,150,10,8,2,0,1,0,0,0
YOLO11m,1663,6,166,5,2,3,0,1,0,0,3
YOLO11m,1664,34,200,23,20,3,4,10,0,0,0
YOLO11m,1665,35,120,39,31,8,2,2,0,0,0
YOLO11m,1666,13,64,13,11,2,0,2,0,0,0
YOLO11m,1667,13,167,13,10,3,0,3,0,0,0
YOLO11m,1668,30,138,25,22,3,0,4,0,1,3
YOLO11m,1669,21,106,26,20,6,0,0,0,0,1
YOLO11m,1670,8,83,10,6,4,0,2,0,0,0
YOLO11m,1671,4,54,5,3,2,0,1,0,0,0
YOLO11m,1672,3,90,6,3,3,0,0,0,0,0
YOLO11m,1673,11,82,11,9,2,0,0,0,1,1
YOLO11m,1674,25,157,32,20,12,0,2,0,1,2
YOLO11m,1675,5,116,3,3,0,0,2,0,0,0
YOLO11m,1676,25,220,20,17,3,1,7,0,0,0
YOLO11m,1677,8,158,9,7,2,0,1,0,0,0
YOLO11m,1678,15,137,9,9,0,0,6,0,0,0
YOLO11m,1679,21,119,20,13,7,1,2,0,1,4
YOLO11m,1680,5,29,6,5,1,0,0,0,0,0
YOLO11m,1681,16,96,17,12,5,2,1,0,0,1
YOLO11m,1682,16,102,11,9,2,2,5,0,0,0
YOLO11m,1683,4,98,11,4,7,0,0,0,0,0
YOLO11m,1684,22,137,21,14,7,2,4,0,0,2
YOLO11m,1685,24,87,16,16,0,2,3,1,0,2
YOLO11m,1686,4,139,3,3,0,0,1,0,0,0
YOLO11m,1687,20,213,25,18,7,0,2,0,0,0
YOLO11m,1688,16,74,18,12,6,1,2,0,1,0
YOLO11m,1689,5,56,3,2,1,1,1,0,0,1
YOLO11m,1690,19,91,20,16,4,0,2,0,1,0
YOLO11m,1691,16,124,19,16,3,0,0,0,0,0
YOLO11m,1692,11,89,9,7,2,1,2,0,0,1
YOLO11m,1693,43,195,36,32,4,3,6,0,0,2
YOLO11m,1694,25,186,32,18,14,1,3,0,0,3
YOLO11m,1695,20,94,21,13,8,1,4,0,0,2
YOLO11m,1696,22,150,16,12,4,5,4,0,0,1
YOLO11m,1697,14,249,14,9,5,1,3,0,0,1
YOLO11m,1698,13,112,12,10,2,0,3,0,0,0
YOLO11m,1699,13,103,10,7,3,0,4,0,0,2
YOLO11m,1700,14,98,18,11,7,0,1,0,0,2
YOLO11m,1701,26,211,25,19,6,0,5,0,1,1
YOLO11m,1702,26,98,27,21,6,1,1,1,0,2
YOLO11m,1703,14,104,12,10,2,1,3,0,0,0
YOLO11m,1704,20,117,27,18,9,0,2,0,0,0
YOLO11m,1705,11,97,9,8,1,0,3,0,0,0
YOLO11m,1706,28,121,25,22,3,4,2,0,0,0
YOLO11m,1707,12,118,15,11,4,0,0,0,1,0
YOLO11m,1708,24,166,20,18,2,1,4,0,0,1
YOLO11m,1709,16,233,27,14,13,0,1,0,0,1
YOLO11m,1710,22,64,24,19,5,1,2,0,0,0
YOLO11m,1711,6,98,6,5,1,1,0,0,0,0
YOLO11m,1712,4,40,4,4,0,0,0,0,0,0
YOLO11m,1713,14,127,17,12,5,0,1,0,0,1
YOLO11m,1714,4,170,7,3,4,0,1,0,0,0
YOLO11m,1715,5,31,4,4,0,0,1,0,0,0
YOLO11m,1716,38,231,37,30,7,2,5,0,0,1
YOLO11m,1717,21,199,22,17,5,0,2,0,1,1
YOLO11m,1718,35,168,33,26,7,5,3,0,1,0
YOLO11m,1719,8,160,4,3,1,1,2,0,0,2
YOLO11m,1720,27,153,29,24,5,0,3,0,0,0
YOLO11m,1721,18,98,16,13,3,0,2,0,0,3
YOLO11m,1722,20,80,22,20,2,0,0,0,0,0
YOLO11m,1723,31,128,26,21,5,0,1,1,1,7
YOLO11m,1724,15,78,13,10,3,0,5,0,0,0
YOLO11m,1725,17,103,15,12,3,1,2,0,0,2
YOLO11m,1726,16,257,16,13,3,0,2,0,0,1
YOLO11m,1727,26,202,28,21,7,1,3,0,0,1
YOLO11m,1728,16,63,15,13,2,1,0,1,1,0
YOLO11m,1729,49,257,38,31,7,7,5,0,1,5
YOLO11m,1730,12,67,15,6,9,0,1,0,0,5
YOLO11m,1731,5,51,7,5,2,0,0,0,0,0
YOLO11m,1732,21,72,19,16,3,0,2,1,0,2
YOLO11m,1733,11,85,15,9,6,0,1,0,0,1
YOLO11m,1734,7,52,9,7,2,0,0,0,0,0
YOLO11m,1735,26,82,21,21,0,2,1,0,0,2
YOLO11m,1736,20,102,20,16,4,0,3,0,0,1
YOLO11m,1737,12,69,14,10,4,0,1,0,0,1
YOLO11m,1738,16,82,16,11,5,0,1,0,1,3
YOLO11m,1739,14,78,11,8,3,0,3,0,3,0
YOLO11m,1740,13,158,12,9,3,1,3,0,0,0
YOLO11m,1741,54,285,43,37,6,4,10,0,1,2
YOLO11m,1742,4,171,15,4,11,0,0,0,0,0
YOLO11m,1743,20,136,19,13,6,0,5,0,0,2
YOLO11m,1744,24,274,23,16,7,1,7,0,0,0
YOLO11m,1745,19,178,15,11,4,2,4,0,0,2
YOLO11m,1746,10,94,8,7,1,0,2,0,0,1
YOLO11m,1747,23,174,17,12,5,3,8,0,0,0
YOLO11m,1748,8,91,14,7,7,0,1,0,0,0
YOLO11m,1749,21,135,20,16,4,3,2,0,0,0
YOLO11m,1750,25,110,27,21,6,0,3,0,0,1
YOLO11m,1751,17,123,18,13,5,1,1,0,1,1
YOLO11m,1752,16,83,19,14,5,0,2,0,0,0
YOLO11m,1753,17,132,15,11,4,2,4,0,0,0
YOLO11m,1754,23,127,34,16,18,0,4,0,0,3
YOLO11m,1755,9,122,8,7,1,0,2,0,0,0
YOLO11m,1756,42,272,44,35,9,0,3,0,0,4
YOLO11m,1757,25,212,38,21,17,2,0,0,0,2
YOLO11m,1758,31,70,31,24,7,1,2,0,0,4
YOLO11m,1759,36,192,33,29,4,1,4,0,0,2
YOLO11m,1760,11,119,24,10,14,0,1,0,0,0
YOLO11m,1761,26,201,27,19,8,2,0,0,0,5
YOLO11m,1762,19,149,22,14,8,2,3,0,0,0
YOLO11m,1763,11,81,11,9,2,1,1,0,0,0
YOLO11m,1764,24,134,29,16,13,1,0,0,2,5
YOLO11m,1765,4,122,6,4,2,0,0,0,0,0
YOLO11m,1766,43,278,27,16,11,10,12,0,0,5
YOLO11m,1767,13,173,18,11,7,0,0,1,1,0
YOLO11m,1768,15,77,14,11,3,1,1,0,0,2
YOLO11m,1769,35,284,20,16,4,2,16,0,0,1
YOLO11m,1770,21,154,28,19,9,0,1,0,0,1
YOLO11m,1771,28,251,35,19,16,1,3,0,0,5
YOLO11m,1772,9,81,11,8,3,0,0,0,0,1
YOLO11m,1773,17,133,15,12,3,0,4,0,0,1
YOLO11m,1774,10,55,10,8,2,0,2,0,0,0
YOLO11m,1775,14,207,14,12,2,0,1,0,0,1
YOLO11m,1776,14,120,17,13,4,0,1,0,0,0
YOLO11m,1777,27,102,23,20,3,1,4,0,0,2
YOLO11m,1778,6,68,10,6,4,0,0,0,0,0
YOLO11m,1779,31,147,26,23,3,0,4,0,0,4
YOLO11m,1780,9,72,7,6,1,0,3,0,0,0
YOLO11m,1781,8,151,11,5,6,1,2,0,0,0
YOLO11m,1782,33,268,34,24,10,2,4,0,0,3
YOLO11m,1783,48,237,34,22,12,7,14,0,0,5
YOLO11m,1784,29,200,34,27,7,0,1,0,1,0
YOLO11m,1785,32,219,36,29,7,1,1,0,0,1
YOLO11m,1786,25,149,23,19,4,1,4,0,0,1
YOLO11m,1787,6,139,3,3,0,0,3,0,0,0
YOLO11m,1788,7,144,18,6,12,0,1,0,0,0
YOLO11m,1789,4,66,5,4,1,0,0,0,0,0
YOLO11m,1790,27,292,30,20,10,0,5,0,0,2
YOLO11m,1791,12,165,9,7,2,1,4,0,0,0
YOLO11m,1792,36,299,24,12,12,8,10,0,0,6
YOLO11m,1793,37,257,38,24,14,5,5,0,2,1
YOLO11m,1794,5,59,5,5,0,0,0,0,0,0
YOLO11m,1795,10,145,11,8,3,0,1,0,0,1
YOLO11m,1796,5,46,5,5,0,0,0,0,0,0
YOLO11m,1797,6,110,6,5,1,1,0,0,0,0
YOLO11m,1798,7,84,3,1,2,1,5,0,0,0
YOLO11m,1799,15,139,10,6,4,1,6,0,0,2
YOLO11m,1800,14,95,7,7,0,5,1,0,0,1
YOLO11m,1801,10,95,11,9,2,0,1,0,0,0
YOLO11m,1802,23,83,26,20,6,0,1,1,0,1
YOLO11m,1803,24,120,27,19,8,0,4,0,0,1
YOLO11m,1804,17,109,18,13,5,1,1,0,0,2
YOLO11m,1805,30,227,26,20,6,1,7,0,0,2
YOLO11m,1806,4,114,4,4,0,0,0,0,0,0
YOLO11m,1807,18,84,17,15,2,0,1,0,0,2
YOLO11m,1808,9,90,12,6,6,2,1,0,0,0
YOLO11m,1809,23,186,25,20,5,0,2,0,0,1
YOLO11m,1810,20,221,26,14,12,0,6,0,0,0
YOLO11m,1811,21,158,23,14,9,1,4,0,0,2
YOLO11m,1812,16,174,15,11,4,2,3,0,0,0
YOLO11m,1813,23,186,25,19,6,0,3,0,0,1
YOLO11m,1814,9,98,6,6,0,0,3,0,0,0
YOLO11m,1815,6,74,9,5,4,0,0,0,0,1
YOLO11m,1816,29,188,31,23,8,0,3,0,0,3
YOLO11m,1817,22,121,21,15,6,0,6,0,0,1
YOLO11m,1818,14,75,17,14,3,0,0,0,0,0
YOLO11m,1819,25,127,25,24,1,0,0,0,0,1
YOLO11m,1820,22,146,26,16,10,0,2,0,1,3
YOLO11m,1821,14,153,15,13,2,0,1,0,0,0
YOLO11m,1822,22,85,21,18,3,0,3,1,0,0
YOLO11m,1823,20,124,15,12,3,0,6,0,0,2
YOLO11m,1824,30,181,22,18,4,2,8,0,0,2
YOLO11m,1825,6,49,6,5,1,0,1,0,0,0
YOLO11m,1826,27,223,30,21,9,1,1,0,1,3
YOLO11m,1827,25,182,24,20,4,0,3,0,0,2
YOLO11m,1828,27,130,23,19,4,1,4,0,1,2
YOLO11m,1829,11,208,13,5,8,0,4,0,0,2
YOLO11m,1830,21,163,18,13,5,1,3,0,1,3
YOLO11m,1831,17,96,14,13,1,1,3,0,0,0
YOLO11m,1832,25,163,24,18,6,0,6,0,0,1
YOLO11m,1833,33,182,32,29,3,1,1,0,0,2
YOLO11m,1834,20,111,22,17,5,0,1,0,0,2
YOLO11m,1835,15,85,12,12,0,0,2,0,0,1
YOLO11m,1836,6,55,5,5,0,0,1,0,0,0
YOLO11m,1837,14,123,10,8,2,1,4,0,1,0
YOLO11m,1838,13,71,16,13,3,0,0,0,0,0
YOLO11m,1839,54,155,27,25,2,16,11,0,0,2
YOLO11m,1840,19,107,18,16,2,0,1,0,0,2
YOLO11m,1841,13,78,14,12,2,0,1,0,0,0
YOLO11m,1842,8,164,2,1,1,2,5,0,0,0
YOLO11m,1843,20,250,27,17,10,0,3,0,0,0
YOLO11m,1844,15,144,13,10,3,2,2,0,0,1
YOLO11m,1845,28,151,29,25,4,0,2,0,1,0
YOLO11m,1846,17,152,14,11,3,0,5,1,0,0
YOLO11m,1847,15,113,14,12,2,0,1,2,0,0
YOLO11m,1848,25,118,24,17,7,1,3,0,0,4
YOLO11m,1849,11,190,19,8,11,0,3,0,0,0
YOLO11m,1850,31,148,28,21,7,3,4,0,3,0
YOLO11m,1851,40,183,35,31,4,3,5,0,0,1
YOLO11m,1852,23,127,18,14,4,2,7,0,0,0
YOLO11m,1853,16,147,13,12,1,2,2,0,0,0
YOLO11m,1854,10,95,11,9,2,1,0,0,0,0
YOLO11m,1855,36,300,27,23,4,3,8,0,1,1
YOLO11m,1856,10,56,9,9,0,1,0,0,0,0
YOLO11m,1857,31,255,33,22,11,2,5,0,0,2
YOLO11m,1858,18,158,18,13,5,2,1,0,0,2
YOLO11m,1859,7,141,13,5,8,0,1,0,0,1
YOLO11m,1860,16,176,16,10,6,2,1,0,0,3
YOLO11m,1861,29,255,32,19,13,4,5,0,1,0
YOLO11m,1862,16,126,3,3,0,9,4,0,0,0
YOLO11m,1863,15,114,16,13,3,0,2,0,0,0
YOLO11m,1864,5,30,4,4,0,1,0,0,0,0
YOLO11m,1865,20,112,19,15,4,2,3,0,0,0
YOLO11m,1866,33,284,18,13,5,13,4,0,1,2
YOLO11m,1867,7,235,9,2,7,1,2,0,1,1
YOLO11m,1868,15,91,12,11,1,2,1,0,0,1
YOLO11m,1869,10,111,9,8,1,0,2,0,0,0
YOLO11m,1870,16,102,24,12,12,0,2,0,0,2
YOLO11m,1871,17,64,18,12,6,0,3,0,1,1
YOLO11m,1872,18,88,15,13,2,2,3,0,0,0
YOLO11m,1873,18,93,21,14,7,0,2,0,1,1
YOLO11m,1874,10,82,11,8,3,0,2,0,0,0
YOLO11m,1875,5,19,5,5,0,0,0,0,0,0
YOLO11m,1876,26,280,26,19,7,3,4,0,0,0
YOLO11m,1877,7,75,6,6,0,0,1,0,0,0
YOLO11m,1878,6,80,3,3,0,0,3,0,0,0
YOLO11m,1879,13,81,14,10,4,1,2,0,0,0
YOLO11m,1880,21,131,18,13,5,1,7,0,0,0
YOLO11m,1881,26,198,31,19,12,2,4,0,0,1
YOLO11m,1882,22,134,23,18,5,1,2,0,0,1
YOLO11m,1883,18,142,22,15,7,0,2,0,0,1
YOLO11m,1884,18,101,16,13,3,4,0,0,0,1
YOLO11m,1885,11,85,12,10,2,0,0,0,1,0
YOLO11m,1886,15,224,16,12,4,1,2,0,0,0
YOLO11m,1887,27,122,30,27,3,0,0,0,0,0
YOLO11m,1888,28,151,31,25,6,0,3,0,0,0
YOLO11m,1889,11,59,11,9,2,0,2,0,0,0
YOLO11m,1890,16,139,14,12,2,0,4,0,0,0
YOLO11m,1891,18,240,12,11,1,1,6,0,0,0
YOLO11m,1892,20,85,13,10,3,4,5,0,0,1
YOLO11m,1893,20,117,11,11,0,3,6,0,0,0
YOLO11m,1894,14,183,3,1,2,5,7,0,1,0
YOLO11m,1895,9,126,9,7,2,0,0,0,0,2
YOLO11m,1896,6,152,8,4,4,0,2,0,0,0
YOLO11m,1897,12,89,9,9,0,0,3,0,0,0
YOLO11m,1898,8,65,9,7,2,0,1,0,0,0
YOLO11m,1899,7,122,1,1,0,4,2,0,0,0
YOLO11m,1900,7,101,6,5,1,0,2,0,0,0
YOLO11m,1901,7,151,14,5,9,0,2,0,0,0
YOLO11m,1902,19,120,20,18,2,0,1,0,0,0
YOLO11m,1903,21,154,23,16,7,0,4,0,0,1
YOLO11m,1904,28,195,23,21,2,2,4,0,0,1
YOLO11m,1905,19,65,17,15,2,0,3,0,0,1
YOLO11m,1906,10,109,7,2,5,2,1,0,0,5
YOLO11m,1907,10,113,15,9,6,0,0,0,1,0
YOLO11m,1908,30,201,28,23,5,1,3,0,0,3
YOLO11m,1909,32,280,40,24,16,0,3,0,0,5
YOLO11m,1910,4,47,3,3,0,0,0,0,0,1
YOLO11m,1911,18,128,15,13,2,1,3,0,0,1
YOLO11m,1912,13,82,18,11,7,0,1,0,0,1
YOLO11m,1913,20,161,18,13,5,2,3,0,0,2
YOLO11m,1914,6,97,5,4,1,0,2,0,0,0
YOLO11m,1915,37,252,24,21,3,6,9,0,0,1
YOLO11m,1916,23,228,27,21,6,1,1,0,0,0
YOLO11m,1917,9,96,10,6,4,3,0,0,0,0
YOLO11m,1918,18,158,14,14,0,1,3,0,0,0
YOLO11m,1919,29,206,36,18,18,0,8,0,1,2
YOLO11m,1920,16,191,17,12,5,1,3,0,0,0
YOLO11m,1921,13,156,13,10,3,2,1,0,0,0
YOLO11m,1922,27,221,24,22,2,1,4,0,0,0
YOLO11m,1923,32,203,43,30,13,0,1,1,0,0
YOLO11m,1924,20,209,22,15,7,1,4,0,0,0
YOLO11m,1925,8,154,10,6,4,0,2,0,0,0
YOLO11m,1926,10,45,11,10,1,0,0,0,0,0
YOLO11m,1927,28,123,16,12,4,4,9,0,0,3
YOLO11m,1928,14,116,14,10,4,0,4,0,0,0
YOLO11m,1929,17,84,18,15,3,0,1,0,0,1
YOLO11m,1930,19,209,17,11,6,0,7,0,1,0
YOLO11m,1931,25,117,19,18,1,2,3,0,0,2
YOLO11m,1932,29,153,27,25,2,1,3,0,0,0
YOLO11m,1933,31,194,33,27,6,2,1,0,0,1
YOLO11m,1934,10,99,10,8,2,0,0,0,0,2
YOLO11m,1935,31,177,30,22,8,1,4,0,1,3
YOLO11m,1936,22,116,25,19,6,1,1,0,0,1
YOLO11m,1937,12,118,11,11,0,0,1,0,0,0
YOLO11m,1938,19,133,19,13,6,2,4,0,0,0
YOLO11m,1939,9,59,9,9,0,0,0,0,0,0
YOLO11m,1940,23,118,17,16,1,3,4,0,0,0
YOLO11m,1941,6,41,6,6,0,0,0,0,0,0
YOLO11m,1942,32,170,33,24,9,1,2,1,0,4
YOLO11m,1943,16,168,18,14,4,0,1,0,1,0
YOLO11m,1944,5,81,5,5,0,0,0,0,0,0
YOLO11m,1945,8,149,10,5,5,1,2,0,0,0
YOLO11m,1946,17,104,18,13,5,0,2,0,0,2
YOLO11m,1947,9,67,11,9,2,0,0,0,0,0
YOLO11m,1948,27,210,23,17,6,1,6,0,0,3
YOLO11m,1949,9,70,13,7,6,0,2,0,0,0
YOLO11m,1950,27,120,25,24,1,0,1,0,0,2
YOLO11m,1951,36,200,30,23,7,4,5,0,0,4
YOLO11m,1952,17,87,24,17,7,0,0,0,0,0
YOLO11m,1953,24,144,21,19,2,0,4,0,0,1
YOLO11m,1954,21,256,22,14,8,1,2,2,0,2
YOLO11m,1955,9,88,5,5,0,1,3,0,0,0
YOLO11m,1956,8,124,10,7,3,0,1,0,0,0
YOLO11m,1957,5,65,7,5,2,0,0,0,0,0
YOLO11m,1958,28,186,26,24,2,1,1,0,1,1
YOLO11m,1959,16,128,12,9,3,4,3,0,0,0
YOLO11m,1960,39,193,29,21,8,3,12,0,0,3
YOLO11m,1961,20,101,32,19,13,0,0,0,0,1
YOLO11m,1962,7,62,6,6,0,0,1,0,0,0
YOLO11m,1963,25,112,26,19,7,0,1,0,0,5
YOLO11m,1964,12,158,11,8,3,3,1,0,0,0
YOLO11m,1965,26,294,31,23,8,1,2,0,0,0
YOLO11m,1966,15,148,11,9,2,0,4,0,1,1
YOLO11m,1967,33,188,29,24,5,0,7,0,0,2
YOLO11m,1968,11,86,11,9,2,0,1,0,0,1
YOLO11m,1969,16,91,9,9,0,5,2,0,0,0
YOLO11m,1970,14,114,16,13,3,0,1,0,0,0
YOLO11m,1971,13,56,12,10,2,0,1,0,0,2
YOLO11m,1972,29,124,22,18,4,2,7,0,0,2
YOLO11m,1973,24,138,28,20,8,2,1,0,0,1
YOLO11m,1974,4,123,4,4,0,0,0,0,0,0
YOLO11m,1975,24,171,21,16,5,2,4,0,0,2
YOLO11m,1976,10,73,13,8,5,0,0,0,0,2
YOLO11m,1977,29,208,30,21,9,3,5,0,0,0
YOLO11m,1978,18,118,25,16,9,0,2,0,0,0
YOLO11m,1979,16,197,16,9,7,2,4,0,0,1
YOLO11m,1980,16,99,27,11,16,1,1,0,0,3
YOLO11m,1981,9,103,6,3,3,2,2,0,0,2
YOLO11m,1982,9,62,6,6,0,2,1,0,0,0
YOLO11m,1983,11,136,17,7,10,0,2,0,1,1
YOLO11m,1984,7,40,7,6,1,0,1,0,0,0
YOLO11m,1985,14,88,17,12,5,1,1,0,0,0
YOLO11m,1986,23,175,20,18,2,1,4,0,0,0
YOLO11m,1987,22,102,21,16,5,1,3,0,0,2
YOLO11m,1988,20,105,26,16,10,0,1,0,0,3
YOLO11m,1989,7,47,5,5,0,1,1,0,0,0
YOLO11m,1990,25,297,33,21,12,0,1,0,0,3
YOLO11m,1991,19,161,14,10,4,1,6,0,0,2
YOLO11m,1992,19,252,16,12,4,3,4,0,0,0
YOLO11m,1993,15,173,8,8,0,1,6,0,0,0
YOLO11m,1994,25,84,23,19,4,0,4,1,0,1
YOLO11m,1995,11,232,13,8,5,2,1,0,0,0
YOLO11m,1996,10,73,12,9,3,0,1,0,0,0
YOLO11m,1997,26,123,24,17,7,4,2,0,0,3
YOLO11m,1998,19,88,21,16,5,0,2,0,0,1
YOLO11m,1999,6,68,5,4,1,0,2,0,0,0
YOLO11m,2000,21,112,28,19,9,1,1,0,0,0
YOLO11m,2001,21,82,22,14,8,1,1,0,0,5
YOLO11m,2002,30,196,34,22,12,4,2,0,0,2
YOLO11m,2003,19,187,11,8,3,2,8,0,0,1
YOLO11m,2004,23,131,20,11,9,2,5,0,0,5
YOLO11m,2005,30,211,28,22,6,0,4,0,0,4
YOLO11m,2006,15,130,18,13,5,0,2,0,0,0
YOLO11m,2007,6,35,6,6,0,0,0,0,0,0
YOLO11m,2008,19,100,22,15,7,0,3,0,0,1
YOLO11m,2009,13,65,17,13,4,0,0,0,0,0
YOLO11m,2010,23,135,24,21,3,0,1,0,0,1
YOLO11m,2011,30,198,25,20,5,5,3,0,1,1
YOLO11m,2012,19,113,24,17,7,0,1,1,0,0
YOLO11m,2013,30,157,22,17,5,3,7,0,0,3
YOLO11m,2014,13,109,11,9,2,0,4,0,0,0
YOLO11m,2015,24,125,27,18,9,0,5,0,0,1
YOLO11m,2016,24,148,27,23,4,0,1,0,0,0
YOLO11m,2017,22,221,20,16,4,2,2,0,0,2
YOLO11m,2018,28,229,29,20,9,2,4,0,0,2
YOLO11m,2019,7,90,5,5,0,0,2,0,0,0
YOLO11m,2020,16,213,18,12,6,0,2,1,1,0
YOLO11m,2021,22,208,25,18,7,2,1,0,0,1
YOLO11m,2022,33,221,22,15,7,5,13,0,0,0
YOLO11m,2023,9,135,9,7,2,0,1,0,0,1
YOLO11m,2024,20,171,21,17,4,0,2,0,0,1
YOLO11m,2025,40,300,39,27,12,1,7,0,1,4
YOLO11m,2026,32,172,18,17,1,5,8,0,0,2
YOLO11m,2027,10,296,11,6,5,1,2,0,1,0
YOLO11m,2028,14,92,14,10,4,1,3,0,0,0
YOLO11m,2029,14,134,14,9,5,0,5,0,0,0
YOLO11m,2030,4,48,2,2,0,1,1,0,0,0
YOLO11m,2031,28,130,28,24,4,0,4,0,0,0
YOLO11m,2032,27,208,23,16,7,1,7,0,0,3
YOLO11m,2033,22,153,28,20,8,1,1,0,0,0
YOLO11m,2034,18,115,13,11,2,2,5,0,0,0
YOLO11m,2035,27,163,27,20,7,0,4,0,1,2
YOLO11m,2036,14,89,22,10,12,0,4,0,0,0
YOLO11m,2037,15,144,16,7,9,6,0,0,1,1
YOLO11m,2038,14,87,21,9,12,0,0,0,0,5
YOLO11m,2039,17,157,18,12,6,0,3,0,0,2
YOLO11m,2040,27,148,23,16,7,3,0,0,0,8
YOLO11m,2041,17,50,14,11,3,3,1,0,2,0
YOLO11m,2042,8,118,8,5,3,0,2,0,0,1
YOLO11m,2043,10,52,7,5,2,2,2,0,0,1
YOLO11m,2044,18,176,15,13,2,3,2,0,0,0
YOLO11m,2045,24,116,27,20,7,0,0,0,0,4
YOLO11m,2046,33,265,29,23,6,1,6,0,0,3
YOLO11m,2047,36,273,34,29,5,1,4,0,0,2
YOLO11m,2048,5,93,2,2,0,2,1,0,0,0
YOLO11m,2049,17,248,12,9,3,1,5,0,0,2
YOLO11m,2050,11,108,12,9,3,0,2,0,0,0
YOLO11m,2051,7,143,11,5,6,0,1,0,0,1
YOLO11m,2052,39,259,25,21,4,11,5,0,0,2
YOLO11m,2053,28,150,30,22,8,0,2,0,0,4
YOLO11m,2054,20,150,27,16,11,1,1,1,0,1
YOLO11m,2055,5,110,5,5,0,0,0,0,0,0
YOLO11m,2056,21,237,21,16,5,1,3,0,1,0
YOLO11m,2057,13,95,11,9,2,2,1,1,0,0
YOLO11m,2058,11,134,10,8,2,0,2,0,0,1
YOLO11m,2059,41,219,40,36,4,0,5,0,0,0
YOLO11m,2060,26,146,25,23,2,2,0,0,0,1
YOLO11m,2061,21,299,20,15,5,0,3,2,0,1
YOLO11m,2062,10,50,10,10,0,0,0,0,0,0
YOLO11m,2063,17,146,20,16,4,0,1,0,0,0
YOLO11m,2064,25,203,25,19,6,3,2,0,0,1
YOLO11m,2065,28,222,32,21,11,2,3,0,1,1
YOLO11m,2066,21,130,18,17,1,1,3,0,0,0
YOLO11m,2067,30,241,29,18,11,1,7,0,0,4
YOLO11m,2068,9,130,12,8,4,0,0,0,0,1
YOLO11m,2069,17,162,14,13,1,3,1,0,0,0
YOLO11m,2070,12,146,14,10,4,0,1,0,0,1
YOLO11m,2071,13,115,14,12,2,0,1,0,0,0
YOLO11m,2072,6,92,5,5,0,0,1,0,0,0
YOLO11m,2073,31,188,34,26,8,1,3,0,0,1
YOLO11m,2074,10,106,10,7,3,0,3,0,0,0
YOLO11m,2075,8,74,9,8,1,0,0,0,0,0
YOLO11m,2076,5,80,6,5,1,0,0,0,0,0
YOLO11m,2077,24,238,18,12,6,6,4,0,1,1
YOLO11m,2078,11,134,18,10,8,0,0,0,0,1
YOLO11m,2079,7,42,7,5,2,0,0,1,1,0
YOLO11m,2080,19,135,24,13,11,2,2,0,1,1
YOLO11m,2081,20,102,18,16,2,1,3,0,0,0
YOLO11m,2082,12,143,13,9,4,0,2,1,0,0
YOLO11m,2083,15,114,20,14,6,0,0,0,0,1
YOLO11m,2084,17,119,13,10,3,0,7,0,0,0
YOLO11m,2085,9,120,11,7,4,0,1,0,0,1
YOLO11m,2086,32,211,36,29,7,1,0,0,0,2
YOLO11m,2087,23,221,30,20,10,0,2,0,0,1
YOLO11m,2088,27,200,23,16,7,3,7,0,0,1
YOLO11m,2089,32,151,25,19,6,7,5,0,0,1
YOLO11m,2090,17,72,19,17,2,0,0,0,0,0
YOLO11m,2091,8,115,8,6,2,0,2,0,0,0
YOLO11m,2092,21,171,21,18,3,0,2,0,0,1
YOLO11m,2093,43,246,41,30,11,4,4,0,0,5
YOLO11m,2094,17,154,12,12,0,0,5,0,0,0
YOLO11m,2095,23,134,24,21,3,1,0,0,0,1
YOLO11m,2096,27,237,30,21,9,0,4,0,0,2
YOLO11m,2097,21,148,22,19,3,0,2,0,0,0
YOLO11m,2098,35,180,36,26,10,2,3,1,0,3
YOLO11m,2099,19,88,23,19,4,0,0,0,0,0
YOLO11m,2100,25,127,20,13,7,3,6,1,0,2
YOLO11m,2101,14,133,12,11,1,0,2,0,0,1
YOLO11m,2102,16,146,16,13,3,0,3,0,0,0
YOLO11m,2103,18,87,18,14,4,1,3,0,0,0
YOLO11m,2104,47,158,35,30,5,7,4,0,2,4
YOLO11m,2105,17,112,13,11,2,2,4,0,0,0
YOLO11m,2106,15,88,18,14,4,0,1,0,0,0
YOLO11m,2107,7,145,7,3,4,0,4,0,0,0
YOLO11m,2108,19,101,27,12,15,1,4,0,0,2
YOLO11m,2109,33,181,16,12,4,7,12,0,0,2
YOLO11m,2110,20,169,13,12,1,2,6,0,0,0
YOLO11m,2111,25,198,23,18,5,1,6,0,0,0
YOLO11m,2112,5,162,7,5,2,0,0,0,0,0
YOLO11m,2113,28,104,17,17,0,4,6,0,0,1
YOLO11m,2114,8,53,8,8,0,0,0,0,0,0
YOLO11m,2115,5,95,2,1,1,0,4,0,0,0
YOLO11m,2116,9,63,12,9,3,0,0,0,0,0
YOLO11m,2117,13,119,15,13,2,0,0,0,0,0
YOLO11m,2118,11,109,15,9,6,0,1,0,0,1
YOLO11m,2119,10,164,15,10,5,0,0,0,0,0
YOLO11m,2120,33,266,30,24,6,2,6,0,0,1
YOLO11m,2121,13,144,8,7,1,0,5,0,0,1
YOLO11m,2122,27,183,22,18,4,1,6,0,2,0
YOLO11m,2123,29,254,13,9,4,13,7,0,0,0
YOLO11m,2124,14,131,18,14,4,0,0,0,0,0
YOLO11m,2125,9,69,7,7,0,0,1,0,0,1
YOLO11m,2126,23,155,19,17,2,1,5,0,0,0
YOLO11m,2127,18,84,15,12,3,1,3,0,0,2
YOLO11m,2128,11,172,7,6,1,1,3,0,0,1
YOLO11m,2129,13,103,9,7,2,0,4,0,0,2
YOLO11m,2130,8,168,10,6,4,0,1,0,0,1
YOLO11m,2131,9,81,9,6,3,0,3,0,0,0
YOLO11m,2132,10,108,13,9,4,1,0,0,0,0
YOLO11m,2133,17,113,13,13,0,0,4,0,0,0
YOLO11m,2134,22,78,17,15,2,1,3,2,0,1
YOLO11m,2135,17,180,9,8,1,4,5,0,0,0
YOLO11m,2136,18,64,22,18,4,0,0,0,0,0
YOLO11m,2137,21,104,18,11,7,3,3,0,0,4
YOLO11m,2138,27,188,25,18,7,1,7,0,0,1
YOLO11m,2139,15,165,13,9,4,1,4,0,0,1
YOLO11m,2140,12,45,14,12,2,0,0,0,0,0
YOLO11m,2141,8,81,5,4,1,2,1,0,1,0
YOLO11m,2142,15,101,18,15,3,0,0,0,0,0
YOLO11m,2143,18,187,22,15,7,1,1,0,0,1
YOLO11m,2144,20,107,21,15,6,0,2,0,0,3
YOLO11m,2145,43,255,36,25,11,8,6,0,1,3
YOLO11m,2146,25,193,27,20,7,1,1,0,0,3
YOLO11m,2147,5,72,5,4,1,1,0,0,0,0
YOLO11m,2148,9,61,10,7,3,0,0,0,1,1
YOLO11m,2149,8,42,10,8,2,0,0,0,0,0
YOLO11m,2150,20,237,21,16,5,0,3,0,0,1
YOLO11m,2151,10,70,7,6,1,0,3,0,0,1
YOLO11m,2152,19,176,14,13,1,2,3,0,0,1
YOLO11m,2153,8,127,7,4,3,1,3,0,0,0
YOLO11m,2154,54,251,56,40,16,0,6,0,0,8
YOLO11m,2155,28,244,24,14,10,4,5,0,0,5
YOLO11m,2156,35,250,35,24,11,2,6,0,0,3
YOLO11m,2157,10,80,10,8,2,1,0,0,0,1
YOLO11m,2158,25,274,15,12,3,5,8,0,0,0
YOLO11m,2159,16,148,16,13,3,0,1,0,1,1
YOLO11m,2160,22,243,29,19,10,0,2,0,0,1
YOLO11m,2161,11,50,5,5,0,2,4,0,0,0
YOLO11m,2162,5,37,6,5,1,0,0,0,0,0
YOLO11m,2163,11,168,17,9,8,0,1,0,1,0
YOLO11m,2164,29,163,38,28,10,0,0,1,0,0
YOLO11m,2165,20,76,25,19,6,0,0,0,0,1
YOLO11m,2166,22,206,23,17,6,1,3,0,0,1
YOLO11m,2167,17,126,18,13,5,0,4,0,0,0
YOLO11m,2168,10,165,9,8,1,1,0,1,0,0
YOLO11m,2169,23,188,22,17,5,1,3,0,1,1
YOLO11m,2170,17,122,12,11,1,4,2,0,0,0
YOLO11m,2171,31,170,34,28,6,0,1,0,0,2
YOLO11m,2172,20,121,22,18,4,1,1,0,0,0
YOLO11m,2173,8,28,7,6,1,0,1,0,0,1
YOLO11m,2174,14,96,12,11,1,1,2,0,0,0
YOLO11m,2175,21,212,25,12,13,3,5,0,0,1
YOLO11m,2176,25,141,24,20,4,0,5,0,0,0
YOLO11m,2177,6,69,5,5,0,0,1,0,0,0
YOLO11m,2178,46,233,34,27,7,12,3,0,0,4
YOLO11m,2179,27,240,29,19,10,2,3,0,1,2
YOLO11m,2180,31,233,28,17,11,5,5,0,3,1
YOLO11m,2181,8,137,8,7,1,0,1,0,0,0
YOLO11m,2182,22,142,22,18,4,1,2,0,1,0
YOLO11m,2183,18,101,19,18,1,0,0,0,0,0
YOLO11m,2184,25,151,23,14,9,5,3,0,0,3
YOLO11m,2185,18,160,16,8,8,3,4,0,0,3
YOLO11m,2186,19,170,19,14,5,0,2,0,0,3
YOLO11m,2187,17,174,24,13,11,0,2,0,0,2
YOLO11m,2188,8,51,7,7,0,0,1,0,0,0
YOLO11m,2189,16,160,21,14,7,0,1,0,1,0
YOLO11m,2190,35,253,45,32,13,1,1,0,0,1
YOLO11m,2191,24,184,21,17,4,3,4,0,0,0
YOLO11m,2192,43,207,39,30,9,1,7,1,1,3
YOLO11m,2193,28,164,29,24,5,0,3,0,0,1
YOLO11m,2194,18,131,18,15,3,3,0,0,0,0
YOLO11m,2195,21,91,25,21,4,0,0,0,0,0
YOLO11m,2196,8,69,9,8,1,0,0,0,0,0
YOLO11m,2197,8,148,2,2,0,1,5,0,0,0
YOLO11m,2198,23,140,21,16,5,4,1,0,0,2
YOLO11m,2199,10,56,10,10,0,0,0,0,0,0
YOLO11m,2200,8,69,7,5,2,0,3,0,0,0
YOLO11m,2201,24,234,17,15,2,1,8,0,0,0
YOLO11m,2202,23,112,15,13,2,3,6,0,0,1
YOLO11m,2203,12,78,11,9,2,0,3,0,0,0
YOLO11m,2204,7,70,5,3,2,1,3,0,0,0
YOLO11m,2205,19,135,19,16,3,0,1,1,0,1
YOLO11m,2206,19,139,18,16,2,0,3,0,0,0
YOLO11m,2207,30,207,23,12,11,2,11,0,1,4
YOLO11m,2208,4,80,6,4,2,0,0,0,0,0
YOLO11m,2209,11,95,8,7,1,1,2,1,0,0
YOLO11m,2210,24,160,22,16,6,0,6,0,0,2
YOLO11m,2211,31,151,32,21,11,3,3,0,0,4
YOLO11m,2212,17,155,18,16,2,0,1,0,0,0
YOLO11m,2213,21,89,14,12,2,4,4,0,0,1
YOLO11m,2214,10,143,5,5,0,2,3,0,0,0
YOLO11m,2215,21,183,25,20,5,0,1,0,0,0
YOLO11m,2216,39,287,39,32,7,1,3,0,0,3
YOLO11m,2217,17,98,20,15,5,0,2,0,0,0
YOLO11m,2218,14,114,10,9,1,0,4,0,0,1
YOLO11m,2219,45,256,44,35,9,3,5,0,0,2
YOLO11m,2220,49,198,51,36,15,1,5,0,3,4
YOLO11m,2221,15,213,18,13,5,0,1,0,0,1
YOLO11m,2222,25,144,30,16,14,2,3,0,0,4
YOLO11m,2223,11,102,15,10,5,0,0,0,0,1
YOLO11m,2224,6,72,11,5,6,1,0,0,0,0
YOLO11m,2225,33,198,34,30,4,1,2,0,0,0
YOLO11m,2226,21,165,17,16,1,0,3,0,0,2
YOLO11m,2227,56,285,47,31,16,3,13,1,1,7
YOLO11m,2228,14,125,15,11,4,0,1,0,0,2
YOLO11m,2229,14,103,16,12,4,0,1,0,0,1
YOLO11m,2230,7,58,6,5,1,0,2,0,0,0
YOLO11m,2231,20,209,8,6,2,6,7,0,0,1
YOLO11m,2232,15,108,8,8,0,0,7,0,0,0
YOLO11m,2233,33,220,23,20,3,5,8,0,0,0
YOLO11m,2234,30,124,27,21,6,2,5,0,0,2
YOLO11m,2235,18,68,16,16,0,0,2,0,0,0
YOLO11m,2236,14,190,18,13,5,0,1,0,0,0
YOLO11m,2237,26,188,25,15,10,6,2,0,0,3
YOLO11m,2238,9,183,9,6,3,0,2,0,0,1
YOLO11m,2239,34,273,36,23,13,3,4,0,0,4
YOLO11m,2240,19,119,19,17,2,0,1,0,0,1
YOLO11m,2241,11,59,11,10,1,0,1,0,0,0
YOLO11m,2242,19,129,17,12,5,2,3,0,0,2
YOLO11m,2243,24,226,25,19,6,0,4,0,1,0
YOLO11m,2244,9,79,10,8,2,1,0,0,0,0
YOLO11m,2245,44,186,31,28,3,6,7,0,0,3
YOLO11m,2246,6,43,5,5,0,0,1,0,0,0
YOLO11m,2247,13,51,12,11,1,0,1,0,1,0
YOLO11m,2248,25,138,27,22,5,1,2,0,0,0
YOLO11m,2249,27,134,18,15,3,7,3,0,0,2
YOLO11m,2250,38,238,32,24,8,7,4,0,0,3
YOLO11m,2251,24,300,16,12,4,1,10,0,0,1
YOLO11m,2252,13,132,11,10,1,0,3,0,0,0
YOLO11m,2253,27,178,19,13,6,4,7,0,0,3
YOLO11m,2254,21,146,22,17,5,1,2,0,0,1
YOLO11m,2255,13,74,8,4,4,4,2,0,2,1
YOLO11m,2256,18,100,14,11,3,4,3,0,0,0
YOLO11m,2257,15,163,11,7,4,1,5,0,0,2
YOLO11m,2258,5,72,6,5,1,0,0,0,0,0
YOLO11m,2259,16,68,17,15,2,1,0,0,0,0
YOLO11m,2260,25,82,20,18,2,2,4,0,0,1
YOLO11m,2261,18,182,22,16,6,0,1,0,0,1
YOLO11m,2262,23,189,24,17,7,0,6,0,0,0
YOLO11m,2263,37,257,35,29,6,2,4,0,1,1
YOLO11m,2264,22,139,21,15,6,1,5,0,0,1
YOLO11m,2265,34,160,38,27,11,0,5,0,0,2
YOLO11m,2266,65,300,54,46,8,4,12,0,1,2
YOLO11m,2267,18,118,21,16,5,0,1,0,1,0
YOLO11m,2268,7,79,11,6,5,0,1,0,0,0
YOLO11m,2269,19,102,19,14,5,1,2,0,0,2
YOLO11m,2270,12,171,10,5,5,1,5,0,1,0
YOLO11m,2271,9,119,9,7,2,1,1,0,0,0
YOLO11m,2272,8,55,9,8,1,0,0,0,0,0
YOLO11m,2273,16,158,18,15,3,0,0,0,0,1
YOLO11m,2274,17,81,21,17,4,0,0,0,0,0
YOLO11m,2275,29,154,27,17,10,1,4,1,2,4
YOLO11m,2276,19,82,19,11,8,1,3,0,1,3
YOLO11m,2277,5,170,8,4,4,0,0,0,1,0
YOLO11m,2278,23,135,9,8,1,5,10,0,0,0
YOLO11m,2279,16,105,13,9,4,1,3,0,1,2
YOLO11m,2280,21,157,20,16,4,0,4,0,1,0
YOLO11m,2281,10,104,10,7,3,0,2,0,0,1
YOLO11m,2282,17,86,14,11,3,2,3,0,1,0
YOLO11m,2283,17,170,23,13,10,0,3,0,0,1
YOLO11m,2284,27,147,29,27,2,0,0,0,0,0
YOLO11m,2285,20,198,23,14,9,0,2,0,0,4
YOLO11m,2286,15,96,19,14,5,0,1,0,0,0
YOLO11m,2287,19,181,18,13,5,2,4,0,0,0
YOLO11m,2288,18,139,16,15,1,1,2,0,0,0
YOLO11m,2289,28,61,26,23,3,0,1,2,0,2
YOLO11m,2290,18,116,12,11,1,1,6,0,0,0
YOLO11m,2291,31,204,27,19,8,2,6,0,1,3
YOLO11m,2292,14,64,14,13,1,0,1,0,0,0
YOLO11m,2293,9,43,9,4,5,2,2,0,0,1
YOLO11m,2294,19,80,26,16,10,0,3,0,0,0
YOLO11m,2295,35,256,27,23,4,5,6,0,1,0
YOLO11m,2296,17,169,14,7,7,3,3,0,0,4
YOLO11m,2297,21,169,24,13,11,3,2,0,2,1
YOLO11m,2298,22,229,17,13,4,1,7,0,0,1
YOLO11m,2299,13,195,12,10,2,2,0,1,0,0
YOLO11m,2300,12,80,11,10,1,0,1,0,0,1
YOLO11m,2301,8,79,8,8,0,0,0,0,0,0
YOLO11m,2302,9,120,12,9,3,0,0,0,0,0
YOLO11m,2303,19,86,16,15,1,0,4,0,0,0
YOLO11m,2304,10,39,9,8,1,1,1,0,0,0
YOLO11m,2305,22,214,16,10,6,3,9,0,0,0
YOLO11m,2306,35,232,43,30,13,2,2,0,0,1
YOLO11m,2307,13,100,13,10,3,0,1,0,2,0
YOLO11m,2308,27,150,18,16,2,3,6,0,0,2
YOLO11m,2309,13,81,11,8,3,2,2,0,0,1
YOLO11m,2310,21,138,23,16,7,0,4,0,0,1
YOLO11m,2311,33,271,33,24,9,4,3,1,0,1
YOLO11m,2312,31,116,27,21,6,2,4,0,0,4
YOLO11m,2313,12,124,10,8,2,0,4,0,0,0
YOLO11m,2314,28,128,15,14,1,1,11,0,1,1
YOLO11m,2315,14,67,15,12,3,1,1,0,0,0
YOLO11m,2316,27,153,23,17,6,4,4,0,0,2
YOLO11m,2317,9,98,7,7,0,1,1,0,0,0
YOLO11m,2318,34,216,38,30,8,1,0,1,1,1
YOLO11m,2319,13,102,15,7,8,0,2,0,0,4
YOLO11m,2320,7,48,5,5,0,0,2,0,0,0
YOLO11m,2321,5,63,6,4,2,0,0,0,0,1
YOLO11m,2322,29,137,28,23,5,1,1,1,0,3
YOLO11m,2323,14,98,14,12,2,0,2,0,0,0
YOLO11m,2324,21,114,19,16,3,0,2,0,0,3
YOLO11m,2325,23,175,25,16,9,3,3,0,1,0
YOLO11m,2326,31,244,27,20,7,2,8,0,0,1
YOLO11m,2327,17,141,18,14,4,1,2,0,0,0
YOLO11m,2328,9,87,10,9,1,0,0,0,0,0
YOLO11m,2329,41,234,36,30,6,0,7,0,1,3
YOLO11m,2330,22,127,36,21,15,0,0,0,0,1
YOLO11m,2331,11,51,8,8,0,0,3,0,0,0
YOLO11m,2332,13,59,11,9,2,2,2,0,0,0
YOLO11m,2333,22,120,23,17,6,2,2,0,0,1
YOLO11m,2334,6,76,5,5,0,0,0,0,0,1
YOLO11m,2335,27,181,23,18,5,1,4,0,0,4
YOLO11m,2336,17,82,19,16,3,0,1,0,0,0
YOLO11m,2337,27,147,23,20,3,4,2,0,0,1
YOLO11m,2338,15,196,14,10,4,0,4,0,1,0
YOLO11m,2339,13,112,10,9,1,0,3,1,0,0
YOLO11m,2340,12,133,12,10,2,0,1,0,1,0
YOLO11m,2341,19,109,19,12,7,0,2,0,0,5
YOLO11m,2342,14,44,15,11,4,1,0,0,0,2
YOLO11m,2343,7,162,10,6,4,0,1,0,0,0
YOLO11m,2344,22,237,18,16,2,3,3,0,0,0
YOLO11m,2345,13,129,17,9,8,0,3,0,0,1
YOLO11m,2346,27,139,22,20,2,2,4,0,0,1
YOLO11m,2347,24,241,13,9,4,7,2,0,0,6
YOLO11m,2348,7,80,6,3,3,0,3,0,1,0
YOLO11m,2349,17,147,22,13,9,0,1,1,0,2
YOLO11m,2350,14,65,19,14,5,0,0,0,0,0
YOLO11m,2351,32,147,28,23,5,4,4,0,1,0
YOLO11m,2352,55,188,38,27,11,9,9,2,0,8
YOLO11m,2353,13,125,14,13,1,0,0,0,0,0
YOLO11m,2354,20,113,20,16,4,1,2,0,0,1
YOLO11m,2355,33,152,28,24,4,4,4,0,0,1
YOLO11m,2356,17,130,15,14,1,1,1,0,0,1
YOLO11m,2357,12,134,12,10,2,1,1,0,0,0
YOLO11m,2358,27,181,27,20,7,3,3,0,0,1
YOLO11m,2359,27,85,27,21,6,1,1,0,0,4
YOLO11m,2360,30,188,21,16,5,3,6,0,0,5
YOLO11m,2361,4,52,4,3,1,0,1,0,0,0
YOLO11m,2362,21,219,20,15,5,2,2,0,0,2
YOLO11m,2363,13,127,10,9,1,0,4,0,0,0
YOLO11m,2364,14,164,13,10,3,0,4,0,0,0
YOLO11m,2365,16,175,14,9,5,2,2,1,1,1
YOLO11m,2366,10,96,9,6,3,1,2,0,0,1
YOLO11m,2367,14,197,13,8,5,1,2,0,0,3
YOLO11m,2368,22,107,17,11,6,5,5,0,1,0
YOLO11m,2369,12,114,12,11,1,0,1,0,0,0
YOLO11m,2370,7,156,7,4,3,1,1,0,0,1
YOLO11m,2371,14,208,16,11,5,0,2,0,0,1
YOLO11m,2372,19,143,20,14,6,0,3,2,0,0
YOLO11m,2373,8,75,5,4,1,1,3,0,0,0
YOLO11m,2374,12,107,10,7,3,1,2,0,1,1
YOLO11m,2375,34,232,33,24,9,6,4,0,0,0
YOLO11m,2376,20,49,19,18,1,0,2,0,0,0
YOLO11m,2377,43,231,41,34,7,5,1,0,0,3
YOLO11m,2378,25,173,23,20,3,0,4,0,0,1
YOLO11m,2379,13,122,15,10,5,0,0,0,0,3
YOLO11m,2380,18,60,19,17,2,0,1,0,0,0
YOLO11m,2381,28,201,33,24,9,0,3,0,0,1
YOLO11m,2382,26,209,29,18,11,0,4,1,2,1
YOLO11m,2383,25,149,28,22,6,0,2,0,0,1
YOLO11m,2384,16,76,14,12,2,2,1,0,0,1
YOLO11m,2385,5,102,4,4,0,0,1,0,0,0
YOLO11m,2386,16,95,18,14,4,0,1,0,0,1
YOLO11m,2387,16,187,17,15,2,0,1,0,0,0
YOLO11m,2388,13,101,15,12,3,0,1,0,0,0
YOLO11m,2389,23,219,28,20,8,0,3,0,0,0
YOLO11m,2390,24,208,18,16,2,4,4,0,0,0
YOLO11m,2391,7,80,5,4,1,0,3,0,0,0
YOLO11m,2392,21,94,20,15,5,4,1,0,0,1
YOLO11m,2393,17,130,14,8,6,1,3,0,2,3
YOLO11m,2394,5,81,5,4,1,0,1,0,0,0
YOLO11m,2395,10,43,8,8,0,0,2,0,0,0
YOLO11m,2396,25,134,23,17,6,3,3,0,0,2
YOLO11m,2397,21,194,12,9,3,4,5,0,1,2
YOLO11m,2398,10,38,9,9,0,0,1,0,0,0
YOLO11m,2399,13,90,17,11,6,0,2,0,0,0
YOLO11m,2400,29,105,22,21,1,5,3,0,0,0
YOLO11m,2401,7,121,10,7,3,0,0,0,0,0
YOLO11m,2402,7,104,8,6,2,0,1,0,0,0
YOLO11m,2403,5,45,2,2,0,0,2,0,0,1
YOLO11m,2404,27,166,26,22,4,1,3,0,0,1
YOLO11m,2405,20,149,23,13,10,3,2,0,0,2
YOLO11m,2406,26,170,22,18,4,2,5,0,0,1
YOLO11m,2407,4,86,4,4,0,0,0,0,0,0
YOLO11m,2408,16,149,18,12,6,0,1,0,1,2
YOLO11m,2409,21,79,25,19,6,0,1,0,0,1
YOLO11m,2410,22,165,22,16,6,1,3,0,1,1
YOLO11m,2411,24,135,20,18,2,2,3,0,1,0
YOLO11m,2412,24,106,15,11,4,1,7,0,0,5
YOLO11m,2413,13,79,16,13,3,0,0,0,0,0
YOLO11m,2414,8,40,9,7,2,0,1,0,0,0
YOLO11m,2415,5,36,6,5,1,0,0,0,0,0
YOLO11m,2416,14,58,15,11,4,0,0,0,0,3
YOLO11m,2417,17,172,12,7,5,3,5,0,0,2
YOLO11m,2418,25,63,23,18,5,0,1,1,0,5
YOLO11m,2419,28,192,24,23,1,1,3,0,1,0
YOLO11m,2420,5,33,6,3,3,0,1,0,0,1
YOLO11m,2421,7,108,11,6,5,0,0,0,0,1
YOLO11m,2422,11,114,7,7,0,2,2,0,0,0
YOLO11m,2423,16,87,16,14,2,2,0,0,0,0
YOLO11m,2424,12,202,8,7,1,0,5,0,0,0
YOLO11m,2425,4,133,7,4,3,0,0,0,0,0
YOLO11m,2426,10,86,9,9,0,1,0,0,0,0
YOLO11m,2427,4,35,4,3,1,1,0,0,0,0
YOLO11m,2428,23,174,21,17,4,1,5,0,0,0
YOLO11m,2429,17,201,17,10,7,1,4,0,0,2
YOLO11m,2430,9,103,5,4,1,4,1,0,0,0
YOLO11m,2431,7,93,6,5,1,0,1,0,0,1
YOLO11m,2432,5,72,6,5,1,0,0,0,0,0
YOLO11m,2433,10,78,9,8,1,1,1,0,0,0
YOLO11m,2434,29,300,29,17,12,6,5,0,0,1
YOLO11m,2435,6,59,5,5,0,0,1,0,0,0
YOLO11m,2436,29,207,24,18,6,4,5,0,1,1
YOLO11m,2437,6,32,8,6,2,0,0,0,0,0
YOLO11m,2438,44,300,42,37,5,2,5,0,0,0
YOLO11m,2439,34,103,35,25,10,0,3,0,0,6
YOLO11m,2440,11,100,7,6,1,2,3,0,0,0
YOLO11m,2441,29,165,27,23,4,0,3,1,0,2
YOLO11m,2442,6,75,5,2,3,0,3,0,0,1
YOLO11m,2443,17,86,17,14,3,0,3,0,0,0
YOLO11m,2444,12,100,10,9,1,0,3,0,0,0
YOLO11m,2445,7,66,7,6,1,0,1,0,0,0
YOLO11m,2446,24,102,23,20,3,0,3,0,0,1
YOLO11m,2447,14,103,11,10,1,1,2,0,0,1
YOLO11m,2448,22,147,14,13,1,3,4,0,0,2
YOLO11m,2449,28,131,19,18,1,4,3,0,0,3
YOLO11m,2450,48,300,39,34,5,4,8,0,1,1
YOLO11m,2451,36,178,40,28,12,0,2,1,0,5
YOLO11m,2452,29,268,26,22,4,2,5,0,0,0
YOLO11m,2453,17,81,15,13,2,0,1,0,0,3
YOLO11m,2454,15,104,19,12,7,2,0,0,0,1
YOLO11m,2455,9,76,6,5,1,2,1,0,0,1
YOLO11m,2456,23,103,20,18,2,0,4,1,0,0
YOLO11m,2457,18,200,20,13,7,1,3,0,0,1
YOLO11m,2458,30,207,39,28,11,0,2,0,0,0
YOLO11m,2459,13,121,13,12,1,0,1,0,0,0
YOLO11m,2460,17,116,16,5,11,0,6,0,1,5
YOLO11m,2461,25,246,20,9,11,4,5,0,6,1
YOLO11m,2462,25,156,25,21,4,3,1,0,0,0
YOLO11m,2463,23,144,22,15,7,1,4,0,0,3
YOLO11m,2464,4,93,7,3,4,0,0,0,0,1
YOLO11m,2465,6,35,4,3,1,1,2,0,0,0
YOLO11m,2466,9,97,6,5,1,1,3,0,0,0
YOLO11m,2467,6,87,5,4,1,2,0,0,0,0
YOLO11m,2468,8,108,11,5,6,2,1,0,0,0
YOLO11m,2469,19,151,21,14,7,2,2,0,0,1
YOLO11m,2470,15,125,15,13,2,0,1,1,0,0
YOLO11m,2471,19,112,17,15,2,1,2,0,0,1
YOLO11m,2472,16,224,14,9,5,1,6,0,0,0
YOLO11m,2473,14,118,14,10,4,0,2,0,2,0
YOLO11m,2474,38,165,31,22,9,6,6,0,0,4
YOLO11m,2475,18,212,27,17,10,0,0,0,0,1
YOLO11m,2476,17,159,19,17,2,0,0,0,0,0
YOLO11m,2477,21,142,20,17,3,2,1,0,1,0
YOLO11m,2478,23,81,11,7,4,15,1,0,0,0
YOLO11m,2479,10,140,12,10,2,0,0,0,0,0
YOLO11m,2480,24,159,18,15,3,1,7,0,0,1
YOLO11m,2481,33,183,23,16,7,1,10,1,0,5
YOLO11m,2482,38,182,36,29,7,1,3,0,0,5
YOLO11m,2483,16,92,15,12,3,1,3,0,0,0
YOLO11m,2484,19,95,18,16,2,0,1,0,0,2
YOLO11m,2485,24,87,31,22,9,0,1,0,0,1
YOLO11m,2486,15,101,11,10,1,1,4,0,0,0
YOLO11m,2487,24,116,26,19,7,0,1,0,0,4
YOLO11m,2488,33,230,38,28,10,1,4,0,0,0
YOLO11m,2489,15,115,12,8,4,2,4,0,0,1
YOLO11m,2490,38,225,23,18,5,9,8,1,0,2
YOLO11m,2491,5,183,8,3,5,0,2,0,0,0
YOLO11m,2492,25,96,21,16,5,2,5,2,0,0
YOLO11m,2493,35,214,15,10,5,7,12,0,0,6
YOLO11m,2494,20,152,21,15,6,2,3,0,0,0
YOLO11m,2495,33,95,28,21,7,4,4,1,0,3
YOLO11m,2496,29,195,27,24,3,0,2,1,0,2
YOLO11m,2497,22,120,22,20,2,1,0,0,0,1
YOLO11m,2498,27,95,29,21,8,3,0,0,0,3
YOLO11m,2499,16,180,11,10,1,0,6,0,0,0
YOLO11m,2500,50,300,39,30,9,6,9,2,0,3
YOLO11m,2501,28,182,18,14,4,4,10,0,0,0
YOLO11m,2502,20,118,30,17,13,1,0,0,0,2
YOLO11m,2503,23,50,22,19,3,0,3,1,0,0
YOLO11m,2504,17,125,16,14,2,0,2,0,0,1
YOLO11m,2505,34,153,39,25,14,0,4,0,0,5
YOLO11m,2506,20,191,26,16,10,0,4,0,0,0
YOLO11m,2507,42,300,34,25,9,7,7,0,0,3
YOLO11m,2508,35,84,36,27,9,0,1,1,1,5
YOLO11m,2509,11,118,7,4,3,3,2,0,1,1
YOLO11m,2510,13,93,11,9,2,0,2,0,1,1
YOLO11m,2511,35,281,32,22,10,4,8,0,0,1
YOLO11m,2512,6,53,6,6,0,0,0,0,0,0
YOLO11m,2513,25,261,25,13,12,0,7,0,0,5
YOLO11m,2514,21,117,27,20,7,0,0,0,0,1
YOLO11m,2515,37,213,27,22,5,5,8,0,0,2
YOLO11m,2516,21,151,16,11,5,5,3,0,0,2
YOLO11m,2517,27,191,22,22,0,2,2,0,0,1
YOLO11m,2518,26,265,18,15,3,4,7,0,0,0
YOLO11m,2519,7,95,10,4,6,1,0,0,0,2
YOLO11m,2520,5,113,7,4,3,0,0,0,0,1
YOLO11m,2521,18,127,16,14,2,0,3,0,0,1
YOLO11m,2522,17,219,22,10,12,1,3,0,3,0
YOLO11m,2523,11,124,10,9,1,0,0,1,0,1
YOLO11m,2524,20,152,19,15,4,2,3,0,0,0
YOLO11m,2525,26,173,28,25,3,1,0,0,0,0
YOLO11m,2526,25,268,26,21,5,1,2,0,0,1
YOLO11m,2527,11,92,8,7,1,2,2,0,0,0
YOLO11m,2528,4,70,2,1,1,1,2,0,0,0
YOLO11m,2529,24,147,24,16,8,0,6,0,0,2
YOLO11m,2530,39,106,31,27,4,3,3,0,1,5
YOLO11m,2531,17,70,19,16,3,0,0,0,1,0
YOLO11m,2532,24,142,25,19,6,0,4,0,0,1
YOLO11m,2533,12,78,17,12,5,0,0,0,0,0
YOLO11m,2534,16,56,14,12,2,0,0,2,1,1
YOLO11m,2535,12,66,12,10,2,0,2,0,0,0
YOLO11m,2536,23,181,24,20,4,1,2,0,0,0
YOLO11m,2537,15,93,10,7,3,0,5,0,0,3
YOLO11m,2538,19,78,24,17,7,1,0,0,0,1
YOLO11m,2539,23,152,25,22,3,0,0,1,0,0
YOLO11m,2540,21,154,19,17,2,2,2,0,0,0
YOLO11m,2541,11,82,8,6,2,2,1,0,1,1
YOLO11m,2542,20,69,28,20,8,0,0,0,0,0
YOLO11m,2543,16,119,14,13,1,0,3,0,0,0
YOLO11m,2544,15,143,20,13,7,0,2,0,0,0
YOLO11m,2545,20,191,17,13,4,0,4,0,3,0
YOLO11m,2546,13,199,19,9,10,0,1,0,0,3
YOLO11m,2547,13,77,8,8,0,0,5,0,0,0
YOLO11m,2548,52,199,46,39,7,3,5,0,0,5
YOLO11m,2549,40,229,48,31,17,2,6,1,0,0
YOLO11m,2550,26,93,25,21,4,0,2,0,0,3
YOLO11m,2551,20,165,18,16,2,0,4,0,0,0
YOLO11m,2552,30,139,26,16,10,3,4,1,1,5
YOLO11m,2553,25,177,27,19,8,0,2,0,4,0
YOLO11m,2554,17,128,18,10,8,2,4,0,0,1
YOLO11m,2555,19,139,12,11,1,1,7,0,0,0
YOLO11m,2556,7,177,8,5,3,0,1,0,1,0
YOLO11m,2557,20,107,22,19,3,0,0,0,0,1
YOLO11m,2558,19,168,25,16,9,0,2,0,0,1
YOLO11m,2559,25,158,24,19,5,1,5,0,0,0
YOLO11m,2560,32,184,22,20,2,3,7,0,0,2
YOLO11m,2561,9,51,10,8,2,0,0,0,0,1
YOLO11m,2562,11,60,14,10,4,0,1,0,0,0
YOLO11m,2563,10,115,9,6,3,0,4,0,0,0
YOLO11m,2564,4,180,3,3,0,1,0,0,0,0
YOLO11m,2565,4,88,5,4,1,0,0,0,0,0
YOLO11m,2566,24,182,29,22,7,0,2,0,0,0
YOLO11m,2567,12,91,11,8,3,0,2,0,2,0
YOLO11m,2568,23,262,22,16,6,2,4,0,0,1
YOLO11m,2569,35,182,33,31,2,1,2,0,0,1
YOLO11m,2570,20,123,22,19,3,0,1,0,0,0
YOLO11m,2571,11,101,9,8,1,2,0,0,0,1
YOLO11m,2572,11,78,14,8,6,0,1,0,0,2
YOLO11m,2573,17,92,17,16,1,0,1,0,0,0
YOLO11m,2574,12,79,15,10,5,1,1,0,0,0
YOLO11m,2575,7,64,7,6,1,0,0,0,0,1
YOLO11m,2576,6,42,6,6,0,0,0,0,0,0
YOLO11m,2577,32,215,38,24,14,2,4,0,2,0
YOLO11m,2578,13,189,12,9,3,1,3,0,0,0
YOLO11m,2579,23,63,25,21,4,0,2,0,0,0
YOLO11m,2580,17,92,15,12,3,0,4,0,0,1
YOLO11m,2581,16,135,17,14,3,1,0,0,0,1
YOLO11m,2582,16,138,27,14,13,0,0,0,1,1
YOLO11m,2583,16,121,14,13,1,1,1,0,0,1
YOLO11m,2584,29,152,21,16,5,3,8,0,0,2
YOLO11m,2585,23,140,37,17,20,0,0,0,0,6
YOLO11m,2586,22,211,22,19,3,0,3,0,0,0
YOLO11m,2587,16,85,18,14,4,0,2,0,0,0
YOLO11m,2588,19,172,28,12,16,0,5,0,0,2
YOLO11m,2589,16,113,12,12,0,1,2,0,0,1
YOLO11m,2590,4,68,3,3,0,1,0,0,0,0
YOLO11m,2591,6,72,1,1,0,0,5,0,0,0
YOLO11m,2592,4,57,3,2,1,0,2,0,0,0
YOLO11m,2593,7,100,6,5,1,0,2,0,0,0
YOLO11m,2594,18,103,18,11,7,1,1,0,0,5
YOLO11m,2595,11,150,15,8,7,0,2,0,1,0
YOLO11m,2596,13,56,6,4,2,3,4,0,1,1
YOLO11m,2597,16,147,19,12,7,0,3,0,1,0
YOLO11m,2598,24,162,24,19,5,2,2,0,0,1
YOLO11m,2599,46,300,41,27,14,1,14,0,0,4
YOLO11m,2600,5,44,6,4,2,0,0,0,0,1
YOLO11m,2601,32,188,27,25,2,2,5,0,0,0
YOLO11m,2602,17,99,13,12,1,0,5,0,0,0
YOLO11m,2603,13,171,15,9,6,0,2,0,2,0
YOLO11m,2604,15,88,10,9,1,1,4,0,0,1
YOLO11m,2605,24,176,18,10,8,4,9,0,0,1
YOLO11m,2606,14,121,12,12,0,0,2,0,0,0
YOLO11m,2607,16,163,16,13,3,0,2,0,0,1
YOLO11m,2608,19,129,15,10,5,1,6,0,0,2
YOLO11m,2609,17,167,22,14,8,0,2,0,0,1
YOLO11m,2610,25,140,25,18,7,2,3,0,0,2
YOLO11m,2611,28,202,24,18,6,2,5,0,0,3
YOLO11m,2612,18,214,22,14,8,1,2,0,0,1
YOLO11m,2613,18,104,17,12,5,2,3,0,0,1
YOLO11m,2614,9,78,5,4,1,2,3,0,0,0
YOLO11m,2615,7,92,7,7,0,0,0,0,0,0
YOLO11m,2616,19,130,20,15,5,1,2,0,0,1
YOLO11m,2617,15,93,18,14,4,1,0,0,0,0
YOLO11m,2618,17,125,18,14,4,0,2,0,1,0
YOLO11m,2619,12,81,14,9,5,1,1,0,0,1
YOLO11m,2620,10,81,9,8,1,0,1,0,0,1
YOLO11m,2621,8,173,13,6,7,0,1,0,0,1
YOLO11m,2622,28,140,17,13,4,7,5,0,0,3
YOLO11m,2623,12,108,11,9,2,1,1,0,1,0
YOLO11m,2624,7,92,11,7,4,0,0,0,0,0
YOLO11m,2625,17,128,19,11,8,2,3,0,0,1
YOLO11m,2626,17,169,10,9,1,0,7,0,0,1
YOLO11m,2627,32,151,28,15,13,8,1,0,1,7
YOLO11m,2628,15,95,21,14,7,0,1,0,0,0
YOLO11m,2629,11,60,10,9,1,1,1,0,0,0
YOLO11m,2630,13,82,13,12,1,0,1,0,0,0
YOLO11m,2631,30,136,30,21,9,0,5,0,0,4
YOLO11m,2632,19,70,18,15,3,0,0,1,0,3
YOLO11m,2633,14,93,18,11,7,0,3,0,0,0
YOLO11m,2634,16,106,17,11,6,0,4,0,0,1
YOLO11m,2635,5,80,6,4,2,0,1,0,0,0
YOLO11m,2636,21,118,21,17,4,0,1,0,1,2
YOLO11m,2637,7,111,10,6,4,0,1,0,0,0
YOLO11m,2638,17,69,16,14,2,0,2,0,1,0
YOLO11m,2639,16,146,9,8,1,7,1,0,0,0
YOLO11m,2640,16,127,16,14,2,1,0,0,1,0
YOLO11m,2641,16,200,18,11,7,2,3,0,0,0
YOLO11m,2642,13,149,21,11,10,0,2,0,0,0
YOLO11m,2643,28,300,31,22,9,1,5,0,0,0
YOLO11m,2644,11,95,11,9,2,0,1,0,0,1
YOLO11m,2645,15,85,28,14,14,0,0,0,1,0
YOLO11m,2646,10,77,8,5,3,1,3,0,0,1
YOLO11m,2647,5,138,4,2,2,0,3,0,0,0
YOLO11m,2648,15,185,15,14,1,1,0,0,0,0
YOLO11m,2649,15,141,16,12,4,1,1,0,0,1
YOLO11m,2650,23,139,30,17,13,1,1,1,1,2
YOLO11m,2651,24,152,25,21,4,0,2,0,0,1
YOLO11m,2652,24,147,21,17,4,1,4,0,0,2
YOLO11m,2653,24,148,24,19,5,0,4,0,0,1
YOLO11m,2654,17,216,15,9,6,3,2,0,0,3
YOLO11m,2655,32,127,31,26,5,0,5,1,0,0
YOLO11m,2656,15,72,12,10,2,0,5,0,0,0
YOLO11m,2657,12,67,13,10,3,1,1,0,0,0
YOLO11m,2658,27,173,26,17,9,3,5,0,0,2
YOLO11m,2659,31,189,25,19,6,4,5,0,0,3
YOLO11m,2660,16,76,17,15,2,0,1,0,0,0
YOLO11m,2661,28,159,27,22,5,1,3,0,1,1
YOLO11m,2662,23,73,15,12,3,4,3,0,0,4
YOLO11m,2663,4,201,3,1,2,0,2,0,1,0
YOLO11m,2664,12,138,12,9,3,1,2,0,0,0
YOLO11m,2665,10,111,9,8,1,0,1,1,0,0
YOLO11m,2666,20,83,15,13,2,1,4,0,2,0
YOLO11m,2667,31,174,32,21,11,3,2,0,2,3
YOLO11m,2668,18,195,23,15,8,1,2,0,0,0
YOLO11m,2669,11,69,12,7,5,1,1,0,1,1
YOLO11m,2670,15,100,14,9,5,0,6,0,0,0
YOLO11m,2671,12,103,11,7,4,0,2,0,0,3
YOLO11m,2672,11,51,11,11,0,0,0,0,0,0
YOLO11m,2673,28,166,25,21,4,1,4,0,0,2
YOLO11m,2674,13,130,15,11,4,1,0,0,0,1
YOLO11m,2675,20,154,18,15,3,1,2,0,0,2
YOLO11m,2676,36,261,34,26,8,5,5,0,0,0
YOLO11m,2677,14,169,14,9,5,3,1,0,0,1
YOLO11m,2678,27,170,26,15,11,4,5,0,0,3
YOLO11m,2679,8,111,7,5,2,0,1,0,1,1
YOLO11m,2680,5,22,5,5,0,0,0,0,0,0
YOLO11m,2681,16,130,22,13,9,0,0,0,1,2
YOLO11m,2682,13,118,19,11,8,0,1,0,0,1
YOLO11m,2683,15,158,15,8,7,0,7,0,0,0
YOLO11m,2684,8,101,11,7,4,0,0,0,0,1
YOLO11m,2685,14,82,19,12,7,0,1,0,0,1
YOLO11m,2686,18,115,15,14,1,4,0,0,0,0
YOLO11m,2687,27,144,24,18,6,2,5,0,0,2
YOLO11m,2688,24,158,21,18,3,3,1,0,0,2
YOLO11m,2689,34,229,31,26,5,5,3,0,0,0
YOLO11m,2690,24,235,29,20,9,0,2,0,1,1
YOLO11m,2691,21,272,25,16,9,1,2,0,1,1
YOLO11m,2692,21,106,15,14,1,1,6,0,0,0
YOLO11m,2693,14,110,13,9,4,1,3,0,0,1
YOLO11m,2694,5,121,4,2,2,2,1,0,0,0
YOLO11m,2695,17,279,30,15,15,0,2,0,0,0
YOLO11m,2696,19,122,17,12,5,2,3,0,0,2
YOLO11m,2697,41,204,30,25,5,9,7,0,0,0
YOLO11m,2698,21,132,21,19,2,0,2,0,0,0
YOLO11m,2699,33,142,36,31,5,0,2,0,0,0
YOLO11m,2700,19,109,16,14,2,0,4,0,0,1
YOLO11m,2701,32,127,24,17,7,1,9,0,0,5
YOLO11m,2702,17,106,16,13,3,0,3,0,0,1
YOLO11m,2703,10,146,12,9,3,0,1,0,0,0
YOLO11m,2704,14,66,14,12,2,0,1,0,0,1
YOLO11m,2705,39,193,30,25,5,4,6,1,2,1
YOLO11m,2706,37,231,39,26,13,3,1,0,0,7
YOLO11m,2707,23,80,20,19,1,1,3,0,0,0
YOLO11m,2708,14,147,13,12,1,1,1,0,0,0
YOLO11m,2709,14,86,13,11,2,0,1,0,1,1
YOLO11m,2710,29,207,31,26,5,1,1,0,0,1
YOLO11m,2711,23,86,23,19,4,1,2,0,0,1
YOLO11m,2712,28,123,32,25,7,0,3,0,0,0
YOLO11m,2713,28,144,28,22,6,0,4,1,0,1
YOLO11m,2714,13,87,14,12,2,0,1,0,0,0
YOLO11m,2715,10,124,13,8,5,0,2,0,0,0
YOLO11m,2716,9,54,10,8,2,0,1,0,0,0
YOLO11m,2717,33,277,32,22,10,3,7,0,0,1
YOLO11m,2718,12,140,11,10,1,1,1,0,0,0
YOLO11m,2719,30,136,14,13,1,2,10,0,0,5
YOLO11m,2720,28,154,26,22,4,0,3,0,1,2
YOLO11m,2721,20,179,20,16,4,0,4,0,0,0
YOLO11m,2722,9,92,10,6,4,0,1,0,0,2
YOLO11m,2723,12,134,14,12,2,0,0,0,0,0
YOLO11m,2724,13,148,14,11,3,1,1,0,0,0
YOLO11m,2725,7,91,8,6,2,0,0,0,1,0
YOLO11m,2726,9,94,10,8,2,0,1,0,0,0
YOLO11m,2727,10,113,7,6,1,0,4,0,0,0
YOLO11m,2728,17,98,14,11,3,1,3,0,0,2
YOLO11m,2729,42,213,27,24,3,3,10,1,0,4
YOLO11m,2730,19,103,21,16,5,0,1,0,0,2
YOLO11m,2731,12,130,11,8,3,0,4,0,0,0
YOLO11m,2732,23,159,23,16,7,0,5,0,1,1
YOLO11m,2733,12,110,9,8,1,3,0,0,0,1
YOLO11m,2734,6,58,5,2,3,1,0,0,0,3
YOLO11m,2735,39,167,37,21,16,2,7,0,0,9
YOLO11m,2736,17,118,15,12,3,0,4,0,0,1
YOLO11m,2737,9,98,8,8,0,0,1,0,0,0
YOLO11m,2738,17,137,26,13,13,0,1,0,0,3
YOLO11m,2739,37,216,33,27,6,3,5,0,0,2
YOLO11m,2740,26,137,23,18,5,3,1,0,0,4
YOLO11m,2741,20,119,26,18,8,0,1,0,0,1
YOLO11m,2742,20,94,15,8,7,1,8,0,0,3
YOLO11m,2743,8,144,10,7,3,0,0,0,0,1
YOLO11m,2744,33,210,35,25,10,2,4,0,0,2
YOLO11m,2745,21,75,23,18,5,0,1,0,0,2
YOLO11m,2746,35,145,33,27,6,0,5,0,0,3
YOLO11m,2747,18,79,25,18,7,0,0,0,0,0
YOLO11m,2748,23,91,27,20,7,0,3,0,0,0
YOLO11m,2749,18,89,15,14,1,1,3,0,0,0
YOLO11m,2750,12,171,14,12,2,0,0,0,0,0
YOLO11m,2751,24,123,24,20,4,0,4,0,0,0
YOLO11m,2752,23,168,22,17,5,1,5,0,0,0
YOLO11m,2753,12,148,14,10,4,0,1,0,0,1
YOLO11m,2754,25,166,23,20,3,0,5,0,0,0
YOLO11m,2755,23,126,27,16,11,0,4,0,0,3
YOLO11m,2756,24,112,26,19,7,0,4,0,0,1
YOLO11m,2757,18,91,22,16,6,0,1,0,0,1
YOLO11m,2758,8,75,5,3,2,0,4,0,0,1
YOLO11m,2759,25,237,24,16,8,2,5,0,0,2
YOLO11m,2760,20,161,27,16,11,3,0,0,0,1
YOLO11m,2761,23,83,18,15,3,1,4,0,0,3
YOLO11m,2762,26,127,29,19,10,2,2,0,2,1
YOLO11m,2763,23,181,28,16,12,1,5,0,0,1
YOLO11m,2764,25,182,20,18,2,3,4,0,0,0
YOLO11m,2765,35,146,37,27,10,0,4,0,1,3
YOLO11m,2766,8,70,9,7,2,0,1,0,0,0
YOLO11m,2767,10,110,12,7,5,0,2,0,0,1
YOLO11m,2768,12,82,9,9,0,1,1,0,0,1
YOLO11m,2769,7,84,7,6,1,0,1,0,0,0
YOLO11m,2770,18,114,19,15,4,1,0,0,0,2
YOLO11m,2771,6,90,5,5,0,0,0,0,0,1
YOLO11m,2772,12,58,9,9,0,0,2,0,0,1
YOLO11m,2773,13,85,14,13,1,0,0,0,0,0
YOLO11m,2774,20,139,11,10,1,5,5,0,0,0
YOLO11m,2775,20,162,19,17,2,2,1,0,0,0
YOLO11m,2776,34,242,33,27,6,1,5,0,0,1
YOLO11m,2777,15,101,16,14,2,0,1,0,0,0
YOLO11m,2778,7,133,8,6,2,0,1,0,0,0
YOLO11m,2779,33,202,29,21,8,2,7,0,0,3
YOLO11m,2780,31,164,36,25,11,0,3,0,0,3
YOLO11m,2781,20,212,17,17,0,1,2,0,0,0
YOLO11m,2782,21,108,25,20,5,0,0,0,0,1
YOLO11m,2783,20,182,24,16,8,2,1,0,1,0
YOLO11m,2784,12,115,10,8,2,1,3,0,0,0
YOLO11m,2785,28,212,27,21,6,0,5,0,0,2
YOLO11m,2786,28,243,30,23,7,0,5,0,0,0
YOLO11m,2787,40,221,39,24,15,2,8,2,0,4
YOLO11m,2788,23,155,23,18,5,1,3,0,0,1
YOLO11m,2789,20,159,12,9,3,4,5,0,0,2
YOLO11m,2790,8,113,10,8,2,0,0,0,0,0
YOLO11m,2791,19,154,17,14,3,1,3,0,0,1
YOLO11m,2792,8,191,9,7,2,0,0,0,0,1
YOLO11m,2793,22,145,18,15,3,1,3,0,0,3
YOLO11m,2794,19,143,14,10,4,2,7,0,0,0
YOLO11m,2795,16,132,16,12,4,0,2,0,0,2
YOLO11m,2796,18,117,17,15,2,1,1,0,1,0
YOLO11m,2797,10,121,10,7,3,0,3,0,0,0
YOLO11m,2798,32,237,23,16,7,8,5,0,0,3
YOLO11m,2799,6,141,10,4,6,0,1,0,0,1
YOLO11m,2800,10,115,9,8,1,0,1,0,0,1
YOLO11m,2801,19,118,18,10,8,1,4,0,0,4
YOLO11m,2802,16,102,11,10,1,0,4,0,0,2
YOLO11m,2803,25,238,21,18,3,0,5,0,0,2
YOLO11m,2804,10,118,10,9,1,1,0,0,0,0
YOLO11m,2805,5,45,4,4,0,0,1,0,0,0
YOLO11m,2806,19,74,14,10,4,0,7,0,0,2
YOLO11m,2807,13,117,11,10,1,1,2,0,0,0
YOLO11m,2808,20,113,23,15,8,2,2,0,0,1
YOLO11m,2809,22,116,19,15,4,3,3,0,0,1
YOLO11m,2810,37,174,34,28,6,1,4,0,1,3
YOLO11m,2811,22,140,24,21,3,0,1,0,0,0
YOLO11m,2812,22,131,18,15,3,1,1,0,0,5
YOLO11m,2813,4,38,6,4,2,0,0,0,0,0
YOLO11m,2814,26,209,23,17,6,4,4,0,0,1
YOLO11m,2815,32,149,32,26,6,2,2,0,0,2
YOLO11m,2816,22,114,24,18,6,0,2,0,0,2
YOLO11m,2817,26,150,24,19,5,3,3,0,0,1
YOLO11m,2818,9,72,9,8,1,0,1,0,0,0
YOLO11m,2819,17,106,6,5,1,7,4,0,0,1
YOLO11m,2820,4,38,3,2,1,1,1,0,0,0
YOLO11m,2821,17,122,19,12,7,0,3,0,1,1
YOLO11m,2822,11,156,7,5,2,1,3,0,0,2
YOLO11m,2823,14,88,9,8,1,1,5,0,0,0
YOLO11m,2824,6,35,7,5,2,0,1,0,0,0
YOLO11m,2825,22,116,21,17,4,1,2,0,0,2
YOLO11m,2826,7,89,5,4,1,0,3,0,0,0
YOLO11m,2827,11,92,8,8,0,1,2,0,0,0
YOLO11m,2828,21,82,23,19,4,0,2,0,0,0
YOLO11m,2829,12,37,12,10,2,0,1,0,0,1
YOLO11m,2830,11,101,5,3,2,3,2,0,0,3
YOLO11m,2831,9,112,11,9,2,0,0,0,0,0
YOLO11m,2832,41,283,33,22,11,6,9,0,0,4
YOLO11m,2833,16,121,18,8,10,1,5,0,0,2
YOLO11m,2834,5,56,5,5,0,0,0,0,0,0
YOLO11m,2835,9,146,8,4,4,0,4,0,1,0
YOLO11m,2836,10,91,9,9,0,0,1,0,0,0
YOLO11m,2837,4,57,5,4,1,0,0,0,0,0
YOLO11m,2838,13,164,14,12,2,0,1,0,0,0
YOLO11m,2839,14,108,17,13,4,0,1,0,0,0
YOLO11m,2840,43,242,27,25,2,6,12,0,0,0
YOLO11m,2841,26,109,23,12,11,0,6,1,1,6
YOLO11m,2842,18,150,27,16,11,1,1,0,0,0
YOLO11m,2843,16,96,15,12,3,1,1,0,2,0
YOLO11m,2844,5,21,5,5,0,0,0,0,0,0
YOLO11m,2845,20,69,26,16,10,0,2,0,0,2
YOLO11m,2846,27,101,27,24,3,1,1,0,0,1
YOLO11m,2847,12,103,13,11,2,0,1,0,0,0
YOLO11m,2848,12,89,12,11,1,0,1,0,0,0
YOLO11m,2849,17,95,15,10,5,2,2,0,0,3
YOLO11m,2850,28,113,20,17,3,1,4,1,1,4
YOLO11m,2851,28,110,27,18,9,2,5,0,0,3
YOLO11m,2852,8,56,6,6,0,0,2,0,0,0
YOLO11m,2853,15,106,16,14,2,1,0,0,0,0
YOLO11m,2854,12,78,13,10,3,0,1,0,0,1
YOLO11m,2855,9,71,11,8,3,0,0,0,1,0
YOLO11m,2856,25,187,24,16,8,1,4,0,1,3
YOLO11m,2857,8,24,7,7,0,0,1,0,0,0
YOLO11m,2858,5,61,4,3,1,0,2,0,0,0
YOLO11m,2859,6,52,5,4,1,1,1,0,0,0
YOLO11m,2860,34,169,29,16,13,9,8,0,0,1
YOLO11m,2861,20,85,21,16,5,1,3,0,0,0
YOLO11m,2862,11,84,11,8,3,0,1,0,0,2
YOLO11m,2863,36,226,42,33,9,0,3,0,0,0
YOLO11m,2864,22,130,14,13,1,3,5,0,0,1
YOLO11m,2865,19,89,16,13,3,1,1,0,0,4
YOLO11m,2866,18,118,25,15,10,0,0,0,0,3
YOLO11m,2867,11,66,11,10,1,0,1,0,0,0
YOLO11m,2868,17,192,22,15,7,0,1,0,0,1
YOLO11m,2869,25,108,22,17,5,4,3,0,0,1
YOLO11m,2870,42,217,32,28,4,9,5,0,0,0
YOLO11m,2871,27,199,33,23,10,0,3,0,0,1
YOLO11m,2872,26,206,29,20,9,0,2,1,0,3
YOLO11m,2873,26,142,25,17,8,2,3,0,3,1
YOLO11m,2874,26,151,25,17,8,2,6,0,0,1
YOLO11m,2875,21,83,23,14,9,3,2,0,0,2
YOLO11m,2876,29,208,24,22,2,3,2,1,0,1
YOLO11m,2877,33,226,36,28,8,1,4,0,0,0
YOLO11m,2878,30,181,31,23,8,0,6,0,0,1
YOLO11m,2879,13,123,10,9,1,2,2,0,0,0
YOLO11m,2880,12,100,12,10,2,1,1,0,0,0
YOLO11m,2881,10,53,13,9,4,0,1,0,0,0
YOLO11m,2882,6,212,9,4,5,1,1,0,0,0
YOLO11m,2883,15,144,16,12,4,0,2,0,0,1
YOLO11m,2884,21,166,19,16,3,0,3,0,0,2
YOLO11m,2885,31,190,36,25,11,2,4,0,0,0
YOLO11m,2886,4,49,5,3,2,0,1,0,0,0
YOLO11m,2887,5,40,3,2,1,1,2,0,0,0
YOLO11m,2888,11,92,15,11,4,0,0,0,0,0
YOLO11m,2889,14,177,13,7,6,1,5,0,0,1
YOLO11m,2890,19,79,24,17,7,0,1,0,0,1
YOLO11m,2891,18,68,22,17,5,0,0,0,0,1
YOLO11m,2892,37,140,31,22,9,1,6,0,0,8
YOLO11m,2893,9,87,13,9,4,0,0,0,0,0
YOLO11m,2894,17,113,16,15,1,0,2,0,0,0
YOLO11m,2895,12,107,14,11,3,0,0,0,0,1
YOLO11m,2896,20,105,17,15,2,1,4,0,0,0
YOLO11m,2897,33,169,32,25,7,2,4,0,0,2
YOLO11m,2898,31,166,30,25,5,2,1,0,0,3
YOLO11m,2899,11,84,10,9,1,0,2,0,0,0
YOLO11m,2900,10,50,10,9,1,0,1,0,0,0
YOLO11m,2901,5,11,3,3,0,0,2,0,0,0
YOLO11m,2902,8,51,6,4,2,0,2,0,0,2
YOLO11m,2903,9,110,6,2,4,1,6,0,0,0
YOLO11m,2904,23,168,15,13,2,3,6,0,0,1
YOLO11m,2905,25,121,25,22,3,0,0,0,0,3
YOLO11m,2906,11,98,9,9,0,0,2,0,0,0
YOLO11m,2907,30,212,22,15,7,3,6,0,1,5
YOLO11m,2908,28,137,21,19,2,1,7,1,0,0
YOLO11m,2909,25,103,11,9,2,5,8,2,0,1
YOLO11m,2910,15,57,12,9,3,0,5,0,0,1
YOLO11m,2911,14,126,18,11,7,0,1,0,1,1
YOLO11m,2912,14,89,18,13,5,0,0,0,0,1
YOLO11m,2913,11,102,16,9,7,0,1,0,0,1
YOLO11m,2914,7,113,7,5,2,0,0,0,0,2
YOLO11m,2915,25,220,13,10,3,7,6,0,0,2
YOLO11m,2916,24,90,25,18,7,2,2,0,0,2
YOLO11m,2917,21,110,20,19,1,1,1,0,0,0
YOLO11m,2918,7,58,5,5,0,1,1,0,0,0
YOLO11m,2919,19,123,17,12,5,2,3,0,0,2
YOLO11m,2920,16,106,22,16,6,0,0,0,0,0
YOLO11m,2921,27,168,31,17,14,1,3,0,0,6
YOLO11m,2922,17,91,16,13,3,1,3,0,0,0
YOLO11m,2923,38,300,28,21,7,3,11,0,1,2
YOLO11m,2924,6,81,5,3,2,0,2,0,0,1
YOLO11m,2925,14,149,13,10,3,0,4,0,0,0
YOLO11m,2926,31,161,35,26,9,0,3,0,0,2
YOLO11m,2927,15,159,18,12,6,0,1,0,2,0
YOLO11m,2928,27,246,26,17,9,2,6,0,1,1
YOLO11m,2929,8,88,8,6,2,0,2,0,0,0
YOLO11m,2930,11,131,15,7,8,0,1,0,0,3
YOLO11m,2931,8,67,6,4,2,0,3,0,0,1
YOLO11m,2932,19,141,15,11,4,2,6,0,0,0
YOLO11m,2933,21,239,17,16,1,0,4,0,0,1
YOLO11m,2934,22,164,24,15,9,1,3,0,0,3
YOLO11m,2935,8,131,8,7,1,0,1,0,0,0
YOLO11m,2936,15,87,14,11,3,0,2,0,0,2
YOLO11m,2937,23,180,14,14,0,4,4,0,0,1
YOLO11m,2938,27,74,27,22,5,1,3,0,0,1
YOLO11m,2939,5,62,5,5,0,0,0,0,0,0
YOLO11m,2940,16,86,16,14,2,1,0,0,0,1
YOLO11m,2941,4,127,5,4,1,0,0,0,0,0
YOLO11m,2942,26,153,24,21,3,0,3,0,0,2
YOLO11m,2943,25,113,27,22,5,0,1,1,0,1
YOLO11m,2944,20,205,25,16,9,2,1,0,0,1
YOLO11m,2945,24,189,24,17,7,0,4,0,2,1
YOLO11m,2946,11,99,15,10,5,0,1,0,0,0
YOLO11m,2947,33,244,24,17,7,3,10,0,0,3
YOLO11m,2948,7,78,10,4,6,0,2,0,0,1
YOLO11m,2949,7,174,4,3,1,0,4,0,0,0
YOLO11m,2950,8,64,6,6,0,0,2,0,0,0
YOLO11m,2951,48,218,31,25,6,7,9,0,2,5
YOLO11m,2952,42,286,36,29,7,1,8,0,1,3
YOLO11m,2953,33,212,34,24,10,1,5,0,1,2
YOLO11m,2954,12,94,7,5,2,3,3,0,0,1
YOLO11m,2955,22,211,32,19,13,0,3,0,0,0
YOLO11m,2956,14,127,14,12,2,0,1,0,0,1
YOLO11m,2957,15,164,19,14,5,0,1,0,0,0
YOLO11m,2958,32,169,28,26,2,1,3,0,0,2
YOLO11m,2959,17,132,18,14,4,0,3,0,0,0
YOLO11m,2960,7,65,6,6,0,0,1,0,0,0
YOLO11m,2961,26,201,36,22,14,0,4,0,0,0
YOLO11m,2962,8,57,7,7,0,0,1,0,0,0
YOLO11m,2963,23,94,23,20,3,0,3,0,0,0
YOLO11m,2964,13,40,11,9,2,2,2,0,0,0
YOLO11m,2965,26,207,32,21,11,1,3,0,0,1
YOLO11m,2966,8,56,6,4,2,0,2,0,0,2
YOLO11m,2967,38,201,23,18,5,6,13,0,0,1
YOLO11m,2968,16,82,15,12,3,0,3,1,0,0
YOLO11m,2969,11,81,13,8,5,0,3,0,0,0
YOLO11m,2970,11,62,7,7,0,3,1,0,0,0
YOLO11m,2971,8,84,8,7,1,1,0,0,0,0
YOLO11m,2972,19,116,19,13,6,0,3,1,0,2
YOLO11m,2973,12,98,15,11,4,1,0,0,0,0
YOLO11m,2974,15,141,13,12,1,0,1,0,0,2
YOLO11m,2975,24,208,18,14,4,3,5,0,2,0
YOLO11m,2976,24,217,28,19,9,1,3,0,0,1
YOLO11m,2977,28,111,27,22,5,0,3,0,0,3
YOLO11m,2978,36,247,36,25,11,2,6,0,0,3
YOLO11m,2979,4,69,4,2,2,0,2,0,0,0
YOLO11m,2980,18,161,12,9,3,0,9,0,0,0
YOLO11m,2981,21,172,26,16,10,2,1,0,0,2
YOLO11m,2982,21,159,21,13,8,1,2,0,1,4
YOLO11m,2983,16,130,15,12,3,1,1,1,0,1
YOLO11m,2984,10,75,12,9,3,0,1,0,0,0
YOLO11m,2985,4,76,3,2,1,0,2,0,0,0
YOLO11m,2986,39,173,32,26,6,4,8,0,0,1
YOLO11m,2987,41,154,28,23,5,8,8,0,0,2
YOLO11m,2988,21,211,24,15,9,1,3,0,1,1
YOLO11m,2989,25,211,26,21,5,2,2,0,0,0
YOLO11m,2990,9,69,10,7,3,0,2,0,0,0
YOLO11m,2991,8,170,6,5,1,1,2,0,0,0
YOLO11m,2992,16,125,10,9,1,3,4,0,0,0
YOLO11m,2993,14,197,9,4,5,0,9,0,0,1
YOLO11m,2994,19,128,16,13,3,1,5,0,0,0
YOLO11m,2995,9,60,8,6,2,1,1,0,0,1
YOLO11m,2996,40,201,33,22,11,8,5,0,0,5
YOLO11m,2997,22,67,18,16,2,1,3,1,1,0
YOLO11m,2998,7,40,5,3,2,2,1,0,0,1
YOLO11m,2999,13,125,15,12,3,0,1,0,0,0
YOLO11m,3000,22,142,24,18,6,2,2,0,0,0
YOLO11m,3001,26,107,28,19,9,2,3,1,0,1
YOLO11m,3002,9,64,12,9,3,0,0,0,0,0
YOLO11m,3003,11,149,9,7,2,0,3,0,0,1
YOLO11m,3004,17,125,17,13,4,1,1,0,0,2
YOLO11m,3005,32,186,31,24,7,2,5,0,1,0
YOLO11m,3006,28,108,33,24,9,0,2,0,0,2
YOLO11m,3007,18,118,14,12,2,4,1,0,1,0
YOLO11m,3008,9,152,6,4,2,1,3,0,0,1
YOLO11m,3009,19,96,16,12,4,2,4,0,0,1
YOLO11m,3010,19,99,17,13,4,2,4,0,0,0
YOLO11m,3011,20,198,15,11,4,1,5,0,1,2
YOLO11m,3012,33,167,35,29,6,2,0,0,0,2
YOLO11m,3013,23,130,17,14,3,6,2,0,1,0
YOLO11m,3014,14,107,9,7,2,0,6,0,0,1
YOLO11m,3015,27,219,19,13,6,4,10,0,0,0
YOLO11m,3016,13,76,14,12,2,0,1,0,0,0
YOLO11m,3017,10,94,9,7,2,1,0,0,0,2
YOLO11m,3018,11,167,16,8,8,0,2,0,1,0
YOLO11m,3019,11,88,4,3,1,2,6,0,0,0
YOLO11m,3020,18,92,14,14,0,0,4,0,0,0
YOLO11m,3021,22,227,23,17,6,3,2,0,0,0
YOLO11m,3022,23,168,25,19,6,1,1,0,0,2
YOLO11m,3023,39,235,35,24,11,4,5,0,0,6
YOLO11m,3024,13,153,12,9,3,1,3,0,0,0
YOLO11m,3025,21,113,16,14,2,1,5,0,0,1
YOLO11m,3026,12,188,15,9,6,1,1,0,0,1
YOLO11m,3027,12,90,11,6,5,0,3,0,0,3
YOLO11m,3028,34,210,32,23,9,2,6,0,0,3
YOLO11m,3029,14,122,13,13,0,0,1,0,0,0
YOLO11m,3030,14,238,15,10,5,0,3,0,1,0
YOLO11m,3031,28,212,41,23,18,1,2,0,1,1
YOLO11m,3032,27,207,17,14,3,4,9,0,0,0
YOLO11m,3033,18,195,18,15,3,1,2,0,0,0
YOLO11m,3034,25,232,23,18,5,2,3,0,0,2
YOLO11m,3035,18,84,16,15,1,0,3,0,0,0
YOLO11m,3036,15,162,18,14,4,0,1,0,0,0
YOLO11m,3037,14,209,12,8,4,1,3,0,1,1
YOLO11m,3038,8,185,9,8,1,0,0,0,0,0
YOLO11m,3039,8,132,7,3,4,0,4,0,0,1
YOLO11m,3040,18,136,16,13,3,2,2,0,1,0
YOLO11m,3041,6,100,7,6,1,0,0,0,0,0
YOLO11m,3042,10,120,9,6,3,1,2,1,0,0
YOLO11m,3043,8,128,8,7,1,0,0,0,0,1
YOLO11m,3044,7,133,9,7,2,0,0,0,0,0
YOLO11m,3045,20,206,23,18,5,0,2,0,0,0
YOLO11m,3046,9,156,11,5,6,0,4,0,0,0
YOLO11m,3047,26,142,27,19,8,0,5,0,0,2
YOLO11m,3048,13,109,14,11,3,0,2,0,0,0
YOLO11m,3049,17,111,13,11,2,2,2,0,0,2
YOLO11m,3050,4,50,5,4,1,0,0,0,0,0
YOLO11m,3051,11,73,13,9,4,0,0,0,0,2
YOLO11m,3052,47,300,40,32,8,4,6,0,0,5
YOLO11m,3053,15,117,16,14,2,1,0,0,0,0
YOLO11m,3054,10,92,10,9,1,0,0,0,0,1
YOLO11m,3055,23,167,20,18,2,0,3,0,1,1
YOLO11m,3056,21,137,21,18,3,0,1,0,0,2
YOLO11m,3057,18,129,18,15,3,0,2,0,0,1
YOLO11m,3058,12,102,12,12,0,0,0,0,0,0
YOLO11m,3059,10,44,8,8,0,0,2,0,0,0
YOLO11m,3060,8,82,8,6,2,0,1,0,0,1
YOLO11m,3061,23,197,27,20,7,0,2,0,0,1
YOLO11m,3062,20,86,25,16,9,2,1,0,0,1
YOLO11m,3063,17,56,19,15,4,0,1,0,0,1
YOLO11m,3064,11,65,13,10,3,0,1,0,0,0
YOLO11m,3065,14,49,14,7,7,0,0,0,1,6
YOLO11m,3066,32,208,27,23,4,2,2,0,0,5
YOLO11m,3067,10,29,6,6,0,0,4,0,0,0
YOLO11m,3068,15,77,18,14,4,0,1,0,0,0
YOLO11m,3069,24,158,23,18,5,1,4,0,0,1
YOLO11m,3070,36,224,27,22,5,6,5,0,0,3
YOLO11m,3071,13,157,10,10,0,0,3,0,0,0
YOLO11m,3072,10,92,15,9,6,0,0,0,1,0
YOLO11m,3073,12,160,10,7,3,1,3,0,0,1
YOLO11m,3074,16,101,18,12,6,0,2,0,0,2
YOLO11m,3075,27,191,22,14,8,5,7,0,0,1
YOLO11m,3076,13,85,14,12,2,0,0,0,0,1
YOLO11m,3077,13,88,11,9,2,0,4,0,0,0
YOLO11m,3078,14,110,11,8,3,0,3,0,0,3
YOLO11m,3079,23,239,25,17,8,1,3,0,0,2
YOLO11m,3080,23,102,22,20,2,0,3,0,0,0
YOLO11m,3081,10,78,10,9,1,0,0,0,0,1
YOLO11m,3082,27,150,20,15,5,5,0,0,0,7
YOLO11m,3083,26,140,25,20,5,1,2,0,1,2
YOLO11m,3084,14,120,10,8,2,1,5,0,0,0
YOLO11m,3085,13,84,12,9,3,1,3,0,0,0
YOLO11m,3086,10,95,9,7,2,0,1,0,1,1
YOLO11m,3087,9,95,10,9,1,0,0,0,0,0
YOLO11m,3088,12,120,11,10,1,1,1,0,0,0
YOLO11m,3089,18,225,19,12,7,1,5,0,0,0
YOLO11m,3090,6,101,6,6,0,0,0,0,0,0
YOLO11m,3091,14,122,16,10,6,0,3,1,0,0
YOLO11m,3092,24,112,29,21,8,1,1,0,0,1
YOLO11m,3093,21,110,21,18,3,1,2,0,0,0
YOLO11m,3094,18,179,12,9,3,4,3,0,0,2
YOLO11m,3095,23,124,23,20,3,0,3,0,0,0
YOLO11m,3096,15,94,10,9,1,1,4,0,0,1
YOLO11m,3097,14,96,14,11,3,0,1,0,0,2
YOLO11m,3098,7,118,6,5,1,0,2,0,0,0
YOLO11m,3099,27,132,28,24,4,0,2,0,0,1
YOLO11m,3100,5,52,6,2,4,0,1,0,0,2
YOLO11m,3101,24,162,26,18,8,2,3,0,0,1
YOLO11m,3102,18,133,13,8,5,3,7,0,0,0
YOLO11m,3103,16,107,15,11,4,1,4,0,0,0
YOLO11m,3104,12,104,12,8,4,0,3,0,1,0
YOLO11m,3105,30,203,29,14,15,5,3,0,0,8
YOLO11m,3106,32,235,20,14,6,7,8,0,0,3
YOLO11m,3107,45,280,48,32,16,7,0,0,3,3
YOLO11m,3108,16,161,9,7,2,2,6,0,1,0
YOLO11m,3109,4,117,4,3,1,1,0,0,0,0
YOLO11m,3110,12,104,13,11,2,0,1,0,0,0
YOLO11m,3111,6,67,6,5,1,0,0,0,0,1
YOLO11m,3112,17,89,17,13,4,0,4,0,0,0
YOLO11m,3113,27,129,25,22,3,1,3,0,0,1
YOLO11m,3114,21,119,20,13,7,1,4,0,0,3
YOLO11m,3115,25,137,25,20,5,0,4,0,0,1
YOLO11m,3116,36,274,39,27,12,1,7,0,0,1
YOLO11m,3117,25,202,21,19,2,0,6,0,0,0
YOLO11m,3118,7,36,7,7,0,0,0,0,0,0
YOLO11m,3119,8,147,13,8,5,0,0,0,0,0
YOLO11m,3120,21,125,24,18,6,1,2,0,0,0
YOLO11m,3121,32,175,29,23,6,1,6,0,0,2
YOLO11m,3122,25,182,25,19,6,0,4,0,1,1
YOLO11m,3123,21,96,18,13,5,3,1,0,0,4
YOLO11m,3124,7,55,10,6,4,0,1,0,0,0
YOLO11m,3125,7,102,5,5,0,0,2,0,0,0
YOLO11m,3126,20,97,20,14,6,0,3,0,0,3
YOLO11m,3127,14,78,13,9,4,1,3,0,0,1
YOLO11m,3128,7,63,9,7,2,0,0,0,0,0
YOLO11m,3129,12,116,17,12,5,0,0,0,0,0
YOLO11m,3130,26,176,28,23,5,0,3,0,0,0
YOLO11m,3131,22,100,28,19,9,2,1,0,0,0
YOLO11m,3132,8,56,8,8,0,0,0,0,0,0
YOLO11m,3133,11,138,8,6,2,1,4,0,0,0
YOLO11m,3134,12,185,17,11,6,0,1,0,0,0
YOLO11m,3135,6,162,5,4,1,0,2,0,0,0
YOLO11m,3136,16,89,16,13,3,0,1,0,0,2
YOLO11m,3137,14,116,20,11,9,0,2,0,0,1
YOLO11m,3138,22,158,21,15,6,0,6,0,0,1
YOLO11m,3139,23,109,21,18,3,2,0,0,1,2
YOLO11m,3140,17,120,23,14,9,0,1,0,0,2
YOLO11m,3141,12,106,11,9,2,2,0,0,1,0
YOLO11m,3142,15,121,16,11,5,0,3,0,0,1
YOLO11m,3143,21,65,19,18,1,1,2,0,0,0
YOLO11m,3144,32,106,34,28,6,0,1,0,0,3
YOLO11m,3145,20,198,24,15,9,1,4,0,0,0
YOLO11m,3146,20,219,22,14,8,0,1,0,1,4
YOLO11m,3147,26,134,26,20,6,0,4,0,0,2
YOLO11m,3148,21,120,18,17,1,2,0,0,0,2
YOLO11m,3149,29,140,27,24,3,0,3,0,0,2
YOLO11m,3150,29,166,27,20,7,3,4,0,0,2
YOLO11m,3151,21,152,17,16,1,1,4,0,0,0
YOLO11m,3152,29,116,29,20,9,2,1,0,0,6
YOLO11m,3153,33,300,28,23,5,0,9,0,0,1
YOLO11m,3154,25,164,30,20,10,0,3,0,0,2
YOLO11m,3155,15,150,11,9,2,1,5,0,0,0
YOLO11m,3156,16,146,18,12,6,2,2,0,0,0
YOLO11m,3157,4,64,4,3,1,0,1,0,0,0
YOLO11m,3158,33,182,33,21,12,2,7,0,0,3
YOLO11m,3159,24,180,24,16,8,3,2,0,0,3
YOLO11m,3160,13,151,11,9,2,3,1,0,0,0
YOLO11m,3161,29,290,28,15,13,3,7,0,0,4
YOLO11m,3162,15,161,15,10,5,1,3,0,0,1
YOLO11m,3163,28,164,22,14,8,2,8,0,1,3
YOLO11m,3164,16,45,17,16,1,0,0,0,0,0
YOLO11m,3165,10,76,11,9,2,1,0,0,0,0
YOLO11m,3166,21,139,22,19,3,0,0,0,0,2
YOLO11m,3167,30,143,28,21,7,2,3,0,1,3
YOLO11m,3168,15,118,18,12,6,0,1,0,0,2
YOLO11m,3169,28,132,31,25,6,1,2,0,0,0
YOLO11m,3170,14,125,15,13,2,0,1,0,0,0
YOLO11m,3171,32,159,30,21,9,3,3,0,1,4
YOLO11m,3172,24,147,28,23,5,0,0,0,1,0
YOLO11m,3173,11,91,10,8,2,1,2,0,0,0
YOLO11m,3174,23,150,23,19,4,0,2,0,0,2
YOLO11m,3175,42,182,36,29,7,2,9,0,0,2
YOLO11m,3176,15,156,14,12,2,0,2,0,0,1
YOLO11m,3177,16,138,18,12,6,0,2,0,0,2
YOLO11m,3178,16,100,19,15,4,0,0,0,0,1
YOLO11m,3179,33,178,35,28,7,1,3,0,0,1
YOLO11m,3180,26,141,32,19,13,1,4,0,0,2
YOLO11m,3181,46,300,32,22,10,5,17,0,1,1
YOLO11m,3182,41,221,31,29,2,7,5,0,0,0
YOLO11m,3183,11,85,12,10,2,0,0,0,1,0
YOLO11m,3184,31,213,19,11,8,6,9,0,2,3
YOLO11m,3185,17,158,20,17,3,0,0,0,0,0
YOLO11m,3186,27,76,25,23,2,0,2,2,0,0
YOLO11m,3187,12,99,10,9,1,0,3,0,0,0
YOLO11m,3188,14,140,13,12,1,0,2,0,0,0
YOLO11m,3189,15,167,20,10,10,1,3,0,0,1
YOLO11m,3190,14,78,9,6,3,0,5,0,1,2
YOLO11m,3191,31,182,19,16,3,8,6,0,0,1
YOLO11m,3192,14,99,8,8,0,0,5,0,0,1
YOLO11m,3193,14,174,13,9,4,1,2,0,1,1
YOLO11m,3194,7,124,4,4,0,1,2,0,0,0
YOLO11m,3195,11,84,10,10,0,0,1,0,0,0
YOLO11m,3196,6,58,5,5,0,0,1,0,0,0
YOLO11m,3197,44,213,25,20,5,11,10,0,0,3
YOLO11m,3198,16,182,20,15,5,0,0,0,0,1
YOLO11m,3199,20,162,21,16,5,0,4,0,0,0
YOLO11m,3200,16,194,24,14,10,0,0,0,0,2
YOLO11m,3201,10,140,13,9,4,0,1,0,0,0
YOLO11m,3202,11,113,14,7,7,0,3,0,0,1
YOLO11m,3203,22,106,19,17,2,2,2,0,0,1
YOLO11m,3204,8,65,6,4,2,2,2,0,0,0
YOLO11m,3205,24,169,21,15,6,3,4,0,1,1
YOLO11m,3206,23,285,25,19,6,1,2,0,0,1
YOLO11m,3207,10,156,8,8,0,1,1,0,0,0
YOLO11m,3208,19,130,14,13,1,3,3,0,0,0
YOLO11m,3209,28,111,27,20,7,2,6,0,0,0
YOLO11m,3210,5,95,8,4,4,0,0,0,0,1
YOLO11m,3211,37,282,38,27,11,0,5,0,0,5
YOLO11m,3212,20,73,14,14,0,3,2,0,0,1
YOLO11m,3213,12,110,14,8,6,0,4,0,0,0
YOLO11m,3214,23,64,23,20,3,0,2,0,0,1
YOLO11m,3215,8,71,6,6,0,0,2,0,0,0
YOLO11m,3216,9,49,9,8,1,0,0,0,0,1
YOLO11m,3217,24,92,23,18,5,1,2,2,0,1
YOLO11m,3218,25,192,27,21,6,0,2,0,0,2
YOLO11m,3219,19,107,20,17,3,0,1,0,1,0
YOLO11m,3220,11,58,9,9,0,2,0,0,0,0
YOLO11m,3221,4,55,1,1,0,2,1,0,0,0
YOLO11m,3222,21,212,24,15,9,2,3,0,0,1
YOLO11m,3223,14,95,11,10,1,0,3,0,0,1
YOLO11m,3224,21,146,20,17,3,1,3,0,0,0
YOLO11m,3225,25,103,21,15,6,2,6,1,0,1
YOLO11m,3226,19,125,19,14,5,0,3,0,0,2
YOLO11m,3227,4,133,3,2,1,0,2,0,0,0
YOLO11m,3228,45,230,40,27,13,8,5,0,0,5
YOLO11m,3229,25,104,21,15,6,4,3,1,0,2
YOLO11m,3230,16,97,17,13,4,0,3,0,0,0
YOLO11m,3231,19,83,20,14,6,0,1,0,1,3
YOLO11m,3232,18,200,20,14,6,2,2,0,0,0
YOLO11m,3233,25,215,18,13,5,3,6,0,1,2
YOLO11m,3234,18,153,24,14,10,0,3,0,0,1
YOLO11m,3235,60,300,54,30,24,3,10,0,15,2
YOLO11m,3236,35,136,27,20,7,2,2,0,0,11
YOLO11m,3237,22,167,23,19,4,1,2,0,0,0
YOLO11m,3238,6,74,5,3,2,0,1,0,1,1
YOLO11m,3239,7,87,4,3,1,0,3,0,1,0
YOLO11m,3240,11,66,10,7,3,1,1,0,0,2
YOLO11m,3241,43,199,42,23,19,7,5,0,4,4
YOLO11m,3242,37,177,32,25,7,2,6,0,0,4
YOLO11m,3243,28,212,36,25,11,0,1,1,0,1
YOLO11m,3244,16,108,13,11,2,1,2,0,0,2
YOLO11m,3245,19,108,19,14,5,1,4,0,0,0
YOLO11m,3246,6,104,10,5,5,0,0,0,0,1
YOLO11m,3247,20,95,20,17,3,1,2,0,0,0
YOLO11m,3248,14,78,14,12,2,0,2,0,0,0
YOLO11m,3249,11,207,17,10,7,0,1,0,0,0
YOLO11m,3250,16,190,21,14,7,1,0,0,0,1
YOLO11m,3251,14,169,11,8,3,2,2,0,0,2
YOLO11m,3252,12,117,14,11,3,1,0,0,0,0
YOLO11m,3253,26,188,33,22,11,1,1,1,0,1
YOLO11m,3254,12,190,16,7,9,3,1,0,0,1
YOLO11m,3255,18,136,20,13,7,0,2,0,0,3
YOLO11m,3256,22,138,26,16,10,1,2,0,1,2
YOLO11m,3257,12,37,13,12,1,0,0,0,0,0
YOLO11m,3258,7,70,5,5,0,0,2,0,0,0
YOLO11m,3259,13,133,10,9,1,0,3,0,0,1
YOLO11m,3260,8,75,11,7,4,0,1,0,0,0
YOLO11m,3261,13,151,14,10,4,0,2,0,1,0
YOLO11m,3262,18,168,8,7,1,2,9,0,0,0
YOLO11m,3263,16,121,16,12,4,0,3,0,0,1
YOLO11m,3264,27,133,18,14,4,3,3,1,0,6
YOLO11m,3265,9,68,13,9,4,0,0,0,0,0
YOLO11m,3266,10,82,11,10,1,0,0,0,0,0
YOLO11m,3267,50,240,41,33,8,5,9,0,0,3
YOLO11m,3268,8,90,9,7,2,0,1,0,0,0
YOLO11m,3269,6,55,6,6,0,0,0,0,0,0
YOLO11m,3270,41,230,38,27,11,3,5,0,1,5
YOLO11m,3271,13,142,10,8,2,2,3,0,0,0
YOLO11m,3272,9,85,8,8,0,0,1,0,0,0
YOLO11m,3273,26,161,22,16,6,3,5,0,0,2
YOLO11m,3274,17,122,15,11,4,2,2,0,2,0
YOLO11m,3275,12,65,12,10,2,0,1,0,0,1
YOLO11m,3276,17,125,15,14,1,0,2,0,0,1
YOLO11m,3277,18,173,16,11,5,0,5,0,0,2
YOLO11m,3278,9,68,7,6,1,2,1,0,0,0
YOLO11m,3279,19,137,24,14,10,0,3,1,0,1
YOLO11m,3280,15,259,22,10,12,0,3,0,1,1
YOLO11m,3281,9,81,12,8,4,0,1,0,0,0
YOLO11m,3282,31,107,31,23,8,0,3,0,1,4
YOLO11m,3283,7,73,4,3,1,0,4,0,0,0
YOLO11m,3284,21,162,16,12,4,2,7,0,0,0
YOLO11m,3285,14,135,12,11,1,2,1,0,0,0
YOLO11m,3286,21,72,19,13,6,1,1,0,1,5
YOLO11m,3287,12,53,12,12,0,0,0,0,0,0
YOLO11m,3288,10,53,8,7,1,0,3,0,0,0
YOLO11m,3289,31,244,30,21,9,3,5,0,0,2
YOLO11m,3290,34,248,29,22,7,3,5,0,1,3
YOLO11m,3291,11,127,11,7,4,1,3,0,0,0
YOLO11m,3292,6,47,5,5,0,1,0,0,0,0
YOLO11m,3293,20,126,19,17,2,0,1,0,0,2
YOLO11m,3294,16,75,14,13,1,0,2,0,0,1
YOLO11m,3295,10,58,10,10,0,0,0,0,0,0
YOLO11m,3296,7,115,10,5,5,1,1,0,0,0
YOLO11m,3297,26,128,20,15,5,5,6,0,0,0
YOLO11m,3298,29,166,27,21,6,2,5,0,1,0
YOLO11m,3299,25,68,25,23,2,0,0,0,1,1
YOLO11m,3300,17,105,14,11,3,3,2,0,0,1
YOLO11m,3301,28,171,32,23,9,0,3,0,0,2
YOLO11m,3302,15,83,12,11,1,0,4,0,0,0
YOLO11m,3303,12,90,10,10,0,0,2,0,0,0
YOLO11m,3304,8,73,9,7,2,0,0,0,0,1
YOLO11m,3305,33,228,28,22,6,1,8,0,1,1
YOLO11m,3306,10,102,8,6,2,1,3,0,0,0
YOLO11m,3307,41,205,41,29,12,2,9,0,0,1
YOLO11m,3308,18,119,13,12,1,1,4,0,0,1
YOLO11m,3309,10,51,9,8,1,1,0,0,0,1
YOLO11m,3310,17,206,11,7,4,2,6,0,1,1
YOLO11m,3311,27,85,28,22,6,0,3,0,0,2
YOLO11m,3312,30,98,24,20,4,3,4,0,0,3
YOLO11m,3313,29,85,25,22,3,2,2,0,0,3
YOLO11m,3314,24,100,21,14,7,2,6,0,0,2
YOLO11m,3315,21,183,23,20,3,1,0,0,0,0
YOLO11m,3316,15,94,5,4,1,2,7,0,0,2
YOLO11m,3317,18,115,17,14,3,0,4,0,0,0
YOLO11m,3318,19,175,13,11,2,1,7,0,0,0
YOLO11m,3319,26,184,29,22,7,2,0,0,1,1
YOLO11m,3320,26,166,26,23,3,0,2,0,0,1
YOLO11m,3321,16,101,10,9,1,2,5,0,0,0
YOLO11m,3322,16,139,21,10,11,0,1,0,0,5
YOLO11m,3323,13,149,12,11,1,0,2,0,0,0
YOLO11m,3324,23,100,21,15,6,3,3,0,0,2
YOLO11m,3325,14,118,18,14,4,0,0,0,0,0
YOLO11m,3326,19,88,22,14,8,0,1,0,0,4
YOLO11m,3327,17,194,15,13,2,2,2,0,0,0
YOLO11m,3328,9,171,8,8,0,0,1,0,0,0
YOLO11m,3329,6,32,5,4,1,1,1,0,0,0
YOLO11m,3330,19,205,18,14,4,1,3,0,0,1
YOLO11m,3331,35,229,33,18,15,2,10,0,2,3
YOLO11m,3332,14,102,12,12,0,0,2,0,0,0
YOLO11m,3333,14,113,12,10,2,0,3,0,0,1
YOLO11m,3334,30,162,29,25,4,1,4,0,0,0
YOLO11m,3335,6,91,6,5,1,0,1,0,0,0
YOLO11m,3336,19,88,16,13,3,0,4,1,1,0
YOLO11m,3337,6,36,7,6,1,0,0,0,0,0
YOLO11m,3338,29,192,26,23,3,4,2,0,0,0
YOLO11m,3339,20,165,27,18,9,1,1,0,0,0
YOLO11m,3340,15,85,11,8,3,4,2,0,0,1
YOLO11m,3341,33,168,28,24,4,2,6,0,0,1
YOLO11m,3342,19,166,21,15,6,0,3,0,1,0
YOLO11m,3343,15,131,14,13,1,0,0,0,1,1
YOLO11m,3344,11,39,9,9,0,0,1,0,0,1
YOLO11m,3345,32,117,27,21,6,5,4,2,0,0
YOLO11m,3346,24,137,28,21,7,0,3,0,0,0
YOLO11m,3347,18,193,15,14,1,2,2,0,0,0
YOLO11m,3348,8,63,7,6,1,0,2,0,0,0
YOLO11m,3349,20,53,18,15,3,3,2,0,0,0
YOLO11m,3350,29,122,31,24,7,2,0,0,0,3
YOLO11m,3351,10,95,10,9,1,0,1,0,0,0
YOLO11m,3352,33,132,29,23,6,5,3,0,0,2
YOLO11m,3353,14,130,15,12,3,2,0,0,0,0
YOLO11m,3354,25,90,19,16,3,0,4,2,0,3
YOLO11m,3355,25,195,19,13,6,3,8,0,1,0
YOLO11m,3356,10,72,11,10,1,0,0,0,0,0
YOLO11m,3357,8,107,4,3,1,2,3,0,0,0
YOLO11m,3358,20,167,16,14,2,4,2,0,0,0
YOLO11m,3359,13,70,13,12,1,0,1,0,0,0
YOLO11m,3360,34,224,26,20,6,4,6,0,0,4
YOLO11m,3361,19,100,20,11,9,2,2,2,0,2
YOLO11m,3362,19,97,22,16,6,0,1,0,0,2
YOLO11m,3363,28,79,26,20,6,1,4,0,0,3
YOLO11m,3364,7,65,10,5,5,1,0,0,0,1
YOLO11m,3365,19,167,22,13,9,0,4,0,1,1
YOLO11m,3366,15,231,18,14,4,0,1,0,0,0
YOLO11m,3367,33,201,31,29,2,0,2,0,1,1
YOLO11m,3368,20,104,21,19,2,0,0,0,0,1
YOLO11m,3369,6,237,5,2,3,0,4,0,0,0
YOLO11m,3370,20,154,20,18,2,0,2,0,0,0
YOLO11m,3371,51,257,46,31,15,8,3,0,1,8
YOLO11m,3372,21,228,25,17,8,1,2,0,0,1
YOLO11m,3373,25,157,23,16,7,2,7,0,0,0
YOLO11m,3374,16,142,11,9,2,1,6,0,0,0
YOLO11m,3375,15,75,10,10,0,2,3,0,0,0
YOLO11m,3376,7,88,4,3,1,2,2,0,0,0
YOLO11m,3377,8,65,12,8,4,0,0,0,0,0
YOLO11m,3378,11,145,15,9,6,0,2,0,0,0
YOLO11m,3379,9,92,8,8,0,0,1,0,0,0
YOLO11m,3380,18,157,18,13,5,0,2,2,0,1
YOLO11m,3381,11,62,13,10,3,1,0,0,0,0
YOLO11m,3382,6,155,5,3,2,0,3,0,0,0
YOLO11m,3383,19,95,24,18,6,0,0,0,0,1
YOLO11m,3384,7,108,8,7,1,0,0,0,0,0
YOLO11m,3385,13,213,6,4,2,0,8,0,0,1
YOLO11m,3386,34,223,34,25,9,1,7,0,1,0
YOLO11m,3387,9,86,8,6,2,0,0,0,0,3
YOLO11m,3388,21,228,22,17,5,1,2,0,0,1
YOLO11m,3389,10,58,10,9,1,1,0,0,0,0
YOLO11m,3390,28,73,30,23,7,3,1,0,0,1
YOLO11m,3391,31,248,33,25,8,0,3,0,0,3
YOLO11m,3392,30,94,23,18,5,7,1,0,0,4
YOLO11m,3393,15,110,13,10,3,1,4,0,0,0
YOLO11m,3394,20,109,25,16,9,0,1,0,0,3
YOLO11m,3395,8,139,8,6,2,0,2,0,0,0
YOLO11m,3396,17,161,18,14,4,0,2,0,0,1
YOLO11m,3397,22,171,24,19,5,0,2,0,0,1
YOLO11m,3398,17,175,14,13,1,0,4,0,0,0
YOLO11m,3399,21,176,18,16,2,1,4,0,0,0
YOLO11m,3400,27,119,24,17,7,4,3,0,1,2
YOLO11m,3401,39,189,30,24,6,3,7,1,1,3
YOLO11m,3402,21,150,26,18,8,0,0,0,0,3
YOLO11m,3403,13,135,6,6,0,1,5,0,0,1
YOLO11m,3404,19,109,20,15,5,1,3,0,0,0
YOLO11m,3405,27,170,26,24,2,0,3,0,0,0
YOLO11m,3406,23,208,25,20,5,0,3,0,0,0
YOLO11m,3407,14,119,14,11,3,0,2,0,0,1
YOLO11m,3408,17,113,16,14,2,0,3,0,0,0
YOLO11m,3409,9,74,7,6,1,0,2,0,0,1
YOLO11m,3410,15,255,21,13,8,0,0,0,0,2
YOLO11m,3411,13,53,10,8,2,3,1,0,0,1
YOLO11m,3412,33,205,20,12,8,7,12,0,0,2
YOLO11m,3413,26,262,26,18,8,1,7,0,0,0
YOLO11m,3414,14,148,13,13,0,0,1,0,0,0
YOLO11m,3415,13,92,11,11,0,2,0,0,0,0
YOLO11m,3416,11,88,12,6,6,3,2,0,0,0
YOLO11m,3417,23,163,19,15,4,2,5,0,0,1
YOLO11m,3418,34,175,38,30,8,1,0,0,0,3
YOLO11m,3419,9,118,11,7,4,0,2,0,0,0
YOLO11m,3420,16,181,7,4,3,6,4,0,0,2
YOLO11m,3421,27,102,24,20,4,1,3,0,0,3
YOLO11m,3422,6,54,4,4,0,0,2,0,0,0
YOLO11m,3423,5,54,5,4,1,0,1,0,0,0
YOLO11m,3424,20,105,20,17,3,0,2,0,1,0
YOLO11m,3425,31,148,28,24,4,0,5,0,0,2
YOLO11m,3426,44,203,31,18,13,6,10,0,0,10
YOLO11m,3427,25,154,19,17,2,4,3,0,0,1
YOLO11m,3428,25,142,32,19,13,1,1,0,0,4
YOLO11m,3429,6,28,3,3,0,1,1,0,0,1
YOLO11m,3430,16,81,18,14,4,0,2,0,0,0
YOLO11m,3431,11,63,12,10,2,0,0,0,0,1
YOLO11m,3432,29,196,20,16,4,6,7,0,0,0
YOLO11m,3433,19,128,16,11,5,0,7,0,0,1
YOLO11m,3434,4,32,3,3,0,1,0,0,0,0
YOLO11m,3435,29,130,23,21,2,1,5,0,0,2
YOLO11m,3436,7,97,3,2,1,1,4,0,0,0
YOLO11m,3437,14,124,9,7,2,3,3,0,1,0
YOLO11m,3438,15,123,18,13,5,0,0,0,0,2
YOLO11m,3439,22,151,21,17,4,1,2,0,0,2
YOLO11m,3440,12,236,10,2,8,0,8,0,1,1
YOLO11m,3441,18,133,16,13,3,3,2,0,0,0
YOLO11m,3442,17,119,17,14,3,0,3,0,0,0
YOLO11m,3443,7,81,6,5,1,0,2,0,0,0
YOLO11m,3444,33,110,29,26,3,3,0,0,0,4
YOLO11m,3445,18,63,19,13,6,0,0,3,0,2
YOLO11m,3446,13,65,13,10,3,0,3,0,0,0
YOLO11m,3447,32,212,32,21,11,0,9,0,1,1
YOLO11m,3448,32,224,14,11,3,9,7,0,1,4
YOLO11m,3449,16,145,7,5,2,3,8,0,0,0
YOLO11m,3450,17,124,15,12,3,0,3,1,0,1
YOLO11m,3451,19,67,17,14,3,0,3,0,0,2
YOLO11m,3452,16,157,14,11,3,2,2,0,1,0
YOLO11m,3453,12,78,15,8,7,1,1,0,0,2
YOLO11m,3454,37,139,33,29,4,0,5,1,1,1
YOLO11m,3455,7,158,9,7,2,0,0,0,0,0
YOLO11m,3456,19,68,18,15,3,0,2,0,0,2
YOLO11m,3457,8,68,4,3,1,0,5,0,0,0
YOLO11m,3458,7,38,7,7,0,0,0,0,0,0
YOLO11m,3459,21,65,21,16,5,1,3,0,0,1
YOLO11m,3460,21,115,19,18,1,1,1,0,1,0
YOLO11m,3461,26,171,27,20,7,1,3,0,0,2
YOLO11m,3462,7,85,12,7,5,0,0,0,0,0
YOLO11m,3463,15,95,17,11,6,0,3,0,0,1
YOLO11m,3464,25,138,20,18,2,4,1,0,0,2
YOLO11m,3465,4,11,4,4,0,0,0,0,0,0
YOLO11m,3466,14,202,13,11,2,3,0,0,0,0
YOLO11m,3467,6,123,8,3,5,0,2,0,0,1
YOLO11m,3468,33,92,26,22,4,2,6,0,0,3
YOLO11m,3469,14,159,15,12,3,0,2,0,0,0
YOLO11m,3470,22,190,33,21,12,0,1,0,0,0
YOLO11m,3471,14,96,14,13,1,0,0,0,1,0
YOLO11m,3472,18,65,22,16,6,0,1,0,0,1
YOLO11m,3473,19,72,23,16,7,2,0,0,0,1
YOLO11m,3474,15,142,13,10,3,1,2,0,0,2
YOLO11m,3475,23,83,27,18,9,0,2,2,0,1
YOLO11m,3476,38,128,29,23,6,7,7,0,0,1
YOLO11m,3477,25,132,22,19,3,3,2,0,0,1
YOLO11m,3478,14,72,17,14,3,0,0,0,0,0
YOLO11m,3479,16,76,14,11,3,0,4,0,0,1
YOLO11m,3480,28,143,29,22,7,1,3,0,0,2
YOLO11m,3481,52,298,34,24,10,10,13,0,1,4
YOLO11m,3482,43,253,36,32,4,2,6,1,1,1
YOLO11m,3483,20,131,18,15,3,2,0,0,0,3
YOLO11m,3484,13,154,13,10,3,1,2,0,0,0
YOLO11m,3485,6,129,14,6,8,0,0,0,0,0
YOLO11m,3486,14,165,20,11,9,0,3,0,0,0
YOLO11m,3487,18,117,19,18,1,0,0,0,0,0
YOLO11m,3488,12,181,12,11,1,0,1,0,0,0
YOLO11m,3489,18,110,15,10,5,0,5,0,0,3
YOLO11m,3490,20,175,17,15,2,1,4,0,0,0
YOLO11m,3491,29,151,25,22,3,4,0,0,0,3
YOLO11m,3492,34,266,29,18,11,2,10,0,1,3
YOLO11m,3493,25,122,25,19,6,1,2,0,0,3
YOLO11m,3494,5,127,6,5,1,0,0,0,0,0
YOLO11m,3495,18,150,20,15,5,0,2,0,0,1
YOLO11m,3496,25,224,21,19,2,3,3,0,0,0
YOLO11m,3497,18,100,16,13,3,3,1,0,0,1
YOLO11m,3498,35,225,35,30,5,1,1,0,0,3
YOLO11m,3499,26,127,25,22,3,1,2,0,1,0
YOLO11m,3500,5,33,4,4,0,0,1,0,0,0
YOLO11m,3501,17,136,23,13,10,0,1,0,0,3
YOLO11m,3502,25,177,26,19,7,1,0,0,0,5
YOLO11m,3503,21,181,16,13,3,1,6,0,0,1
YOLO11m,3504,16,158,19,13,6,0,2,0,1,0
YOLO11m,3505,28,196,23,19,4,4,3,0,0,2
YOLO11m,3506,23,76,24,20,4,1,0,0,1,1
YOLO11m,3507,28,182,20,17,3,5,5,0,0,1
YOLO11m,3508,11,201,9,8,1,1,2,0,0,0
YOLO11m,3509,55,300,57,34,23,6,7,0,1,7
YOLO11m,3510,11,170,7,6,1,2,3,0,0,0
YOLO11m,3511,11,125,12,7,5,1,2,0,1,0
YOLO11m,3512,23,128,21,13,8,5,3,0,1,1
YOLO11m,3513,9,50,10,9,1,0,0,0,0,0
YOLO11m,3514,10,80,13,10,3,0,0,0,0,0
YOLO11m,3515,16,151,17,15,2,0,1,0,0,0
YOLO11m,3516,18,140,23,17,6,0,1,0,0,0
YOLO11m,3517,13,123,15,13,2,0,0,0,0,0
YOLO11m,3518,24,200,25,20,5,0,4,0,0,0
YOLO11m,3519,18,159,20,16,4,0,1,0,0,1
YOLO11m,3520,10,165,12,6,6,0,4,0,0,0
YOLO11m,3521,23,102,24,20,4,0,1,0,0,2
YOLO11m,3522,15,158,14,10,4,0,5,0,0,0
YOLO11m,3523,23,293,21,16,5,2,3,0,0,2
YOLO11m,3524,23,139,20,16,4,0,6,0,0,1
YOLO11m,3525,21,113,22,19,3,0,2,0,0,0
YOLO11m,3526,20,244,21,15,6,0,5,0,0,0
YOLO11m,3527,14,93,9,7,2,2,5,0,0,0
YOLO11m,3528,13,85,15,12,3,0,1,0,0,0
YOLO11m,3529,11,66,7,7,0,1,3,0,0,0
YOLO11m,3530,8,111,9,6,3,1,0,0,1,0
YOLO11m,3531,11,166,11,9,2,0,2,0,0,0
YOLO11m,3532,5,99,8,5,3,0,0,0,0,0
YOLO11m,3533,6,51,4,4,0,2,0,0,0,0
YOLO11m,3534,13,168,16,10,6,1,1,0,0,1
YOLO11m,3535,24,212,25,19,6,0,3,0,1,1
YOLO11m,3536,6,45,7,6,1,0,0,0,0,0
YOLO11m,3537,9,146,4,4,0,5,0,0,0,0
YOLO11m,3538,19,122,18,13,5,1,3,0,0,2
YOLO11m,3539,24,110,26,21,5,0,1,0,0,2
YOLO11m,3540,16,126,19,14,5,0,1,0,0,1
YOLO11m,3541,14,134,17,11,6,2,0,0,1,0
YOLO11m,3542,12,158,13,10,3,0,2,0,0,0
YOLO11m,3543,23,112,21,21,0,0,2,0,0,0
YOLO11m,3544,28,153,34,21,13,0,2,0,0,5
YOLO11m,3545,26,153,30,18,12,0,5,0,0,3
YOLO11m,3546,10,75,8,7,1,1,1,0,0,1
YOLO11m,3547,34,288,35,29,6,1,3,0,0,1
YOLO11m,3548,10,74,8,8,0,0,1,0,0,1
YOLO11m,3549,23,207,21,17,4,1,3,0,0,2
YOLO11m,3550,24,213,27,18,9,0,4,0,1,1
YOLO11m,3551,27,204,25,10,15,3,7,0,1,6
YOLO11m,3552,9,78,9,8,1,0,1,0,0,0
YOLO11m,3553,31,106,29,25,4,1,2,1,0,2
YOLO11m,3554,24,109,33,23,10,0,0,0,1,0
YOLO11m,3555,27,107,32,25,7,0,1,0,0,1
YOLO11m,3556,14,172,18,14,4,0,0,0,0,0
YOLO11m,3557,45,240,37,23,14,4,12,0,1,5
YOLO11m,3558,19,139,14,13,1,1,3,0,0,2
YOLO11m,3559,20,121,27,13,14,0,1,0,0,6
YOLO11m,3560,14,144,10,9,1,2,3,0,0,0
YOLO11m,3561,20,103,22,18,4,0,2,0,0,0
YOLO11m,3562,30,185,23,15,8,3,10,0,0,2
YOLO11m,3563,21,189,16,16,0,1,4,0,0,0
YOLO11m,3564,7,207,7,2,5,0,3,0,0,2
YOLO11m,3565,23,95,23,20,3,1,1,0,0,1
YOLO11m,3566,33,225,32,23,9,1,5,0,0,4
YOLO11m,3567,12,67,11,11,0,0,1,0,0,0
YOLO11m,3568,8,88,9,8,1,0,0,0,0,0
YOLO11m,3569,22,98,19,16,3,1,1,0,0,4
YOLO11m,3570,11,171,12,11,1,0,0,0,0,0
YOLO11m,3571,23,140,18,14,4,2,4,0,2,1
YOLO11m,3572,9,63,8,8,0,0,1,0,0,0
YOLO11m,3573,21,128,22,18,4,2,1,0,0,0
YOLO11m,3574,23,274,24,16,8,1,4,0,1,1
YOLO11m,3575,15,126,13,9,4,0,5,0,1,0
YOLO11m,3576,9,51,9,8,1,0,1,0,0,0
YOLO11m,3577,27,143,26,19,7,4,3,0,0,1
YOLO11m,3578,10,83,12,6,6,0,4,0,0,0
YOLO11m,3579,10,74,16,10,6,0,0,0,0,0
YOLO11m,3580,4,12,4,4,0,0,0,0,0,0
YOLO11m,3581,20,189,15,10,5,3,4,0,0,3
YOLO11m,3582,22,165,12,7,5,2,9,0,0,4
YOLO11m,3583,19,88,24,19,5,0,0,0,0,0
YOLO11m,3584,8,68,9,7,2,0,1,0,0,0
YOLO11m,3585,14,165,14,12,2,0,2,0,0,0
YOLO11m,3586,11,87,9,9,0,0,2,0,0,0
YOLO11m,3587,19,171,16,10,6,2,5,0,0,2
YOLO11m,3588,12,140,17,10,7,0,2,0,0,0
YOLO11m,3589,26,156,19,18,1,2,6,0,0,0
YOLO11m,3590,21,247,10,3,7,6,4,0,0,8
YOLO11m,3591,14,94,9,9,0,2,3,0,0,0
YOLO11m,3592,6,97,5,3,2,2,0,0,0,1
YOLO11m,3593,19,89,20,18,2,0,1,0,0,0
YOLO11m,3594,6,112,8,5,3,0,0,0,0,1
YOLO11m,3595,16,122,10,9,1,3,4,0,0,0
YOLO11m,3596,46,279,37,30,7,4,8,0,0,4
YOLO11m,3597,14,103,14,12,2,0,2,0,0,0
YOLO11m,3598,19,127,15,15,0,1,3,0,0,0
YOLO11m,3599,12,213,14,9,5,0,2,0,0,1
YOLO11m,3600,7,39,5,4,1,0,1,0,0,2
YOLO11m,3601,22,145,16,16,0,0,6,0,0,0
YOLO11m,3602,45,300,43,36,7,4,5,0,0,0
YOLO11m,3603,17,164,14,13,1,0,4,0,0,0
YOLO11m,3604,19,205,24,14,10,0,1,0,0,4
YOLO11m,3605,12,158,12,9,3,1,0,0,1,1
YOLO11m,3606,23,169,24,19,5,2,1,0,0,1
YOLO11m,3607,35,210,30,21,9,2,10,0,1,1
YOLO11m,3608,14,167,12,10,2,0,4,0,0,0
YOLO11m,3609,17,127,17,15,2,0,1,0,0,1
YOLO11m,3610,19,166,25,16,9,0,0,0,0,3
YOLO11m,3611,26,230,23,17,6,4,3,0,0,2
YOLO11m,3612,32,190,31,24,7,1,6,0,1,0
YOLO11m,3613,29,160,23,22,1,3,2,0,0,2
YOLO11m,3614,15,99,14,12,2,0,1,0,1,1
YOLO11m,3615,15,220,11,6,5,0,6,0,0,3
YOLO11m,3616,13,168,14,11,3,0,0,0,0,2
YOLO11m,3617,27,171,19,10,9,5,5,0,1,6
YOLO11m,3618,24,179,27,21,6,0,1,0,0,2
YOLO11m,3619,26,222,26,16,10,2,5,0,0,3
YOLO11m,3620,27,163,33,25,8,0,2,0,0,0
YOLO11m,3621,22,104,26,18,8,1,2,0,0,1
YOLO11m,3622,15,89,19,12,7,0,0,0,1,2
YOLO11m,3623,13,81,12,10,2,0,2,1,0,0
YOLO11m,3624,18,124,21,12,9,0,1,0,0,5
YOLO11m,3625,4,47,6,4,2,0,0,0,0,0
YOLO11m,3626,35,113,32,24,8,0,7,0,0,4
YOLO11m,3627,8,89,6,6,0,0,2,0,0,0
YOLO11m,3628,13,106,13,11,2,0,1,0,0,1
YOLO11m,3629,11,59,10,9,1,0,1,0,0,1
YOLO11m,3630,21,77,27,18,9,0,0,0,0,3
YOLO11m,3631,26,137,29,20,9,1,2,0,1,2
YOLO11m,3632,14,90,12,10,2,0,2,0,0,2
YOLO11m,3633,17,164,20,14,6,0,3,0,0,0
YOLO11m,3634,4,52,1,1,0,2,1,0,0,0
YOLO11m,3635,18,142,14,13,1,1,3,0,0,1
YOLO11m,3636,25,166,32,24,8,0,1,0,0,0
YOLO11m,3637,6,86,3,3,0,0,3,0,0,0
YOLO11m,3638,14,146,15,6,9,1,5,0,0,2
YOLO11m,3639,27,176,24,16,8,1,2,0,0,8
YOLO11m,3640,33,168,31,23,8,2,4,0,1,3
YOLO11m,3641,5,76,5,3,2,0,2,0,0,0
YOLO11m,3642,35,182,35,21,14,6,1,0,0,7
YOLO11m,3643,15,174,16,11,5,0,3,0,1,0
YOLO11m,3644,31,154,27,22,5,5,3,0,0,1
YOLO11m,3645,7,50,4,4,0,3,0,0,0,0
YOLO11m,3646,10,117,11,6,5,1,3,0,0,0
YOLO11m,3647,28,205,34,24,10,1,2,0,0,1
YOLO11m,3648,21,174,17,14,3,0,6,0,0,1
YOLO11m,3649,7,69,8,6,2,0,0,0,0,1
YOLO11m,3650,16,148,15,11,4,1,3,0,0,1
YOLO11m,3651,28,226,32,21,11,2,2,0,0,3
YOLO11m,3652,11,100,12,8,4,1,2,0,0,0
YOLO11m,3653,14,192,18,12,6,0,2,0,0,0
YOLO11m,3654,19,193,20,13,7,1,4,0,0,1
YOLO11m,3655,10,98,11,7,4,0,1,0,2,0
YOLO11m,3656,30,143,23,17,6,2,8,0,0,3
YOLO11m,3657,24,186,17,13,4,0,5,0,0,6
YOLO11m,3658,14,86,15,10,5,0,0,0,3,1
YOLO11m,3659,18,199,13,9,4,1,6,0,0,2
YOLO11m,3660,26,252,5,4,1,10,11,1,0,0
YOLO11m,3661,4,103,3,2,1,0,2,0,0,0
YOLO11m,3662,5,49,9,5,4,0,0,0,0,0
YOLO11m,3663,27,116,26,20,6,3,2,0,0,2
YOLO11m,3664,23,250,23,20,3,0,2,0,0,1
YOLO11m,3665,31,146,19,14,5,7,5,0,2,3
YOLO11m,3666,32,122,36,31,5,0,1,0,0,0
YOLO11m,3667,7,71,10,3,7,1,3,0,0,0
YOLO11m,3668,13,60,13,12,1,1,0,0,0,0
YOLO11m,3669,28,146,26,19,7,2,0,0,2,5
YOLO11m,3670,14,248,18,14,4,0,0,0,0,0
YOLO11m,3671,34,224,25,16,9,3,10,0,0,5
YOLO11m,3672,27,204,24,17,7,2,5,0,0,3
YOLO11m,3673,41,300,25,9,16,5,19,0,0,8
YOLO11m,3674,29,211,21,15,6,5,7,0,0,2
YOLO11m,3675,27,168,28,24,4,1,1,0,0,1
YOLO11m,3676,8,186,6,5,1,2,1,0,0,0
YOLO11m,3677,9,89,8,8,0,0,1,0,0,0
YOLO11m,3678,16,147,16,14,2,0,2,0,0,0
YOLO11m,3679,38,203,31,28,3,3,7,0,0,0
YOLO11m,3680,12,77,11,11,0,0,1,0,0,0
YOLO11m,3681,15,207,9,8,1,1,6,0,0,0
YOLO11m,3682,5,60,6,5,1,0,0,0,0,0
YOLO11m,3683,20,130,21,17,4,1,2,0,0,0
YOLO11m,3684,17,130,15,11,4,2,2,0,0,2
YOLO11m,3685,8,101,6,4,2,0,4,0,0,0
YOLO11m,3686,7,116,7,4,3,0,3,0,0,0
YOLO11m,3687,28,207,30,21,9,1,4,1,0,1
YOLO11m,3688,30,159,27,19,8,4,4,0,0,3
YOLO11m,3689,6,22,6,6,0,0,0,0,0,0
YOLO11m,3690,12,208,11,6,5,2,4,0,0,0
YOLO11m,3691,16,95,15,13,2,0,3,0,0,0
YOLO11m,3692,27,153,19,13,6,9,5,0,0,0
YOLO11m,3693,27,217,34,23,11,2,0,0,0,2
YOLO11m,3694,14,114,12,10,2,0,2,0,1,1
YOLO11m,3695,9,103,10,7,3,2,0,0,0,0
YOLO11m,3696,30,206,29,20,9,2,7,0,0,1
YOLO11m,3697,30,278,28,24,4,0,4,0,0,2
YOLO11m,3698,28,119,22,18,4,2,5,0,2,1
YOLO11m,3699,20,127,21,17,4,0,3,0,0,0
YOLO11m,3700,35,191,35,17,18,3,2,2,0,11
YOLO11m,3701,9,163,10,5,5,0,3,0,0,1
YOLO11m,3702,27,256,19,15,4,0,11,0,0,1
YOLO11m,3703,19,151,14,11,3,1,5,0,0,2
YOLO11m,3704,20,169,16,14,2,1,1,0,0,4
YOLO11m,3705,18,128,21,13,8,1,2,0,0,2
YOLO11m,3706,21,60,24,18,6,0,2,0,0,1
YOLO11m,3707,4,45,4,3,1,0,1,0,0,0
YOLO11m,3708,11,62,11,10,1,0,1,0,0,0
YOLO11m,3709,18,140,18,13,5,0,2,0,0,3
YOLO11m,3710,16,91,17,9,8,1,0,0,5,1
YOLO11m,3711,24,182,22,19,3,0,2,0,1,2
YOLO11m,3712,30,161,21,20,1,2,8,0,0,0
YOLO11m,3713,14,98,13,10,3,1,2,0,1,0
YOLO11m,3714,10,124,19,10,9,0,0,0,0,0
YOLO11m,3715,22,156,24,17,7,1,1,0,0,3
YOLO11m,3716,9,113,9,7,2,0,1,0,1,0
YOLO11m,3717,6,95,7,3,4,0,1,0,0,2
YOLO11m,3718,11,99,10,6,4,1,3,0,0,1
YOLO11m,3719,15,166,17,11,6,1,0,0,0,3
YOLO11m,3720,30,188,19,14,5,7,8,0,0,1
YOLO11m,3721,42,198,29,21,8,3,12,0,0,6
YOLO11m,3722,28,224,23,19,4,2,7,0,0,0
YOLO11m,3723,23,119,24,22,2,0,1,0,0,0
YOLO11m,3724,29,176,18,16,2,4,6,0,0,3
YOLO11m,3725,23,209,25,16,9,1,4,0,0,2
YOLO11m,3726,9,152,12,7,5,1,0,0,0,1
YOLO11m,3727,25,163,19,14,5,3,7,0,0,1
YOLO11m,3728,25,205,14,10,4,4,8,0,0,3
YOLO11m,3729,14,138,16,10,6,0,2,0,0,2
YOLO11m,3730,26,240,28,15,13,4,4,0,1,2
YOLO11m,3731,5,94,7,3,4,1,0,0,1,0
YOLO11m,3732,6,86,6,4,2,0,2,0,0,0
YOLO11m,3733,48,300,36,32,4,5,11,0,0,0
YOLO11m,3734,32,190,21,20,1,1,8,1,0,2
YOLO11m,3735,21,160,18,15,3,1,4,0,1,0
YOLO11m,3736,4,62,2,2,0,1,1,0,0,0
YOLO11m,3737,28,242,37,25,12,0,2,0,0,1
YOLO11m,3738,66,284,44,29,15,16,13,1,1,6
YOLO11m,3739,16,142,12,11,1,3,2,0,0,0
YOLO11m,3740,34,231,34,27,7,3,1,0,1,2
YOLO11m,3741,36,289,27,19,8,7,5,0,2,3
YOLO11m,3742,15,83,15,11,4,0,0,0,1,3
YOLO11m,3743,10,99,7,7,0,2,1,0,0,0
YOLO11m,3744,10,101,10,7,3,1,1,0,0,1
YOLO11m,3745,18,110,19,14,5,1,1,0,0,2
YOLO11m,3746,19,106,23,18,5,0,0,0,0,1
YOLO11m,3747,33,300,31,20,11,3,6,0,1,3
YOLO11m,3748,27,200,19,16,3,3,6,0,0,2
YOLO11m,3749,15,114,8,5,3,2,8,0,0,0
YOLO11m,3750,16,110,17,16,1,0,0,0,0,0
YOLO11m,3751,15,110,17,10,7,0,1,0,0,4
YOLO11m,3752,61,229,45,33,12,13,8,1,0,6
YOLO11m,3753,29,214,29,24,5,0,5,0,0,0
YOLO11m,3754,15,157,16,9,7,2,2,0,0,2
YOLO11m,3755,17,107,16,14,2,0,1,0,1,1
YOLO11m,3756,10,119,10,6,4,0,3,0,1,0
YOLO11m,3757,16,132,21,12,9,0,1,0,1,2
YOLO11m,3758,4,9,2,2,0,1,1,0,0,0
YOLO11m,3759,11,114,12,10,2,0,1,0,0,0
YOLO11m,3760,10,83,10,5,5,1,1,0,0,3
YOLO11m,3761,10,94,5,5,0,0,5,0,0,0
YOLO11m,3762,9,107,10,8,2,0,1,0,0,0
YOLO11m,3763,22,175,23,20,3,0,1,0,0,1
YOLO11m,3764,25,141,28,14,14,0,4,0,0,7
YOLO11m,3765,23,95,23,20,3,0,1,0,1,1
YOLO11m,3766,13,129,14,11,3,1,0,0,1,0
YOLO11m,3767,6,53,6,6,0,0,0,0,0,0
YOLO11m,3768,6,24,6,6,0,0,0,0,0,0
YOLO11m,3769,28,120,20,11,9,2,12,0,1,2
YOLO11m,3770,9,91,10,8,2,0,1,0,0,0
YOLO11m,3771,14,123,12,10,2,1,1,0,0,2
YOLO11m,3772,18,233,20,12,8,1,4,0,0,1
YOLO11m,3773,11,158,8,7,1,0,3,0,1,0
YOLO11m,3774,23,80,23,18,5,0,0,1,0,4
YOLO11m,3775,17,124,10,9,1,3,5,0,0,0
YOLO11m,3776,16,55,20,16,4,0,0,0,0,0
YOLO11m,3777,20,102,7,6,1,1,12,0,0,1
YOLO11m,3778,15,123,14,7,7,2,2,0,0,4
YOLO11m,3779,18,72,17,13,4,0,1,0,1,3
YOLO11m,3780,24,91,18,16,2,1,5,0,0,2
YOLO11m,3781,17,149,18,14,4,2,1,0,0,0
YOLO11m,3782,13,86,17,13,4,0,0,0,0,0
YOLO11m,3783,21,199,20,11,9,5,3,0,1,1
YOLO11m,3784,20,44,20,14,6,0,0,3,0,3
YOLO11m,3785,14,112,13,12,1,1,1,0,0,0
YOLO11m,3786,23,135,33,16,17,1,1,0,0,5
YOLO11m,3787,13,40,13,11,2,1,0,0,0,1
YOLO11m,3788,40,216,41,31,10,0,4,0,1,4
YOLO11m,3789,14,77,15,13,2,0,0,0,0,1
YOLO11m,3790,26,163,26,18,8,2,4,0,1,1
YOLO11m,3791,38,212,32,24,8,4,6,0,0,4
YOLO11m,3792,18,199,21,16,5,0,0,0,0,2
YOLO11m,3793,12,98,10,9,1,0,3,0,0,0
YOLO11m,3794,22,97,18,15,3,1,5,0,0,1
YOLO11m,3795,14,108,15,11,4,0,1,0,0,2
YOLO11m,3796,15,73,14,12,2,1,0,0,0,2
YOLO11m,3797,26,144,30,21,9,0,3,0,0,2
YOLO11m,3798,10,105,10,10,0,0,0,0,0,0
YOLO11m,3799,51,261,55,44,11,1,3,0,1,2
YOLO11m,3800,28,117,28,20,8,0,2,0,0,6
YOLO11m,3801,16,77,15,12,3,1,2,0,0,1
YOLO11m,3802,10,116,11,8,3,1,0,0,0,1
YOLO11m,3803,36,191,38,22,16,4,3,0,0,7
YOLO11m,3804,11,190,7,5,2,0,6,0,0,0
YOLO11m,3805,4,33,4,4,0,0,0,0,0,0
YOLO11m,3806,28,77,24,19,5,2,2,0,0,5
YOLO11m,3807,20,164,25,19,6,0,0,0,0,1
YOLO11m,3808,38,161,29,20,9,6,3,0,2,7
YOLO11m,3809,13,128,9,9,0,0,3,0,0,1
YOLO11m,3810,17,192,19,10,9,1,6,0,0,0
YOLO11m,3811,23,148,25,17,8,1,3,0,1,1
YOLO11m,3812,16,102,17,14,3,2,0,0,0,0
YOLO11m,3813,12,35,12,10,2,1,1,0,0,0
YOLO11m,3814,10,85,12,9,3,0,0,0,0,1
YOLO11m,3815,37,263,25,17,8,2,9,0,1,8
YOLO11m,3816,9,223,20,8,12,0,0,0,0,1
YOLO11m,3817,8,162,10,7,3,0,1,0,0,0
YOLO11m,3818,31,194,38,26,12,0,3,0,0,2
YOLO11m,3819,20,125,20,15,5,2,2,0,1,0
YOLO11m,3820,21,186,25,17,8,1,2,0,0,1
YOLO11m,3821,36,245,28,25,3,2,6,0,0,3
YOLO11m,3822,19,148,16,14,2,4,1,0,0,0
YOLO11m,3823,22,155,16,12,4,3,7,0,0,0
YOLO11m,3824,11,131,12,11,1,0,0,0,0,0
YOLO11m,3825,9,130,11,9,2,0,0,0,0,0
YOLO11m,3826,7,62,7,5,2,0,2,0,0,0
YOLO11m,3827,11,223,8,7,1,1,3,0,0,0
YOLO11m,3828,4,101,3,2,1,0,1,0,0,1
YOLO11m,3829,5,52,3,3,0,1,1,0,0,0
YOLO11m,3830,26,209,28,21,7,0,4,0,0,1
YOLO11m,3831,28,130,10,9,1,5,12,0,0,2
YOLO11m,3832,10,111,9,7,2,0,2,0,0,1
YOLO11m,3833,16,129,18,15,3,0,0,0,0,1
YOLO11m,3834,23,82,26,20,6,0,3,0,0,0
YOLO11m,3835,9,97,9,7,2,0,1,0,1,0
YOLO11m,3836,32,214,36,30,6,0,1,0,0,1
YOLO11m,3837,13,164,11,6,5,1,3,0,0,3
YOLO11m,3838,33,218,30,24,6,1,6,1,0,1
YOLO11m,3839,6,100,11,4,7,0,0,0,0,2
YOLO11m,3840,13,112,14,10,4,0,3,0,0,0
YOLO11m,3841,18,122,18,16,2,0,0,0,0,2
YOLO11m,3842,16,50,20,14,6,0,0,0,1,1
YOLO11m,3843,26,93,26,19,7,3,2,1,0,1
YOLO11m,3844,37,94,22,19,3,11,3,2,0,2
YOLO11m,3845,31,171,23,20,3,2,4,0,0,5
YOLO11m,3846,14,68,11,10,1,0,2,0,0,2
YOLO11m,3847,8,124,6,5,1,0,2,0,1,0
YOLO11m,3848,18,67,17,17,0,0,1,0,0,0
YOLO11m,3849,6,130,4,2,2,2,2,0,0,0
YOLO11m,3850,21,161,21,17,4,0,2,0,0,2
YOLO11m,3851,24,182,21,16,5,1,7,0,0,0
YOLO11m,3852,11,89,10,9,1,0,2,0,0,0
YOLO11m,3853,12,83,12,8,4,1,1,0,0,2
YOLO11m,3854,22,171,12,9,3,2,9,0,1,1
YOLO11m,3855,29,141,31,24,7,1,3,0,1,0
YOLO11m,3856,20,100,20,19,1,0,0,0,1,0
YOLO11m,3857,43,197,20,18,2,11,10,0,0,4
YOLO11m,3858,25,142,23,20,3,0,5,0,0,0
YOLO11m,3859,25,184,31,22,9,1,1,0,0,1
YOLO11m,3860,24,209,23,16,7,0,6,0,0,2
YOLO11m,3861,14,107,17,13,4,0,1,0,0,0
YOLO11m,3862,19,96,21,17,4,1,1,0,0,0
YOLO11m,3863,34,209,37,29,8,1,3,0,1,0
YOLO11m,3864,5,119,6,2,4,0,2,0,1,0
YOLO11m,3865,23,134,24,16,8,0,0,2,0,5
YOLO11m,3866,28,158,29,18,11,0,8,0,0,2
YOLO11m,3867,10,93,6,6,0,0,3,0,0,1
YOLO11m,3868,9,102,8,7,1,0,2,0,0,0
YOLO11m,3869,9,75,9,9,0,0,0,0,0,0
YOLO11m,3870,15,97,17,13,4,0,1,0,0,1
YOLO11m,3871,22,176,20,12,8,0,5,0,0,5
YOLO11m,3872,29,253,37,19,18,1,5,0,1,3
YOLO11m,3873,20,81,9,9,0,6,4,0,0,1
YOLO11m,3874,23,184,19,13,6,3,6,0,1,0
YOLO11m,3875,5,73,3,2,1,2,1,0,0,0
YOLO11m,3876,26,129,28,23,5,0,1,0,0,2
YOLO11m,3877,17,69,24,14,10,0,1,1,0,1
YOLO11m,3878,23,105,24,16,8,1,2,0,0,4
YOLO11m,3879,22,112,22,14,8,0,5,0,0,3
YOLO11m,3880,19,133,24,17,7,0,1,0,0,1
YOLO11m,3881,16,163,22,14,8,0,1,0,0,1
YOLO11m,3882,19,131,26,15,11,0,4,0,0,0
YOLO11m,3883,29,166,23,19,4,3,5,0,1,1
YOLO11m,3884,8,63,11,8,3,0,0,0,0,0
YOLO11m,3885,11,98,11,10,1,0,0,0,0,1
YOLO11m,3886,8,119,8,8,0,0,0,0,0,0
YOLO11m,3887,7,55,6,5,1,0,2,0,0,0
YOLO11m,3888,17,105,17,14,3,0,3,0,0,0
YOLO11m,3889,13,297,10,10,0,1,2,0,0,0
YOLO11m,3890,20,149,17,17,0,0,3,0,0,0
YOLO11m,3891,13,134,7,6,1,5,2,0,0,0
YOLO11m,3892,11,81,13,11,2,0,0,0,0,0
YOLO11m,3893,19,133,26,17,9,1,0,0,0,1
YOLO11m,3894,10,76,11,10,1,0,0,0,0,0
YOLO11m,3895,56,300,41,29,12,10,11,0,1,5
YOLO11m,3896,26,136,25,18,7,1,6,0,0,1
YOLO11m,3897,32,190,30,21,9,4,3,0,2,2
YOLO11m,3898,13,82,16,12,4,0,0,0,0,1
YOLO11m,3899,18,77,17,17,0,0,1,0,0,0
YOLO11m,3900,26,160,19,14,5,3,5,0,0,4
YOLO11m,3901,13,132,14,6,8,0,5,0,0,2
YOLO11m,3902,24,104,27,17,10,0,3,0,0,4
YOLO11m,3903,17,101,17,13,4,1,3,0,0,0
YOLO11m,3904,39,300,55,36,19,1,2,0,0,0
YOLO11m,3905,52,211,42,38,4,1,4,3,0,6
YOLO11m,3906,21,176,21,16,5,2,2,0,0,1
YOLO11m,3907,23,60,25,21,4,0,0,0,0,2
YOLO11m,3908,9,82,9,6,3,1,0,0,0,2
YOLO11m,3909,20,189,17,16,1,1,3,0,0,0
YOLO11m,3910,22,122,26,20,6,0,2,0,0,0
YOLO11m,3911,21,126,15,12,3,1,7,1,0,0
YOLO11m,3912,13,156,17,12,5,0,0,0,0,1
YOLO11m,3913,4,223,2,1,1,1,2,0,0,0
YOLO11m,3914,29,171,36,25,11,0,4,0,0,0
YOLO11m,3915,17,93,13,12,1,0,4,0,0,1
YOLO11m,3916,22,83,24,16,8,1,2,0,0,3
YOLO11m,3917,15,78,15,14,1,0,0,0,0,1
YOLO11m,3918,36,247,32,28,4,1,6,0,0,1
YOLO11m,3919,32,215,27,26,1,3,3,0,0,0
YOLO11m,3920,14,110,13,9,4,1,3,0,0,1
YOLO11m,3921,32,208,31,24,7,0,7,0,0,1
YOLO11m,3922,16,90,17,12,5,1,2,0,1,0
YOLO11m,3923,23,80,18,16,2,0,4,0,0,3
YOLO11m,3924,5,112,8,5,3,0,0,0,0,0
YOLO11m,3925,22,146,25,16,9,0,5,0,1,0
YOLO11m,3926,8,132,6,5,1,0,3,0,0,0
YOLO11m,3927,9,109,15,8,7,1,0,0,0,0
YOLO11m,3928,34,200,25,20,5,5,5,0,1,3
YOLO11m,3929,13,114,11,11,0,0,2,0,0,0
YOLO11m,3930,22,148,21,18,3,0,4,0,0,0
YOLO11m,3931,31,104,38,25,13,1,0,0,1,4
YOLO11m,3932,31,146,22,17,5,5,4,0,0,5
YOLO11m,3933,12,133,8,3,5,2,7,0,0,0
YOLO11m,3934,17,104,22,12,10,0,0,0,0,5
YOLO11m,3935,15,143,17,15,2,0,0,0,0,0
YOLO11m,3936,14,147,15,11,4,0,2,0,0,1
YOLO11m,3937,15,165,14,11,3,2,2,0,0,0
YOLO11m,3938,20,176,18,15,3,2,1,0,0,2
YOLO11m,3939,22,161,27,19,8,1,1,0,0,1
YOLO11m,3940,38,271,36,29,7,1,5,0,0,3
YOLO11m,3941,22,231,25,16,9,1,3,0,0,2
YOLO11m,3942,36,203,35,29,6,3,2,0,0,2
YOLO11m,3943,36,156,37,30,7,2,2,0,0,2
YOLO11m,3944,15,171,17,11,6,1,3,0,0,0
YOLO11m,3945,12,71,10,9,1,0,2,0,0,1
YOLO11m,3946,16,114,14,14,0,0,2,0,0,0
YOLO11m,3947,13,87,10,8,2,2,2,0,0,1
YOLO11m,3948,9,142,9,5,4,0,4,0,0,0
YOLO11m,3949,13,126,16,10,6,0,2,0,0,1
YOLO11m,3950,4,51,3,3,0,0,1,0,0,0
YOLO11m,3951,27,150,25,17,8,0,8,0,0,2
YOLO11m,3952,13,124,16,10,6,0,3,0,0,0
YOLO11m,3953,18,46,17,15,2,0,2,0,0,1
YOLO11m,3954,28,189,37,25,12,0,3,0,0,0
YOLO11m,3955,7,56,9,6,3,0,0,0,0,1
YOLO11m,3956,24,228,29,23,6,0,1,0,0,0
YOLO11m,3957,8,68,9,7,2,0,1,0,0,0
YOLO11m,3958,27,82,25,19,6,0,2,0,1,5
YOLO11m,3959,35,111,34,25,9,0,2,0,1,7
YOLO11m,3960,20,211,24,17,7,0,1,0,0,2
YOLO11m,3961,43,261,49,37,12,0,2,0,0,4
YOLO11m,3962,35,134,32,25,7,2,4,1,0,3
YOLO11m,3963,7,32,6,6,0,0,1,0,0,0
YOLO11m,3964,8,73,8,6,2,0,1,0,0,1
YOLO11m,3965,7,48,7,6,1,1,0,0,0,0
YOLO11m,3966,16,107,13,12,1,1,3,0,0,0
YOLO11m,3967,26,252,20,16,4,3,5,0,0,2
YOLO11m,3968,12,146,10,9,1,2,1,0,0,0
YOLO11m,3969,15,81,14,12,2,0,1,0,0,2
YOLO11m,3970,17,94,15,14,1,1,1,0,0,1
YOLO11m,3971,23,211,21,17,4,2,3,0,0,1
YOLO11m,3972,10,107,11,6,5,1,2,0,0,1
YOLO11m,3973,6,77,4,4,0,1,0,0,0,1
YOLO11m,3974,16,134,20,16,4,0,0,0,0,0
YOLO11m,3975,14,145,14,11,3,1,2,0,0,0
YOLO11m,3976,18,187,21,13,8,1,2,0,1,1
YOLO11m,3977,10,198,9,7,2,0,2,0,1,0
YOLO11m,3978,9,132,10,6,4,0,3,0,0,0
YOLO11m,3979,17,145,20,15,5,1,1,0,0,0
YOLO11m,3980,22,152,31,20,11,0,2,0,0,0
YOLO11m,3981,11,70,15,11,4,0,0,0,0,0
YOLO11m,3982,13,120,9,6,3,0,4,1,0,2
YOLO11m,3983,29,80,30,23,7,1,1,1,0,3
YOLO11m,3984,38,275,41,33,8,0,3,0,0,2
YOLO11m,3985,24,127,27,19,8,0,2,0,0,3
YOLO11m,3986,29,245,34,23,11,0,4,1,1,0
YOLO11m,3987,23,226,25,15,10,1,2,0,1,4
YOLO11m,3988,7,27,6,5,1,0,1,0,0,1
YOLO11m,3989,23,165,24,19,5,0,3,0,1,0
YOLO11m,3990,30,104,31,26,5,0,3,1,0,0
YOLO11m,3991,13,163,15,10,5,0,3,0,0,0
YOLO11m,3992,33,150,25,23,2,0,8,0,0,2
YOLO11m,3993,14,157,18,12,6,0,2,0,0,0
YOLO11m,3994,22,124,7,6,1,3,13,0,0,0
YOLO11m,3995,13,177,10,8,2,0,5,0,0,0
YOLO11m,3996,15,201,15,13,2,0,2,0,0,0
YOLO11m,3997,44,265,44,36,8,1,3,0,3,1
YOLO11m,3998,5,122,7,4,3,0,1,0,0,0
YOLO11m,3999,9,75,11,7,4,1,1,0,0,0
YOLO11m,4000,8,161,9,6,3,1,1,0,0,0
YOLO11m,4001,8,92,4,3,1,2,3,0,0,0
YOLO11m,4002,11,58,13,9,4,1,0,1,0,0
YOLO11m,4003,24,131,24,20,4,0,2,0,0,2
YOLO11m,4004,6,61,7,4,3,0,2,0,0,0
YOLO11m,4005,10,66,6,6,0,2,2,0,0,0
YOLO11m,4006,26,283,9,8,1,7,11,0,0,0
YOLO11m,4007,27,99,25,20,5,2,3,0,0,2
YOLO11m,4008,15,197,6,6,0,4,5,0,0,0
YOLO11m,4009,24,114,23,19,4,0,3,0,0,2
YOLO11m,4010,26,162,22,18,4,1,4,0,0,3
YOLO11m,4011,18,83,19,14,5,0,0,0,0,4
YOLO11m,4012,16,119,21,14,7,0,1,0,0,1
YOLO11m,4013,24,101,21,11,10,4,5,0,3,1
YOLO11m,4014,30,124,30,23,7,1,3,0,3,0
YOLO11m,4015,22,148,23,16,7,0,5,0,0,1
YOLO11m,4016,12,115,13,8,5,1,3,0,0,0
YOLO11m,4017,23,177,28,21,7,0,2,0,0,0
YOLO11m,4018,21,232,23,10,13,2,6,0,1,2
YOLO11m,4019,29,189,27,24,3,0,5,0,0,0
YOLO11m,4020,24,175,31,21,10,0,2,0,0,1
YOLO11m,4021,17,67,22,15,7,0,1,0,0,1
YOLO11m,4022,25,164,22,20,2,2,3,0,0,0
YOLO11m,4023,17,160,14,11,3,2,4,0,0,0
YOLO11m,4024,17,101,18,16,2,0,0,0,0,1
YOLO11m,4025,9,68,11,9,2,0,0,0,0,0
YOLO11m,4026,33,220,20,17,3,6,9,0,0,1
YOLO11m,4027,6,79,5,3,2,0,3,0,0,0
YOLO11m,4028,40,240,36,23,13,3,4,0,0,10
YOLO11m,4029,17,142,17,14,3,0,3,0,0,0
YOLO11m,4030,23,116,26,22,4,0,1,0,0,0
YOLO11m,4031,14,86,18,14,4,0,0,0,0,0
YOLO11m,4032,15,89,13,10,3,0,3,0,0,2
YOLO11m,4033,9,97,11,5,6,1,2,0,1,0
YOLO11m,4034,27,257,20,16,4,1,8,0,0,2
YOLO11m,4035,18,80,15,13,2,2,2,0,0,1
YOLO11m,4036,33,199,23,22,1,1,9,1,0,0
YOLO11m,4037,28,245,21,14,7,5,7,0,0,2
YOLO11m,4038,39,300,27,21,6,4,12,1,0,1
YOLO11m,4039,9,114,8,4,4,0,5,0,0,0
YOLO11m,4040,14,101,13,11,2,1,2,0,0,0
YOLO11m,4041,20,106,20,13,7,0,3,0,2,2
YOLO11m,4042,22,116,23,20,3,0,2,0,0,0
YOLO11m,4043,17,169,21,15,6,0,0,0,1,1
YOLO11m,4044,7,48,6,6,0,1,0,0,0,0
YOLO11m,4045,14,114,14,10,4,1,0,0,0,3
YOLO11m,4046,26,154,19,16,3,2,6,0,0,2
YOLO11m,4047,18,72,19,12,7,0,4,0,0,2
YOLO11m,4048,27,122,23,21,2,0,4,0,0,2
YOLO11m,4049,24,121,32,22,10,1,0,0,0,1
YOLO11m,4050,36,184,34,23,11,6,2,0,0,5
YOLO11m,4051,5,22,5,3,2,0,1,0,0,1
YOLO11m,4052,13,130,13,11,2,0,2,0,0,0
YOLO11m,4053,23,185,21,17,4,1,4,0,0,1
YOLO11m,4054,37,199,30,18,12,3,10,0,0,6
YOLO11m,4055,23,140,18,15,3,0,8,0,0,0
YOLO11m,4056,8,66,8,7,1,0,1,0,0,0
YOLO11m,4057,10,69,7,6,1,1,2,0,0,1
YOLO11m,4058,10,188,9,8,1,0,2,0,0,0
YOLO11m,4059,10,27,11,9,2,0,0,0,0,1
YOLO11m,4060,9,115,6,6,0,1,2,0,0,0
YOLO11m,4061,8,142,8,6,2,0,2,0,0,0
YOLO11m,4062,37,232,34,26,8,5,3,0,0,3
YOLO11m,4063,16,228,21,13,8,0,2,0,0,1
YOLO11m,4064,31,210,25,23,2,0,7,0,0,1
YOLO11m,4065,12,166,8,6,2,2,3,0,0,1
YOLO11m,4066,16,108,19,13,6,1,2,0,0,0
YOLO11m,4067,10,51,10,9,1,0,0,0,0,1
YOLO11m,4068,21,74,18,16,2,3,2,0,0,0
YOLO11m,4069,32,181,27,21,6,3,6,0,1,1
YOLO11m,4070,19,190,20,14,6,3,2,0,0,0
YOLO11m,4071,24,179,30,19,11,0,3,0,0,2
YOLO11m,4072,21,154,26,15,11,1,4,0,0,1
YOLO11m,4073,19,161,18,13,5,3,2,0,1,0
YOLO11m,4074,12,83,7,4,3,5,3,0,0,0
YOLO11m,4075,19,188,19,15,4,0,4,0,0,0
YOLO11m,4076,30,156,27,25,2,2,2,0,0,1
YOLO11m,4077,21,138,25,20,5,0,1,0,0,0
YOLO11m,4078,27,122,24,17,7,3,2,2,0,3
YOLO11m,4079,12,70,20,11,9,0,1,0,0,0
YOLO11m,4080,23,128,31,18,13,1,1,0,0,3
YOLO11m,4081,20,159,28,15,13,1,3,1,0,0
YOLO11m,4082,13,147,12,10,2,0,3,0,0,0
YOLO11m,4083,11,76,13,10,3,0,1,0,0,0
YOLO11m,4084,24,156,21,20,1,1,1,0,0,2
YOLO11m,4085,12,179,12,10,2,0,2,0,0,0
YOLO11m,4086,15,117,11,6,5,3,4,0,1,1
YOLO11m,4087,16,96,14,14,0,0,2,0,0,0
YOLO11m,4088,15,140,16,12,4,1,2,0,0,0
YOLO11m,4089,30,182,30,25,5,1,1,1,1,1
YOLO11m,4090,21,212,22,17,5,0,1,0,0,3
YOLO11m,4091,12,88,9,7,2,1,3,0,0,1
YOLO11m,4092,4,68,4,4,0,0,0,0,0,0
YOLO11m,4093,33,257,28,22,6,1,8,1,0,1
YOLO11m,4094,15,51,24,15,9,0,0,0,0,0
YOLO11m,4095,33,244,27,21,6,3,8,0,0,1
YOLO11m,4096,19,70,18,15,3,0,2,0,0,2
YOLO11m,4097,13,221,26,8,18,0,2,0,0,3
YOLO11m,4098,14,151,14,11,3,1,1,0,0,1
YOLO11m,4099,17,160,16,8,8,0,8,0,0,1
YOLO11m,4100,9,82,9,8,1,0,1,0,0,0
YOLO11m,4101,14,250,14,10,4,2,1,0,0,1
YOLO11m,4102,23,110,27,21,6,0,2,0,0,0
YOLO11m,4103,16,138,12,8,4,3,5,0,0,0
YOLO11m,4104,20,178,16,16,0,0,4,0,0,0
YOLO11m,4105,17,143,16,11,5,1,1,0,0,4
YOLO11m,4106,20,162,22,16,6,0,3,0,0,1
YOLO11m,4107,10,153,13,8,5,0,1,0,0,1
YOLO11m,4108,27,123,22,19,3,3,2,0,0,3
YOLO11m,4109,12,36,7,5,2,1,3,0,1,2
YOLO11m,4110,6,45,6,5,1,0,1,0,0,0
YOLO11m,4111,47,247,16,12,4,19,15,0,0,1
YOLO11m,4112,19,113,18,15,3,0,4,0,0,0
YOLO11m,4113,20,113,15,11,4,1,6,0,0,2
YOLO11m,4114,8,136,5,4,1,1,2,0,0,1
YOLO11m,4115,20,181,18,14,4,1,3,2,0,0
YOLO11m,4116,28,134,28,24,4,0,4,0,0,0
YOLO11m,4117,12,140,9,7,2,1,3,0,1,0
YOLO11m,4118,17,97,15,13,2,0,3,0,0,1
YOLO11m,4119,10,87,10,9,1,0,0,0,1,0
YOLO11m,4120,30,162,23,16,7,4,6,0,0,4
YOLO11m,4121,17,151,18,15,3,0,2,0,0,0
YOLO11m,4122,35,300,30,27,3,0,8,0,0,0
YOLO11m,4123,22,143,21,15,6,0,5,0,0,2
YOLO11m,4124,8,55,8,7,1,1,0,0,0,0
YOLO11m,4125,14,100,12,6,6,1,5,0,1,1
YOLO11m,4126,26,177,25,19,6,0,4,0,0,3
YOLO11m,4127,4,54,4,3,1,0,1,0,0,0
YOLO11m,4128,25,196,21,16,5,4,2,0,1,2
YOLO11m,4129,11,140,10,8,2,0,3,0,0,0
YOLO11m,4130,47,229,31,28,3,8,10,0,0,1
YOLO11m,4131,34,204,33,25,8,0,3,0,3,3
YOLO11m,4132,38,248,34,21,13,4,8,0,1,4
YOLO11m,4133,17,137,14,13,1,1,3,0,0,0
YOLO11m,4134,20,126,21,17,4,2,1,0,0,0
YOLO11m,4135,21,70,19,14,5,5,1,0,0,1
YOLO11m,4136,19,46,18,18,0,0,1,0,0,0
YOLO11m,4137,27,199,20,15,5,1,8,0,0,3
YOLO11m,4138,35,248,33,28,5,2,4,0,0,1
YOLO11m,4139,13,68,11,11,0,1,1,0,0,0
YOLO11m,4140,18,117,18,16,2,2,0,0,0,0
YOLO11m,4141,31,148,24,16,8,5,5,0,1,4
YOLO11m,4142,15,110,12,9,3,1,2,0,0,3
YOLO11m,4143,32,134,25,19,6,4,5,1,0,3
YOLO11m,4144,21,239,20,12,8,1,5,0,0,3
YOLO11m,4145,26,178,28,18,10,1,5,0,0,2
YOLO11m,4146,21,137,14,12,2,2,6,0,0,1
YOLO11m,4147,27,153,24,17,7,5,1,0,0,4
YOLO11m,4148,10,75,17,9,8,0,1,0,0,0
YOLO11m,4149,10,91,10,9,1,0,1,0,0,0
YOLO11m,4150,11,57,12,9,3,0,1,0,0,1
YOLO11m,4151,22,149,21,18,3,0,3,0,0,1
YOLO11m,4152,58,275,35,32,3,7,16,0,0,3
YOLO11m,4153,7,67,9,5,4,0,2,0,0,0
YOLO11m,4154,26,98,20,19,1,0,6,0,0,1
YOLO11m,4155,12,137,12,8,4,1,0,0,0,3
YOLO11m,4156,11,66,13,10,3,0,1,0,0,0
YOLO11m,4157,20,208,14,12,2,5,1,1,1,0
YOLO11m,4158,30,185,24,14,10,4,5,0,0,7
YOLO11m,4159,25,186,24,16,8,0,6,0,0,3
YOLO11m,4160,16,130,7,7,0,2,7,0,0,0
YOLO11m,4161,17,158,14,9,5,0,5,0,2,1
YOLO11m,4162,14,168,12,8,4,0,6,0,0,0
YOLO11m,4163,22,115,21,18,3,3,0,0,1,0
YOLO11m,4164,20,155,15,13,2,2,3,0,0,2
YOLO11m,4165,17,126,19,9,10,0,3,0,0,5
YOLO11m,4166,25,151,22,14,8,2,4,0,0,5
YOLO11m,4167,43,177,32,22,10,11,3,0,1,6
YOLO11m,4168,37,284,29,26,3,2,8,0,0,1
YOLO11m,4169,19,169,21,15,6,0,3,0,1,0
YOLO11m,4170,16,67,16,15,1,0,1,0,0,0
YOLO11m,4171,14,115,14,12,2,0,1,0,0,1
YOLO11m,4172,13,76,10,9,1,1,2,0,0,1
YOLO11m,4173,28,185,25,23,2,2,2,0,1,0
YOLO11m,4174,19,205,18,14,4,2,1,0,0,2
YOLO11m,4175,9,94,7,6,1,0,3,0,0,0
YOLO11m,4176,15,169,18,12,6,1,2,0,0,0
YOLO11m,4177,37,239,37,27,10,2,5,1,0,2
YOLO11m,4178,11,43,9,9,0,0,2,0,0,0
YOLO11m,4179,14,70,13,12,1,0,1,0,0,1
YOLO11m,4180,32,219,23,17,6,5,8,0,0,2
YOLO11m,4181,17,177,17,13,4,1,0,0,1,2
YOLO11m,4182,31,220,31,25,6,0,3,0,0,3
YOLO11m,4183,39,205,41,35,6,1,2,0,0,1
YOLO11m,4184,11,172,11,5,6,4,1,0,0,1
YOLO11m,4185,28,84,28,23,5,2,1,0,1,1
YOLO11m,4186,24,225,22,18,4,1,3,0,0,2
YOLO11m,4187,16,93,16,14,2,0,1,0,0,1
YOLO11m,4188,17,163,16,13,3,1,3,0,0,0
YOLO11m,4189,29,166,26,23,3,1,4,0,0,1
YOLO11m,4190,18,186,18,12,6,1,3,0,0,2
YOLO11m,4191,22,133,15,13,2,2,6,0,0,1
YOLO11m,4192,19,107,24,18,6,0,0,0,0,1
YOLO11m,4193,31,229,29,19,10,1,8,0,1,2
YOLO11m,4194,6,42,7,6,1,0,0,0,0,0
YOLO11m,4195,38,235,36,30,6,1,4,1,0,2
YOLO11m,4196,31,169,37,26,11,0,3,0,0,2
YOLO11m,4197,25,104,27,22,5,0,2,0,0,1
YOLO11m,4198,19,163,18,14,4,0,3,0,0,2
YOLO11m,4199,10,165,22,10,12,0,0,0,0,0
YOLO11m,4200,14,178,9,7,2,1,5,1,0,0
YOLO11m,4201,28,194,30,22,8,2,3,0,0,1
YOLO11m,4202,25,149,24,19,5,1,2,0,1,2
YOLO11m,4203,17,77,15,11,4,1,4,0,0,1
YOLO11m,4204,18,109,17,12,5,0,4,0,0,2
YOLO11m,4205,13,163,12,12,0,0,1,0,0,0
YOLO11m,4206,4,158,2,2,0,1,1,0,0,0
YOLO11m,4207,30,119,35,28,7,1,0,0,0,1
YOLO11m,4208,11,150,11,9,2,0,2,0,0,0
YOLO11m,4209,17,139,14,9,5,1,6,0,1,0
YOLO11m,4210,30,177,29,23,6,0,5,0,0,2
YOLO11m,4211,24,187,27,20,7,0,4,0,0,0
YOLO11m,4212,17,84,21,16,5,0,0,0,0,1
YOLO11m,4213,31,172,39,27,12,1,1,0,1,1
YOLO11m,4214,6,47,8,5,3,0,1,0,0,0
YOLO11m,4215,19,222,24,17,7,0,2,0,0,0
YOLO11m,4216,7,80,8,5,3,0,1,0,0,1
YOLO11m,4217,7,122,8,5,3,1,1,0,0,0
YOLO11m,4218,36,148,33,23,10,0,6,0,0,7
YOLO11m,4219,26,208,18,17,1,2,7,0,0,0
YOLO11m,4220,16,80,14,9,5,1,4,0,1,1
YOLO11m,4221,12,90,15,11,4,0,0,0,0,1
YOLO11m,4222,27,127,35,24,11,0,1,0,0,2
YOLO11m,4223,8,54,8,8,0,0,0,0,0,0
YOLO11m,4224,10,116,10,7,3,0,1,0,0,2
YOLO11m,4225,10,98,11,4,7,0,4,0,0,2
YOLO11m,4226,16,154,13,9,4,0,6,0,0,1
YOLO11m,4227,13,54,13,12,1,0,1,0,0,0
YOLO11m,4228,12,101,12,9,3,0,3,0,0,0
YOLO11m,4229,22,192,16,11,5,2,8,0,0,1
YOLO11m,4230,30,222,25,18,7,0,11,0,0,1
YOLO11m,4231,7,110,4,3,1,1,2,0,0,1
YOLO11m,4232,8,99,9,8,1,0,0,0,0,0
YOLO11m,4233,12,139,15,10,5,0,2,0,0,0
YOLO11m,4234,7,51,8,5,3,1,1,0,0,0
YOLO11m,4235,23,111,17,12,5,6,1,0,2,2
YOLO11m,4236,16,150,17,13,4,1,1,0,0,1
YOLO11m,4237,8,77,4,2,2,1,5,0,0,0
YOLO11m,4238,12,85,10,8,2,0,2,0,0,2
YOLO11m,4239,17,86,16,13,3,0,3,0,0,1
YOLO11m,4240,14,102,14,12,2,0,1,0,0,1
YOLO11m,4241,18,126,15,11,4,5,2,0,0,0
YOLO11m,4242,6,129,10,5,5,0,1,0,0,0
YOLO11m,4243,13,77,12,10,2,0,2,0,0,1
YOLO11m,4244,8,151,4,3,1,1,3,0,0,1
YOLO11m,4245,14,92,15,11,4,0,1,1,0,1
YOLO11m,4246,6,81,3,2,1,2,2,0,0,0
YOLO11m,4247,15,85,11,5,6,0,8,0,0,2
YOLO11m,4248,17,178,14,9,5,0,7,0,0,1
YOLO11m,4249,4,98,2,2,0,1,1,0,0,0
YOLO11m,4250,18,133,17,11,6,0,4,0,0,3
YOLO11m,4251,23,82,21,17,4,2,1,0,1,2
YOLO11m,4252,26,127,27,24,3,1,0,0,0,1
YOLO11m,4253,44,215,30,23,7,10,9,0,0,2
YOLO11m,4254,17,300,16,7,9,2,7,0,0,1
YOLO11m,4255,19,108,20,16,4,0,3,0,0,0
YOLO11m,4256,18,57,19,15,4,0,1,0,1,1
YOLO11m,4257,8,32,6,6,0,0,2,0,0,0
YOLO11m,4258,23,112,21,19,2,0,3,0,0,1
YOLO11m,4259,53,247,41,31,10,8,7,0,1,6
YOLO11m,4260,23,100,27,18,9,3,1,0,1,0
YOLO11m,4261,34,247,34,26,8,0,6,0,1,1
YOLO11m,4262,11,72,12,10,2,0,1,0,0,0
YOLO11m,4263,19,89,23,10,13,1,7,0,0,1
YOLO11m,4264,12,118,6,6,0,0,6,0,0,0
YOLO11m,4265,15,80,16,14,2,0,1,0,0,0
YOLO11m,4266,25,140,30,16,14,1,6,0,0,2
YOLO11m,4267,24,122,23,19,4,0,3,0,0,2
YOLO11m,4268,39,154,28,21,7,3,9,0,0,6
YOLO11m,4269,20,106,25,18,7,0,0,0,0,2
YOLO11m,4270,18,119,12,12,0,0,6,0,0,0
YOLO11m,4271,8,101,6,5,1,1,2,0,0,0
YOLO11m,4272,23,97,20,15,5,1,3,0,0,4
YOLO11m,4273,11,87,12,7,5,0,4,0,0,0
YOLO11m,4274,24,147,20,17,3,0,4,0,0,3
YOLO11m,4275,23,159,22,17,5,0,4,1,0,1
YOLO11m,4276,17,95,17,15,2,0,1,0,1,0
YOLO11m,4277,23,132,20,15,5,1,4,0,0,3
YOLO11m,4278,10,107,9,8,1,0,2,0,0,0
YOLO11m,4279,15,158,16,10,6,0,5,0,0,0
YOLO11m,4280,14,140,14,10,4,2,1,0,0,1
YOLO11m,4281,17,103,17,16,1,0,1,0,0,0
YOLO11m,4282,4,104,6,3,3,0,1,0,0,0
YOLO11m,4283,6,42,9,6,3,0,0,0,0,0
YOLO11m,4284,17,69,15,11,4,0,2,0,0,4
YOLO11m,4285,31,97,29,24,5,0,4,1,1,1
YOLO11m,4286,27,193,24,19,5,3,5,0,0,0
YOLO11m,4287,30,162,29,21,8,2,2,0,1,4
YOLO11m,4288,9,71,9,7,2,0,0,0,1,1
YOLO11m,4289,25,146,30,23,7,0,2,0,0,0
YOLO11m,4290,14,58,14,14,0,0,0,0,0,0
YOLO11m,4291,15,107,16,13,3,1,1,0,0,0
YOLO11m,4292,9,55,9,8,1,0,1,0,0,0
YOLO11m,4293,7,138,6,3,3,1,3,0,0,0
YOLO11m,4294,19,167,21,17,4,0,2,0,0,0
YOLO11m,4295,15,133,14,10,4,0,2,0,0,3
YOLO11m,4296,29,87,26,21,5,2,1,0,1,4
YOLO11m,4297,24,167,18,16,2,4,2,0,0,2
YOLO11m,4298,25,137,15,13,2,7,3,0,1,1
YOLO11m,4299,13,56,16,12,4,0,0,0,0,1
YOLO11m,4300,29,116,27,21,6,0,4,0,0,4
YOLO11m,4301,19,126,18,14,4,3,1,0,0,1
YOLO11m,4302,30,116,32,26,6,0,3,1,0,0
YOLO11m,4303,43,300,44,25,19,2,6,0,4,6
YOLO11m,4304,9,94,10,8,2,0,0,0,1,0
YOLO11m,4305,20,154,20,12,8,0,4,0,0,4
YOLO11m,4306,15,115,16,14,2,0,1,0,0,0
YOLO11m,4307,29,236,31,25,6,0,3,0,0,1
YOLO11m,4308,17,107,19,15,4,1,1,0,0,0
YOLO11m,4309,37,178,28,25,3,2,4,0,1,5
YOLO11m,4310,35,239,33,28,5,2,4,0,0,1
YOLO11m,4311,23,154,27,22,5,1,0,0,0,0
YOLO11m,4312,9,68,10,7,3,1,0,0,1,0
YOLO11m,4313,39,297,40,27,13,4,5,1,0,2
YOLO11m,4314,17,143,16,10,6,1,4,0,0,2
YOLO11m,4315,18,166,12,10,2,0,5,1,0,2
YOLO11m,4316,14,99,16,12,4,0,1,0,1,0
YOLO11m,4317,26,125,19,17,2,4,3,0,0,2
YOLO11m,4318,27,182,32,22,10,2,0,0,0,3
YOLO11m,4319,24,134,29,18,11,2,4,0,0,0
YOLO11m,4320,28,232,34,23,11,0,4,0,0,1
YOLO11m,4321,13,151,6,5,1,0,8,0,0,0
YOLO11m,4322,30,131,27,21,6,1,3,0,2,3
YOLO11m,4323,23,218,25,18,7,1,4,0,0,0
YOLO11m,4324,23,193,19,15,4,3,3,0,0,2
YOLO11m,4325,24,168,18,17,1,2,4,0,0,1
YOLO11m,4326,18,116,21,16,5,0,0,0,0,2
YOLO11m,4327,9,71,10,8,2,0,1,0,0,0
YOLO11m,4328,37,181,33,23,10,3,7,1,0,3
YOLO11m,4329,28,137,27,25,2,0,1,0,0,2
YOLO11m,4330,32,66,22,22,0,2,2,3,0,3
YOLO11m,4331,25,244,25,15,10,4,6,0,0,0
YOLO11m,4332,15,182,9,4,5,2,9,0,0,0
YOLO11m,4333,27,183,31,16,15,3,2,0,0,6
YOLO11m,4334,32,170,28,20,8,4,5,0,0,3
YOLO11m,4335,16,90,16,10,6,5,1,0,0,0
YOLO11m,4336,16,109,17,14,3,1,1,0,0,0
YOLO11m,4337,10,106,8,7,1,0,3,0,0,0
YOLO11m,4338,21,96,23,17,6,1,0,0,2,1
YOLO11m,4339,5,50,5,5,0,0,0,0,0,0
YOLO11m,4340,27,221,27,18,9,1,3,0,2,3
YOLO11m,4341,15,80,16,12,4,2,1,0,0,0
YOLO11m,4342,6,30,7,4,3,0,0,0,0,2
YOLO11m,4343,13,146,17,12,5,0,0,0,0,1
YOLO11m,4344,13,172,11,8,3,1,4,0,0,0
YOLO11m,4345,14,57,14,13,1,1,0,0,0,0
YOLO11m,4346,12,165,12,9,3,0,2,0,0,1
YOLO11m,4347,25,214,19,14,5,0,8,0,1,2
YOLO11m,4348,24,140,25,17,8,0,3,1,0,3
YOLO11m,4349,14,208,19,12,7,0,2,0,0,0
YOLO11m,4350,19,114,20,18,2,0,1,0,0,0
YOLO11m,4351,23,142,26,19,7,0,2,0,0,2
YOLO11m,4352,6,43,7,6,1,0,0,0,0,0
YOLO11m,4353,14,127,12,9,3,1,2,0,1,1
YOLO11m,4354,20,167,23,18,5,0,2,0,0,0
YOLO11m,4355,24,157,19,15,4,0,8,0,0,1
YOLO11m,4356,17,118,17,16,1,0,1,0,0,0
YOLO11m,4357,31,215,28,21,7,5,1,1,0,3
YOLO11m,4358,10,89,14,7,7,2,0,0,0,1
YOLO11m,4359,28,176,22,19,3,3,6,0,0,0
YOLO11m,4360,40,242,37,30,7,1,7,0,1,1
YOLO11m,4361,33,194,31,24,7,2,6,0,0,1
YOLO11m,4362,31,194,28,25,3,0,5,0,0,1
YOLO11m,4363,28,204,35,25,10,1,1,0,0,1
YOLO11m,4364,16,178,9,6,3,3,7,0,0,0
YOLO11m,4365,47,300,52,37,15,0,8,2,0,0
YOLO11m,4366,14,100,17,13,4,1,0,0,0,0
YOLO11m,4367,17,162,12,11,1,1,5,0,0,0
YOLO11m,4368,15,109,14,12,2,1,1,0,0,1
YOLO11m,4369,6,45,6,6,0,0,0,0,0,0
YOLO11m,4370,13,138,12,5,7,0,3,0,1,4
YOLO11m,4371,16,117,20,13,7,1,0,0,0,2
YOLO11m,4372,24,127,15,8,7,1,9,0,0,6
YOLO11m,4373,22,230,24,17,7,0,5,0,0,0
YOLO11m,4374,21,84,25,19,6,0,1,0,0,1
YOLO11m,4375,50,257,34,32,2,5,11,0,0,2
YOLO11m,4376,27,224,23,21,2,2,4,0,0,0
YOLO11m,4377,7,154,5,4,1,0,3,0,0,0
YOLO11m,4378,5,85,4,4,0,0,1,0,0,0
YOLO11m,4379,39,110,30,24,6,0,6,1,0,8
YOLO11m,4380,9,87,7,6,1,0,3,0,0,0
YOLO11m,4381,7,111,6,5,1,2,0,0,0,0
YOLO11m,4382,16,190,14,10,4,1,4,0,1,0
YOLO11m,4383,29,161,28,21,7,2,2,0,0,4
YOLO11m,4384,13,171,13,12,1,0,1,0,0,0
YOLO11m,4385,19,130,16,9,7,3,3,0,1,3
YOLO11m,4386,6,42,5,5,0,0,1,0,0,0
YOLO11m,4387,24,119,20,17,3,4,1,1,0,1
YOLO11m,4388,4,165,5,2,3,0,2,0,0,0
YOLO11m,4389,34,176,32,29,3,3,2,0,0,0
YOLO11m,4390,20,77,20,18,2,0,2,0,0,0
YOLO11m,4391,30,172,31,26,5,0,4,0,0,0
YOLO11m,4392,28,178,28,22,6,2,4,0,0,0
YOLO11m,4393,36,171,25,22,3,5,5,0,0,4
YOLO11m,4394,7,147,7,4,3,0,1,0,0,2
YOLO11m,4395,18,120,13,13,0,0,5,0,0,0
YOLO11m,4396,16,84,14,13,1,0,2,0,0,1
YOLO11m,4397,10,69,5,5,0,0,5,0,0,0
YOLO11m,4398,28,163,32,24,8,0,2,0,0,2
YOLO11m,4399,13,84,11,11,0,1,0,0,0,1
YOLO11m,4400,27,62,21,20,1,1,2,0,0,4
YOLO11m,4401,28,107,21,18,3,2,0,3,0,5
YOLO11m,4402,5,107,3,3,0,0,2,0,0,0
YOLO11m,4403,25,161,18,14,4,6,4,0,1,0
YOLO11m,4404,26,184,25,20,5,1,5,0,0,0
YOLO11m,4405,20,163,20,17,3,0,2,0,0,1
YOLO11m,4406,6,30,7,6,1,0,0,0,0,0
YOLO11m,4407,18,102,17,12,5,0,4,0,0,2
YOLO11m,4408,7,44,7,6,1,0,0,0,0,1
YOLO11m,4409,20,205,21,17,4,1,2,0,0,0
YOLO11m,4410,15,122,18,9,9,1,4,0,0,1
YOLO11m,4411,15,111,10,9,1,0,4,2,0,0
YOLO11m,4412,6,57,4,4,0,0,2,0,0,0
YOLO11m,4413,6,80,3,2,1,3,1,0,0,0
YOLO11m,4414,14,160,15,12,3,0,1,0,0,1
YOLO11m,4415,24,147,20,14,6,3,4,0,1,2
YOLO11m,4416,17,97,17,14,3,0,3,0,0,0
YOLO11m,4417,37,154,39,30,9,3,1,0,1,2
YOLO11m,4418,5,17,5,5,0,0,0,0,0,0
YOLO11m,4419,27,156,26,24,2,0,3,0,0,0
YOLO11m,4420,19,188,21,11,10,1,6,0,0,1
YOLO11m,4421,16,144,17,12,5,0,3,0,0,1
YOLO11m,4422,25,292,27,17,10,1,2,0,1,4
YOLO11m,4423,37,280,38,29,9,1,4,0,1,2
YOLO11m,4424,12,97,22,9,13,0,2,0,0,1
YOLO11m,4425,14,128,12,10,2,0,3,0,1,0
YOLO11m,4426,8,108,8,5,3,1,2,0,0,0
YOLO11m,4427,14,225,12,9,3,0,5,0,0,0
YOLO11m,4428,6,93,7,6,1,0,0,0,0,0
YOLO11m,4429,15,194,12,11,1,2,2,0,0,0
YOLO11m,4430,24,122,24,21,3,0,3,0,0,0
YOLO11m,4431,5,59,6,5,1,0,0,0,0,0
YOLO11m,4432,33,237,25,18,7,3,10,0,0,2
YOLO11m,4433,25,142,21,15,6,1,5,0,1,3
YOLO11m,4434,19,153,19,12,7,0,5,1,0,1
YOLO11m,4435,6,56,6,5,1,0,1,0,0,0
YOLO11m,4436,22,127,22,18,4,0,4,0,0,0
YOLO11m,4437,18,120,21,13,8,0,3,1,0,1
YOLO11m,4438,12,78,14,11,3,0,0,0,0,1
YOLO11m,4439,25,157,23,18,5,3,4,0,0,0
YOLO11m,4440,12,53,10,8,2,0,3,0,0,1
YOLO11m,4441,27,165,27,19,8,1,4,0,0,3
YOLO11m,4442,18,106,31,15,16,0,2,0,0,1
YOLO11m,4443,26,158,22,20,2,0,5,0,0,1
YOLO11m,4444,9,104,7,6,1,0,3,0,0,0
YOLO11m,4445,8,43,9,8,1,0,0,0,0,0
YOLO11m,4446,25,158,32,21,11,0,1,1,0,2
YOLO11m,4447,23,120,22,18,4,3,2,0,0,0
YOLO11m,4448,20,152,22,15,7,1,2,0,0,2
YOLO11m,4449,12,114,8,6,2,2,4,0,0,0
YOLO11m,4450,21,57,18,17,1,0,2,0,0,2
YOLO11m,4451,21,197,23,16,7,0,2,0,0,3
YOLO11m,4452,22,103,17,14,3,3,3,0,1,1
YOLO11m,4453,13,126,17,7,10,0,1,0,0,5
YOLO11m,4454,13,90,10,8,2,1,4,0,0,0
YOLO11m,4455,11,56,11,9,2,0,2,0,0,0
YOLO11m,4456,9,189,9,7,2,0,1,0,1,0
YOLO11m,4457,7,104,6,4,2,0,2,0,1,0
YOLO11m,4458,7,36,7,7,0,0,0,0,0,0
YOLO11m,4459,35,229,29,22,7,2,8,1,0,2
YOLO11m,4460,22,151,19,15,4,0,4,1,2,0
YOLO11m,4461,26,100,33,23,10,0,1,0,1,1
YOLO11m,4462,19,77,22,16,6,0,1,0,0,2
YOLO11m,4463,28,95,23,19,4,3,3,0,0,3
YOLO11m,4464,28,265,36,21,15,0,4,0,1,2
YOLO11m,4465,5,101,3,3,0,0,2,0,0,0
YOLO11m,4466,23,83,25,17,8,0,2,0,0,4
YOLO11m,4467,27,144,30,18,12,0,4,0,0,5
YOLO11m,4468,17,133,20,11,9,1,3,0,1,1
YOLO11m,4469,22,138,17,12,5,0,7,0,0,3
YOLO11m,4470,12,198,15,9,6,0,3,0,0,0
YOLO11m,4471,25,112,29,15,14,1,3,0,1,5
YOLO11m,4472,20,166,22,15,7,1,2,0,0,2
YOLO11m,4473,45,189,19,15,4,9,14,0,0,7
YOLO11m,4474,14,246,16,11,5,1,1,0,0,1
YOLO11m,4475,18,105,20,17,3,0,0,0,0,1
YOLO11m,4476,20,167,19,16,3,0,2,0,0,2
YOLO11m,4477,9,194,11,6,5,2,0,0,0,1
YOLO11m,4478,26,261,17,11,6,1,9,0,0,5
YOLO11m,4479,31,241,27,24,3,1,4,0,0,2
YOLO11m,4480,18,114,15,13,2,0,3,0,0,2
YOLO11m,4481,11,104,11,9,2,0,1,0,0,1
YOLO11m,4482,24,172,23,17,6,0,3,0,0,4
YOLO11m,4483,10,111,8,7,1,0,3,0,0,0
YOLO11m,4484,16,120,12,12,0,1,3,0,0,0
YOLO11m,4485,10,111,10,5,5,0,5,0,0,0
YOLO11m,4486,6,55,5,4,1,0,2,0,0,0
YOLO11m,4487,9,97,8,6,2,2,1,0,0,0
YOLO11m,4488,11,109,18,11,7,0,0,0,0,0
YOLO11m,4489,22,53,23,16,7,1,0,0,0,5
YOLO11m,4490,9,169,9,8,1,0,1,0,0,0
YOLO11m,4491,15,169,17,12,5,0,3,0,0,0
YOLO11m,4492,7,136,3,3,0,0,4,0,0,0
YOLO11m,4493,37,238,43,29,14,2,4,0,1,1
YOLO11m,4494,24,61,22,17,5,0,4,1,0,2
YOLO11m,4495,23,121,22,20,2,1,2,0,0,0
YOLO11m,4496,6,107,4,4,0,0,2,0,0,0
YOLO11m,4497,19,228,19,15,4,1,2,0,0,1
YOLO11m,4498,4,62,2,1,1,0,1,0,0,2
YOLO11m,4499,26,142,18,11,7,7,3,0,1,4
YOLO11m,4500,22,133,15,13,2,3,5,0,0,1
YOLO11m,4501,24,122,21,17,4,1,2,0,0,4
YOLO11m,4502,12,128,15,11,4,0,0,0,0,1
YOLO11m,4503,6,73,8,6,2,0,0,0,0,0
YOLO11m,4504,15,122,15,13,2,0,1,0,0,1
YOLO11m,4505,8,49,7,7,0,0,1,0,0,0
YOLO11m,4506,5,63,4,4,0,0,1,0,0,0
YOLO11m,4507,17,120,20,15,5,0,2,0,0,0
YOLO11m,4508,4,72,6,3,3,1,0,0,0,0
YOLO11m,4509,23,186,20,17,3,2,4,0,0,0
YOLO11m,4510,31,139,24,18,6,5,5,0,2,1
YOLO11m,4511,30,248,26,22,4,2,6,0,0,0
YOLO11m,4512,15,63,15,12,3,1,1,0,0,1
YOLO11m,4513,16,123,21,14,7,0,2,0,0,0
YOLO11m,4514,13,199,9,8,1,1,4,0,0,0
YOLO11m,4515,18,85,14,13,1,2,3,0,0,0
YOLO11m,4516,6,154,6,6,0,0,0,0,0,0
YOLO11m,4517,9,74,11,7,4,0,0,0,0,2
YOLO11m,4518,22,129,19,17,2,0,3,0,0,2
YOLO11m,4519,28,139,27,23,4,0,4,0,0,1
YOLO11m,4520,6,38,6,4,2,0,0,0,2,0
YOLO11m,4521,21,217,20,13,7,1,3,0,0,4
YOLO11m,4522,9,147,8,6,2,0,3,0,0,0
YOLO11m,4523,17,128,18,15,3,0,1,0,0,1
YOLO11m,4524,8,97,13,6,7,0,1,0,1,0
YOLO11m,4525,15,58,18,12,6,0,2,0,0,1
YOLO11m,4526,6,21,6,5,1,0,0,0,0,1
YOLO11m,4527,11,84,14,7,7,0,2,0,1,1
YOLO11m,4528,6,40,2,2,0,1,3,0,0,0
YOLO11m,4529,19,183,21,12,9,2,3,0,0,2
YOLO11m,4530,15,98,15,8,7,1,3,0,0,3
YOLO11m,4531,15,80,14,10,4,0,5,0,0,0
YOLO11m,4532,9,43,6,5,1,0,2,0,0,2
YOLO11m,4533,16,87,18,9,9,2,3,0,0,2
YOLO11m,4534,19,120,17,17,0,1,1,0,0,0
YOLO11m,4535,4,30,3,3,0,0,1,0,0,0
YOLO11m,4536,23,208,26,19,7,1,0,0,0,3
YOLO11m,4537,17,244,21,12,9,1,3,0,0,1
YOLO11m,4538,13,111,13,9,4,0,2,0,1,1
YOLO11m,4539,23,147,22,16,6,1,3,0,0,3
YOLO11m,4540,20,95,21,13,8,2,3,0,0,2
YOLO11m,4541,16,70,14,13,1,0,1,1,0,1
YOLO11m,4542,6,58,6,5,1,0,1,0,0,0
YOLO11m,4543,22,249,16,15,1,3,3,0,0,1
YOLO11m,4544,6,102,8,6,2,0,0,0,0,0
YOLO11m,4545,20,122,19,12,7,0,4,0,0,4
YOLO11m,4546,14,196,14,10,4,0,2,0,1,1
YOLO11m,4547,5,84,4,3,1,0,2,0,0,0
YOLO11m,4548,11,83,9,9,0,1,1,0,0,0
YOLO11m,4549,11,181,15,10,5,0,1,0,0,0
YOLO11m,4550,16,56,12,12,0,1,1,1,0,1
YOLO11m,4551,12,58,13,8,5,1,3,0,0,0
YOLO11m,4552,21,110,20,18,2,1,0,1,0,1
YOLO11m,4553,12,169,8,8,0,0,4,0,0,0
YOLO11m,4554,22,128,21,15,6,2,4,0,1,0
YOLO11m,4555,7,44,3,3,0,0,4,0,0,0
YOLO11m,4556,16,97,16,11,5,0,2,0,0,3
YOLO11m,4557,19,111,16,15,1,0,3,0,0,1
YOLO11m,4558,37,126,33,26,7,1,6,0,0,4
YOLO11m,4559,10,62,10,10,0,0,0,0,0,0
YOLO11m,4560,8,61,6,6,0,0,2,0,0,0
YOLO11m,4561,43,233,36,25,11,4,7,0,0,7
YOLO11m,4562,18,224,14,13,1,1,4,0,0,0
YOLO11m,4563,24,203,30,21,9,0,3,0,0,0
YOLO11m,4564,28,154,17,15,2,1,10,0,0,2
YOLO11m,4565,22,193,21,16,5,0,4,0,0,2
YOLO11m,4566,6,48,6,5,1,0,1,0,0,0
YOLO11m,4567,11,202,15,8,7,0,1,0,1,1
YOLO11m,4568,11,81,12,9,3,0,2,0,0,0
YOLO11m,4569,11,91,11,9,2,0,1,0,0,1
YOLO11m,4570,6,58,8,6,2,0,0,0,0,0
YOLO11m,4571,10,64,10,10,0,0,0,0,0,0
YOLO11m,4572,24,225,28,22,6,0,1,0,0,1
YOLO11m,4573,24,210,28,20,8,1,2,0,0,1
YOLO11m,4574,19,117,16,15,1,2,1,0,0,1
YOLO11m,4575,25,188,26,22,4,2,1,0,0,0
YOLO11m,4576,12,131,10,7,3,0,3,0,0,2
YOLO11m,4577,21,89,25,19,6,0,1,1,0,0
YOLO11m,4578,14,83,15,11,4,1,2,0,0,0
YOLO11m,4579,5,66,7,5,2,0,0,0,0,0
YOLO11m,4580,9,173,11,8,3,0,0,0,0,1
YOLO11m,4581,24,115,25,18,7,0,4,0,0,2
YOLO11m,4582,22,143,21,12,9,2,7,0,0,1
YOLO11m,4583,18,95,21,13,8,4,0,0,1,0
YOLO11m,4584,11,95,11,9,2,0,1,0,1,0
YOLO11m,4585,20,177,24,14,10,0,3,0,0,3
YOLO11m,4586,9,71,9,7,2,0,2,0,0,0
YOLO11m,4587,22,150,19,16,3,1,4,0,0,1
YOLO11m,4588,26,161,21,18,3,0,5,0,1,2
YOLO11m,4589,5,99,5,3,2,0,2,0,0,0
YOLO11m,4590,16,171,15,14,1,1,1,0,0,0
YOLO11m,4591,6,77,7,6,1,0,0,0,0,0
YOLO11m,4592,4,79,5,4,1,0,0,0,0,0
YOLO11m,4593,37,234,33,25,8,3,5,0,0,4
YOLO11m,4594,10,44,9,8,1,0,2,0,0,0
YOLO11m,4595,12,115,13,11,2,0,1,0,0,0
YOLO11m,4596,15,131,14,11,3,0,4,0,0,0
YOLO11m,4597,26,218,12,12,0,11,3,0,0,0
YOLO11m,4598,8,53,4,3,1,2,2,0,0,1
YOLO11m,4599,19,212,12,11,1,2,6,0,0,0
YOLO11m,4600,19,75,16,13,3,1,3,0,0,2
YOLO11m,4601,24,131,25,19,6,0,3,0,0,2
YOLO11m,4602,10,37,11,8,3,0,1,0,1,0
YOLO11m,4603,8,74,6,4,2,1,3,0,0,0
YOLO11m,4604,22,153,19,15,4,3,2,0,0,2
YOLO11m,4605,21,101,20,14,6,2,3,0,2,0
YOLO11m,4606,27,210,23,17,6,1,7,0,0,2
YOLO11m,4607,5,147,2,1,1,2,2,0,0,0
YOLO11m,4608,9,109,7,6,1,1,2,0,0,0
YOLO11m,4609,57,300,44,33,11,5,12,1,0,6
YOLO11m,4610,14,73,19,11,8,0,2,0,0,1
YOLO11m,4611,28,116,12,9,3,5,9,0,1,4
YOLO11m,4612,21,177,18,15,3,1,3,0,1,1
YOLO11m,4613,16,133,9,8,1,3,5,0,0,0
YOLO11m,4614,18,61,17,13,4,1,3,0,0,1
YOLO11m,4615,12,74,13,10,3,0,0,0,0,2
YOLO11m,4616,19,70,21,14,7,0,1,1,0,3
YOLO11m,4617,7,52,10,6,4,0,0,1,0,0
YOLO11m,4618,10,77,6,5,1,1,3,0,1,0
YOLO11m,4619,21,190,23,14,9,2,1,0,1,3
YOLO11m,4620,8,69,3,3,0,1,4,0,0,0
YOLO11m,4621,26,96,23,17,6,1,4,1,0,3
YOLO11m,4622,4,58,5,4,1,0,0,0,0,0
YOLO11m,4623,7,84,8,6,2,0,1,0,0,0
YOLO11m,4624,14,93,5,4,1,5,4,0,1,0
YOLO11m,4625,19,213,12,6,6,3,6,0,3,1
YOLO11m,4626,10,225,12,6,6,0,4,0,0,0
YOLO11m,4627,30,229,19,19,0,4,6,0,0,1
YOLO11m,4628,11,65,9,8,1,2,1,0,0,0
YOLO11m,4629,9,107,10,8,2,1,0,0,0,0
YOLO11m,4630,7,44,7,7,0,0,0,0,0,0
YOLO11m,4631,22,128,19,15,4,0,4,0,0,3
YOLO11m,4632,34,184,31,24,7,2,6,0,0,2
YOLO11m,4633,18,101,20,17,3,0,0,0,0,1
YOLO11m,4634,15,180,22,13,9,1,1,0,0,0
YOLO11m,4635,6,124,13,4,9,0,2,0,0,0
YOLO11m,4636,18,76,20,14,6,1,1,0,0,2
YOLO11m,4637,11,39,9,8,1,1,1,0,0,1
YOLO11m,4638,9,77,7,4,3,0,4,0,0,1
YOLO11m,4639,10,30,10,9,1,1,0,0,0,0
YOLO11m,4640,11,97,12,7,5,1,1,0,0,2
YOLO11m,4641,11,70,11,9,2,0,2,0,0,0
YOLO11m,4642,12,200,18,9,9,0,1,0,0,2
YOLO11m,4643,17,193,19,13,6,0,3,0,0,1
YOLO11m,4644,16,130,18,10,8,0,1,0,0,5
YOLO11m,4645,23,197,29,20,9,1,0,0,0,2
YOLO11m,4646,20,126,14,13,1,1,6,0,0,0
YOLO11m,4647,6,128,8,6,2,0,0,0,0,0
YOLO11m,4648,38,205,22,19,3,7,10,0,1,1
YOLO11m,4649,23,171,17,12,5,6,3,0,1,1
YOLO11m,4650,10,96,13,9,4,0,0,0,0,1
YOLO11m,4651,19,206,16,14,2,1,3,0,0,1
YOLO11m,4652,31,163,36,27,9,2,1,0,0,1
YOLO11m,4653,14,132,15,10,5,0,3,0,0,1
YOLO11m,4654,21,178,19,17,2,2,2,0,0,0
YOLO11m,4655,15,197,11,8,3,2,5,0,0,0
YOLO11m,4656,13,52,10,10,0,0,3,0,0,0
YOLO11m,4657,14,132,22,12,10,1,0,0,0,1
YOLO11m,4658,24,61,20,18,2,3,2,1,0,0
YOLO11m,4659,15,135,17,10,7,0,3,0,0,2
YOLO11m,4660,18,155,16,8,8,3,4,0,1,2
YOLO11m,4661,13,101,11,10,1,1,0,0,0,2
YOLO11m,4662,11,130,10,9,1,0,2,0,0,0
YOLO11m,4663,11,87,13,10,3,1,0,0,0,0
YOLO11m,4664,18,178,22,17,5,0,1,0,0,0
YOLO11m,4665,26,117,24,17,7,2,5,0,0,2
YOLO11m,4666,19,102,16,13,3,3,2,0,0,1
YOLO11m,4667,10,129,9,8,1,1,1,0,0,0
YOLO11m,4668,32,168,27,20,7,6,4,0,0,2
YOLO11m,4669,7,128,5,5,0,0,2,0,0,0
YOLO11m,4670,25,222,20,17,3,2,5,0,0,1
YOLO11m,4671,10,62,8,6,2,1,1,0,0,2
YOLO11m,4672,18,209,22,11,11,2,4,0,0,1
YOLO11m,4673,20,107,19,14,5,3,3,0,0,0
YOLO11m,4674,16,129,17,13,4,0,3,0,0,0
YOLO11m,4675,17,168,17,15,2,0,1,0,1,0
YOLO11m,4676,17,129,17,14,3,0,2,0,1,0
YOLO11m,4677,4,32,4,4,0,0,0,0,0,0
YOLO11m,4678,14,162,11,9,2,1,3,1,0,0
YOLO11m,4679,20,101,18,15,3,3,1,0,0,1
YOLO11m,4680,6,61,5,3,2,0,2,0,1,0
YOLO11m,4681,4,25,4,4,0,0,0,0,0,0
YOLO11m,4682,5,116,1,1,0,0,3,1,0,0
YOLO11m,4683,4,44,5,4,1,0,0,0,0,0
YOLO11m,4684,14,281,11,7,4,1,6,0,0,0
YOLO11m,4685,34,190,28,24,4,3,4,0,0,3
YOLO11m,4686,5,206,5,5,0,0,0,0,0,0
YOLO11m,4687,6,72,4,2,2,0,4,0,0,0
YOLO11m,4688,18,62,13,10,3,2,0,0,0,6
YOLO11m,4689,35,207,31,22,9,5,5,0,0,3
YOLO11m,4690,24,96,23,16,7,2,3,0,0,3
YOLO11m,4691,7,51,7,3,4,1,2,0,0,1
YOLO11m,4692,17,149,32,12,20,1,3,0,1,0
YOLO11m,4693,6,95,5,4,1,1,1,0,0,0
YOLO11m,4694,9,111,10,7,3,0,2,0,0,0
YOLO11m,4695,18,125,13,12,1,0,3,1,0,2
YOLO11m,4696,22,171,24,18,6,0,3,0,0,1
YOLO11m,4697,16,155,18,14,4,0,2,0,0,0
YOLO11m,4698,13,174,9,7,2,5,1,0,0,0
YOLO11m,4699,12,77,13,11,2,0,1,0,0,0
YOLO11m,4700,14,103,12,10,2,2,2,0,0,0
YOLO11m,4701,14,65,10,10,0,2,2,0,0,0
YOLO11m,4702,13,90,17,9,8,0,4,0,0,0
YOLO11m,4703,16,162,15,11,4,1,3,1,0,0
YOLO11m,4704,26,131,24,17,7,3,2,0,0,4
YOLO11m,4705,17,89,24,15,9,0,1,0,0,1
YOLO11m,4706,14,81,14,11,3,1,0,0,0,2
YOLO11m,4707,34,232,34,22,12,2,5,0,0,5
YOLO11m,4708,25,170,13,9,4,5,9,0,0,2
YOLO11m,4709,15,93,13,13,0,0,2,0,0,0
YOLO11m,4710,12,115,17,8,9,0,2,0,0,2
YOLO11m,4711,10,95,10,7,3,0,2,0,0,1
YOLO11m,4712,8,48,7,6,1,0,1,0,0,1
YOLO11m,4713,23,207,26,19,7,1,3,0,0,0
YOLO11m,4714,17,100,19,8,11,0,0,0,0,9
YOLO11m,4715,55,264,50,42,8,6,2,0,1,4
YOLO11m,4716,17,211,17,16,1,0,1,0,0,0
YOLO11m,4717,18,150,8,6,2,4,7,0,0,1
YOLO11m,4718,5,116,3,3,0,0,2,0,0,0
YOLO11m,4719,11,158,13,11,2,0,0,0,0,0
YOLO11m,4720,5,164,7,5,2,0,0,0,0,0
YOLO11m,4721,16,219,15,11,4,0,5,0,0,0
YOLO11m,4722,5,51,5,4,1,0,1,0,0,0
YOLO11m,4723,10,73,10,8,2,0,0,0,0,2
YOLO11m,4724,22,178,26,15,11,3,2,0,1,1
YOLO11m,4725,13,183,21,13,8,0,0,0,0,0
YOLO11m,4726,13,47,10,8,2,3,2,0,0,0
YOLO11m,4727,25,74,24,19,5,1,2,0,1,2
YOLO11m,4728,12,99,12,10,2,0,1,0,1,0
YOLO11m,4729,21,148,18,13,5,4,3,0,0,1
YOLO11m,4730,12,84,14,11,3,0,1,0,0,0
YOLO11m,4731,26,143,26,25,1,0,1,0,0,0
YOLO11m,4732,25,133,22,14,8,1,4,0,0,6
YOLO11m,4733,17,63,19,12,7,0,3,1,0,1
YOLO11m,4734,23,218,30,20,10,0,3,0,0,0
YOLO11m,4735,19,114,24,17,7,0,0,0,0,2
YOLO11m,4736,33,145,29,27,2,0,6,0,0,0
YOLO11m,4737,21,200,20,17,3,0,3,0,0,1
YOLO11m,4738,17,139,17,12,5,0,3,0,0,2
YOLO11m,4739,18,134,20,13,7,0,3,0,0,2
YOLO11m,4740,25,201,21,19,2,0,5,0,0,1
YOLO11m,4741,27,209,30,21,9,0,2,0,0,4
YOLO11m,4742,51,300,49,37,12,6,7,0,0,1
YOLO11m,4743,18,114,16,15,1,0,3,0,0,0
YOLO11m,4744,20,145,14,13,1,2,4,0,0,1
YOLO11m,4745,28,89,28,22,6,1,2,0,0,3
YOLO11m,4746,19,71,25,15,10,1,0,0,0,3
YOLO11m,4747,24,130,20,16,4,3,2,1,0,2
YOLO11m,4748,17,194,20,12,8,1,2,0,0,2
YOLO11m,4749,23,159,18,17,1,2,4,0,0,0
YOLO11m,4750,28,197,27,24,3,1,1,1,1,0
YOLO11m,4751,32,240,26,21,5,3,5,0,0,3
YOLO11m,4752,37,232,36,25,11,1,4,1,0,6
YOLO11m,4753,19,99,19,14,5,0,3,0,0,2
YOLO11m,4754,13,73,17,12,5,0,1,0,0,0
YOLO11m,4755,28,171,27,23,4,0,5,0,0,0
YOLO11m,4756,16,169,19,15,4,1,0,0,0,0
YOLO11m,4757,5,72,5,4,1,0,1,0,0,0
YOLO11m,4758,4,82,5,4,1,0,0,0,0,0
YOLO11m,4759,8,96,14,8,6,0,0,0,0,0
YOLO11m,4760,36,224,24,13,11,3,17,0,1,2
YOLO11m,4761,23,186,25,17,8,0,5,0,0,1
YOLO11m,4762,21,127,27,19,8,0,2,0,0,0
YOLO11m,4763,16,83,11,11,0,4,1,0,0,0
YOLO11m,4764,27,180,29,21,8,1,2,0,1,2
YOLO11m,4765,27,97,30,25,5,0,0,0,0,2
YOLO11m,4766,16,143,11,11,0,1,1,0,0,3
YOLO11m,4767,29,226,22,18,4,1,9,0,0,1
YOLO11m,4768,15,57,15,12,3,0,2,0,0,1
YOLO11m,4769,11,151,7,7,0,2,2,0,0,0
YOLO11m,4770,31,160,34,27,7,2,0,0,0,2
YOLO11m,4771,13,146,12,9,3,1,3,0,0,0
YOLO11m,4772,29,147,27,23,4,0,5,0,0,1
YOLO11m,4773,40,276,24,16,8,6,18,0,0,0
YOLO11m,4774,23,175,19,15,4,2,6,0,0,0
YOLO11m,4775,27,166,22,19,3,3,4,0,1,0
YOLO11m,4776,15,60,14,13,1,0,2,0,0,0
YOLO11m,4777,31,158,27,23,4,0,8,0,0,0
YOLO11m,4778,11,150,12,10,2,0,1,0,0,0
YOLO11m,4779,14,74,16,9,7,0,2,0,3,0
YOLO11m,4780,19,138,20,16,4,0,3,0,0,0
YOLO11m,4781,13,61,15,11,4,0,0,0,0,2
YOLO11m,4782,15,111,14,9,5,2,3,0,1,0
YOLO11m,4783,13,93,12,12,0,0,1,0,0,0
YOLO11m,4784,10,62,10,7,3,1,0,0,2,0
YOLO11m,4785,25,169,21,18,3,1,4,0,0,2
YOLO11m,4786,14,139,16,10,6,0,2,0,1,1
YOLO11m,4787,25,152,16,12,4,3,6,0,0,4
YOLO11m,4788,17,130,22,13,9,0,2,0,0,2
YOLO11m,4789,36,203,40,30,10,0,5,0,0,1
YOLO11m,4790,27,163,31,23,8,0,4,0,0,0
YOLO11m,4791,20,102,20,16,4,2,2,0,0,0
YOLO11m,4792,4,109,7,2,5,1,1,0,0,0
YOLO11m,4793,41,168,42,33,9,0,1,0,1,6
YOLO11m,4794,6,98,7,6,1,0,0,0,0,0
YOLO11m,4795,24,214,29,16,13,2,3,0,0,3
YOLO11m,4796,11,161,11,4,7,1,3,0,0,3
YOLO11m,4797,16,200,22,13,9,1,0,0,0,2
YOLO11m,4798,20,111,21,16,5,0,3,0,1,0
YOLO11m,4799,6,33,6,6,0,0,0,0,0,0
YOLO11m,4800,32,174,32,27,5,2,2,1,0,0
YOLO11m,4801,18,184,26,16,10,0,0,0,1,1
YOLO11m,4802,24,170,25,20,5,1,2,0,0,1
YOLO11m,4803,16,81,16,14,2,0,2,0,0,0
YOLO11m,4804,28,203,30,19,11,0,6,0,0,3
YOLO11m,4805,25,188,22,17,5,3,3,0,0,2
YOLO11m,4806,16,78,18,15,3,0,1,0,0,0
YOLO11m,4807,19,139,15,12,3,3,3,0,0,1
YOLO11m,4808,39,300,49,29,20,0,10,0,0,0
YOLO11m,4809,9,72,7,7,0,0,2,0,0,0
YOLO11m,4810,23,216,25,15,10,3,2,0,1,2
YOLO11m,4811,16,67,17,16,1,0,0,0,0,0
YOLO11m,4812,9,56,10,8,2,0,0,0,0,1
YOLO11m,4813,20,81,23,17,6,0,1,0,0,2
YOLO11m,4814,18,152,19,13,6,0,2,0,0,3
YOLO11m,4815,12,184,12,8,4,0,4,0,0,0
YOLO11m,4816,9,103,8,7,1,0,2,0,0,0
YOLO11m,4817,24,169,19,17,2,3,4,0,0,0
YOLO11m,4818,32,151,25,23,2,4,2,0,0,3
YOLO11m,4819,23,196,26,20,6,3,0,0,0,0
YOLO11m,4820,10,79,8,6,2,2,1,0,0,1
YOLO11m,4821,19,145,19,14,5,0,4,0,0,1
YOLO11m,4822,11,143,15,8,7,0,2,0,0,1
YOLO11m,4823,28,104,29,16,13,1,6,0,0,5
YOLO11m,4824,28,129,26,18,8,4,4,0,0,2
YOLO11m,4825,12,61,11,8,3,0,4,0,0,0
YOLO11m,4826,16,165,21,10,11,0,1,0,0,5
YOLO11m,4827,15,94,11,10,1,1,3,0,0,1
YOLO11m,4828,5,75,5,4,1,0,0,0,0,1
YOLO11m,4829,14,107,11,9,2,2,3,0,0,0
YOLO11m,4830,9,183,10,7,3,1,1,0,0,0
YOLO11m,4831,25,141,20,16,4,1,6,0,1,1
YOLO11m,4832,15,73,19,14,5,1,0,0,0,0
YOLO11m,4833,20,142,15,12,3,0,8,0,0,0
YOLO11m,4834,12,192,12,11,1,0,1,0,0,0
YOLO11m,4835,14,145,11,8,3,2,1,0,0,3
YOLO11m,4836,28,236,29,18,11,0,7,0,0,3
YOLO11m,4837,16,116,18,13,5,0,2,0,0,1
YOLO11m,4838,13,86,7,5,2,4,4,0,0,0
YOLO11m,4839,30,145,22,16,6,3,7,0,0,4
YOLO11m,4840,16,138,15,13,2,1,1,0,0,1
YOLO11m,4841,25,294,21,17,4,1,6,0,0,1
YOLO11m,4842,19,171,23,15,8,2,2,0,0,0
YOLO11m,4843,21,205,21,14,7,1,5,0,0,1
YOLO11m,4844,35,250,16,12,4,9,13,0,0,1
YOLO11m,4845,24,158,28,22,6,0,2,0,0,0
YOLO11m,4846,9,45,9,9,0,0,0,0,0,0
YOLO11m,4847,24,190,15,11,4,3,8,0,0,2
YOLO11m,4848,24,122,25,20,5,0,3,0,0,1
YOLO11m,4849,23,69,26,22,4,0,1,0,0,0
YOLO11m,4850,23,108,26,16,10,2,1,0,0,4
YOLO11m,4851,14,109,19,13,6,1,0,0,0,0
YOLO11m,4852,14,220,20,14,6,0,0,0,0,0
YOLO11m,4853,11,192,16,7,9,0,0,0,0,4
YOLO11m,4854,20,83,21,16,5,0,3,0,0,1
YOLO11m,4855,53,266,36,29,7,8,10,1,0,5
YOLO11m,4856,21,228,16,12,4,0,8,0,0,1
YOLO11m,4857,8,33,7,6,1,0,2,0,0,0
YOLO11m,4858,11,166,11,9,2,0,1,0,0,1
YOLO11m,4859,7,70,6,4,2,0,3,0,0,0
YOLO11m,4860,23,232,17,12,5,4,5,0,0,2
YOLO11m,4861,35,202,31,29,2,1,4,0,0,1
YOLO11m,4862,24,172,28,22,6,0,2,0,0,0
YOLO11m,4863,23,147,19,17,2,2,4,0,0,0
YOLO11m,4864,26,233,28,24,4,0,1,0,0,1
YOLO11m,4865,39,166,30,21,9,1,13,0,0,4
YOLO11m,4866,14,126,17,14,3,0,0,0,0,0
YOLO11m,4867,10,107,11,9,2,0,0,0,0,1
YOLO11m,4868,6,94,6,6,0,0,0,0,0,0
YOLO11m,4869,16,77,18,14,4,0,1,0,1,0
YOLO11m,4870,8,107,8,5,3,0,2,0,1,0
YOLO11m,4871,19,87,16,16,0,0,3,0,0,0
YOLO11m,4872,26,163,24,19,5,0,4,1,0,2
YOLO11m,4873,50,258,33,27,6,8,13,0,0,2
YOLO11m,4874,13,232,7,5,2,3,5,0,0,0
YOLO11m,4875,10,46,10,6,4,0,0,0,0,4
YOLO11m,4876,34,182,36,29,7,1,2,0,0,2
YOLO11m,4877,11,138,15,11,4,0,0,0,0,0
YOLO11m,4878,4,49,4,3,1,0,1,0,0,0
YOLO11m,4879,22,240,17,15,2,2,5,0,0,0
YOLO11m,4880,36,153,34,28,6,4,3,0,1,0
YOLO11m,4881,16,102,16,15,1,0,1,0,0,0
YOLO11m,4882,13,157,14,11,3,0,2,0,0,0
YOLO11m,4883,40,221,34,31,3,2,4,0,0,3
YOLO11m,4884,23,288,20,16,4,2,4,0,0,1
YOLO11m,4885,13,79,15,11,4,1,1,0,0,0
YOLO11m,4886,24,164,22,20,2,0,4,0,0,0
YOLO11m,4887,15,86,13,9,4,2,4,0,0,0
YOLO11m,4888,16,73,17,15,2,0,1,0,0,0
YOLO11m,4889,13,57,8,7,1,4,1,0,0,1
YOLO11m,4890,10,79,10,9,1,0,1,0,0,0
YOLO11m,4891,23,71,24,21,3,0,2,0,0,0
YOLO11m,4892,8,114,11,8,3,0,0,0,0,0
YOLO11m,4893,27,181,22,16,6,3,6,0,0,2
YOLO11m,4894,5,40,5,3,2,1,1,0,0,0
YOLO11m,4895,16,79,16,15,1,0,1,0,0,0
YOLO11m,4896,11,131,12,9,3,0,1,0,0,1
YOLO11m,4897,20,132,11,10,1,5,3,0,0,2
YOLO11m,4898,37,246,27,23,4,6,7,0,0,1
YOLO11m,4899,15,152,17,12,5,0,3,0,0,0
YOLO11m,4900,4,46,6,3,3,0,0,0,1,0
YOLO11m,4901,22,127,25,22,3,0,0,0,0,0
YOLO11m,4902,19,126,21,13,8,1,3,0,0,2
YOLO11m,4903,18,169,24,13,11,0,4,0,1,0
YOLO11m,4904,7,71,7,5,2,0,2,0,0,0
YOLO11m,4905,10,136,7,5,2,0,2,0,0,3
YOLO11m,4906,4,68,4,3,1,0,1,0,0,0
YOLO11m,4907,11,51,10,10,0,0,1,0,0,0
YOLO11m,4908,19,117,11,8,3,3,6,0,1,1
YOLO11m,4909,12,51,4,3,1,2,6,0,0,1
YOLO11m,4910,6,55,6,4,2,0,1,0,1,0
YOLO11m,4911,34,199,20,15,5,9,9,0,0,1
YOLO11m,4912,10,99,11,4,7,4,1,0,0,1
YOLO11m,4913,22,188,27,19,8,0,2,0,0,1
YOLO11m,4914,20,173,18,15,3,2,2,0,0,1
YOLO11m,4915,16,98,17,10,7,1,3,1,0,1
YOLO11m,4916,13,102,10,8,2,1,3,0,0,1
YOLO11m,4917,9,47,10,8,2,0,0,0,1,0
YOLO11m,4918,5,66,3,3,0,0,2,0,0,0
YOLO11m,4919,24,202,13,11,2,6,7,0,0,0
YOLO11m,4920,24,154,19,14,5,2,5,0,0,3
YOLO11m,4921,16,209,15,11,4,1,4,0,0,0
YOLO11m,4922,21,78,15,9,6,0,8,0,0,4
YOLO11m,4923,12,67,13,8,5,1,2,0,0,1
YOLO11m,4924,12,113,14,10,4,0,2,0,0,0
YOLO11m,4925,17,107,17,15,2,0,2,0,0,0
YOLO11m,4926,16,111,16,14,2,0,2,0,0,0
YOLO11m,4927,29,161,24,21,3,1,5,1,0,1
YOLO11m,4928,16,93,14,11,3,3,0,0,0,2
YOLO11m,4929,16,103,15,13,2,0,3,0,0,0
YOLO11m,4930,17,156,20,14,6,1,0,0,0,2
YOLO11m,4931,22,182,26,17,9,1,2,0,0,2
YOLO11m,4932,23,112,19,12,7,0,7,0,0,4
YOLO11m,4933,39,253,30,18,12,6,8,0,1,6
YOLO11m,4934,20,86,20,19,1,1,0,0,0,0
YOLO11m,4935,20,118,11,7,4,6,5,0,1,1
YOLO11m,4936,17,140,14,10,4,0,6,0,0,1
YOLO11m,4937,23,163,28,21,7,1,0,0,0,1
YOLO11m,4938,31,109,27,26,1,2,2,0,0,1
YOLO11m,4939,36,191,15,15,0,7,13,0,0,1
YOLO11m,4940,37,257,28,24,4,2,11,0,0,0
YOLO11m,4941,16,82,13,11,2,0,4,0,1,0
YOLO11m,4942,17,124,12,12,0,0,5,0,0,0
YOLO11m,4943,17,135,18,14,4,0,3,0,0,0
YOLO11m,4944,12,63,14,10,4,0,1,0,0,1
YOLO11m,4945,18,142,22,16,6,1,1,0,0,0
YOLO11m,4946,18,96,23,17,6,0,0,0,0,1
YOLO11m,4947,9,85,12,9,3,0,0,0,0,0
YOLO11m,4948,26,160,28,23,5,0,2,0,0,1
YOLO11m,4949,8,71,8,8,0,0,0,0,0,0
YOLO11m,4950,15,108,10,10,0,2,3,0,0,0
YOLO11m,4951,29,179,25,19,6,7,2,0,0,1
YOLO11m,4952,28,211,33,21,12,2,3,0,1,1
YOLO11m,4953,32,239,39,24,15,0,7,0,0,1
YOLO11m,4954,9,105,8,6,2,1,0,0,0,2
YOLO11m,4955,8,133,11,7,4,0,0,0,0,1
YOLO11m,4956,4,54,3,2,1,1,1,0,0,0
YOLO11m,4957,12,137,11,8,3,1,3,0,0,0
YOLO11m,4958,28,172,28,24,4,0,3,0,0,1
YOLO11m,4959,47,200,42,37,5,1,8,0,0,1
YOLO11m,4960,5,104,3,3,0,2,0,0,0,0
YOLO11m,4961,10,139,9,9,0,1,0,0,0,0
YOLO11m,4962,14,152,13,11,2,0,3,0,0,0
YOLO11m,4963,9,81,8,5,3,1,2,0,0,1
YOLO11m,4964,15,80,18,12,6,1,2,0,0,0
YOLO11m,4965,11,108,9,8,1,0,3,0,0,0
YOLO11m,4966,23,166,21,19,2,0,4,0,0,0
YOLO11m,4967,19,176,16,11,5,2,5,0,0,1
YOLO11m,4968,26,154,27,22,5,1,2,0,0,1
YOLO11m,4969,12,83,12,12,0,0,0,0,0,0
YOLO11m,4970,21,74,14,11,3,5,2,0,0,3
YOLO11m,4971,39,229,44,34,10,0,3,0,1,1
YOLO11m,4972,16,106,16,14,2,1,0,0,1,0
YOLO11m,4973,4,115,5,4,1,0,0,0,0,0
YOLO11m,4974,10,60,10,9,1,1,0,0,0,0
YOLO11m,4975,8,113,14,8,6,0,0,0,0,0
YOLO11m,4976,7,123,6,4,2,0,3,0,0,0
YOLO11m,4977,38,141,23,19,4,5,13,0,0,1
YOLO11m,4978,4,51,0,0,0,1,3,0,0,0
YOLO11m,4979,7,91,10,6,4,0,1,0,0,0
YOLO11m,4980,16,123,15,8,7,3,3,0,1,1
YOLO11m,4981,15,81,16,13,3,0,1,0,0,1
YOLO11m,4982,13,129,12,11,1,1,1,0,0,0
YOLO11m,4983,10,109,11,7,4,0,2,0,0,1
YOLO11m,4984,22,107,20,16,4,2,3,0,0,1
YOLO11m,4985,13,84,16,10,6,1,0,0,0,2
YOLO11m,4986,10,155,10,9,1,0,1,0,0,0
YOLO11m,4987,9,50,9,9,0,0,0,0,0,0
YOLO11m,4988,24,217,19,16,3,3,3,0,0,2
YOLO11m,4989,28,164,21,17,4,6,5,0,0,0
YOLO11m,4990,18,194,14,10,4,1,5,0,0,2
YOLO11m,4991,20,102,20,18,2,1,1,0,0,0
YOLO11m,4992,25,142,17,13,4,2,8,1,0,1
YOLO11m,4993,5,113,5,4,1,0,1,0,0,0
YOLO11m,4994,34,173,32,20,12,1,6,0,0,7
YOLO11m,4995,4,79,4,3,1,0,0,0,0,1
YOLO11m,4996,18,191,19,13,6,1,4,0,0,0
YOLO11m,4997,6,100,7,6,1,0,0,0,0,0
YOLO11m,4998,11,91,9,8,1,0,3,0,0,0
YOLO11m,4999,25,87,17,15,2,2,5,0,0,3
YOLO11m,5000,10,92,9,7,2,1,1,0,1,0
YOLO11m,5001,35,140,32,28,4,3,2,0,0,2
YOLO11m,5002,13,206,18,11,7,0,1,0,0,1
YOLO11m,5003,10,75,10,9,1,0,1,0,0,0
YOLO11m,5004,26,198,25,17,8,3,3,0,0,3
YOLO11m,5005,21,110,17,13,4,3,3,0,0,2
YOLO11m,5006,14,91,23,13,10,0,0,0,1,0
YOLO11m,5007,21,127,20,18,2,0,2,0,0,1
YOLO11m,5008,24,182,23,16,7,3,2,0,1,2
YOLO11m,5009,7,109,10,6,4,0,0,0,0,1
YOLO11m,5010,20,95,26,18,8,0,1,0,0,1
YOLO11m,5011,32,167,29,22,7,2,6,0,0,2
YOLO11m,5012,37,216,34,24,10,2,6,0,0,5
YOLO11m,5013,16,176,5,5,0,2,9,0,0,0
YOLO11m,5014,13,134,9,6,3,4,2,0,1,0
YOLO11m,5015,12,189,6,3,3,0,8,0,0,1
YOLO11m,5016,8,118,8,6,2,0,2,0,0,0
YOLO11m,5017,24,130,22,18,4,1,3,0,1,1
YOLO11m,5018,16,97,16,9,7,0,3,0,0,4
YOLO11m,5019,15,54,16,15,1,0,0,0,0,0
YOLO11m,5020,15,47,16,13,3,0,1,0,0,1
YOLO11m,5021,15,175,17,14,3,0,0,0,0,1
YOLO11m,5022,29,181,36,26,10,0,3,0,0,0
YOLO11m,5023,17,146,17,14,3,0,2,0,1,0
YOLO11m,5024,18,156,16,16,0,0,2,0,0,0
YOLO11m,5025,16,173,13,10,3,2,3,0,0,1
YOLO11m,5026,25,81,22,17,5,2,3,1,0,2
YOLO11m,5027,30,203,14,11,3,9,7,0,0,3
YOLO11m,5028,8,57,6,5,1,0,3,0,0,0
YOLO11m,5029,30,185,26,24,2,1,4,0,0,1
YOLO11m,5030,25,192,20,16,4,3,5,0,0,1
YOLO11m,5031,31,161,22,14,8,7,6,0,3,1
YOLO11m,5032,26,105,27,20,7,0,3,1,0,2
YOLO11m,5033,17,98,21,15,6,2,0,0,0,0
YOLO11m,5034,24,110,21,16,5,2,2,0,0,4
YOLO11m,5035,6,30,4,4,0,1,0,0,0,1
YOLO11m,5036,23,89,21,18,3,0,2,0,0,3
YOLO11m,5037,20,216,16,10,6,5,3,0,0,2
YOLO11m,5038,7,49,7,5,2,0,2,0,0,0
YOLO11m,5039,11,46,12,7,5,0,3,0,0,1
YOLO11m,5040,9,129,14,7,7,0,0,0,0,2
YOLO11m,5041,36,261,31,18,13,2,13,0,0,3
YOLO11m,5042,18,193,17,15,2,1,2,0,0,0
YOLO11m,5043,6,48,5,3,2,0,1,0,0,2
YOLO11m,5044,9,72,5,3,2,2,3,0,0,1
YOLO11m,5045,23,80,23,19,4,0,2,0,0,2
YOLO11m,5046,16,121,14,12,2,3,0,0,0,1
YOLO11m,5047,15,77,18,15,3,0,0,0,0,0
YOLO11m,5048,7,79,5,5,0,1,1,0,0,0
YOLO11m,5049,5,110,5,4,1,0,1,0,0,0
YOLO11m,5050,12,123,13,10,3,0,1,0,1,0
YOLO11m,5051,9,190,14,5,9,0,1,0,1,2
YOLO11m,5052,4,63,7,3,4,0,1,0,0,0
YOLO11m,5053,8,57,11,6,5,1,0,0,0,1
YOLO11m,5054,27,205,20,17,3,4,4,0,0,2
YOLO11m,5055,8,67,9,5,4,0,3,0,0,0
YOLO11m,5056,15,41,13,13,0,0,0,0,0,2
YOLO11m,5057,8,111,7,7,0,0,0,1,0,0
YOLO11m,5058,15,94,18,12,6,1,2,0,0,0
YOLO11m,5059,29,105,27,16,11,3,2,0,0,8
YOLO11m,5060,11,134,16,11,5,0,0,0,0,0
YOLO11m,5061,9,108,6,3,3,1,2,0,1,2
YOLO11m,5062,10,196,8,6,2,1,3,0,0,0
YOLO11m,5063,15,115,16,11,5,0,3,0,0,1
YOLO11m,5064,27,173,21,14,7,5,4,0,0,4
YOLO11m,5065,34,151,30,27,3,1,2,0,1,3
YOLO11m,5066,14,76,9,9,0,1,4,0,0,0
YOLO11m,5067,14,160,18,10,8,0,4,0,0,0
YOLO11m,5068,30,227,37,24,13,1,2,0,0,3
YOLO11m,5069,12,151,17,9,8,2,1,0,0,0
YOLO11m,5070,5,66,4,4,0,0,1,0,0,0
YOLO11m,5071,20,281,17,11,6,1,4,1,1,2
YOLO11m,5072,9,104,8,7,1,0,2,0,0,0
YOLO11m,5073,19,161,12,10,2,2,5,0,0,2
YOLO11m,5074,10,98,10,8,2,0,1,0,0,1
YOLO11m,5075,10,105,12,9,3,0,1,0,0,0
YOLO11m,5076,28,119,29,20,9,0,5,0,0,3
YOLO11m,5077,21,107,12,11,1,4,6,0,0,0
YOLO11m,5078,10,92,11,10,1,0,0,0,0,0
YOLO11m,5079,46,251,45,37,8,3,4,0,1,1
YOLO11m,5080,42,282,30,25,5,3,11,0,1,2
YOLO11m,5081,27,141,24,22,2,1,2,0,0,2
YOLO11m,5082,10,70,11,8,3,0,0,0,0,2
YOLO11m,5083,30,238,31,26,5,1,3,0,0,0
YOLO11m,5084,18,113,16,15,1,0,2,0,1,0
YOLO11m,5085,55,201,40,30,10,7,10,1,0,7
YOLO11m,5086,26,144,25,24,1,0,2,0,0,0
YOLO11m,5087,7,79,8,7,1,0,0,0,0,0
YOLO11m,5088,7,51,8,6,2,0,1,0,0,0
YOLO11m,5089,4,72,4,4,0,0,0,0,0,0
YOLO11m,5090,40,300,39,26,13,6,7,0,0,1
YOLO11m,5091,26,157,26,20,6,2,4,0,0,0
YOLO11m,5092,6,13,6,5,1,0,1,0,0,0
YOLO11m,5093,23,198,22,17,5,1,5,0,0,0
YOLO11m,5094,19,87,19,13,6,0,3,0,0,3
YOLO11m,5095,14,115,18,11,7,0,0,0,1,2
YOLO11m,5096,21,105,21,17,4,0,1,0,0,3
YOLO11m,5097,15,119,16,11,5,0,4,0,0,0
YOLO11m,5098,19,122,19,13,6,4,1,0,0,1
YOLO11m,5099,9,74,10,9,1,0,0,0,0,0
YOLO11m,5100,21,186,13,12,1,2,6,0,0,1
YOLO11m,5101,8,82,8,7,1,0,1,0,0,0
YOLO11m,5102,8,82,7,6,1,0,1,0,0,1
YOLO11m,5103,9,115,11,9,2,0,0,0,0,0
YOLO11m,5104,15,102,16,10,6,0,3,0,1,1
YOLO11m,5105,36,163,39,29,10,1,4,0,0,2
YOLO11m,5106,19,60,21,19,2,0,0,0,0,0
YOLO11m,5107,24,133,24,17,7,2,5,0,0,0
YOLO11m,5108,22,111,21,18,3,1,1,0,0,2
YOLO11m,5109,19,218,18,11,7,2,2,0,1,3
YOLO11m,5110,34,169,36,23,13,1,4,0,0,6
YOLO11m,5111,13,164,10,8,2,1,3,0,1,0
YOLO11m,5112,25,170,27,17,10,0,4,1,1,2
YOLO11m,5113,15,184,16,10,6,0,4,0,0,1
YOLO11m,5114,29,215,25,19,6,5,2,2,0,1
YOLO11m,5115,32,238,31,21,10,4,3,0,2,2
YOLO11m,5116,16,182,19,14,5,0,1,0,0,1
YOLO11m,5117,24,227,27,20,7,0,3,0,0,1
YOLO11m,5118,23,180,21,16,5,2,2,0,1,2
YOLO11m,5119,9,96,12,7,5,0,1,0,0,1
YOLO11m,5120,24,152,17,15,2,3,4,0,1,1
YOLO11m,5121,13,107,14,11,3,0,2,0,0,0
YOLO11m,5122,4,65,4,4,0,0,0,0,0,0
YOLO11m,5123,12,87,9,8,1,1,2,0,0,1
YOLO11m,5124,6,89,10,6,4,0,0,0,0,0
YOLO11m,5125,11,147,11,10,1,0,1,0,0,0
YOLO11m,5126,33,296,28,23,5,1,5,0,1,3
YOLO11m,5127,16,101,16,12,4,1,0,0,2,1
YOLO11m,5128,7,81,4,3,1,1,3,0,0,0
YOLO11m,5129,21,120,19,17,2,0,2,0,0,2
YOLO11m,5130,10,151,8,6,2,0,2,0,0,2
YOLO11m,5131,11,213,11,9,2,0,2,0,0,0
YOLO11m,5132,21,247,24,15,9,0,5,0,0,1
YOLO11m,5133,23,261,24,18,6,0,5,0,0,0
YOLO11m,5134,27,228,24,16,8,3,4,0,0,4
YOLO11m,5135,26,110,25,19,6,1,4,0,0,2
YOLO11m,5136,10,97,10,10,0,0,0,0,0,0
YOLO11m,5137,15,74,16,12,4,0,1,0,1,1
YOLO11m,5138,18,220,15,11,4,1,6,0,0,0
YOLO11m,5139,27,228,25,13,12,5,1,0,0,8
YOLO11m,5140,9,97,9,5,4,1,2,0,1,0
YOLO11m,5141,26,232,17,14,3,2,9,0,0,1
YOLO11m,5142,15,98,14,14,0,0,1,0,0,0
YOLO11m,5143,16,115,11,9,2,1,6,0,0,0
YOLO11m,5144,8,76,8,7,1,0,1,0,0,0
YOLO11m,5145,20,123,21,19,2,1,0,0,0,0
YOLO11m,5146,12,103,9,8,1,0,2,0,0,2
YOLO11m,5147,14,135,16,11,5,0,2,0,0,1
YOLO11m,5148,23,136,24,18,6,1,3,0,0,1
YOLO11m,5149,15,66,18,11,7,1,3,0,0,0
YOLO11m,5150,20,191,24,17,7,0,3,0,0,0
YOLO11m,5151,15,67,14,13,1,0,0,0,0,2
YOLO11m,5152,6,69,6,4,2,1,1,0,0,0
YOLO11m,5153,14,105,12,10,2,0,3,0,1,0
YOLO11m,5154,24,140,27,22,5,0,0,0,0,2
YOLO11m,5155,22,127,23,15,8,2,4,0,0,1
YOLO11m,5156,21,154,21,18,3,1,1,0,0,1
YOLO11m,5157,13,195,18,7,11,1,3,0,2,0
YOLO11m,5158,10,106,10,8,2,1,0,0,1,0
YOLO11m,5159,21,74,27,18,9,0,1,1,0,1
YOLO11m,5160,6,90,7,5,2,0,0,0,0,1
YOLO11m,5161,25,101,19,18,1,2,4,0,0,1
YOLO11m,5162,27,168,25,22,3,2,2,0,0,1
YOLO11m,5163,4,122,8,4,4,0,0,0,0,0
YOLO11m,5164,29,158,28,24,4,0,2,0,0,3
YOLO11m,5165,7,60,10,3,7,1,2,0,0,1
YOLO11m,5166,18,137,15,9,6,4,1,0,0,4
YOLO11m,5167,10,60,10,10,0,0,0,0,0,0
YOLO11m,5168,21,188,16,11,5,4,5,0,0,1
YOLO11m,5169,8,126,6,5,1,0,1,0,0,2
YOLO11m,5170,30,141,29,22,7,1,5,0,0,2
YOLO11m,5171,19,133,21,17,4,0,2,0,0,0
YOLO11m,5172,14,124,14,10,4,0,3,0,1,0
YOLO11m,5173,4,109,3,3,0,0,1,0,0,0
YOLO11m,5174,5,100,5,4,1,0,1,0,0,0
YOLO11m,5175,8,74,9,7,2,0,1,0,0,0
YOLO11m,5176,11,114,10,7,3,2,1,0,0,1
YOLO11m,5177,21,125,30,19,11,0,1,0,0,1
YOLO11m,5178,11,76,10,9,1,0,2,0,0,0
YOLO11m,5179,6,43,7,6,1,0,0,0,0,0
YOLO11m,5180,6,177,6,5,1,0,0,0,1,0
YOLO11m,5181,38,197,40,34,6,0,3,0,0,1
YOLO11m,5182,15,203,17,8,9,1,4,0,0,2
YOLO11m,5183,7,131,7,5,2,0,2,0,0,0
YOLO11m,5184,27,184,18,15,3,6,5,0,0,1
YOLO11m,5185,16,153,22,11,11,1,3,0,0,1
YOLO11m,5186,16,91,24,15,9,0,1,0,0,0
YOLO11m,5187,8,97,8,3,5,0,1,0,0,4
YOLO11m,5188,25,129,30,18,12,0,6,0,0,1
YOLO11m,5189,12,110,13,12,1,0,0,0,0,0
YOLO11m,5190,12,102,11,3,8,3,2,0,0,4
YOLO11m,5191,9,95,9,8,1,0,1,0,0,0
YOLO11m,5192,18,118,14,13,1,0,2,0,0,3
YOLO11m,5193,22,196,21,12,9,1,5,0,1,3
YOLO11m,5194,16,190,20,14,6,0,2,0,0,0
YOLO11m,5195,17,122,12,6,6,0,8,0,0,3
YOLO11m,5196,22,155,22,16,6,0,5,0,0,1
YOLO11m,5197,22,199,23,16,7,0,3,0,0,3
YOLO11m,5198,26,133,25,19,6,1,1,0,0,5
YOLO11m,5199,16,109,17,10,7,3,3,0,0,0
YOLO11m,5200,15,144,18,10,8,0,1,0,0,4
YOLO11m,5201,5,37,7,5,2,0,0,0,0,0
YOLO11m,5202,18,100,21,13,8,0,2,0,0,3
YOLO11m,5203,12,137,16,8,8,0,3,0,0,1
YOLO11m,5204,19,135,17,13,4,2,2,0,0,2
YOLO11m,5205,23,229,13,8,5,2,11,0,0,2
YOLO11m,5206,28,242,29,23,6,1,3,0,1,0
YOLO11m,5207,12,102,12,11,1,0,1,0,0,0
YOLO11m,5208,24,107,20,19,1,2,3,0,0,0
YOLO11m,5209,21,73,22,19,3,0,1,0,0,1
YOLO11m,5210,14,91,18,12,6,0,2,0,0,0
YOLO11m,5211,20,101,23,15,8,0,3,0,0,2
YOLO11m,5212,25,112,26,21,5,1,2,0,0,1
YOLO11m,5213,19,167,17,15,2,1,3,0,0,0
YOLO11m,5214,24,130,16,13,3,1,8,0,0,2
YOLO11m,5215,21,195,24,17,7,1,2,0,0,1
YOLO11m,5216,24,213,32,17,15,3,1,0,0,3
YOLO11m,5217,25,272,21,14,7,3,7,0,0,1
YOLO11m,5218,12,61,17,9,8,0,2,0,0,1
YOLO11m,5219,15,108,14,10,4,1,1,0,0,3
YOLO11m,5220,5,88,5,4,1,0,1,0,0,0
YOLO11m,5221,7,68,9,7,2,0,0,0,0,0
YOLO11m,5222,21,98,21,20,1,0,0,0,1,0
YOLO11m,5223,49,212,29,24,5,11,6,0,3,5
YOLO11m,5224,10,139,10,8,2,1,1,0,0,0
YOLO11m,5225,4,142,5,3,2,0,1,0,0,0
YOLO11m,5226,26,213,28,24,4,0,2,0,0,0
YOLO11m,5227,4,200,5,4,1,0,0,0,0,0
YOLO11m,5228,22,118,20,17,3,1,2,0,0,2
YOLO11m,5229,16,140,15,11,4,1,4,0,0,0
YOLO11m,5230,38,220,42,31,11,3,2,0,0,2
YOLO11m,5231,30,158,33,25,8,0,4,0,0,1
YOLO11m,5232,19,156,23,14,9,1,3,0,0,1
YOLO11m,5233,7,70,12,6,6,0,1,0,0,0
YOLO11m,5234,22,138,16,10,6,3,6,0,0,3
YOLO11m,5235,22,150,20,15,5,1,4,0,2,0
YOLO11m,5236,25,80,22,19,3,1,0,2,0,3
YOLO11m,5237,36,187,26,24,2,3,7,0,0,2
YOLO11m,5238,27,223,26,20,6,0,3,0,0,4
YOLO11m,5239,16,144,16,10,6,1,5,0,0,0
YOLO11m,5240,22,72,23,16,7,0,1,0,0,5
YOLO11m,5241,14,94,11,10,1,0,4,0,0,0
YOLO11m,5242,17,84,15,12,3,1,4,0,0,0
YOLO11m,5243,32,124,22,18,4,8,3,0,0,3
YOLO11m,5244,29,147,32,25,7,0,3,0,0,1
YOLO11m,5245,10,168,10,9,1,0,1,0,0,0
YOLO11m,5246,11,56,8,7,1,0,4,0,0,0
YOLO11m,5247,6,58,6,5,1,0,0,0,1,0
YOLO11m,5248,12,160,12,7,5,1,1,0,0,3
YOLO11m,5249,16,97,22,14,8,0,0,0,0,2
YOLO11m,5250,29,146,13,12,1,9,6,0,0,2
YOLO11m,5251,21,152,13,13,0,2,6,0,0,0
YOLO11m,5252,20,134,20,17,3,1,1,0,1,0
YOLO11m,5253,27,139,24,21,3,2,4,0,0,0
YOLO11m,5254,12,47,11,10,1,0,1,0,0,1
YOLO11m,5255,15,174,14,10,4,0,5,0,0,0
YOLO11m,5256,24,249,27,11,16,2,8,0,0,3
YOLO11m,5257,26,163,20,15,5,4,6,0,0,1
YOLO11m,5258,7,82,7,6,1,0,1,0,0,0
YOLO11m,5259,37,226,22,20,2,6,10,0,0,1
YOLO11m,5260,25,254,26,19,7,1,4,0,0,1
YOLO11m,5261,26,95,26,22,4,0,1,1,0,2
YOLO11m,5262,22,216,16,10,6,4,6,0,0,2
YOLO11m,5263,21,146,23,12,11,0,2,1,2,4
YOLO11m,5264,11,92,10,6,4,0,0,0,0,5
YOLO11m,5265,15,126,11,10,1,2,2,0,0,1
YOLO11m,5266,6,83,2,1,1,2,3,0,0,0
YOLO11m,5267,51,276,43,34,9,6,9,0,0,2
YOLO11m,5268,20,165,20,14,6,2,4,0,0,0
YOLO11m,5269,5,71,4,4,0,0,1,0,0,0
YOLO11m,5270,27,230,25,15,10,1,9,0,0,2
YOLO11m,5271,23,125,27,19,8,0,0,0,3,1
YOLO11m,5272,22,143,17,15,2,1,5,0,1,0
YOLO11m,5273,28,180,25,17,8,2,4,0,0,5
YOLO11m,5274,19,111,14,11,3,2,3,0,0,3
YOLO11m,5275,12,159,10,7,3,2,2,0,1,0
YOLO11m,5276,10,203,11,7,4,0,2,0,1,0
YOLO11m,5277,25,152,25,17,8,1,4,0,0,3
YOLO11m,5278,15,64,14,13,1,0,2,0,0,0
YOLO11m,5279,8,155,9,6,3,1,1,0,0,0
YOLO11m,5280,20,224,20,13,7,1,4,0,0,2
YOLO11m,5281,4,49,5,3,2,0,1,0,0,0
YOLO11m,5282,25,166,21,16,5,2,2,0,0,5
YOLO11m,5283,17,144,18,12,6,0,4,0,0,1
YOLO11m,5284,23,181,19,18,1,3,2,0,0,0
YOLO11m,5285,33,225,26,15,11,7,4,0,0,7
YOLO11m,5286,6,80,9,5,4,0,0,0,0,1
YOLO11m,5287,20,180,20,15,5,1,1,0,0,3
YOLO11m,5288,27,147,20,16,4,3,5,1,0,2
YOLO11m,5289,14,83,12,9,3,3,0,0,0,2
YOLO11m,5290,26,174,18,15,3,2,9,0,0,0
YOLO11m,5291,9,62,9,8,1,1,0,0,0,0
YOLO11m,5292,37,167,23,13,10,5,12,0,0,7
YOLO11m,5293,19,134,15,11,4,2,5,0,0,1
YOLO11m,5294,8,106,9,4,5,0,0,0,0,4
YOLO11m,5295,22,76,14,11,3,7,3,0,0,1
YOLO11m,5296,18,70,18,14,4,0,1,0,1,2
YOLO11m,5297,15,118,19,13,6,1,1,0,0,0
YOLO11m,5298,33,115,22,20,2,4,6,0,0,3
YOLO11m,5299,26,197,34,19,15,1,3,0,1,2
YOLO11m,5300,36,221,45,31,14,1,2,0,0,2
YOLO11m,5301,20,154,33,16,17,2,1,0,0,1
YOLO11m,5302,33,254,20,16,4,3,11,0,0,3
YOLO11m,5303,9,92,15,8,7,0,0,0,1,0
YOLO11m,5304,16,143,15,13,2,1,2,0,0,0
YOLO11m,5305,19,191,21,17,4,0,1,0,1,0
YOLO11m,5306,26,159,17,13,4,1,10,0,0,2
YOLO11m,5307,25,152,22,18,4,2,5,0,0,0
YOLO11m,5308,13,79,12,12,0,1,0,0,0,0
YOLO11m,5309,25,113,13,13,0,5,7,0,0,0
YOLO11m,5310,16,161,8,6,2,2,6,0,1,1
YOLO11m,5311,29,174,37,25,12,0,1,0,0,3
YOLO11m,5312,15,119,16,13,3,0,1,0,0,1
YOLO11m,5313,26,97,32,26,6,0,0,0,0,0
YOLO11m,5314,21,152,29,17,12,2,0,0,0,2
YOLO11m,5315,20,191,19,13,6,0,4,0,0,3
YOLO11m,5316,16,102,19,13,6,0,2,0,0,1
YOLO11m,5317,5,35,6,4,2,0,0,0,0,1
YOLO11m,5318,12,127,10,10,0,0,2,0,0,0
YOLO11m,5319,20,225,19,14,5,1,4,0,0,1
YOLO11m,5320,18,127,19,15,4,0,3,0,0,0
YOLO11m,5321,11,145,12,9,3,0,2,0,0,0
YOLO11m,5322,16,66,14,11,3,2,1,0,0,2
YOLO11m,5323,5,42,7,5,2,0,0,0,0,0
YOLO11m,5324,30,300,18,12,6,3,13,0,1,1
YOLO11m,5325,18,102,16,12,4,2,3,0,1,0
YOLO11m,5326,10,87,8,7,1,0,3,0,0,0
YOLO11m,5327,14,75,12,10,2,0,2,0,1,1
YOLO11m,5328,10,58,11,10,1,0,0,0,0,0
YOLO11m,5329,16,220,14,9,5,0,7,0,0,0
YOLO11m,5330,20,113,17,16,1,2,2,0,0,0
YOLO11m,5331,19,124,17,13,4,2,4,0,0,0
YOLO11m,5332,25,279,29,24,5,0,1,0,0,0
YOLO11m,5333,19,209,23,14,9,0,3,0,0,2
YOLO11m,5334,12,79,13,11,2,0,1,0,0,0
YOLO11m,5335,12,223,12,10,2,0,2,0,0,0
YOLO11m,5336,9,97,10,9,1,0,0,0,0,0
YOLO11m,5337,6,104,7,2,5,1,3,0,0,0
YOLO11m,5338,22,98,19,15,4,1,6,0,0,0
YOLO11m,5339,5,118,4,4,0,0,1,0,0,0
YOLO11m,5340,10,66,9,9,0,0,1,0,0,0
YOLO11m,5341,32,216,33,27,6,0,1,0,0,4
YOLO11m,5342,16,55,15,13,2,1,1,0,0,1
YOLO11m,5343,19,103,17,14,3,3,2,0,0,0
YOLO11m,5344,15,133,18,12,6,0,2,0,0,1
YOLO11m,5345,14,231,20,9,11,1,1,0,2,1
YOLO11m,5346,4,89,5,3,2,0,0,0,0,1
YOLO11m,5347,21,58,24,17,7,1,2,0,0,1
YOLO11m,5348,14,103,12,8,4,1,4,0,0,1
YOLO11m,5349,6,106,8,5,3,0,0,0,1,0
YOLO11m,5350,25,176,25,18,7,0,3,0,0,4
YOLO11m,5351,37,300,35,24,11,5,5,0,0,3
YOLO11m,5352,8,63,8,7,1,0,1,0,0,0
YOLO11m,5353,49,258,32,21,11,9,9,0,0,10
YOLO11m,5354,15,62,13,11,2,1,2,0,0,1
YOLO11m,5355,16,118,18,15,3,0,1,0,0,0
YOLO11m,5356,32,174,37,25,12,1,4,0,0,2
YOLO11m,5357,32,195,26,17,9,10,3,0,1,1
YOLO11m,5358,25,131,25,21,4,1,3,0,0,0
YOLO11m,5359,11,72,11,9,2,0,2,0,0,0
YOLO11m,5360,25,114,28,22,6,0,1,0,0,2
YOLO11m,5361,32,244,35,27,8,1,3,0,0,1
YOLO11m,5362,19,186,23,16,7,0,2,0,0,1
YOLO11m,5363,29,268,24,21,3,2,6,0,0,0
YOLO11m,5364,8,81,6,3,3,4,0,0,0,1
YOLO11m,5365,18,71,17,15,2,1,2,0,0,0
YOLO11m,5366,34,223,36,25,11,3,1,1,0,4
YOLO11m,5367,11,110,10,7,3,1,3,0,0,0
YOLO11m,5368,20,62,19,16,3,1,1,1,0,1
YOLO11m,5369,20,120,17,11,6,1,6,0,0,2
YOLO11m,5370,13,128,15,12,3,0,1,0,0,0
YOLO11m,5371,23,200,18,15,3,3,5,0,0,0
YOLO11m,5372,13,199,16,11,5,0,2,0,0,0
YOLO11m,5373,24,52,24,20,4,0,1,1,0,2
YOLO11m,5374,24,114,23,19,4,2,3,0,0,0
YOLO11m,5375,17,87,13,11,2,4,1,0,0,1
YOLO11m,5376,18,79,17,15,2,0,2,0,0,1
YOLO11m,5377,5,119,4,4,0,0,1,0,0,0
YOLO11m,5378,12,155,10,9,1,0,3,0,0,0
YOLO11m,5379,11,148,9,5,4,0,6,0,0,0
YOLO11m,5380,24,224,22,17,5,1,4,0,0,2
YOLO11m,5381,15,127,9,8,1,4,1,0,0,2
YOLO11m,5382,9,160,13,7,6,1,1,0,0,0
YOLO11m,5383,19,171,15,15,0,0,4,0,0,0
YOLO11m,5384,20,209,22,9,13,0,10,0,0,1
YOLO11m,5385,22,134,16,12,4,1,7,0,0,2
YOLO11m,5386,24,143,24,18,6,0,4,0,0,2
YOLO11m,5387,20,124,23,16,7,1,3,0,0,0
YOLO11m,5388,28,142,28,23,5,1,1,0,0,3
YOLO11m,5389,14,169,13,11,2,1,1,0,0,1
YOLO11m,5390,20,71,22,16,6,0,1,0,1,2
YOLO11m,5391,8,90,7,7,0,0,1,0,0,0
YOLO11m,5392,10,143,10,5,5,2,2,0,0,1
YOLO11m,5393,9,145,10,5,5,1,2,0,1,0
YOLO11m,5394,24,178,22,20,2,3,1,0,0,0
YOLO11m,5395,20,123,26,16,10,1,2,0,0,1
YOLO11m,5396,13,156,8,6,2,1,6,0,0,0
YOLO11m,5397,9,103,11,7,4,0,1,0,0,1
YOLO11m,5398,8,111,12,5,7,0,3,0,0,0
YOLO11m,5399,6,58,4,3,1,0,2,0,1,0
YOLO11m,5400,4,40,6,4,2,0,0,0,0,0
YOLO11m,5401,19,137,17,12,5,0,4,0,0,3
YOLO11m,5402,8,120,6,5,1,1,2,0,0,0
YOLO11m,5403,16,103,16,15,1,1,0,0,0,0
YOLO11m,5404,13,137,12,8,4,1,3,0,0,1
YOLO11m,5405,14,124,16,11,5,0,2,0,0,1
YOLO11m,5406,14,76,16,12,4,1,1,0,0,0
YOLO11m,5407,9,63,8,7,1,1,0,0,0,1
YOLO11m,5408,15,53,12,10,2,4,0,0,0,1
YOLO11m,5409,14,62,14,13,1,0,1,0,0,0
YOLO11m,5410,10,45,8,8,0,0,2,0,0,0
YOLO11m,5411,21,167,21,16,5,1,4,0,0,0
YOLO11m,5412,29,175,26,22,4,0,6,0,0,1
YOLO11m,5413,37,225,34,24,10,4,5,0,0,4
YOLO11m,5414,5,51,1,1,0,2,2,0,0,0
YOLO11m,5415,23,175,20,15,5,0,5,0,0,3
YOLO11m,5416,10,81,10,8,2,0,2,0,0,0
YOLO11m,5417,21,189,21,17,4,0,2,1,0,1
YOLO11m,5418,22,175,23,20,3,0,2,0,0,0
YOLO11m,5419,24,150,24,20,4,1,3,0,0,0
YOLO11m,5420,21,136,18,15,3,0,5,0,0,1
YOLO11m,5421,19,107,22,18,4,0,0,0,0,1
YOLO11m,5422,14,99,14,11,3,2,0,0,0,1
YOLO11m,5423,21,169,24,17,7,0,1,0,0,3
YOLO11m,5424,20,117,19,17,2,0,2,0,0,1
YOLO11m,5425,4,28,2,2,0,0,2,0,0,0
YOLO11m,5426,5,29,4,1,3,0,1,0,0,3
YOLO11m,5427,5,53,1,0,1,0,4,0,0,1
YOLO11m,5428,36,232,34,21,13,2,6,0,2,5
YOLO11m,5429,54,273,50,38,12,7,5,0,1,3
YOLO11m,5430,6,99,7,4,3,0,2,0,0,0
YOLO11m,5431,36,297,29,27,2,1,7,0,1,0
YOLO11m,5432,20,86,20,17,3,2,1,0,0,0
YOLO11m,5433,40,233,29,23,6,6,6,0,0,5
YOLO11m,5434,22,142,23,15,8,0,2,0,1,4
YOLO11m,5435,19,125,19,16,3,0,1,0,1,1
YOLO11m,5436,22,244,23,17,6,1,3,0,0,1
YOLO11m,5437,8,78,9,7,2,0,1,0,0,0
YOLO11m,5438,14,154,11,11,0,1,2,0,0,0
YOLO11m,5439,11,79,9,7,2,0,1,0,1,2
YOLO11m,5440,6,37,6,6,0,0,0,0,0,0
YOLO11m,5441,55,227,49,33,16,3,7,0,4,8
YOLO11m,5442,16,124,18,11,7,2,1,0,0,2
YOLO11m,5443,14,61,15,11,4,2,0,0,0,1
YOLO11m,5444,10,185,10,6,4,0,2,0,0,2
YOLO11m,5445,32,219,29,18,11,4,4,0,0,6
YOLO11m,5446,10,74,8,7,1,1,2,0,0,0
YOLO11m,5447,24,159,24,17,7,2,2,0,1,2
YOLO11m,5448,10,195,12,7,5,0,1,0,0,2
YOLO11m,5449,31,191,29,21,8,1,6,0,1,2
YOLO11m,5450,23,209,19,9,10,3,7,0,0,4
YOLO11m,5451,22,181,28,16,12,0,3,0,2,1
YOLO11m,5452,11,109,9,9,0,0,2,0,0,0
YOLO11m,5453,7,85,7,6,1,0,1,0,0,0
YOLO11m,5454,21,72,23,16,7,1,1,0,0,3
YOLO11m,5455,26,88,18,17,1,3,5,0,0,1
YOLO11m,5456,6,82,2,1,1,1,4,0,0,0
YOLO11m,5457,6,43,4,4,0,1,0,1,0,0
YOLO11m,5458,9,113,14,6,8,0,1,0,0,2
YOLO11m,5459,21,110,18,14,4,0,6,0,0,1
YOLO11m,5460,32,269,30,28,2,2,1,0,0,1
YOLO11m,5461,22,73,19,15,4,0,4,0,0,3
YOLO11m,5462,8,64,10,7,3,0,0,0,0,1
YOLO11m,5463,4,71,4,4,0,0,0,0,0,0
YOLO11m,5464,16,180,10,6,4,6,1,0,1,2
YOLO11m,5465,13,117,15,11,4,0,1,0,0,1
YOLO11m,5466,16,65,19,15,4,0,0,0,0,1
YOLO11m,5467,14,132,14,8,6,1,3,0,1,1
YOLO11m,5468,29,179,25,21,4,1,5,0,0,2
YOLO11m,5469,15,68,12,6,6,1,2,0,0,6
YOLO11m,5470,18,83,20,14,6,1,1,0,1,1
YOLO11m,5471,22,205,22,17,5,1,3,0,0,1
YOLO11m,5472,10,68,9,7,2,2,1,0,0,0
YOLO11m,5473,23,145,22,19,3,1,2,0,0,1
YOLO11m,5474,5,30,4,4,0,0,1,0,0,0
YOLO11m,5475,7,105,7,6,1,0,0,0,0,1
YOLO11m,5476,15,82,16,12,4,0,1,0,0,2
YOLO11m,5477,42,247,29,25,4,5,11,0,0,1
YOLO11m,5478,4,147,5,4,1,0,0,0,0,0
YOLO11m,5479,17,158,19,13,6,1,3,0,0,0
YOLO11m,5480,11,116,9,3,6,0,6,0,0,2
YOLO11m,5481,16,91,17,10,7,0,2,0,1,3
YOLO11m,5482,25,135,27,18,9,0,4,0,0,3
YOLO11m,5483,5,131,6,4,2,0,1,0,0,0
YOLO11m,5484,6,81,9,5,4,0,0,0,1,0
YOLO11m,5485,12,128,14,12,2,0,0,0,0,0
YOLO11m,5486,17,166,8,6,2,1,9,0,0,1
YOLO11m,5487,8,51,8,6,2,0,1,0,1,0
YOLO11m,5488,10,114,8,6,2,0,4,0,0,0
YOLO11m,5489,21,117,23,17,6,0,3,0,0,1
YOLO11m,5490,20,165,18,15,3,1,4,0,0,0
YOLO11m,5491,5,25,5,4,1,0,1,0,0,0
YOLO11m,5492,8,52,5,5,0,0,3,0,0,0
YOLO11m,5493,4,6,2,2,0,0,2,0,0,0
YOLO11m,5494,7,126,10,7,3,0,0,0,0,0
YOLO11m,5495,28,256,22,20,2,0,8,0,0,0
YOLO11m,5496,40,183,27,22,5,5,11,0,0,2
YOLO11m,5497,20,266,24,11,13,0,7,0,0,2
YOLO11m,5498,18,240,17,15,2,1,2,0,0,0
YOLO11m,5499,22,209,17,12,5,3,3,0,2,2
YOLO11m,5500,17,110,15,12,3,1,3,0,0,1
YOLO11m,5501,7,116,7,4,3,2,1,0,0,0
YOLO11m,5502,12,48,14,11,3,0,0,0,0,1
YOLO11m,5503,27,190,31,23,8,0,3,1,0,0
YOLO11m,5504,15,143,9,8,1,1,6,0,0,0
YOLO11m,5505,13,101,12,12,0,1,0,0,0,0
YOLO11m,5506,15,174,23,12,11,0,3,0,0,0
YOLO11m,5507,28,149,26,24,2,2,1,1,0,0
YOLO11m,5508,20,86,25,16,9,1,2,0,0,1
YOLO11m,5509,11,178,15,8,7,0,3,0,0,0
YOLO11m,5510,32,135,32,24,8,0,3,0,0,5
YOLO11m,5511,22,149,19,16,3,3,2,0,0,1
YOLO11m,5512,17,70,21,13,8,1,2,0,0,1
YOLO11m,5513,22,140,23,18,5,2,1,0,0,1
YOLO11m,5514,21,176,24,21,3,0,0,0,0,0
YOLO11m,5515,14,71,15,12,3,1,1,0,0,0
YOLO11m,5516,58,244,45,33,12,7,7,1,2,8
YOLO11m,5517,42,227,42,31,11,1,6,0,0,4
YOLO11m,5518,14,122,11,9,2,0,4,0,0,1
YOLO11m,5519,13,251,20,8,12,0,4,0,0,1
YOLO11m,5520,21,159,16,15,1,1,5,0,0,0
YOLO11m,5521,14,138,19,12,7,0,2,0,0,0
YOLO11m,5522,18,70,18,16,2,0,1,1,0,0
YOLO11m,5523,20,169,22,17,5,1,1,0,0,1
YOLO11m,5524,21,218,23,13,10,0,5,0,0,3
YOLO11m,5525,15,151,14,12,2,1,2,0,0,0
YOLO11m,5526,7,48,7,6,1,0,1,0,0,0
YOLO11m,5527,16,84,23,13,10,1,0,1,0,1
YOLO11m,5528,18,150,18,10,8,1,7,0,0,0
YOLO11m,5529,31,252,35,22,13,2,3,0,1,3
YOLO11m,5530,14,140,18,14,4,0,0,0,0,0
YOLO11m,5531,19,121,19,16,3,1,1,0,0,1
YOLO11m,5532,22,173,24,17,7,0,2,0,0,3
YOLO11m,5533,7,86,9,7,2,0,0,0,0,0
YOLO11m,5534,31,119,23,21,2,0,8,0,0,2
YOLO11m,5535,11,149,8,7,1,1,2,0,0,1
YOLO11m,5536,20,103,27,19,8,0,1,0,0,0
YOLO11m,5537,22,182,21,14,7,2,5,0,1,0
YOLO11m,5538,20,129,26,18,8,0,2,0,0,0
YOLO11m,5539,28,115,25,20,5,1,4,0,0,3
YOLO11m,5540,19,144,18,14,4,3,1,0,0,1
YOLO11m,5541,41,213,33,27,6,8,4,0,0,2
YOLO11m,5542,35,248,30,25,5,3,4,1,0,2
YOLO11m,5543,5,123,6,5,1,0,0,0,0,0
YOLO11m,5544,31,163,24,19,5,3,6,0,0,3
YOLO11m,5545,29,168,31,21,10,1,4,0,1,2
YOLO11m,5546,10,113,20,10,10,0,0,0,0,0
YOLO11m,5547,20,91,16,14,2,1,4,0,0,1
YOLO11m,5548,23,67,19,19,0,0,2,1,0,1
YOLO11m,5549,25,174,22,14,8,3,6,0,1,1
YOLO11m,5550,34,206,35,30,5,0,4,0,0,0
YOLO11m,5551,4,138,7,4,3,0,0,0,0,0
YOLO11m,5552,26,193,26,21,5,0,5,0,0,0
YOLO11m,5553,12,139,11,11,0,0,1,0,0,0
YOLO11m,5554,39,225,22,18,4,10,9,0,0,2
YOLO11m,5555,7,60,9,6,3,0,1,0,0,0
YOLO11m,5556,21,111,22,16,6,0,2,1,0,2
YOLO11m,5557,26,114,24,21,3,2,0,1,1,1
YOLO11m,5558,21,132,21,17,4,2,1,0,1,0
YOLO11m,5559,32,184,22,16,6,8,6,0,0,2
YOLO11m,5560,20,126,22,17,5,0,0,0,0,3
YOLO11m,5561,11,99,9,7,2,2,2,0,0,0
YOLO11m,5562,13,188,12,11,1,0,2,0,0,0
YOLO11m,5563,36,211,27,20,7,2,12,0,0,2
YOLO11m,5564,13,83,12,9,3,1,1,0,2,0
YOLO11m,5565,4,15,3,3,0,1,0,0,0,0
YOLO11m,5566,14,130,13,10,3,0,3,0,1,0
YOLO11m,5567,22,112,24,19,5,0,1,1,0,1
YOLO11m,5568,17,95,21,14,7,0,0,0,0,3
YOLO11m,5569,13,100,17,12,5,0,1,0,0,0
YOLO11m,5570,22,138,25,18,7,1,0,0,1,2
YOLO11m,5571,10,47,10,8,2,0,0,0,0,2
YOLO11m,5572,15,135,19,12,7,0,0,0,3,0
YOLO11m,5573,5,57,4,3,1,2,0,0,0,0
YOLO11m,5574,7,104,5,5,0,1,1,0,0,0
YOLO11m,5575,6,70,7,5,2,0,1,0,0,0
YOLO11m,5576,24,162,25,18,7,3,2,0,1,0
YOLO11m,5577,22,77,23,19,4,0,1,0,0,2
YOLO11m,5578,5,63,7,5,2,0,0,0,0,0
YOLO11m,5579,15,95,13,12,1,1,1,0,0,1
YOLO11m,5580,20,80,28,17,11,0,2,0,0,1
YOLO11m,5581,14,105,14,11,3,0,2,0,0,1
YOLO11m,5582,32,172,32,25,7,0,4,0,3,0
YOLO11m,5583,18,133,18,13,5,2,1,0,0,2
YOLO11m,5584,4,25,3,3,0,1,0,0,0,0
YOLO11m,5585,6,28,6,5,1,0,1,0,0,0
YOLO11m,5586,19,72,20,15,5,0,1,0,0,3
YOLO11m,5587,21,49,21,16,5,0,3,1,0,1
YOLO11m,5588,39,255,39,32,7,1,5,0,0,1
YOLO11m,5589,16,117,15,13,2,0,3,0,0,0
YOLO11m,5590,22,131,19,18,1,3,1,0,0,0
YOLO11m,5591,20,74,18,12,6,1,3,0,0,4
YOLO11m,5592,12,74,10,9,1,0,3,0,0,0
YOLO11m,5593,4,101,4,4,0,0,0,0,0,0
YOLO11m,5594,45,300,34,21,13,9,12,0,0,3
YOLO11m,5595,15,164,10,8,2,0,5,0,0,2
YOLO11m,5596,30,284,27,24,3,0,5,1,0,0
YOLO11m,5597,21,130,23,21,2,0,0,0,0,0
YOLO11m,5598,13,120,14,11,3,0,1,0,0,1
YOLO11m,5599,17,97,11,8,3,5,1,0,0,3
YOLO11m,5600,5,65,5,5,0,0,0,0,0,0
YOLO11m,5601,30,265,25,20,5,0,5,1,2,2
YOLO11m,5602,7,135,12,7,5,0,0,0,0,0
YOLO11m,5603,6,83,6,6,0,0,0,0,0,0
YOLO11m,5604,25,160,21,19,2,0,3,0,0,3
YOLO11m,5605,33,155,29,23,6,2,4,0,0,4
YOLO11m,5606,30,184,29,22,7,4,2,0,0,2
YOLO11m,5607,4,53,2,2,0,1,1,0,0,0
YOLO11m,5608,14,50,14,12,2,0,1,0,0,1
YOLO11m,5609,31,156,21,19,2,5,7,0,0,0
YOLO11m,5610,5,118,7,4,3,0,1,0,0,0
YOLO11m,5611,11,79,12,11,1,0,0,0,0,0
YOLO11m,5612,39,179,22,19,3,8,10,0,0,2
YOLO11m,5613,12,171,9,9,0,1,2,0,0,0
YOLO11m,5614,9,70,11,8,3,0,1,0,0,0
YOLO11m,5615,18,190,21,16,5,0,2,0,0,0
YOLO11m,5616,13,92,10,8,2,0,5,0,0,0
YOLO11m,5617,17,101,12,10,2,2,4,0,0,1
YOLO11m,5618,19,109,21,18,3,0,1,0,0,0
YOLO11m,5619,20,140,26,16,10,0,3,0,0,1
YOLO11m,5620,15,111,17,13,4,0,1,0,0,1
YOLO11m,5621,24,208,18,16,2,3,2,0,0,3
YOLO11m,5622,29,106,27,21,6,1,2,0,0,5
YOLO11m,5623,17,110,16,15,1,1,1,0,0,0
YOLO11m,5624,18,145,24,16,8,0,1,0,0,1
YOLO11m,5625,44,298,48,36,12,1,3,0,0,4
YOLO11m,5626,54,300,52,41,11,2,7,0,0,4
YOLO11m,5627,24,135,23,20,3,0,4,0,0,0
YOLO11m,5628,26,160,30,17,13,2,1,0,2,4
YOLO11m,5629,6,35,7,5,2,1,0,0,0,0
YOLO11m,5630,4,73,5,3,2,0,1,0,0,0
YOLO11m,5631,17,38,24,14,10,0,0,0,0,3
YOLO11m,5632,10,87,10,7,3,0,3,0,0,0
YOLO11m,5633,19,266,16,14,2,1,4,0,0,0
YOLO11m,5634,31,240,27,21,6,4,2,0,0,4
YOLO11m,5635,11,122,14,10,4,0,1,0,0,0
YOLO11m,5636,37,187,27,23,4,3,10,0,0,1
YOLO11m,5637,4,98,6,3,3,0,0,0,1,0
YOLO11m,5638,6,60,8,6,2,0,0,0,0,0
YOLO11m,5639,17,66,26,15,11,1,0,0,0,1
YOLO11m,5640,8,58,7,5,2,3,0,0,0,0
YOLO11m,5641,27,251,29,16,13,1,4,0,2,4
YOLO11m,5642,19,80,17,12,5,2,2,0,0,3
YOLO11m,5643,51,212,43,37,6,0,9,0,1,4
YOLO11m,5644,15,121,17,11,6,0,1,0,2,1
YOLO11m,5645,22,124,23,18,5,0,3,0,0,1
YOLO11m,5646,21,125,21,18,3,0,2,0,0,1
YOLO11m,5647,26,154,27,23,4,0,2,1,0,0
YOLO11m,5648,30,220,34,24,10,0,4,1,0,1
YOLO11m,5649,25,140,20,17,3,2,2,0,0,4
YOLO11m,5650,15,147,18,14,4,0,1,0,0,0
YOLO11m,5651,29,266,24,20,4,5,2,0,0,2
YOLO11m,5652,24,169,23,20,3,1,3,0,0,0
YOLO11m,5653,13,92,13,8,5,1,1,0,0,3
YOLO11m,5654,16,131,12,11,1,0,3,0,0,2
YOLO11m,5655,23,219,21,17,4,1,4,0,0,1
YOLO11m,5656,11,87,14,10,4,0,1,0,0,0
YOLO11m,5657,13,88,20,11,9,0,2,0,0,0
YOLO11m,5658,4,74,5,4,1,0,0,0,0,0
YOLO11m,5659,9,77,7,5,2,1,3,0,0,0
YOLO11m,5660,36,268,36,27,9,2,4,0,0,3
YOLO11m,5661,7,67,6,6,0,1,0,0,0,0
YOLO11m,5662,12,167,16,6,10,1,1,0,0,4
YOLO11m,5663,21,144,23,9,14,2,1,0,0,9
YOLO11m,5664,8,113,6,4,2,0,4,0,0,0
YOLO11m,5665,15,127,16,14,2,0,0,0,0,1
YOLO11m,5666,21,94,22,16,6,1,2,0,0,2
YOLO11m,5667,15,100,17,10,7,0,2,0,0,3
YOLO11m,5668,10,115,17,6,11,0,3,0,0,1
YOLO11m,5669,26,209,27,24,3,0,2,0,0,0
YOLO11m,5670,26,206,27,22,5,1,3,0,0,0
YOLO11m,5671,10,129,12,9,3,0,1,0,0,0
YOLO11m,5672,28,223,27,23,4,0,5,0,0,0
YOLO11m,5673,28,159,22,19,3,0,9,0,0,0
YOLO11m,5674,19,116,29,12,17,0,6,0,0,1
YOLO11m,5675,4,71,6,3,3,0,1,0,0,0
YOLO11m,5676,11,95,11,9,2,0,1,0,0,1
YOLO11m,5677,29,179,18,13,5,7,8,0,0,1
YOLO11m,5678,35,228,27,24,3,2,8,0,0,1
YOLO11m,5679,5,72,1,1,0,0,4,0,0,0
YOLO11m,5680,7,41,7,6,1,0,1,0,0,0
YOLO11m,5681,6,50,3,2,1,2,2,0,0,0
YOLO11m,5682,19,230,22,16,6,1,2,0,0,0
YOLO11m,5683,35,299,34,25,9,0,6,0,1,3
YOLO11m,5684,20,146,21,15,6,1,3,0,0,1
YOLO11m,5685,20,132,25,19,6,0,1,0,0,0
YOLO11m,5686,20,168,14,9,5,4,7,0,0,0
YOLO11m,5687,20,114,19,17,2,1,1,0,0,1
YOLO11m,5688,24,66,23,15,8,3,4,0,0,2
YOLO11m,5689,37,288,44,26,18,2,4,0,0,5
YOLO11m,5690,17,142,17,11,6,0,1,0,0,5
YOLO11m,5691,7,40,6,5,1,1,0,0,0,1
YOLO11m,5692,29,116,24,23,1,2,1,0,0,3
YOLO11m,5693,4,36,4,4,0,0,0,0,0,0
YOLO11m,5694,28,113,26,23,3,1,3,0,1,0
YOLO11m,5695,33,190,26,24,2,4,3,0,0,2
YOLO11m,5696,18,144,16,11,5,0,5,0,0,2
YOLO11m,5697,53,300,29,21,8,17,10,0,1,4
YOLO11m,5698,18,84,12,12,0,3,2,1,0,0
YOLO11m,5699,22,113,28,22,6,0,0,0,0,0
YOLO11m,5700,5,110,7,4,3,0,1,0,0,0
YOLO11m,5701,12,170,15,10,5,0,1,0,1,0
YOLO11m,5702,8,98,7,4,3,0,1,0,0,3
YOLO11m,5703,4,83,3,3,0,0,1,0,0,0
YOLO11m,5704,9,140,10,7,3,0,2,0,0,0
YOLO11m,5705,12,98,11,9,2,0,2,0,0,1
YOLO11m,5706,16,105,17,14,3,1,1,0,0,0
YOLO11m,5707,11,56,4,3,1,1,5,0,0,2
YOLO11m,5708,24,181,29,23,6,0,1,0,0,0
YOLO11m,5709,10,79,10,8,2,0,1,0,0,1
YOLO11m,5710,29,195,31,22,9,0,2,1,0,4
YOLO11m,5711,4,218,4,2,2,1,1,0,0,0
YOLO11m,5712,29,175,24,16,8,3,6,0,0,4
YOLO11m,5713,17,221,6,2,4,2,12,0,0,1
YOLO11m,5714,21,168,18,15,3,2,2,0,0,2
YOLO11m,5715,11,110,11,8,3,2,1,0,0,0
YOLO11m,5716,9,120,9,7,2,0,1,0,1,0
YOLO11m,5717,14,122,17,12,5,0,2,0,0,0
YOLO11m,5718,6,58,8,5,3,0,0,0,1,0
YOLO11m,5719,21,115,29,17,12,0,1,0,2,1
YOLO11m,5720,5,72,10,3,7,0,0,0,0,2
YOLO11m,5721,6,52,4,3,1,1,2,0,0,0
YOLO11m,5722,8,76,9,7,2,0,1,0,0,0
YOLO11m,5723,25,300,33,22,11,0,1,0,0,2
YOLO11m,5724,14,93,10,9,1,1,3,0,0,1
YOLO11m,5725,21,200,23,14,9,1,1,0,3,2
YOLO11m,5726,26,246,16,6,10,6,8,0,0,6
YOLO11m,5727,18,147,23,14,9,1,1,0,0,2
YOLO11m,5728,21,161,19,17,2,0,3,0,0,1
YOLO11m,5729,17,116,20,16,4,0,0,0,0,1
YOLO11m,5730,8,116,11,6,5,1,0,0,1,0
YOLO11m,5731,10,95,7,6,1,2,2,0,0,0
YOLO11m,5732,12,41,8,6,2,1,4,0,0,1
YOLO11m,5733,4,115,6,2,4,1,1,0,0,0
YOLO11m,5734,16,263,18,11,7,0,2,0,0,3
YOLO11m,5735,19,133,21,14,7,0,1,0,0,4
YOLO11m,5736,14,88,10,7,3,1,4,0,1,1
YOLO11m,5737,27,168,24,19,5,2,5,0,0,1
YOLO11m,5738,14,81,13,11,2,0,3,0,0,0
YOLO11m,5739,30,124,30,25,5,1,2,1,1,0
YOLO11m,5740,14,134,12,10,2,3,0,0,0,1
YOLO11m,5741,20,78,28,17,11,0,1,0,0,2
YOLO11m,5742,31,135,27,23,4,0,4,0,0,4
YOLO11m,5743,18,108,17,15,2,0,3,0,0,0
YOLO11m,5744,18,119,20,14,6,1,0,0,0,3
YOLO11m,5745,22,159,24,16,8,0,2,0,2,2
YOLO11m,5746,11,103,10,10,0,1,0,0,0,0
YOLO11m,5747,23,116,20,20,0,0,3,0,0,0
YOLO11m,5748,34,202,29,24,5,2,5,0,1,2
YOLO11m,5749,33,157,26,18,8,6,5,0,1,3
YOLO11m,5750,10,89,12,10,2,0,0,0,0,0
YOLO11m,5751,26,212,28,19,9,0,5,0,1,1
YOLO11m,5752,23,111,33,20,13,0,3,0,0,0
YOLO11m,5753,29,225,28,19,9,3,3,0,0,4
YOLO11m,5754,25,147,29,20,9,0,4,0,0,1
YOLO11m,5755,13,52,21,11,10,0,1,0,0,1
YOLO11m,5756,29,202,27,22,5,1,4,0,1,1
YOLO11m,5757,6,67,8,4,4,1,1,0,0,0
YOLO11m,5758,22,101,28,19,9,0,2,0,0,1
YOLO11m,5759,15,92,15,13,2,0,2,0,0,0
YOLO11m,5760,9,57,8,8,0,0,1,0,0,0
YOLO11m,5761,38,179,33,28,5,2,6,0,0,2
YOLO11m,5762,8,69,7,7,0,0,1,0,0,0
YOLO11m,5763,26,194,26,18,8,1,3,0,0,4
YOLO11m,5764,26,157,27,22,5,0,1,0,0,3
YOLO11m,5765,9,124,10,9,1,0,0,0,0,0
YOLO11m,5766,21,113,15,13,2,2,4,0,0,2
YOLO11m,5767,17,68,18,16,2,0,0,0,0,1
YOLO11m,5768,16,64,16,16,0,0,0,0,0,0
YOLO11m,5769,18,138,19,16,3,0,1,0,0,1
YOLO11m,5770,18,127,15,11,4,2,4,0,1,0
YOLO11m,5771,15,110,15,12,3,1,2,0,0,0
YOLO11m,5772,13,41,15,13,2,0,0,0,0,0
YOLO11m,5773,11,215,12,11,1,0,0,0,0,0
YOLO11m,5774,18,209,20,13,7,0,5,0,0,0
YOLO11m,5775,20,94,17,17,0,1,1,0,0,1
YOLO11m,5776,8,72,9,8,1,0,0,0,0,0
YOLO11m,5777,10,168,9,8,1,0,2,0,0,0
YOLO11m,5778,19,111,21,17,4,0,1,0,0,1
YOLO11m,5779,13,221,13,9,4,1,1,0,0,2
YOLO11m,5780,21,213,23,14,9,0,4,0,0,3
YOLO11m,5781,25,123,25,19,6,0,4,0,0,2
YOLO11m,5782,17,103,22,16,6,0,1,0,0,0
YOLO11m,5783,23,256,20,12,8,3,6,0,0,2
YOLO11m,5784,21,149,10,9,1,4,6,0,0,2
YOLO11m,5785,20,84,15,12,3,2,4,0,0,2
YOLO11m,5786,17,97,23,13,10,1,2,0,0,1
YOLO11m,5787,26,140,32,24,8,0,2,0,0,0
YOLO11m,5788,22,137,18,15,3,1,5,0,0,1
YOLO11m,5789,8,109,12,5,7,2,0,0,0,1
YOLO11m,5790,20,196,16,13,3,2,4,0,0,1
YOLO11m,5791,26,260,19,9,10,6,9,0,0,2
YOLO11m,5792,36,195,21,20,1,2,13,0,0,1
YOLO11m,5793,24,192,26,16,10,3,4,0,0,1
YOLO11m,5794,30,123,26,20,6,4,0,0,0,6
YOLO11m,5795,13,150,14,11,3,0,2,0,0,0
YOLO11m,5796,26,114,25,19,6,0,6,0,0,1
YOLO11m,5797,22,91,19,18,1,0,2,0,0,2
YOLO11m,5798,17,83,11,7,4,0,7,0,0,3
YOLO11m,5799,23,139,21,18,3,0,4,0,1,0
YOLO11m,5800,8,64,10,8,2,0,0,0,0,0
YOLO11m,5801,15,112,17,13,4,0,1,0,1,0
YOLO11m,5802,16,136,26,13,13,0,1,0,0,2
YOLO11m,5803,17,122,19,11,8,0,3,0,0,3
YOLO11m,5804,16,105,18,15,3,0,1,0,0,0
YOLO11m,5805,17,114,20,13,7,0,1,0,2,1
YOLO11m,5806,9,137,6,6,0,1,2,0,0,0
YOLO11m,5807,17,181,13,10,3,3,3,0,0,1
YOLO11m,5808,13,57,10,9,1,2,1,0,0,1
YOLO11m,5809,15,106,18,11,7,1,0,0,0,3
YOLO11m,5810,21,84,24,19,5,0,1,0,0,1
YOLO11m,5811,11,148,7,2,5,4,1,0,0,4
YOLO11m,5812,8,77,10,8,2,0,0,0,0,0
YOLO11m,5813,14,98,7,7,0,2,5,0,0,0
YOLO11m,5814,15,60,12,7,5,4,1,0,2,1
YOLO11m,5815,20,182,16,13,3,3,1,0,0,3
YOLO11m,5816,25,193,17,12,5,1,9,0,0,3
YOLO11m,5817,24,140,17,15,2,4,5,0,0,0
YOLO11m,5818,25,229,29,19,10,0,2,0,0,4
YOLO11m,5819,20,217,27,13,14,3,0,0,1,3
YOLO11m,5820,20,143,20,15,5,0,4,0,0,1
YOLO11m,5821,12,75,10,10,0,0,1,0,0,1
YOLO11m,5822,45,299,38,33,5,2,6,0,0,4
YOLO11m,5823,25,101,23,16,7,1,5,0,0,3
YOLO11m,5824,21,98,15,15,0,0,5,0,0,1
YOLO11m,5825,22,218,18,14,4,0,5,0,0,3
YOLO11m,5826,22,74,19,12,7,1,5,2,0,2
YOLO11m,5827,33,139,30,25,5,3,3,0,0,2
YOLO11m,5828,23,118,21,19,2,0,4,0,0,0
YOLO11m,5829,13,90,18,11,7,0,2,0,0,0
YOLO11m,5830,15,126,17,11,6,0,3,0,0,1
YOLO11m,5831,24,222,19,17,2,2,4,0,0,1
YOLO11m,5832,23,170,24,18,6,0,3,0,0,2
YOLO11m,5833,6,17,6,6,0,0,0,0,0,0
YOLO11m,5834,22,146,18,17,1,2,3,0,0,0
YOLO11m,5835,24,96,30,24,6,0,0,0,0,0
YOLO11m,5836,13,108,16,9,7,1,1,0,0,2
YOLO11m,5837,9,60,6,6,0,1,2,0,0,0
YOLO11m,5838,18,90,19,13,6,2,0,0,0,3
YOLO11m,5839,4,84,9,4,5,0,0,0,0,0
YOLO11m,5840,25,143,30,24,6,1,0,0,0,0
YOLO11m,5841,15,120,14,13,1,0,2,0,0,0
YOLO11m,5842,41,242,44,28,16,1,8,0,0,4
YOLO11m,5843,8,108,11,7,4,0,1,0,0,0
YOLO11m,5844,28,102,29,18,11,0,2,0,0,8
YOLO11m,5845,12,88,18,9,9,0,3,0,0,0
YOLO11m,5846,18,126,22,11,11,0,3,0,0,4
YOLO11m,5847,35,200,31,25,6,6,2,0,0,2
YOLO11m,5848,23,168,32,20,12,0,3,0,0,0
YOLO11m,5849,35,173,36,22,14,1,2,2,0,8
YOLO11m,5850,24,232,20,12,8,4,5,0,0,3
YOLO11m,5851,12,124,6,3,3,6,2,0,1,0
YOLO11m,5852,10,84,11,4,7,0,2,1,2,1
YOLO11m,5853,12,185,17,10,7,0,2,0,0,0
YOLO11m,5854,7,71,4,4,0,3,0,0,0,0
YOLO11m,5855,25,191,30,23,7,1,1,0,0,0
YOLO11m,5856,29,251,30,20,10,0,6,0,0,3
YOLO11m,5857,13,95,15,10,5,0,3,0,0,0
YOLO11m,5858,17,148,21,14,7,0,1,0,0,2
YOLO11m,5859,6,111,4,4,0,0,2,0,0,0
YOLO11m,5860,7,144,8,6,2,0,1,0,0,0
YOLO11m,5861,6,88,3,2,1,0,4,0,0,0
YOLO11m,5862,4,38,4,2,2,0,0,0,2,0
YOLO11m,5863,15,78,14,13,1,0,0,0,0,2
YOLO11m,5864,21,114,22,20,2,0,1,0,0,0
YOLO11m,5865,5,28,3,3,0,1,1,0,0,0
YOLO11m,5866,17,189,21,13,8,0,2,0,0,2
YOLO11m,5867,19,148,20,16,4,0,1,0,0,2
YOLO11m,5868,17,97,17,13,4,0,3,0,0,1
YOLO11m,5869,10,115,14,8,6,0,1,0,1,0
YOLO11m,5870,9,119,5,4,1,0,3,0,0,2
YOLO11m,5871,31,209,33,23,10,4,3,0,0,1
YOLO11m,5872,35,165,20,16,4,4,8,0,2,5
YOLO11m,5873,26,87,22,18,4,2,1,0,1,4
YOLO11m,5874,18,146,25,12,13,2,4,0,0,0
YOLO11m,5875,23,168,21,17,4,1,5,0,0,0
YOLO11m,5876,16,71,12,12,0,2,2,0,0,0
YOLO11m,5877,25,144,22,18,4,1,4,0,0,2
YOLO11m,5878,21,62,20,17,3,0,3,0,0,1
YOLO11m,5879,9,54,12,8,4,0,1,0,0,0
YOLO11m,5880,41,215,33,25,8,2,8,0,0,6
YOLO11m,5881,9,61,6,5,1,1,2,0,0,1
YOLO11m,5882,9,77,10,9,1,0,0,0,0,0
YOLO11m,5883,18,113,14,11,3,1,5,0,1,0
YOLO11m,5884,21,156,20,19,1,0,2,0,0,0
YOLO11m,5885,39,173,25,23,2,6,9,0,0,1
YOLO11m,5886,10,61,10,10,0,0,0,0,0,0
YOLO11m,5887,22,156,21,19,2,1,1,0,0,1
YOLO11m,5888,33,229,37,25,12,2,2,0,0,4
YOLO11m,5889,20,153,24,19,5,0,1,0,0,0
YOLO11m,5890,9,62,8,8,0,1,0,0,0,0
YOLO11m,5891,17,200,19,14,5,0,2,0,0,1
YOLO11m,5892,23,122,25,19,6,1,2,0,0,1
YOLO11m,5893,33,184,31,24,7,0,5,0,0,4
YOLO11m,5894,15,114,18,14,4,0,0,0,0,1
YOLO11m,5895,16,120,22,13,9,0,2,0,0,1
YOLO11m,5896,13,139,17,10,7,1,2,0,0,0
YOLO11m,5897,35,300,37,22,15,1,6,1,0,5
YOLO11m,5898,29,65,28,22,6,1,1,1,0,4
YOLO11m,5899,15,92,14,9,5,0,6,0,0,0
YOLO11m,5900,19,50,19,15,4,0,2,0,0,2
YOLO11m,5901,49,209,40,34,6,5,6,0,0,4
YOLO11m,5902,31,207,30,23,7,0,6,0,0,2
YOLO11m,5903,40,300,51,30,21,2,4,0,1,3
YOLO11m,5904,24,122,25,19,6,0,1,3,0,1
YOLO11m,5905,12,91,14,11,3,0,1,0,0,0
YOLO11m,5906,18,102,18,13,5,2,2,0,0,1
YOLO11m,5907,18,91,14,13,1,3,1,0,0,1
YOLO11m,5908,40,202,31,28,3,4,7,0,0,1
YOLO11m,5909,18,110,20,16,4,0,1,0,1,0
YOLO11m,5910,35,158,30,23,7,4,3,0,1,4
YOLO11m,5911,11,121,12,8,4,1,2,0,0,0
YOLO11m,5912,12,154,11,7,4,1,1,0,0,3
YOLO11m,5913,25,152,31,21,10,1,2,0,0,1
YOLO11m,5914,41,218,31,25,6,6,3,1,0,6
YOLO11m,5915,10,70,9,7,2,2,1,0,0,0
YOLO11m,5916,17,162,19,12,7,0,2,0,0,3
YOLO11m,5917,17,85,13,11,2,2,4,0,0,0
YOLO11m,5918,5,79,5,5,0,0,0,0,0,0
YOLO11m,5919,4,100,8,4,4,0,0,0,0,0
YOLO11m,5920,5,32,5,5,0,0,0,0,0,0
YOLO11m,5921,18,118,19,12,7,2,2,0,2,0
YOLO11m,5922,21,210,17,13,4,1,5,0,1,1
YOLO11m,5923,42,300,33,24,9,4,9,0,0,5
YOLO11m,5924,9,54,10,9,1,0,0,0,0,0
YOLO11m,5925,16,106,18,11,7,3,0,0,0,2
YOLO11m,5926,4,41,4,4,0,0,0,0,0,0
YOLO11m,5927,39,300,43,33,10,2,4,0,0,0
YOLO11m,5928,19,75,18,16,2,0,2,0,0,1
YOLO11m,5929,21,114,21,17,4,0,1,0,0,3
YOLO11m,5930,23,147,20,16,4,2,3,0,0,2
YOLO11m,5931,23,96,28,22,6,0,1,0,0,0
YOLO11m,5932,17,55,20,13,7,0,2,0,0,2
YOLO11m,5933,9,124,7,7,0,0,2,0,0,0
YOLO11m,5934,13,193,17,10,7,1,1,0,0,1
YOLO11m,5935,39,215,22,17,5,7,14,0,0,1
YOLO11m,5936,11,90,12,9,3,1,0,0,0,1
YOLO11m,5937,7,182,8,3,5,0,4,0,0,0
YOLO11m,5938,18,94,16,13,3,0,4,0,0,1
YOLO11m,5939,12,139,15,7,8,0,2,0,0,3
YOLO11m,5940,13,152,12,8,4,0,5,0,0,0
YOLO11m,5941,21,233,21,13,8,2,6,0,0,0
YOLO11m,5942,18,134,23,18,5,0,0,0,0,0
YOLO11m,5943,12,62,11,11,0,0,1,0,0,0
YOLO11m,5944,25,150,22,13,9,2,4,0,3,3
YOLO11m,5945,16,120,20,15,5,0,0,0,0,1
YOLO11m,5946,30,129,31,26,5,1,2,0,0,1
YOLO11m,5947,12,81,11,7,4,1,3,0,0,1
YOLO11m,5948,10,98,6,6,0,4,0,0,0,0
YOLO11m,5949,19,250,18,11,7,2,5,0,0,1
YOLO11m,5950,21,143,20,16,4,1,3,0,0,1
YOLO11m,5951,17,139,17,12,5,0,4,0,0,1
YOLO11m,5952,17,114,16,13,3,0,4,0,0,0
YOLO11m,5953,28,122,26,21,5,3,1,0,0,3
YOLO11m,5954,21,167,16,14,2,4,3,0,0,0
YOLO11m,5955,6,48,7,5,2,1,0,0,0,0
YOLO11m,5956,6,62,6,4,2,1,1,0,0,0
YOLO11m,5957,9,156,14,9,5,0,0,0,0,0
YOLO11m,5958,8,87,9,6,3,0,1,0,0,1
YOLO11m,5959,35,235,31,27,4,2,3,0,0,3
YOLO11m,5960,14,56,15,14,1,0,0,0,0,0
YOLO11m,5961,9,60,5,3,2,2,2,0,1,1
YOLO11m,5962,11,60,13,11,2,0,0,0,0,0
YOLO11m,5963,7,96,11,6,5,0,1,0,0,0
YOLO11m,5964,12,96,14,10,4,0,1,0,0,1
YOLO11m,5965,19,163,19,14,5,0,2,0,0,3
YOLO11m,5966,26,173,25,10,15,5,1,0,0,10
YOLO11m,5967,23,156,15,12,3,4,5,0,2,0
YOLO11m,5968,10,83,13,10,3,0,0,0,0,0
YOLO11m,5969,24,109,29,19,10,0,2,0,0,3
YOLO11m,5970,27,220,28,20,8,0,3,0,0,4
YOLO11m,5971,5,36,9,5,4,0,0,0,0,0
YOLO11m,5972,17,160,25,14,11,0,0,0,0,3
YOLO11m,5973,32,157,29,23,6,0,7,0,0,2
YOLO11m,5974,24,171,27,20,7,0,3,0,0,1
YOLO11m,5975,14,128,6,5,1,1,7,0,0,1
YOLO11m,5976,7,51,8,7,1,0,0,0,0,0
YOLO11m,5977,13,136,7,5,2,1,7,0,0,0
YOLO11m,5978,22,92,19,16,3,1,3,0,1,1
YOLO11m,5979,36,300,42,29,13,0,6,0,0,1
YOLO11m,5980,12,51,15,12,3,0,0,0,0,0
YOLO11m,5981,28,189,32,21,11,1,3,0,0,3
YOLO11m,5982,22,160,25,19,6,0,1,1,0,1
YOLO11m,5983,18,213,20,12,8,1,5,0,0,0
YOLO11m,5984,24,236,28,23,5,0,0,0,0,1
YOLO11m,5985,24,142,29,23,6,0,1,0,0,0
YOLO11m,5986,27,130,26,16,10,1,4,0,0,6
YOLO11m,5987,15,112,14,12,2,1,0,0,0,2
YOLO11m,5988,18,161,18,12,6,2,3,0,0,1
YOLO11m,5989,52,222,50,36,14,2,8,0,1,5
YOLO11m,5990,48,150,42,30,12,8,6,0,0,4
YOLO11m,5991,5,61,4,4,0,0,1,0,0,0
YOLO11m,5992,16,109,18,12,6,0,4,0,0,0
YOLO11m,5993,15,103,15,14,1,0,1,0,0,0
YOLO11m,5994,8,102,10,7,3,0,1,0,0,0
YOLO11m,5995,6,25,6,6,0,0,0,0,0,0
YOLO11m,5996,5,23,3,3,0,1,1,0,0,0
YOLO11m,5997,18,63,16,15,1,1,2,0,0,0
YOLO11m,5998,9,181,6,5,1,0,3,0,1,0
YOLO11m,5999,15,129,17,12,5,0,2,0,1,0
YOLO11m,6000,23,120,21,15,6,2,5,0,0,1
YOLO11m,6001,23,162,25,15,10,1,4,0,0,3
YOLO11m,6002,5,47,8,5,3,0,0,0,0,0
YOLO11m,6003,24,171,27,18,9,0,3,0,0,3
YOLO11m,6004,28,152,31,21,10,4,1,1,1,0
YOLO11m,6005,23,135,19,15,4,0,7,0,1,0
YOLO11m,6006,16,148,21,13,8,0,1,0,1,1
YOLO11m,6007,19,298,15,11,4,2,4,0,0,2
YOLO11m,6008,4,22,3,3,0,1,0,0,0,0
YOLO11m,6009,11,119,10,6,4,0,4,0,0,1
YOLO11m,6010,10,81,9,6,3,1,0,0,2,1
YOLO11m,6011,19,143,15,11,4,3,2,0,0,3
YOLO11m,6012,14,76,11,11,0,0,1,0,0,2
YOLO11m,6013,10,86,12,8,4,0,1,0,0,1
YOLO11m,6014,25,101,24,22,2,0,1,0,0,2
YOLO11m,6015,13,138,12,9,3,0,3,0,0,1
YOLO11m,6016,18,142,16,12,4,1,5,0,0,0
YOLO11m,6017,17,135,15,11,4,0,3,0,0,3
YOLO11m,6018,22,85,22,16,6,1,3,0,0,2
YOLO11m,6019,26,187,30,22,8,1,2,0,0,1
YOLO11m,6020,9,77,10,9,1,0,0,0,0,0
YOLO11m,6021,9,151,8,6,2,0,3,0,0,0
YOLO11m,6022,19,188,17,16,1,2,1,0,0,0
YOLO11m,6023,12,112,12,8,4,0,4,0,0,0
YOLO11m,6024,13,227,11,8,3,0,4,0,0,1
YOLO11m,6025,17,165,22,12,10,0,3,0,0,2
YOLO11m,6026,50,293,45,34,11,4,9,0,0,3
YOLO11m,6027,33,108,27,19,8,5,5,0,2,2
YOLO11m,6028,8,104,15,7,8,0,1,0,0,0
YOLO11m,6029,24,201,25,18,7,0,6,0,0,0
YOLO11m,6030,23,120,16,15,1,4,4,0,0,0
YOLO11m,6031,12,70,9,9,0,2,1,0,0,0
YOLO11m,6032,7,30,8,7,1,0,0,0,0,0
YOLO11m,6033,8,95,10,8,2,0,0,0,0,0
YOLO11m,6034,14,62,18,12,6,0,0,0,1,1
YOLO11m,6035,6,96,7,4,3,0,1,1,0,0
YOLO11m,6036,15,84,21,15,6,0,0,0,0,0
YOLO11m,6037,24,239,27,17,10,1,3,0,1,2
YOLO11m,6038,4,75,5,4,1,0,0,0,0,0
YOLO11m,6039,16,152,18,8,10,1,5,0,0,2
YOLO11m,6040,9,62,8,7,1,0,1,0,0,1
YOLO11m,6041,21,187,17,12,5,0,4,0,1,4
YOLO11m,6042,39,279,47,28,19,4,6,0,0,1
YOLO11m,6043,59,300,36,32,4,14,9,0,1,3
YOLO11m,6044,9,218,8,3,5,0,5,0,0,1
YOLO11m,6045,30,105,23,22,1,2,5,0,0,1
YOLO11m,6046,12,129,8,6,2,2,3,0,0,1
YOLO11m,6047,21,75,16,15,1,1,4,0,0,1
YOLO11m,6048,26,128,8,8,0,6,11,0,0,1
YOLO11m,6049,6,78,7,5,2,0,1,0,0,0
YOLO11m,6050,28,186,29,22,7,2,0,0,0,4
YOLO11m,6051,32,169,35,27,8,0,4,0,1,0
YOLO11m,6052,12,120,15,11,4,0,1,0,0,0
YOLO11m,6053,14,131,15,12,3,0,0,0,2,0
YOLO11m,6054,31,225,31,25,6,2,1,0,2,1
YOLO11m,6055,6,111,7,6,1,0,0,0,0,0
YOLO11m,6056,19,124,22,16,6,1,2,0,0,0
YOLO11m,6057,20,59,23,18,5,0,0,0,0,2
YOLO11m,6058,7,81,7,5,2,0,2,0,0,0
YOLO11m,6059,22,69,21,19,2,0,3,0,0,0
YOLO11m,6060,21,86,20,15,5,2,3,0,0,1
YOLO11m,6061,11,63,12,10,2,0,1,0,0,0
YOLO11m,6062,9,56,11,8,3,0,0,0,0,1
YOLO11m,6063,25,93,29,17,12,3,3,0,0,2
YOLO11m,6064,39,270,26,19,7,7,7,0,0,6
YOLO11m,6065,7,121,7,6,1,0,1,0,0,0
YOLO11m,6066,8,217,17,6,11,1,1,0,0,0
YOLO11m,6067,19,95,19,15,4,0,2,0,0,2
YOLO11m,6068,18,136,18,15,3,0,3,0,0,0
YOLO11m,6069,14,80,10,9,1,1,3,0,0,1
YOLO11m,6070,12,176,11,8,3,2,2,0,0,0
YOLO11m,6071,11,157,13,9,4,0,1,0,0,1
YOLO11m,6072,12,60,13,12,1,0,0,0,0,0
YOLO11m,6073,17,198,20,12,8,3,1,0,0,1
YOLO11m,6074,4,154,7,3,4,0,1,0,0,0
YOLO11m,6075,37,180,29,24,5,6,4,0,0,3
YOLO11m,6076,10,48,9,8,1,0,2,0,0,0
YOLO11m,6077,22,45,23,18,5,0,2,0,0,2
YOLO11m,6078,13,132,6,5,1,0,8,0,0,0
YOLO11m,6079,5,38,7,5,2,0,0,0,0,0
YOLO11m,6080,21,194,19,16,3,1,4,0,0,0
YOLO11m,6081,15,111,14,13,1,1,0,0,0,1
YOLO11m,6082,14,204,15,13,2,0,0,0,0,1
YOLO11m,6083,8,111,7,6,1,0,2,0,0,0
YOLO11m,6084,29,216,19,11,8,4,12,0,2,0
YOLO11m,6085,8,97,7,5,2,1,2,0,0,0
YOLO11m,6086,7,95,7,7,0,0,0,0,0,0
YOLO11m,6087,7,120,3,3,0,1,3,0,0,0
YOLO11m,6088,7,61,7,6,1,1,0,0,0,0
YOLO11m,6089,24,200,19,14,5,2,8,0,0,0
YOLO11m,6090,13,99,15,12,3,1,0,0,0,0
YOLO11m,6091,22,120,20,16,4,2,4,0,0,0
YOLO11m,6092,22,107,24,20,4,0,0,0,0,2
YOLO11m,6093,23,127,20,18,2,2,2,0,0,1
YOLO11m,6094,19,167,27,15,12,1,2,0,0,1
YOLO11m,6095,14,121,20,13,7,0,0,0,0,1
YOLO11m,6096,6,124,7,5,2,0,1,0,0,0
YOLO11m,6097,14,65,11,9,2,2,1,0,1,1
YOLO11m,6098,17,140,17,12,5,0,2,0,0,3
YOLO11m,6099,6,65,6,6,0,0,0,0,0,0
YOLO11m,6100,6,37,5,5,0,0,1,0,0,0
YOLO11m,6101,27,192,29,19,10,1,6,0,0,1
YOLO11m,6102,25,146,22,18,4,1,5,0,0,1
YOLO11m,6103,11,57,11,10,1,0,0,0,0,1
YOLO11m,6104,17,134,28,16,12,0,1,0,0,0
YOLO11m,6105,14,128,11,11,0,1,2,0,0,0
YOLO11m,6106,11,52,13,10,3,0,1,0,0,0
YOLO11m,6107,25,197,25,19,6,0,6,0,0,0
YOLO11m,6108,18,70,15,14,1,0,2,0,0,2
YOLO11m,6109,22,171,23,17,6,1,4,0,0,0
YOLO11m,6110,23,110,24,18,6,1,2,0,0,2
YOLO11m,6111,15,119,18,15,3,0,0,0,0,0
YOLO11m,6112,16,98,14,12,2,0,1,0,2,1
YOLO11m,6113,4,42,4,4,0,0,0,0,0,0
YOLO11m,6114,22,165,18,11,7,3,4,0,1,3
YOLO11m,6115,4,48,3,2,1,0,1,0,1,0
YOLO11m,6116,26,183,23,18,5,1,4,0,1,2
YOLO11m,6117,8,172,9,8,1,0,0,0,0,0
YOLO11m,6118,26,237,27,21,6,0,2,0,0,3
YOLO11m,6119,28,116,30,24,6,0,2,0,0,2
YOLO11m,6120,31,144,23,17,6,6,4,0,2,2
YOLO11m,6121,24,142,22,16,6,1,2,0,0,5
YOLO11m,6122,9,40,8,7,1,0,1,0,0,1
YOLO11m,6123,19,210,22,16,6,0,3,0,0,0
YOLO11m,6124,30,256,29,21,8,1,5,0,1,2
YOLO11m,6125,23,193,27,19,8,0,3,0,0,1
YOLO11m,6126,20,226,28,17,11,0,1,0,0,2
YOLO11m,6127,18,184,18,16,2,0,2,0,0,0
YOLO11m,6128,5,82,5,5,0,0,0,0,0,0
YOLO11m,6129,25,209,16,11,5,6,7,0,1,0
YOLO11m,6130,16,51,24,16,8,0,0,0,0,0
YOLO11m,6131,11,108,11,9,2,0,2,0,0,0
YOLO11m,6132,4,94,3,3,0,0,1,0,0,0
YOLO11m,6133,22,151,15,12,3,1,6,0,0,3
YOLO11m,6134,7,122,6,6,0,0,1,0,0,0
YOLO11m,6135,14,97,22,14,8,0,0,0,0,0
YOLO11m,6136,11,123,16,10,6,0,0,0,1,0
YOLO11m,6137,36,285,29,25,4,0,7,1,0,3
YOLO11m,6138,8,113,11,7,4,0,1,0,0,0
YOLO11m,6139,14,219,13,10,3,0,3,0,1,0
YOLO11m,6140,16,226,11,10,1,1,5,0,0,0
YOLO11m,6141,20,126,20,10,10,0,8,0,0,2
YOLO11m,6142,4,70,5,4,1,0,0,0,0,0
YOLO11m,6143,16,136,10,9,1,2,4,0,0,1
YOLO11m,6144,11,80,5,1,4,2,5,0,1,2
YOLO11m,6145,22,129,24,16,8,0,4,0,1,1
YOLO11m,6146,20,112,17,15,2,3,1,0,0,1
YOLO11m,6147,20,134,20,13,7,2,4,0,0,1
YOLO11m,6148,15,127,12,10,2,0,5,0,0,0
YOLO11m,6149,13,81,10,9,1,3,1,0,0,0
YOLO11m,6150,28,154,26,23,3,1,3,0,0,1
YOLO11m,6151,28,208,18,14,4,2,6,0,0,6
YOLO11m,6152,26,130,23,10,13,4,10,0,0,2
YOLO11m,6153,11,122,6,4,2,1,6,0,0,0
YOLO11m,6154,32,155,25,22,3,4,6,0,0,0
YOLO11m,6155,27,300,20,14,6,3,7,0,0,3
YOLO11m,6156,9,64,11,6,5,0,3,0,0,0
YOLO11m,6157,9,127,12,8,4,0,1,0,0,0
YOLO11m,6158,20,134,16,15,1,1,3,0,1,0
YOLO11m,6159,30,214,20,15,5,7,8,0,0,0
YOLO11m,6160,14,90,13,12,1,0,1,0,0,1
YOLO11m,6161,4,24,4,4,0,0,0,0,0,0
YOLO11m,6162,17,262,18,14,4,1,2,0,0,0
YOLO11m,6163,34,276,25,19,6,5,9,0,1,0
YOLO11m,6164,19,111,16,13,3,4,2,0,0,0
YOLO11m,6165,17,97,18,14,4,2,0,0,0,1
YOLO11m,6166,11,58,9,8,1,1,1,0,0,1
YOLO11m,6167,25,112,24,20,4,1,1,0,1,2
YOLO11m,6168,28,300,29,24,5,1,3,0,0,0
YOLO11m,6169,16,92,17,12,5,0,3,0,0,1
YOLO11m,6170,29,237,26,20,6,5,2,0,0,2
YOLO11m,6171,7,107,7,7,0,0,0,0,0,0
YOLO11m,6172,10,123,13,6,7,1,2,0,1,0
YOLO11m,6173,20,121,17,17,0,0,3,0,0,0
YOLO11m,6174,9,191,8,5,3,3,1,0,0,0
YOLO11m,6175,53,268,45,39,6,6,6,1,0,1
YOLO11m,6176,23,105,26,18,8,2,2,0,0,1
YOLO11m,6177,21,161,20,18,2,1,2,0,0,0
YOLO11m,6178,20,66,21,13,8,1,0,1,0,5
YOLO11m,6179,8,63,11,8,3,0,0,0,0,0
YOLO11m,6180,23,186,19,13,6,2,4,0,0,4
YOLO11m,6181,14,122,14,10,4,0,3,0,0,1
YOLO11m,6182,11,46,14,11,3,0,0,0,0,0
YOLO11m,6183,6,27,4,4,0,1,1,0,0,0
YOLO11m,6184,29,293,27,23,4,0,4,0,0,2
YOLO11m,6185,21,153,22,16,6,1,3,0,0,1
YOLO11m,6186,18,157,11,8,3,4,3,0,0,3
YOLO11m,6187,19,140,10,7,3,1,8,0,0,3
YOLO11m,6188,6,108,6,5,1,1,0,0,0,0
YOLO11m,6189,10,62,9,9,0,0,1,0,0,0
YOLO11m,6190,13,115,14,12,2,0,1,0,0,0
YOLO11m,6191,22,203,22,16,6,2,3,0,0,1
YOLO11m,6192,10,129,17,9,8,0,1,0,0,0
YOLO11m,6193,18,118,15,13,2,2,2,0,0,1
YOLO11m,6194,43,204,41,33,8,3,3,0,1,3
YOLO11m,6195,18,112,12,8,4,1,6,0,1,2
YOLO11m,6196,27,65,26,16,10,0,2,0,0,9
YOLO11m,6197,13,124,20,12,8,0,0,0,1,0
YOLO11m,6198,18,121,22,14,8,0,2,0,0,2
YOLO11m,6199,32,224,35,26,9,1,3,0,1,1
YOLO11m,6200,13,107,15,11,4,0,1,0,1,0
YOLO11m,6201,10,118,6,4,2,0,4,0,0,2
YOLO11m,6202,43,175,43,31,12,4,3,0,0,5
YOLO11m,6203,12,57,16,12,4,0,0,0,0,0
YOLO11m,6204,11,98,12,9,3,0,2,0,0,0
YOLO11m,6205,17,107,11,9,2,4,3,0,1,0
YOLO11m,6206,25,105,22,17,5,0,1,1,0,6
YOLO11m,6207,36,191,15,11,4,15,7,0,0,3
YOLO11m,6208,15,144,16,12,4,1,2,0,0,0
YOLO11m,6209,11,83,10,8,2,1,2,0,0,0
YOLO11m,6210,9,129,10,4,6,0,4,0,0,1
YOLO11m,6211,8,141,10,5,5,0,3,0,0,0
YOLO11m,6212,15,136,15,14,1,0,1,0,0,0
YOLO11m,6213,15,70,16,13,3,0,1,0,1,0
YOLO11m,6214,28,215,34,24,10,0,2,0,0,2
YOLO11m,6215,4,107,4,2,2,2,0,0,0,0
YOLO11m,6216,11,89,9,9,0,0,2,0,0,0
YOLO11m,6217,10,121,7,5,2,0,2,0,0,3
YOLO11m,6218,5,89,6,3,3,0,1,0,1,0
YOLO11m,6219,4,107,3,2,1,0,2,0,0,0
YOLO11m,6220,19,181,17,12,5,2,3,0,0,2
YOLO11m,6221,31,226,24,21,3,5,3,0,0,2
YOLO11m,6222,19,45,18,15,3,1,2,1,0,0
YOLO11m,6223,28,177,33,25,8,1,1,0,1,0
YOLO11m,6224,7,78,5,4,1,1,2,0,0,0
YOLO11m,6225,17,169,20,10,10,2,4,0,0,1
YOLO11m,6226,28,112,27,23,4,0,5,0,0,0
YOLO11m,6227,20,164,18,16,2,0,3,0,0,1
YOLO11m,6228,18,90,15,12,3,0,4,0,0,2
YOLO11m,6229,36,224,33,29,4,2,5,0,0,0
YOLO11m,6230,19,174,20,14,6,1,3,0,0,1
YOLO11m,6231,12,229,14,11,3,0,1,0,0,0
YOLO11m,6232,33,152,37,29,8,0,0,0,0,4
YOLO11m,6233,13,134,12,8,4,0,5,0,0,0
YOLO11m,6234,6,65,6,3,3,0,2,0,0,1
YOLO11m,6235,31,174,27,20,7,0,7,0,0,4
YOLO11m,6236,14,114,11,10,1,0,3,0,0,1
YOLO11m,6237,28,146,27,18,9,0,7,0,0,3
YOLO11m,6238,25,144,20,20,0,3,1,0,0,1
YOLO11m,6239,25,204,17,16,1,4,4,0,0,1
YOLO11m,6240,19,99,18,17,1,1,0,0,0,1
YOLO11m,6241,24,152,23,19,4,0,5,0,0,0
YOLO11m,6242,30,190,21,18,3,4,5,0,0,3
YOLO11m,6243,19,145,19,11,8,0,6,0,0,2
YOLO11m,6244,7,104,5,3,2,1,2,0,1,0
YOLO11m,6245,17,111,17,11,6,2,4,0,0,0
YOLO11m,6246,5,52,3,3,0,0,2,0,0,0
YOLO11m,6247,6,27,6,5,1,0,1,0,0,0
YOLO11m,6248,13,108,13,10,3,0,0,0,3,0
YOLO11m,6249,4,30,3,3,0,0,1,0,0,0
YOLO11m,6250,25,159,26,20,6,0,2,0,0,3
YOLO11m,6251,10,129,14,8,6,0,0,0,0,2
YOLO11m,6252,8,55,9,8,1,0,0,0,0,0
YOLO11m,6253,15,80,12,10,2,0,0,0,1,4
YOLO11m,6254,7,120,10,7,3,0,0,0,0,0
YOLO11m,6255,11,86,9,9,0,0,1,0,0,1
YOLO11m,6256,10,54,10,9,1,0,1,0,0,0
YOLO11m,6257,14,47,16,12,4,1,1,0,0,0
YOLO11m,6258,6,67,5,5,0,1,0,0,0,0
YOLO11m,6259,7,24,8,7,1,0,0,0,0,0
YOLO11m,6260,15,176,11,9,2,1,4,0,0,1
YOLO11m,6261,17,137,19,14,5,1,1,0,1,0
YOLO11m,6262,18,111,15,12,3,1,5,0,0,0
YOLO11m,6263,16,53,18,15,3,0,0,0,0,1
YOLO11m,6264,5,111,6,4,2,0,0,0,1,0
YOLO11m,6265,29,200,36,22,14,0,2,0,0,5
YOLO11m,6266,12,150,11,9,2,0,3,0,0,0
YOLO11m,6267,17,123,13,11,2,1,5,0,0,0
YOLO11m,6268,15,74,19,14,5,0,0,0,1,0
YOLO11m,6269,22,108,19,15,4,2,3,0,0,2
YOLO11m,6270,6,76,5,2,3,1,2,0,0,1
YOLO11m,6271,13,168,20,13,7,0,0,0,0,0
YOLO11m,6272,26,195,32,19,13,0,5,0,0,2
YOLO11m,6273,13,124,13,8,5,1,0,0,0,4
YOLO11m,6274,5,30,8,5,3,0,0,0,0,0
YOLO11m,6275,26,85,27,21,6,0,4,0,0,1
YOLO11m,6276,27,115,29,22,7,1,4,0,0,0
YOLO11m,6277,34,300,33,26,7,2,5,0,0,1
YOLO11m,6278,15,80,14,12,2,0,3,0,0,0
YOLO11m,6279,27,101,22,20,2,0,5,1,0,1
YOLO11m,6280,11,75,12,10,2,1,0,0,0,0
YOLO11m,6281,10,53,10,9,1,0,1,0,0,0
YOLO11m,6282,4,84,7,4,3,0,0,0,0,0
YOLO11m,6283,20,119,19,15,4,0,2,0,0,3
YOLO11m,6284,9,85,7,7,0,0,2,0,0,0
YOLO11m,6285,20,174,13,12,1,1,6,0,0,1
YOLO11m,6286,5,62,6,5,1,0,0,0,0,0
YOLO11m,6287,15,125,16,13,3,0,2,0,0,0
YOLO11m,6288,19,158,18,13,5,2,3,0,0,1
YOLO11m,6289,15,108,12,11,1,2,2,0,0,0
YOLO11m,6290,7,119,5,5,0,0,2,0,0,0
YOLO11m,6291,32,180,10,6,4,8,13,0,2,3
YOLO11m,6292,9,187,8,7,1,0,2,0,0,0
YOLO11m,6293,15,145,17,14,3,0,1,0,0,0
YOLO11m,6294,24,261,25,17,8,0,7,0,0,0
YOLO11m,6295,17,201,22,13,9,0,3,0,1,0
YOLO11m,6296,32,180,31,23,8,0,8,0,0,1
YOLO11m,6297,11,138,8,8,0,1,2,0,0,0
YOLO11m,6298,4,38,4,4,0,0,0,0,0,0
YOLO11m,6299,32,218,27,20,7,1,6,0,1,4
YOLO11m,6300,29,159,25,20,5,1,5,0,2,1
YOLO11m,6301,30,143,34,29,5,1,0,0,0,0
YOLO11m,6302,11,70,11,8,3,1,1,0,0,1
YOLO11m,6303,10,40,9,6,3,0,2,0,0,2
YOLO11m,6304,10,98,7,6,1,1,3,0,0,0
YOLO11m,6305,20,103,21,18,3,0,2,0,0,0
YOLO11m,6306,39,198,38,32,6,1,3,0,0,3
YOLO11m,6307,29,169,28,22,6,1,5,0,0,1
YOLO11m,6308,19,53,20,17,3,0,2,0,0,0
YOLO11m,6309,13,66,8,8,0,1,3,0,0,1
YOLO11m,6310,11,50,9,8,1,1,2,0,0,0
YOLO11m,6311,16,62,18,13,5,0,1,0,1,1
YOLO11m,6312,15,74,16,12,4,0,2,0,0,1
YOLO11m,6313,8,114,9,8,1,0,0,0,0,0
YOLO11m,6314,13,75,9,9,0,1,3,0,0,0
YOLO11m,6315,22,106,18,12,6,2,6,0,0,2
YOLO11m,6316,11,73,10,9,1,1,1,0,0,0
YOLO11m,6317,13,29,11,11,0,1,0,0,0,1
YOLO11m,6318,4,64,2,1,1,0,2,0,0,1
YOLO11m,6319,4,91,3,1,2,0,3,0,0,0
YOLO11m,6320,17,102,26,17,9,0,0,0,0,0
YOLO11m,6321,7,39,9,7,2,0,0,0,0,0
YOLO11m,6322,15,108,12,9,3,1,4,0,0,1
YOLO11m,6323,22,124,23,19,4,0,2,0,0,1
YOLO11m,6324,24,125,28,21,7,0,2,0,0,1
YOLO11m,6325,17,129,18,16,2,0,1,0,0,0
YOLO11m,6326,17,102,14,12,2,1,4,0,0,0
YOLO11m,6327,4,109,6,4,2,0,0,0,0,0
YOLO11m,6328,6,53,7,6,1,0,0,0,0,0
YOLO11m,6329,21,148,27,19,8,1,0,0,0,1
YOLO11m,6330,40,280,35,24,11,4,10,0,1,1
YOLO11m,6331,8,50,7,6,1,0,2,0,0,0
YOLO11m,6332,13,124,13,10,3,0,2,0,1,0
YOLO11m,6333,33,211,26,18,8,8,5,0,0,2
YOLO11m,6334,30,131,34,26,8,1,1,0,0,2
YOLO11m,6335,9,141,9,8,1,0,1,0,0,0
YOLO11m,6336,21,77,19,15,4,2,0,0,0,4
YOLO11m,6337,5,56,7,3,4,0,2,0,0,0
YOLO11m,6338,14,152,15,11,4,0,1,0,0,2
YOLO11m,6339,19,181,20,14,6,0,3,0,0,2
YOLO11m,6340,15,157,28,7,21,1,5,0,0,2
YOLO11m,6341,21,113,24,19,5,0,2,0,0,0
YOLO11m,6342,14,84,16,10,6,0,2,0,0,2
YOLO11m,6343,18,138,21,13,8,0,3,0,0,2
YOLO11m,6344,20,194,16,11,5,4,4,0,0,1
YOLO11m,6345,10,177,10,6,4,0,3,0,0,1
YOLO11m,6346,7,99,6,6,0,0,1,0,0,0
YOLO11m,6347,27,96,29,25,4,0,2,0,0,0
YOLO11m,6348,15,69,21,15,6,0,0,0,0,0
YOLO11m,6349,35,228,37,28,9,1,5,0,1,0
YOLO11m,6350,20,222,12,11,1,4,4,0,0,1
YOLO11m,6351,21,123,24,19,5,1,0,0,0,1
YOLO11m,6352,21,109,13,13,0,2,6,0,0,0
YOLO11m,6353,20,126,23,16,7,0,2,0,1,1
YOLO11m,6354,9,58,7,5,2,0,3,0,0,1
YOLO11m,6355,8,131,13,6,7,0,1,0,1,0
YOLO11m,6356,13,228,11,9,2,0,4,0,0,0
YOLO11m,6357,13,122,13,11,2,0,2,0,0,0
YOLO11m,6358,12,70,11,8,3,0,2,0,1,1
YOLO11m,6359,8,45,9,4,5,0,3,0,0,1
YOLO11m,6360,32,212,31,22,9,3,5,0,0,2
YOLO11m,6361,8,108,6,4,2,1,3,0,0,0
YOLO11m,6362,15,56,13,10,3,0,3,0,0,2
YOLO11m,6363,12,88,15,9,6,0,2,0,0,1
YOLO11m,6364,14,62,17,10,7,1,1,0,0,2
YOLO11m,6365,11,136,11,8,3,1,1,0,1,0
YOLO11m,6366,15,133,14,8,6,1,4,0,1,1
YOLO11m,6367,7,48,9,6,3,0,0,0,1,0
YOLO11m,6368,18,189,16,12,4,1,4,0,0,1
YOLO11m,6369,17,110,16,14,2,0,2,0,0,1
YOLO11m,6370,18,132,18,14,4,0,2,0,0,2
YOLO11m,6371,21,173,23,15,8,0,5,0,0,1
YOLO11m,6372,26,133,21,18,3,3,4,0,1,0
YOLO11m,6373,17,155,14,10,4,4,3,0,0,0
YOLO11m,6374,32,149,28,21,7,1,7,0,0,3
YOLO11m,6375,20,93,15,14,1,0,5,0,0,1
YOLO11m,6376,7,82,8,5,3,0,2,0,0,0
YOLO11m,6377,26,148,20,14,6,3,8,0,0,1
YOLO11m,6378,9,82,7,4,3,1,3,0,0,1
YOLO11m,6379,20,98,21,16,5,2,1,0,0,1
YOLO11m,6380,24,136,25,18,7,1,2,0,1,2
YOLO11m,6381,12,79,15,12,3,0,0,0,0,0
YOLO11m,6382,22,174,27,21,6,0,1,0,0,0
YOLO11m,6383,16,142,15,12,3,0,2,0,1,1
YOLO11m,6384,17,148,18,15,3,1,1,0,0,0
YOLO11m,6385,20,185,24,18,6,2,0,0,0,0
YOLO11m,6386,20,132,27,19,8,0,0,0,0,1
YOLO11m,6387,16,112,15,13,2,0,2,0,1,0
YOLO11m,6388,28,300,22,13,9,8,6,0,0,1
YOLO11m,6389,4,121,4,4,0,0,0,0,0,0
YOLO11m,6390,4,189,4,2,2,0,2,0,0,0
YOLO11m,6391,31,183,35,28,7,0,2,0,0,1
YOLO11m,6392,26,192,25,21,4,2,3,0,0,0
YOLO11m,6393,8,151,6,5,1,0,3,0,0,0
YOLO11m,6394,19,69,20,17,3,0,1,0,0,1
YOLO11m,6395,23,67,26,20,6,0,3,0,0,0
YOLO11m,6396,15,81,13,10,3,2,0,0,1,2
YOLO11m,6397,23,254,19,16,3,1,5,0,0,1
YOLO11m,6398,23,73,19,17,2,1,0,1,0,4
YOLO11m,6399,24,266,29,14,15,2,7,0,1,0
YOLO11m,6400,36,207,33,26,7,4,3,0,1,2
YOLO11m,6401,28,105,20,17,3,6,3,0,0,2
YOLO11m,6402,22,125,15,12,3,2,5,0,0,3
YOLO11m,6403,15,143,18,14,4,0,0,0,0,1
YOLO11m,6404,23,146,28,21,7,1,0,0,1,0
YOLO11m,6405,30,170,26,25,1,1,2,0,0,2
YOLO11m,6406,8,98,15,7,8,1,0,0,0,0
YOLO11m,6407,13,247,13,9,4,0,4,0,0,0
YOLO11m,6408,9,234,11,7,4,0,0,0,2,0
YOLO11m,6409,11,49,10,9,1,1,1,0,0,0
YOLO11m,6410,13,135,11,9,2,1,3,0,0,0
YOLO11m,6411,33,219,28,24,4,3,3,0,1,2
YOLO11m,6412,47,248,49,40,9,2,3,0,0,2
YOLO11m,6413,14,77,15,13,2,0,0,0,1,0
YOLO11m,6414,12,104,18,12,6,0,0,0,0,0
YOLO11m,6415,18,204,19,14,5,0,2,0,1,1
YOLO11m,6416,13,65,15,12,3,0,1,0,0,0
YOLO11m,6417,12,69,13,10,3,1,0,0,0,1
YOLO11m,6418,14,153,12,10,2,2,2,0,0,0
YOLO11m,6419,17,112,20,15,5,1,1,0,0,0
YOLO11m,6420,10,156,9,3,6,3,4,0,0,0
YOLO11m,6421,7,81,13,6,7,0,1,0,0,0
YOLO11m,6422,27,145,19,18,1,6,3,0,0,0
YOLO11m,6423,14,184,15,13,2,0,1,0,0,0
YOLO11m,6424,17,175,23,14,9,1,2,0,0,0
YOLO11m,6425,35,207,36,31,5,2,2,0,0,0
YOLO11m,6426,10,105,7,2,5,1,3,0,2,2
YOLO11m,6427,12,120,20,11,9,0,0,0,0,1
YOLO11m,6428,19,168,14,13,1,0,6,0,0,0
YOLO11m,6429,18,161,16,12,4,2,0,0,0,4
YOLO11m,6430,22,109,20,15,5,0,3,0,0,4
YOLO11m,6431,12,59,16,12,4,0,0,0,0,0
YOLO11m,6432,9,118,11,9,2,0,0,0,0,0
YOLO11m,6433,15,89,14,10,4,1,2,0,1,1
YOLO11m,6434,8,89,7,5,2,0,3,0,0,0
YOLO11m,6435,17,103,19,15,4,1,1,0,0,0
YOLO11m,6436,20,176,17,13,4,1,5,0,0,1
YOLO11m,6437,28,131,23,18,5,3,6,0,0,1
YOLO11m,6438,7,65,10,6,4,1,0,0,0,0
YOLO11m,6439,34,137,35,27,8,0,1,2,0,4
YOLO11m,6440,32,178,33,21,12,0,3,0,1,7
YOLO11m,6441,41,195,45,36,9,1,2,0,0,2
YOLO11m,6442,39,187,35,31,4,1,4,0,1,2
YOLO11m,6443,10,110,11,8,3,0,1,0,0,1
YOLO11m,6444,16,176,19,14,5,0,2,0,0,0
YOLO11m,6445,18,232,18,14,4,0,1,0,1,2
YOLO11m,6446,4,72,6,4,2,0,0,0,0,0
YOLO11m,6447,18,108,12,9,3,6,2,0,0,1
YOLO11m,6448,31,300,31,20,11,3,7,0,0,1
YOLO11m,6449,14,112,14,10,4,0,1,0,0,3
YOLO11m,6450,19,118,20,19,1,0,0,0,0,0
YOLO11m,6451,11,97,14,10,4,1,0,0,0,0
YOLO11m,6452,8,43,11,5,6,0,1,0,1,1
YOLO11m,6453,30,164,25,22,3,1,3,0,1,3
YOLO11m,6454,20,116,20,16,4,0,3,0,0,1
YOLO11m,6455,19,155,17,16,1,1,2,0,0,0
YOLO11m,6456,9,106,8,6,2,1,2,0,0,0
YOLO11m,6457,19,121,21,16,5,1,1,0,0,1
YOLO11m,6458,16,173,13,10,3,2,4,0,0,0
YOLO11m,6459,14,67,13,11,2,0,2,0,0,1
YOLO11m,6460,28,231,23,16,7,1,6,0,1,4
YOLO11m,6461,10,114,9,7,2,0,3,0,0,0
YOLO11m,6462,28,187,8,6,2,7,14,0,0,1
YOLO11m,6463,29,114,23,22,1,3,2,0,0,2
YOLO11m,6464,11,88,8,7,1,2,2,0,0,0
YOLO11m,6465,19,182,22,14,8,0,4,0,0,1
YOLO11m,6466,20,175,21,17,4,1,1,0,0,1
YOLO11m,6467,15,118,18,15,3,0,0,0,0,0
YOLO11m,6468,19,86,21,18,3,0,1,0,0,0
YOLO11m,6469,6,125,6,3,3,0,2,0,0,1
YOLO11m,6470,24,205,23,16,7,2,4,0,0,2
YOLO11m,6471,14,173,10,9,1,2,3,0,0,0
YOLO11m,6472,31,282,34,23,11,1,6,0,0,1
YOLO11m,6473,47,179,46,37,9,2,4,1,0,3
YOLO11m,6474,10,44,9,6,3,1,2,0,1,0
YOLO11m,6475,11,100,13,8,5,2,1,0,0,0
YOLO11m,6476,18,88,18,11,7,3,2,0,0,2
YOLO11m,6477,44,273,38,25,13,6,5,0,2,6
YOLO11m,6478,17,177,13,10,3,3,3,0,0,1
YOLO11m,6479,21,116,14,12,2,3,3,0,0,3
YOLO11m,6480,37,259,35,28,7,0,5,1,0,3
YOLO11m,6481,16,158,14,13,1,1,2,0,0,0
YOLO11m,6482,34,211,29,24,5,0,8,0,0,2
YOLO11m,6483,36,271,32,21,11,1,9,0,0,5
YOLO11m,6484,12,119,14,10,4,0,1,0,0,1
YOLO11m,6485,13,97,15,12,3,1,0,0,0,0
YOLO11m,6486,21,129,22,16,6,1,2,0,0,2
YOLO11m,6487,18,117,17,15,2,2,1,0,0,0
YOLO11m,6488,10,93,12,9,3,0,1,0,0,0
YOLO11m,6489,15,123,8,8,0,3,4,0,0,0
YOLO11m,6490,17,231,19,10,9,1,6,0,0,0
YOLO11m,6491,31,220,28,21,7,2,6,0,0,2
YOLO11m,6492,7,135,6,4,2,0,3,0,0,0
YOLO11m,6493,25,184,17,15,2,4,6,0,0,0
YOLO11m,6494,8,88,6,5,1,0,3,0,0,0
YOLO11m,6495,8,74,6,5,1,1,2,0,0,0
YOLO11m,6496,9,68,8,6,2,1,1,0,1,0
YOLO11m,6497,24,174,30,18,12,0,2,0,0,4
YOLO11m,6498,11,74,11,7,4,2,1,0,0,1
YOLO11m,6499,11,37,8,4,4,0,1,0,0,6
YOLO11m,6500,12,82,14,10,4,0,2,0,0,0
YOLO11m,6501,14,123,13,11,2,0,2,0,0,1
YOLO11m,6502,21,131,19,15,4,1,2,0,0,3
YOLO11m,6503,36,171,34,29,5,1,6,0,0,0
YOLO11m,6504,33,222,33,28,5,2,3,0,0,0
YOLO11m,6505,9,201,10,7,3,0,1,0,1,0
YOLO11m,6506,20,172,18,16,2,0,3,0,0,1
YOLO11m,6507,41,288,31,24,7,6,6,0,1,4
YOLO11m,6508,20,77,22,19,3,0,0,0,0,1
YOLO11m,6509,30,190,32,22,10,1,3,0,0,4
YOLO11m,6510,16,72,12,10,2,1,5,0,0,0
YOLO11m,6511,21,153,21,18,3,2,0,0,1,0
YOLO11m,6512,20,202,20,17,3,1,2,0,0,0
YOLO11m,6513,18,74,22,14,8,0,2,0,0,2
YOLO11m,6514,18,195,20,12,8,0,4,0,0,2
YOLO11m,6515,8,61,3,3,0,5,0,0,0,0
YOLO11m,6516,16,111,15,13,2,0,2,0,0,1
YOLO11m,6517,17,91,17,11,6,0,3,0,0,3
YOLO11m,6518,8,121,11,7,4,0,0,0,0,1
YOLO11m,6519,15,105,13,12,1,0,2,0,0,1
YOLO11m,6520,6,60,8,4,4,0,1,0,0,1
YOLO11m,6521,18,52,22,17,5,0,1,0,0,0
YOLO11m,6522,9,41,9,4,5,0,2,0,0,3
YOLO11m,6523,7,107,6,6,0,0,1,0,0,0
YOLO11m,6524,7,129,8,4,4,2,1,0,0,0
YOLO11m,6525,13,138,13,9,4,1,1,0,2,0
YOLO11m,6526,6,107,3,3,0,2,1,0,0,0
YOLO11m,6527,16,111,10,8,2,4,4,0,0,0
YOLO11m,6528,12,163,13,8,5,1,3,0,0,0
YOLO11m,6529,19,187,9,6,3,7,3,0,0,3
YOLO11m,6530,18,139,15,11,4,0,5,0,0,2
YOLO11m,6531,6,96,7,4,3,0,2,0,0,0
YOLO11m,6532,8,146,8,7,1,0,1,0,0,0
YOLO11m,6533,7,117,10,5,5,1,1,0,0,0
YOLO11m,6534,20,82,23,20,3,0,0,0,0,0
YOLO11m,6535,33,153,33,26,7,1,4,0,0,2
YOLO11m,6536,16,241,16,11,5,1,3,0,0,1
YOLO11m,6537,12,170,16,6,10,1,3,0,1,1
YOLO11m,6538,13,138,10,8,2,1,3,0,0,1
YOLO11m,6539,4,46,5,4,1,0,0,0,0,0
YOLO11m,6540,20,98,25,19,6,0,0,0,0,1
YOLO11m,6541,13,100,8,8,0,1,3,0,0,1
YOLO11m,6542,6,44,5,3,2,0,1,0,2,0
YOLO11m,6543,22,64,13,11,2,2,7,0,0,2
YOLO11m,6544,4,72,5,4,1,0,0,0,0,0
YOLO11m,6545,19,141,21,16,5,0,1,0,1,1
YOLO11m,6546,27,169,29,23,6,0,1,0,1,2
YOLO11m,6547,21,142,20,20,0,0,0,0,0,1
YOLO11m,6548,25,184,21,18,3,4,2,0,0,1
YOLO11m,6549,13,104,5,4,1,4,4,0,0,1
YOLO11m,6550,11,119,14,9,5,0,0,0,1,1
YOLO11m,6551,24,110,20,16,4,2,0,0,0,6
YOLO11m,6552,16,187,14,12,2,0,4,0,0,0
YOLO11m,6553,4,151,3,3,0,0,1,0,0,0
YOLO11m,6554,12,81,14,10,4,0,2,0,0,0
YOLO11m,6555,22,99,18,16,2,1,3,1,0,1
YOLO11m,6556,21,145,21,16,5,1,3,0,1,0
YOLO11m,6557,16,97,20,13,7,0,2,0,0,1
YOLO11m,6558,30,300,25,16,9,3,10,0,0,1
YOLO11m,6559,16,201,16,15,1,0,1,0,0,0
YOLO11m,6560,18,222,10,8,2,2,8,0,0,0
YOLO11m,6561,6,59,6,5,1,1,0,0,0,0
YOLO11m,6562,22,46,15,14,1,0,1,1,0,6
YOLO11m,6563,12,86,13,10,3,0,0,0,0,2
YOLO11m,6564,17,93,18,13,5,0,0,2,2,0
YOLO11m,6565,5,84,6,4,2,0,1,0,0,0
YOLO11m,6566,15,232,26,11,15,0,0,0,1,3
YOLO11m,6567,6,152,15,4,11,0,1,0,0,1
YOLO11m,6568,28,173,25,17,8,2,5,0,0,4
YOLO11m,6569,31,177,28,26,2,2,1,0,0,2
YOLO11m,6570,18,208,24,16,8,0,1,0,0,1
YOLO11m,6571,11,112,10,7,3,0,3,0,1,0
YOLO11m,6572,11,124,14,10,4,0,1,0,0,0
YOLO11m,6573,5,130,2,2,0,0,3,0,0,0
YOLO11m,6574,14,168,16,9,7,1,4,0,0,0
YOLO11m,6575,5,70,5,4,1,0,1,0,0,0
YOLO11m,6576,15,98,16,10,6,0,5,0,0,0
YOLO11m,6577,7,125,9,7,2,0,0,0,0,0
YOLO11m,6578,13,186,8,5,3,4,4,0,0,0
YOLO11m,6579,16,170,13,12,1,1,2,0,0,1
YOLO11m,6580,12,102,9,9,0,0,3,0,0,0
YOLO11m,6581,13,211,23,11,12,0,0,0,2,0
YOLO11m,6582,4,108,4,4,0,0,0,0,0,0
YOLO11m,6583,26,186,29,23,6,1,2,0,0,0
YOLO11m,6584,10,137,7,5,2,2,2,0,1,0
YOLO11m,6585,11,81,11,11,0,0,0,0,0,0
YOLO11m,6586,29,197,16,14,2,6,7,0,0,2
YOLO11m,6587,6,91,8,5,3,0,1,0,0,0
YOLO11m,6588,15,93,18,13,5,1,1,0,0,0
YOLO11m,6589,20,180,11,9,2,3,8,0,0,0
YOLO11m,6590,16,115,11,9,2,1,6,0,0,0
YOLO11m,6591,19,234,12,7,5,3,9,0,0,0
YOLO11m,6592,11,123,22,9,13,0,1,0,0,1
YOLO11m,6593,27,170,26,20,6,3,2,0,0,2
YOLO11m,6594,4,89,5,2,3,0,2,0,0,0
YOLO11m,6595,25,102,17,13,4,6,6,0,0,0
YOLO11m,6596,10,121,17,10,7,0,0,0,0,0
YOLO11m,6597,15,70,18,13,5,0,1,0,0,1
YOLO11m,6598,19,159,17,13,4,0,6,0,0,0
YOLO11m,6599,13,83,13,12,1,0,1,0,0,0
YOLO11m,6600,15,63,17,10,7,0,2,0,0,3
YOLO11m,6601,5,77,1,1,0,0,4,0,0,0
YOLO11m,6602,17,77,21,14,7,0,3,0,0,0
YOLO11m,6603,20,234,18,12,6,0,4,0,1,3
YOLO11m,6604,22,115,23,18,5,0,4,0,0,0
YOLO11m,6605,21,81,15,14,1,2,4,0,0,1
YOLO11m,6606,12,109,8,7,1,0,3,0,0,2
YOLO11m,6607,15,95,14,12,2,1,2,0,0,0
YOLO11m,6608,11,76,9,8,1,0,2,1,0,0
YOLO11m,6609,27,272,34,23,11,0,3,0,0,1
YOLO11m,6610,27,155,27,21,6,1,3,0,0,2
YOLO11m,6611,15,96,7,7,0,4,4,0,0,0
YOLO11m,6612,7,115,12,6,6,0,1,0,0,0
YOLO11m,6613,15,134,16,7,9,2,1,0,0,5
YOLO11m,6614,7,119,9,6,3,0,0,0,0,1
YOLO11m,6615,9,89,6,3,3,2,1,0,1,2
YOLO11m,6616,15,58,16,14,2,0,0,0,0,1
YOLO11m,6617,25,176,20,19,1,2,2,0,0,2
YOLO11m,6618,29,159,27,23,4,0,4,1,0,1
YOLO11m,6619,23,170,22,15,7,1,6,0,0,1
YOLO11m,6620,4,35,6,2,4,0,0,0,0,2
YOLO11m,6621,10,94,14,9,5,0,1,0,0,0
YOLO11m,6622,6,92,8,6,2,0,0,0,0,0
YOLO11m,6623,5,85,3,3,0,1,1,0,0,0
YOLO11m,6624,4,84,6,4,2,0,0,0,0,0
YOLO11m,6625,14,94,14,11,3,0,3,0,0,0
YOLO11m,6626,12,117,11,8,3,2,2,0,0,0
YOLO11m,6627,32,155,35,22,13,2,5,0,0,3
YOLO11m,6628,11,82,13,9,4,0,2,0,0,0
YOLO11m,6629,24,158,28,21,7,0,0,0,1,2
YOLO11m,6630,25,132,29,17,12,1,3,0,0,4
YOLO11m,6631,19,96,13,12,1,5,2,0,0,0
YOLO11m,6632,29,161,27,19,8,2,3,0,0,5
YOLO11m,6633,15,172,15,12,3,0,1,0,2,0
YOLO11m,6634,21,117,22,16,6,1,1,0,2,1
YOLO11m,6635,8,114,7,6,1,1,0,0,0,1
YOLO11m,6636,9,74,10,8,2,0,0,0,1,0
YOLO11m,6637,19,148,21,18,3,0,0,0,0,1
YOLO11m,6638,25,184,20,16,4,1,6,0,0,2
YOLO11m,6639,19,99,19,15,4,0,2,0,2,0
YOLO11m,6640,12,166,13,11,2,0,1,0,0,0
YOLO11m,6641,5,37,4,3,1,0,2,0,0,0
YOLO11m,6642,19,285,19,12,7,0,5,0,0,2
YOLO11m,6643,16,98,20,10,10,0,0,0,4,2
YOLO11m,6644,5,38,4,4,0,0,1,0,0,0
YOLO11m,6645,30,207,17,15,2,9,4,1,0,1
YOLO11m,6646,9,63,9,8,1,0,1,0,0,0
YOLO11m,6647,18,193,17,13,4,1,3,0,1,0
YOLO11m,6648,8,163,6,5,1,0,3,0,0,0
YOLO11m,6649,16,104,21,9,12,1,2,0,2,2
YOLO11m,6650,15,81,14,11,3,0,1,0,0,3
YOLO11m,6651,56,200,46,40,6,5,7,0,1,3
YOLO11m,6652,33,194,27,21,6,2,7,1,0,2
YOLO11m,6653,11,207,14,10,4,0,1,0,0,0
YOLO11m,6654,29,232,18,15,3,2,12,0,0,0
YOLO11m,6655,18,95,14,13,1,3,1,0,0,1
YOLO11m,6656,13,184,11,9,2,0,3,0,0,1
YOLO11m,6657,34,213,34,26,8,1,6,0,0,1
YOLO11m,6658,40,277,59,31,28,4,3,0,0,2
YOLO11m,6659,7,34,5,5,0,0,2,0,0,0
YOLO11m,6660,16,112,17,11,6,3,1,0,0,1
YOLO11m,6661,15,94,21,11,10,0,2,0,0,2
YOLO11m,6662,40,196,39,32,7,4,4,0,0,0
YOLO11m,6663,9,38,11,7,4,0,1,0,0,1
YOLO11m,6664,5,32,5,5,0,0,0,0,0,0
YOLO11m,6665,13,79,18,12,6,0,1,0,0,0
YOLO11m,6666,22,107,21,13,8,1,6,0,1,1
YOLO11m,6667,34,173,28,23,5,1,4,1,0,5
YOLO11m,6668,25,155,28,21,7,0,3,0,0,1
YOLO11m,6669,9,140,9,9,0,0,0,0,0,0
YOLO11m,6670,5,59,5,4,1,0,1,0,0,0
YOLO11m,6671,19,223,8,7,1,5,7,0,0,0
YOLO11m,6672,4,175,10,2,8,0,2,0,0,0
YOLO11m,6673,5,98,4,3,1,0,2,0,0,0
YOLO11m,6674,7,80,8,5,3,0,1,0,0,1
YOLO11m,6675,5,95,4,4,0,0,1,0,0,0
YOLO11m,6676,21,239,17,15,2,1,4,0,1,0
YOLO11m,6677,16,149,19,14,5,0,2,0,0,0
YOLO11m,6678,12,112,14,11,3,0,0,0,0,1
YOLO11m,6679,7,34,8,7,1,0,0,0,0,0
YOLO11m,6680,7,101,8,7,1,0,0,0,0,0
YOLO11m,6681,16,77,11,9,2,2,3,0,1,1
YOLO11m,6682,15,135,17,15,2,0,0,0,0,0
YOLO11m,6683,21,166,21,14,7,1,2,0,2,2
YOLO11m,6684,16,93,16,11,5,0,5,0,0,0
YOLO11m,6685,14,67,13,10,3,0,1,0,0,3
YOLO11m,6686,13,185,15,7,8,0,6,0,0,0
YOLO11m,6687,13,127,15,11,4,0,0,0,1,1
YOLO11m,6688,24,147,27,19,8,2,0,0,0,3
YOLO11m,6689,23,97,17,13,4,3,6,0,0,1
YOLO11m,6690,13,110,12,10,2,0,3,0,0,0
YOLO11m,6691,8,120,3,1,2,1,2,0,0,4
YOLO11m,6692,15,110,14,13,1,1,1,0,0,0
YOLO11m,6693,8,64,7,6,1,0,2,0,0,0
YOLO11m,6694,31,234,33,19,14,4,3,0,2,3
YOLO11m,6695,31,182,23,20,3,5,4,0,1,1
YOLO11m,6696,19,193,17,16,1,1,2,0,0,0
YOLO11m,6697,5,53,6,5,1,0,0,0,0,0
YOLO11m,6698,14,102,18,13,5,1,0,0,0,0
YOLO11m,6699,19,144,16,11,5,1,5,0,0,2
YOLO11m,6700,35,167,35,27,8,2,2,1,0,3
YOLO11m,6701,28,249,29,16,13,2,5,0,0,5
YOLO11m,6702,13,81,8,5,3,2,2,0,2,2
YOLO11m,6703,33,140,29,24,5,1,3,0,1,4
YOLO11m,6704,15,140,16,12,4,0,2,0,1,0
YOLO11m,6705,29,184,30,22,8,2,3,0,0,2
YOLO11m,6706,23,197,18,14,4,4,4,0,0,1
YOLO11m,6707,16,62,26,16,10,0,0,0,0,0
YOLO11m,6708,6,45,7,5,2,0,0,1,0,0
YOLO11m,6709,20,188,16,14,2,0,4,0,0,2
YOLO11m,6710,32,231,26,22,4,2,7,0,0,1
YOLO11m,6711,29,142,30,23,7,0,3,0,0,3
YOLO11m,6712,11,184,11,7,4,0,3,0,0,1
YOLO11m,6713,13,182,9,7,2,2,3,0,0,1
YOLO11m,6714,25,201,28,24,4,0,1,0,0,0
YOLO11m,6715,19,163,24,16,8,0,1,0,0,2
YOLO11m,6716,5,101,6,5,1,0,0,0,0,0
YOLO11m,6717,18,122,17,14,3,0,3,0,0,1
YOLO11m,6718,20,95,18,15,3,2,1,0,1,1
YOLO11m,6719,45,264,40,29,11,3,10,0,0,3
YOLO11m,6720,17,227,17,10,7,1,3,1,0,2
YOLO11m,6721,13,48,14,12,2,0,1,0,0,0
YOLO11m,6722,16,191,19,13,6,2,1,0,0,0
YOLO11m,6723,12,242,11,10,1,0,2,0,0,0
YOLO11m,6724,16,187,16,12,4,1,2,0,0,1
YOLO11m,6725,26,168,24,20,4,1,3,0,0,2
YOLO11m,6726,54,264,57,35,22,4,7,0,1,7
YOLO11m,6727,17,136,17,11,6,1,4,0,0,1
YOLO11m,6728,23,128,23,21,2,0,0,1,0,1
YOLO11m,6729,24,135,30,23,7,0,0,0,0,1
YOLO11m,6730,31,167,32,23,9,1,5,0,0,2
YOLO11m,6731,24,98,31,22,9,0,2,0,0,0
YOLO11m,6732,21,113,23,18,5,0,2,0,0,1
YOLO11m,6733,8,91,8,7,1,0,0,0,1,0
YOLO11m,6734,20,111,21,18,3,0,2,0,0,0
YOLO11m,6735,5,152,8,5,3,0,0,0,0,0
YOLO11m,6736,7,120,4,4,0,1,2,0,0,0
YOLO11m,6737,27,124,24,21,3,2,2,0,0,2
YOLO11m,6738,34,220,24,19,5,3,11,0,0,1
YOLO11m,6739,38,135,35,31,4,2,5,0,0,0
YOLO11m,6740,40,197,21,18,3,6,10,1,0,5
YOLO11m,6741,5,107,5,4,1,0,1,0,0,0
YOLO11m,6742,36,274,32,25,7,2,4,1,1,3
YOLO11m,6743,13,76,11,9,2,0,4,0,0,0
YOLO11m,6744,28,209,25,21,4,2,1,0,1,3
YOLO11m,6745,21,111,25,19,6,0,0,0,0,2
YOLO11m,6746,17,67,17,14,3,1,2,0,0,0
YOLO11m,6747,22,192,22,16,6,1,4,0,0,1
YOLO11m,6748,19,118,23,19,4,0,0,0,0,0
YOLO11m,6749,20,66,19,14,5,1,2,0,0,3
YOLO11m,6750,40,300,36,20,16,8,6,0,0,6
YOLO11m,6751,7,153,15,6,9,0,1,0,0,0
YOLO11m,6752,11,42,7,5,2,1,3,0,0,2
YOLO11m,6753,23,145,23,21,2,1,1,0,0,0
YOLO11m,6754,37,254,36,25,11,5,2,0,1,4
YOLO11m,6755,8,119,11,8,3,0,0,0,0,0
YOLO11m,6756,4,65,4,3,1,1,0,0,0,0
YOLO11m,6757,15,149,15,10,5,0,2,0,0,3
YOLO11m,6758,12,152,10,8,2,0,4,0,0,0
YOLO11m,6759,18,102,26,16,10,0,2,0,0,0
YOLO11m,6760,4,108,3,2,1,0,2,0,0,0
YOLO11m,6761,13,86,6,5,1,4,4,0,0,0
YOLO11m,6762,6,149,5,5,0,0,1,0,0,0
YOLO11m,6763,24,87,24,17,7,0,0,1,1,5
YOLO11m,6764,41,252,36,28,8,5,5,0,1,2
YOLO11m,6765,16,112,16,14,2,2,0,0,0,0
YOLO11m,6766,27,206,20,17,3,1,6,1,0,2
YOLO11m,6767,20,167,24,16,8,0,3,0,0,1
YOLO11m,6768,27,142,31,25,6,0,2,0,0,0
YOLO11m,6769,17,117,17,14,3,0,2,0,0,1
YOLO11m,6770,23,135,13,10,3,5,8,0,0,0
YOLO11m,6771,24,223,17,14,3,1,8,0,0,1
YOLO11m,6772,17,68,19,16,3,0,0,0,0,1
YOLO11m,6773,7,48,7,6,1,0,1,0,0,0
YOLO11m,6774,29,147,27,21,6,0,4,0,0,4
YOLO11m,6775,17,122,9,8,1,0,9,0,0,0
YOLO11m,6776,19,126,13,10,3,5,3,0,0,1
YOLO11m,6777,20,123,22,17,5,0,2,0,0,1
YOLO11m,6778,33,186,35,23,12,3,3,0,0,4
YOLO11m,6779,26,149,18,14,4,3,5,1,0,3
YOLO11m,6780,13,69,12,10,2,1,1,0,1,0
YOLO11m,6781,22,83,16,14,2,0,7,0,1,0
YOLO11m,6782,12,48,11,11,0,0,1,0,0,0
YOLO11m,6783,14,201,14,6,8,2,4,0,0,2
YOLO11m,6784,25,229,18,10,8,3,4,0,2,6
YOLO11m,6785,5,15,4,4,0,0,1,0,0,0
YOLO11m,6786,34,214,30,22,8,2,4,0,0,6
YOLO11m,6787,15,269,12,10,2,1,3,0,1,0
YOLO11m,6788,30,285,26,16,10,0,11,0,0,3
YOLO11m,6789,21,100,27,14,13,0,3,0,0,4
YOLO11m,6790,17,84,16,12,4,2,3,0,0,0
YOLO11m,6791,33,161,31,24,7,0,5,1,0,3
YOLO11m,6792,13,85,18,11,7,0,1,0,1,0
YOLO11m,6793,16,202,23,13,10,0,3,0,0,0
YOLO11m,6794,27,208,33,24,9,0,3,0,0,0
YOLO11m,6795,21,95,15,13,2,1,4,0,0,3
YOLO11m,6796,20,126,18,12,6,4,2,0,1,1
YOLO11m,6797,12,74,14,9,5,1,1,0,0,1
YOLO11m,6798,6,85,6,5,1,0,1,0,0,0
YOLO11m,6799,26,214,20,16,4,1,8,0,0,1
YOLO11m,6800,27,220,21,19,2,2,4,1,0,1
YOLO11m,6801,28,125,31,26,5,0,0,0,0,2
YOLO11m,6802,39,224,37,25,12,5,3,0,2,4
YOLO11m,6803,38,240,30,23,7,4,7,1,0,3
YOLO11m,6804,16,219,19,12,7,2,2,0,0,0
YOLO11m,6805,15,65,12,11,1,2,2,0,0,0
YOLO11m,6806,7,81,5,5,0,0,2,0,0,0
YOLO11m,6807,21,99,30,13,17,0,4,0,0,4
YOLO11m,6808,20,190,10,6,4,4,10,0,0,0
YOLO11m,6809,24,93,24,18,6,1,4,0,0,1
YOLO11m,6810,5,83,7,4,3,0,1,0,0,0
YOLO11m,6811,10,72,8,7,1,1,2,0,0,0
YOLO11m,6812,16,133,18,9,9,0,4,0,0,3
YOLO11m,6813,13,78,15,10,5,0,3,0,0,0
YOLO11m,6814,19,95,21,14,7,1,3,0,0,1
YOLO11m,6815,17,182,21,13,8,1,2,0,0,1
YOLO11m,6816,5,50,5,3,2,0,0,0,2,0
YOLO11m,6817,19,118,17,17,0,0,2,0,0,0
YOLO11m,6818,8,73,12,7,5,0,1,0,0,0
YOLO11m,6819,10,90,11,7,4,0,3,0,0,0
YOLO11m,6820,24,166,26,20,6,1,3,0,0,0
YOLO11m,6821,38,129,31,21,10,9,2,0,0,6
YOLO11m,6822,23,192,21,15,6,1,7,0,0,0
YOLO11m,6823,20,178,20,12,8,4,3,0,0,1
YOLO11m,6824,13,81,17,13,4,0,0,0,0,0
YOLO11m,6825,19,249,25,14,11,0,3,0,0,2
YOLO11m,6826,23,118,21,20,1,1,2,0,0,0
YOLO11m,6827,33,139,28,22,6,5,3,0,3,0
YOLO11m,6828,26,165,29,23,6,1,0,0,0,2
YOLO11m,6829,52,296,37,29,8,6,10,1,0,6
YOLO11m,6830,18,195,16,13,3,1,4,0,0,0
YOLO11m,6831,6,138,6,5,1,0,1,0,0,0
YOLO11m,6832,33,159,34,20,14,1,5,0,2,5
YOLO11m,6833,38,129,37,31,6,2,4,0,0,1
YOLO11m,6834,32,219,29,25,4,1,6,0,0,0
YOLO11m,6835,18,200,15,13,2,1,4,0,0,0
YOLO11m,6836,16,70,17,13,4,0,0,1,1,1
YOLO11m,6837,9,128,8,6,2,0,3,0,0,0
YOLO11m,6838,8,80,7,5,2,0,3,0,0,0
YOLO11m,6839,4,57,4,3,1,0,1,0,0,0
YOLO11m,6840,8,63,8,7,1,0,0,0,1,0
YOLO11m,6841,18,97,16,12,4,1,3,0,0,2
YOLO11m,6842,27,80,25,23,2,2,2,0,0,0
YOLO11m,6843,21,85,24,18,6,2,0,0,0,1
YOLO11m,6844,22,162,19,16,3,2,3,0,0,1
YOLO11m,6845,12,103,13,12,1,0,0,0,0,0
YOLO11m,6846,27,132,25,23,2,2,1,0,0,1
YOLO11m,6847,20,80,28,20,8,0,0,0,0,0
YOLO11m,6848,19,110,13,13,0,2,4,0,0,0
YOLO11m,6849,21,133,22,19,3,0,1,0,0,1
YOLO11m,6850,15,143,14,12,2,1,1,0,0,1
YOLO11m,6851,24,156,17,16,1,0,6,0,0,2
YOLO11m,6852,40,300,32,23,9,6,8,0,1,2
YOLO11m,6853,24,150,24,17,7,1,4,0,0,2
YOLO11m,6854,18,174,17,12,5,0,5,0,0,1
YOLO11m,6855,20,140,17,13,4,2,3,0,1,1
YOLO11m,6856,22,97,17,10,7,2,1,2,3,4
YOLO11m,6857,13,57,9,9,0,1,3,0,0,0
YOLO11m,6858,26,194,25,17,8,3,5,0,0,1
YOLO11m,6859,17,173,17,14,3,0,1,0,0,2
YOLO11m,6860,28,209,24,18,6,3,5,0,0,2
YOLO11m,6861,6,81,4,3,1,1,2,0,0,0
YOLO11m,6862,8,57,4,2,2,2,3,0,0,1
YOLO11m,6863,21,159,20,17,3,0,4,0,0,0
YOLO11m,6864,19,129,14,13,1,2,1,0,0,3
YOLO11m,6865,21,133,24,19,5,0,0,0,0,2
YOLO11m,6866,36,173,27,23,4,5,7,0,1,0
YOLO11m,6867,24,248,30,19,11,0,3,0,0,2
YOLO11m,6868,17,87,12,11,1,4,2,0,0,0
YOLO11m,6869,19,131,21,17,4,0,2,0,0,0
YOLO11m,6870,17,75,15,14,1,0,2,0,1,0
YOLO11m,6871,27,157,24,18,6,1,5,0,1,2
YOLO11m,6872,14,68,19,12,7,0,1,0,0,1
YOLO11m,6873,24,197,19,14,5,2,3,0,0,5
YOLO11m,6874,16,122,22,15,7,0,1,0,0,0
YOLO11m,6875,39,209,26,22,4,7,9,0,0,1
YOLO11m,6876,32,98,9,9,0,20,2,0,0,1
YOLO11m,6877,27,139,24,22,2,2,3,0,0,0
YOLO11m,6878,16,187,17,6,11,1,4,0,0,5
YOLO11m,6879,18,218,21,17,4,1,0,0,0,0
YOLO11m,6880,6,67,7,5,2,0,1,0,0,0
YOLO11m,6881,22,115,14,13,1,0,6,1,1,1
YOLO11m,6882,16,78,16,15,1,0,1,0,0,0
YOLO11m,6883,9,94,7,5,2,2,0,0,0,2
YOLO11m,6884,19,155,25,18,7,0,1,0,0,0
YOLO11m,6885,14,100,14,11,3,0,3,0,0,0
YOLO11m,6886,15,137,16,11,5,1,3,0,0,0
YOLO11m,6887,20,87,19,17,2,1,0,0,0,2
YOLO11m,6888,8,60,12,8,4,0,0,0,0,0
YOLO11m,6889,15,66,14,13,1,0,0,0,0,2
YOLO11m,6890,6,35,10,6,4,0,0,0,0,0
YOLO11m,6891,6,78,6,4,2,0,1,0,0,1
YOLO11m,6892,25,183,22,13,9,7,2,0,0,3
YOLO11m,6893,14,152,14,8,6,2,4,0,0,0
YOLO11m,6894,5,67,5,5,0,0,0,0,0,0
YOLO11m,6895,8,86,9,8,1,0,0,0,0,0
YOLO11m,6896,27,257,31,22,9,0,3,0,0,2
YOLO11m,6897,20,229,16,15,1,1,4,0,0,0
YOLO11m,6898,19,170,11,8,3,5,4,0,0,2
YOLO11m,6899,18,236,18,14,4,0,2,0,0,2
YOLO11m,6900,17,122,20,14,6,1,2,0,0,0
YOLO11m,6901,33,205,46,29,17,0,2,0,0,2
YOLO11m,6902,15,170,17,13,4,1,1,0,0,0
YOLO11m,6903,30,219,29,23,6,0,7,0,0,0
YOLO11m,6904,31,190,29,24,5,2,3,0,0,2
YOLO11m,6905,11,148,18,8,10,0,2,0,0,1
YOLO11m,6906,14,107,18,12,6,0,2,0,0,0
YOLO11m,6907,6,104,5,4,1,0,2,0,0,0
YOLO11m,6908,22,163,24,15,9,1,5,0,0,1
YOLO11m,6909,36,187,37,27,10,3,5,0,0,1
YOLO11m,6910,31,153,28,26,2,0,4,0,1,0
YOLO11m,6911,6,31,6,5,1,0,0,0,1,0
YOLO11m,6912,29,191,25,19,6,4,3,0,0,3
YOLO11m,6913,28,210,28,21,7,2,5,0,0,0
YOLO11m,6914,20,129,25,9,16,1,5,0,0,5
YOLO11m,6915,10,227,9,6,3,1,3,0,0,0
YOLO11m,6916,4,41,4,4,0,0,0,0,0,0
YOLO11m,6917,33,300,26,20,6,3,9,0,0,1
YOLO11m,6918,20,149,18,12,6,2,5,0,0,1
YOLO11m,6919,9,130,8,8,0,0,1,0,0,0
YOLO11m,6920,14,148,15,13,2,0,1,0,0,0
YOLO11m,6921,6,51,8,5,3,0,1,0,0,0
YOLO11m,6922,21,93,20,15,5,1,3,0,0,2
YOLO11m,6923,34,118,34,28,6,1,3,0,1,1
YOLO11m,6924,31,185,28,23,5,1,4,0,0,3
YOLO11m,6925,26,166,26,20,6,2,1,0,0,3
YOLO11m,6926,8,67,2,1,1,2,5,0,0,0
YOLO11m,6927,53,232,39,28,11,16,5,0,0,4
YOLO11m,6928,23,83,10,3,7,12,6,0,0,2
YOLO11m,6929,4,26,4,4,0,0,0,0,0,0
YOLO11m,6930,15,130,15,11,4,0,3,0,0,1
YOLO11m,6931,26,160,31,20,11,1,2,0,0,3
YOLO11m,6932,14,155,10,9,1,1,4,0,0,0
YOLO11m,6933,26,234,21,19,2,0,7,0,0,0
YOLO11m,6934,5,100,6,3,3,0,1,0,1,0
YOLO11m,6935,19,148,27,17,10,0,1,0,0,1
YOLO11m,6936,11,163,9,6,3,2,2,0,0,1
YOLO11m,6937,27,132,25,20,5,1,2,0,0,4
YOLO11m,6938,16,153,21,14,7,0,2,0,0,0
YOLO11m,6939,9,161,19,7,12,0,2,0,0,0
YOLO11m,6940,8,164,9,7,2,0,1,0,0,0
YOLO11m,6941,20,137,24,12,12,1,4,0,0,3
YOLO11m,6942,10,78,10,8,2,0,1,0,0,1
YOLO11m,6943,21,204,21,13,8,2,2,0,0,4
YOLO11m,6944,18,209,14,11,3,4,3,0,0,0
YOLO11m,6945,20,212,23,18,5,1,1,0,0,0
YOLO11m,6946,31,247,30,25,5,3,2,0,0,1
YOLO11m,6947,36,204,21,17,4,6,11,0,0,2
YOLO11m,6948,28,126,29,23,6,0,2,0,0,3
YOLO11m,6949,9,42,8,6,2,0,2,0,0,1
YOLO11m,6950,31,170,22,16,6,7,3,0,0,5
YOLO11m,6951,21,131,25,13,12,2,2,0,0,4
YOLO11m,6952,7,98,9,5,4,0,1,0,0,1
YOLO11m,6953,18,127,19,11,8,0,5,0,0,2
YOLO11m,6954,8,90,9,7,2,0,1,0,0,0
YOLO11m,6955,28,193,26,22,4,3,3,0,0,0
YOLO11m,6956,25,148,16,16,0,2,7,0,0,0
YOLO11m,6957,19,208,25,15,10,1,0,0,0,3
YOLO11m,6958,16,55,15,13,2,0,3,0,0,0
YOLO11m,6959,17,179,15,13,2,1,3,0,0,0
YOLO11m,6960,20,209,16,14,2,2,3,0,0,1
YOLO11m,6961,23,205,16,13,3,3,5,0,0,2
YOLO11m,6962,18,109,14,14,0,1,2,0,0,1
YOLO11m,6963,13,81,15,11,4,0,1,0,1,0
YOLO11m,6964,28,168,24,20,4,2,3,0,0,3
YOLO11m,6965,50,186,32,28,4,12,4,1,1,4
YOLO11m,6966,14,59,14,11,3,1,2,0,0,0
YOLO11m,6967,15,179,16,12,4,1,1,0,0,1
YOLO11m,6968,47,289,25,21,4,17,6,0,0,3
YOLO11m,6969,8,60,9,7,2,0,1,0,0,0
YOLO11m,6970,17,135,11,8,3,0,6,0,1,2
YOLO11m,6971,7,61,7,6,1,0,1,0,0,0
YOLO11m,6972,12,46,10,9,1,0,1,0,0,2
YOLO11m,6973,7,65,4,4,0,0,3,0,0,0
YOLO11m,6974,27,184,16,14,2,4,7,0,1,1
YOLO11m,6975,14,181,11,9,2,2,3,0,0,0
YOLO11m,6976,11,95,5,4,1,6,1,0,0,0
YOLO11m,6977,6,74,6,6,0,0,0,0,0,0
YOLO11m,6978,21,128,18,14,4,5,1,0,0,1
YOLO11m,6979,16,111,18,16,2,0,0,0,0,0
YOLO11m,6980,5,54,6,5,1,0,0,0,0,0
YOLO11m,6981,18,142,17,13,4,2,1,0,0,2
YOLO11m,6982,15,103,12,9,3,0,4,0,0,2
YOLO11m,6983,10,68,13,10,3,0,0,0,0,0
YOLO11m,6984,7,59,7,7,0,0,0,0,0,0
YOLO11m,6985,11,130,7,6,1,1,3,0,0,1
YOLO11m,6986,17,79,16,12,4,1,1,0,0,3
YOLO11m,6987,11,127,15,11,4,0,0,0,0,0
YOLO11m,6988,4,115,6,3,3,0,1,0,0,0
YOLO11m,6989,28,149,24,19,5,2,5,0,2,0
YOLO11m,6990,21,145,17,13,4,4,2,0,2,0
YOLO11m,6991,10,112,13,9,4,0,0,0,0,1
YOLO11m,6992,16,102,14,12,2,2,0,0,0,2
YOLO11m,6993,15,136,17,14,3,0,1,0,0,0
YOLO11m,6994,27,198,19,15,4,2,7,0,0,3
YOLO11m,6995,12,100,10,9,1,1,2,0,0,0
YOLO11m,6996,15,161,16,9,7,2,3,0,0,1
YOLO11m,6997,9,234,11,7,4,2,0,0,0,0
YOLO11m,6998,14,212,18,11,7,0,1,0,0,2
YOLO11m,6999,17,86,14,13,1,0,4,0,0,0
YOLO11m,7000,17,103,13,10,3,3,3,0,1,0
YOLO11m,7001,11,101,14,9,5,0,1,1,0,0
YOLO11m,7002,22,168,27,20,7,0,2,0,0,0
YOLO11m,7003,14,61,14,12,2,1,1,0,0,0
YOLO11m,7004,34,219,42,28,14,1,3,0,0,2
YOLO11m,7005,15,163,21,6,15,0,0,0,8,1
YOLO11m,7006,28,231,25,18,7,3,6,0,0,1
YOLO11m,7007,25,141,25,19,6,1,1,1,0,3
YOLO11m,7008,17,142,13,10,3,1,3,1,0,2
YOLO11m,7009,29,141,27,23,4,0,1,3,0,2
YOLO11m,7010,13,116,21,13,8,0,0,0,0,0
YOLO11m,7011,21,109,31,15,16,0,3,0,0,3
YOLO11m,7012,28,174,22,17,5,4,6,0,0,1
YOLO11m,7013,14,65,12,10,2,1,1,0,0,2
YOLO11m,7014,26,263,25,15,10,4,3,0,0,4
YOLO11m,7015,22,145,20,14,6,3,3,0,1,1
YOLO11m,7016,18,137,18,13,5,2,2,0,0,1
YOLO11m,7017,43,234,35,25,10,6,8,0,1,3
YOLO11m,7018,8,47,8,6,2,1,0,0,1,0
YOLO11m,7019,17,141,16,13,3,2,1,0,0,1
YOLO11m,7020,31,234,27,22,5,2,5,0,1,1
YOLO11m,7021,4,74,4,3,1,0,1,0,0,0
YOLO11m,7022,11,90,10,9,1,0,1,0,0,1
YOLO11m,7023,14,79,19,11,8,0,1,0,0,2
YOLO11m,7024,5,40,4,4,0,0,1,0,0,0
YOLO11m,7025,9,47,8,8,0,1,0,0,0,0
YOLO11m,7026,24,260,18,15,3,0,7,0,1,1
YOLO11m,7027,16,168,19,11,8,0,3,0,1,1
YOLO11m,7028,24,79,21,19,2,1,1,0,0,3
YOLO11m,7029,21,153,21,18,3,1,2,0,0,0
YOLO11m,7030,14,152,14,11,3,0,3,0,0,0
YOLO11m,7031,31,183,32,20,12,2,6,0,2,1
YOLO11m,7032,19,117,19,14,5,0,3,0,1,1
YOLO11m,7033,22,156,13,13,0,8,1,0,0,0
YOLO11m,7034,37,155,26,22,4,8,1,0,0,6
YOLO11m,7035,28,225,30,23,7,1,1,0,0,3
YOLO11m,7036,4,49,4,3,1,0,1,0,0,0
YOLO11m,7037,23,218,23,14,9,1,7,0,1,0
YOLO11m,7038,14,98,14,12,2,0,1,0,0,1
YOLO11m,7039,25,181,22,22,0,2,1,0,0,0
YOLO11m,7040,26,121,25,21,4,1,2,1,0,1
YOLO11m,7041,18,133,15,11,4,1,5,0,0,1
YOLO11m,7042,21,103,27,17,10,0,4,0,0,0
YOLO11m,7043,13,134,15,11,4,1,0,0,1,0
YOLO11m,7044,14,87,12,9,3,0,4,0,0,1
YOLO11m,7045,11,87,9,8,1,1,2,0,0,0
YOLO11m,7046,17,90,17,13,4,1,3,0,0,0
YOLO11m,7047,17,117,13,11,2,2,3,0,0,1
YOLO11m,7048,8,193,13,6,7,0,2,0,0,0
YOLO11m,7049,14,117,12,10,2,0,4,0,0,0
YOLO11m,7050,28,254,21,14,7,0,11,0,1,2
YOLO11m,7051,4,101,4,4,0,0,0,0,0,0
YOLO11m,7052,16,128,14,10,4,2,3,0,0,1
YOLO11m,7053,27,109,21,18,3,3,5,0,0,1
YOLO11m,7054,9,88,9,8,1,1,0,0,0,0
YOLO11m,7055,13,114,12,9,3,0,3,0,0,1
YOLO11m,7056,9,54,9,6,3,1,0,0,2,0
YOLO11m,7057,4,45,4,4,0,0,0,0,0,0
YOLO11m,7058,13,146,14,9,5,1,2,0,1,0
YOLO11m,7059,4,53,5,3,2,0,1,0,0,0
YOLO11m,7060,15,115,12,10,2,1,4,0,0,0
YOLO11m,7061,5,46,7,4,3,0,0,0,0,1
YOLO11m,7062,9,50,9,8,1,0,1,0,0,0
YOLO11m,7063,18,132,17,15,2,1,1,0,1,0
YOLO11m,7064,19,116,13,8,5,3,6,0,0,2
YOLO11m,7065,21,66,25,19,6,0,1,0,0,1
YOLO11m,7066,17,153,7,7,0,3,5,0,0,2
YOLO11m,7067,39,152,34,30,4,2,4,2,0,1
YOLO11m,7068,17,167,14,14,0,1,2,0,0,0
YOLO11m,7069,18,65,21,14,7,2,0,0,1,1
YOLO11m,7070,13,76,11,8,3,4,1,0,0,0
YOLO11m,7071,33,98,26,19,7,6,2,0,1,5
YOLO11m,7072,14,79,12,11,1,0,3,0,0,0
YOLO11m,7073,7,93,6,6,0,0,1,0,0,0
YOLO11m,7074,28,127,29,18,11,1,5,0,1,3
YOLO11m,7075,33,231,22,20,2,2,8,0,0,3
YOLO11m,7076,11,140,14,10,4,0,1,0,0,0
YOLO11m,7077,19,110,23,15,8,0,3,0,0,1
YOLO11m,7078,8,121,9,8,1,0,0,0,0,0
YOLO11m,7079,10,68,5,5,0,1,3,0,0,1
YOLO11m,7080,13,108,14,9,5,0,2,0,0,2
YOLO11m,7081,34,102,24,20,4,4,7,2,0,1
YOLO11m,7082,13,124,11,8,3,2,2,0,0,1
YOLO11m,7083,13,62,15,12,3,0,0,0,0,1
YOLO11m,7084,25,292,25,15,10,3,4,0,2,1
YOLO11m,7085,4,83,7,4,3,0,0,0,0,0
YOLO11m,7086,21,170,21,17,4,2,1,0,1,0
YOLO11m,7087,9,46,11,9,2,0,0,0,0,0
YOLO11m,7088,20,137,21,14,7,1,1,0,0,4
YOLO11m,7089,27,172,20,17,3,2,5,0,0,3
YOLO11m,7090,15,158,19,14,5,0,1,0,0,0
YOLO11m,7091,19,86,20,15,5,1,2,0,0,1
YOLO11m,7092,17,51,20,16,4,0,0,0,0,1
YOLO11m,7093,45,275,45,36,9,4,3,0,0,2
YOLO11m,7094,12,92,15,12,3,0,0,0,0,0
YOLO11m,7095,16,104,16,13,3,0,2,0,0,1
YOLO11m,7096,10,107,15,10,5,0,0,0,0,0
YOLO11m,7097,34,131,25,22,3,3,4,0,0,5
YOLO11m,7098,19,56,24,18,6,0,1,0,0,0
YOLO11m,7099,10,70,7,6,1,0,3,0,1,0
YOLO11m,7100,29,183,26,21,5,4,1,0,1,2
YOLO11m,7101,11,147,12,10,2,0,0,0,1,0
YOLO11m,7102,16,205,16,13,3,0,2,0,0,1
YOLO11m,7103,40,250,35,29,6,4,5,0,0,2
YOLO11m,7104,45,300,35,30,5,1,10,0,0,4
YOLO11m,7105,34,294,28,22,6,5,5,0,0,2
YOLO11m,7106,35,189,39,26,13,1,3,0,1,4
YOLO11m,7107,34,244,24,18,6,5,9,0,1,1
YOLO11m,7108,12,162,13,10,3,2,0,0,0,0
YOLO11m,7109,7,25,7,6,1,0,0,0,0,1
YOLO11m,7110,5,90,7,2,5,1,1,0,0,1
YOLO11m,7111,7,98,8,6,2,1,0,0,0,0
YOLO11m,7112,11,124,9,7,2,1,3,0,0,0
YOLO11m,7113,15,79,15,13,2,0,1,0,0,1
YOLO11m,7114,8,127,9,5,4,0,2,0,0,1
YOLO11m,7115,7,112,8,6,2,0,0,0,1,0
YOLO11m,7116,11,100,5,4,1,5,2,0,0,0
YOLO11m,7117,11,192,15,10,5,0,1,0,0,0
YOLO11m,7118,21,84,17,14,3,1,4,1,0,1
YOLO11m,7119,9,138,7,6,1,0,3,0,0,0
YOLO11m,7120,4,166,22,4,18,0,0,0,0,0
YOLO11m,7121,11,159,19,10,9,0,1,0,0,0
YOLO11m,7122,9,132,7,6,1,0,3,0,0,0
YOLO11m,7123,24,174,21,19,2,1,2,1,0,1
YOLO11m,7124,12,81,12,11,1,0,1,0,0,0
YOLO11m,7125,17,138,17,12,5,0,5,0,0,0
YOLO11m,7126,35,169,31,26,5,1,4,0,0,4
YOLO11m,7127,33,179,31,22,9,0,4,0,0,7
YOLO11m,7128,27,187,19,16,3,5,4,0,0,2
YOLO11m,7129,8,79,5,5,0,0,2,0,0,1
YOLO11m,7130,8,87,5,4,1,1,3,0,0,0
YOLO11m,7131,12,70,11,10,1,0,1,0,0,1
YOLO11m,7132,8,38,8,8,0,0,0,0,0,0
YOLO11m,7133,4,73,4,4,0,0,0,0,0,0
YOLO11m,7134,10,123,14,9,5,0,1,0,0,0
YOLO11m,7135,6,102,6,4,2,0,2,0,0,0
YOLO11m,7136,24,231,24,16,8,1,5,1,0,1
YOLO11m,7137,22,144,18,15,3,0,5,0,0,2
YOLO11m,7138,28,67,18,15,3,5,6,0,1,1
YOLO11m,7139,27,124,16,15,1,6,5,0,0,1
YOLO11m,7140,29,227,30,23,7,0,5,0,1,0
YOLO11m,7141,11,185,8,5,3,1,4,0,1,0
YOLO11m,7142,19,190,14,12,2,0,6,0,0,1
YOLO11m,7143,22,96,27,19,8,0,2,0,0,1
YOLO11m,7144,12,46,10,10,0,1,1,0,0,0
YOLO11m,7145,32,125,31,24,7,2,5,0,0,1
YOLO11m,7146,16,98,19,10,9,0,4,0,0,2
YOLO11m,7147,6,75,6,6,0,0,0,0,0,0
YOLO11m,7148,19,204,19,17,2,0,2,0,0,0
YOLO11m,7149,4,43,5,2,3,0,0,0,0,2
YOLO11m,7150,5,13,7,3,4,1,0,0,0,1
YOLO11m,7151,7,132,9,2,7,2,1,0,0,2
YOLO11m,7152,22,219,25,16,9,2,4,0,0,0
YOLO11m,7153,34,177,31,24,7,1,7,0,0,2
YOLO11m,7154,13,78,20,12,8,0,1,0,0,0
YOLO11m,7155,19,163,16,14,2,0,4,0,0,1
YOLO11m,7156,33,149,35,26,9,0,3,0,0,4
YOLO11m,7157,22,146,17,13,4,4,2,1,0,2
YOLO11m,7158,31,222,34,24,10,1,2,0,3,1
YOLO11m,7159,17,83,15,13,2,1,0,0,2,1
YOLO11m,7160,15,136,17,13,4,1,1,0,0,0
YOLO11m,7161,24,116,29,21,8,0,3,0,0,0
YOLO11m,7162,22,169,24,15,9,1,4,0,0,2
YOLO11m,7163,30,145,25,18,7,5,4,0,0,3
YOLO11m,7164,4,25,3,3,0,0,1,0,0,0
YOLO11m,7165,30,180,27,17,10,2,4,0,0,7
YOLO11m,7166,29,223,25,18,7,0,8,0,0,3
YOLO11m,7167,19,227,26,19,7,0,0,0,0,0
YOLO11m,7168,6,71,9,4,5,0,2,0,0,0
YOLO11m,7169,16,136,17,13,4,1,1,0,0,1
YOLO11m,7170,25,147,26,21,5,0,3,0,1,0
YOLO11m,7171,5,87,5,5,0,0,0,0,0,0
YOLO11m,7172,44,286,28,26,2,4,14,0,0,0
YOLO11m,7173,5,129,8,5,3,0,0,0,0,0
YOLO11m,7174,28,240,37,24,13,1,1,0,0,2
YOLO11m,7175,25,186,28,21,7,1,2,0,0,1
YOLO11m,7176,27,234,32,24,8,1,2,0,0,0
YOLO11m,7177,30,161,37,22,15,0,3,0,0,5
YOLO11m,7178,13,51,19,13,6,0,0,0,0,0
YOLO11m,7179,46,211,35,24,11,5,15,0,0,2
YOLO11m,7180,22,82,18,13,5,1,0,0,1,7
YOLO11m,7181,21,176,23,19,4,1,1,0,0,0
YOLO11m,7182,8,168,10,7,3,0,1,0,0,0
YOLO11m,7183,28,149,28,22,6,3,1,0,0,2
YOLO11m,7184,11,90,10,7,3,0,0,0,1,3
YOLO11m,7185,63,300,39,34,5,7,10,0,0,12
YOLO11m,7186,19,162,25,14,11,0,2,0,0,3
YOLO11m,7187,8,96,5,5,0,0,2,0,0,1
YOLO11m,7188,21,81,21,16,5,0,4,0,1,0
YOLO11m,7189,7,101,7,6,1,0,0,0,0,1
YOLO11m,7190,19,130,20,17,3,2,0,0,0,0
YOLO11m,7191,20,110,16,15,1,1,3,0,0,1
YOLO11m,7192,4,127,6,4,2,0,0,0,0,0
YOLO11m,7193,10,93,10,7,3,1,2,0,0,0
YOLO11m,7194,16,87,15,15,0,1,0,0,0,0
YOLO11m,7195,12,184,10,4,6,2,5,0,1,0
YOLO11m,7196,4,29,4,4,0,0,0,0,0,0
YOLO11m,7197,5,56,7,5,2,0,0,0,0,0
YOLO11m,7198,22,162,22,17,5,0,5,0,0,0
YOLO11m,7199,6,19,6,5,1,0,1,0,0,0
YOLO11m,7200,9,95,8,7,1,1,1,0,0,0
YOLO11m,7201,28,146,20,19,1,3,4,1,0,1
YOLO11m,7202,7,63,7,7,0,0,0,0,0,0
YOLO11m,7203,17,63,19,15,4,0,1,0,0,1
YOLO11m,7204,14,73,16,13,3,0,1,0,0,0
YOLO11m,7205,7,133,13,7,6,0,0,0,0,0
YOLO11m,7206,13,88,13,9,4,2,0,0,2,0
YOLO11m,7207,28,175,28,23,5,2,0,0,2,1
YOLO11m,7208,21,120,22,18,4,1,0,0,1,1
YOLO11m,7209,9,152,13,8,5,0,1,0,0,0
YOLO11m,7210,16,122,14,12,2,0,3,0,0,1
YOLO11m,7211,10,133,6,6,0,1,3,0,0,0
YOLO11m,7212,18,100,15,13,2,1,1,0,1,2
YOLO11m,7213,9,123,9,7,2,0,1,0,0,1
YOLO11m,7214,19,150,19,15,4,0,4,0,0,0
YOLO11m,7215,17,128,17,15,2,0,2,0,0,0
YOLO11m,7216,27,150,28,20,8,2,1,0,0,4
YOLO11m,7217,30,170,28,14,14,3,10,0,0,3
YOLO11m,7218,9,71,4,4,0,1,4,0,0,0
YOLO11m,7219,5,71,6,4,2,0,1,0,0,0
YOLO11m,7220,26,210,21,14,7,4,2,0,1,5
YOLO11m,7221,24,110,24,21,3,1,2,0,0,0
YOLO11m,7222,23,139,31,19,12,0,4,0,0,0
YOLO11m,7223,14,99,13,10,3,0,3,0,0,1
YOLO11m,7224,18,126,16,11,5,1,5,0,0,1
YOLO11m,7225,15,123,16,12,4,1,1,0,1,0
YOLO11m,7226,15,69,16,14,2,0,0,0,0,1
YOLO11m,7227,12,87,10,9,1,1,2,0,0,0
YOLO11m,7228,17,107,18,15,3,1,1,0,0,0
YOLO11m,7229,10,94,10,10,0,0,0,0,0,0
YOLO11m,7230,14,222,14,10,4,2,2,0,0,0
YOLO11m,7231,16,80,17,16,1,0,0,0,0,0
YOLO11m,7232,11,159,17,10,7,0,1,0,0,0
YOLO11m,7233,34,138,32,25,7,1,0,0,0,8
YOLO11m,7234,6,150,6,4,2,1,1,0,0,0
YOLO11m,7235,9,141,12,8,4,0,1,0,0,0
YOLO11m,7236,18,127,17,14,3,0,1,0,0,3
YOLO11m,7237,29,189,21,15,6,0,9,0,2,3
YOLO11m,7238,28,100,25,21,4,1,4,0,0,2
YOLO11m,7239,12,85,14,12,2,0,0,0,0,0
YOLO11m,7240,16,73,18,13,5,0,1,0,1,1
YOLO11m,7241,17,197,10,7,3,2,7,0,0,1
YOLO11m,7242,33,189,20,20,0,6,6,0,0,1
YOLO11m,7243,33,300,30,23,7,2,5,0,0,3
YOLO11m,7244,10,127,14,9,5,0,1,0,0,0
YOLO11m,7245,36,201,29,23,6,1,10,1,1,0
YOLO11m,7246,18,198,24,16,8,0,0,0,0,2
YOLO11m,7247,32,152,24,18,6,1,7,0,0,6
YOLO11m,7248,39,251,39,31,8,1,7,0,0,0
YOLO11m,7249,11,183,14,10,4,0,1,0,0,0
YOLO11m,7250,21,187,22,19,3,1,1,0,0,0
YOLO11m,7251,8,101,11,8,3,0,0,0,0,0
YOLO11m,7252,28,223,31,22,9,2,2,0,1,1
YOLO11m,7253,23,156,19,17,2,5,1,0,0,0
YOLO11m,7254,10,188,9,8,1,0,2,0,0,0
YOLO11m,7255,13,120,15,11,4,1,1,0,0,0
YOLO11m,7256,17,104,18,13,5,0,1,0,0,3
YOLO11m,7257,21,121,23,19,4,0,1,0,0,1
YOLO11m,7258,22,167,17,12,5,4,6,0,0,0
YOLO11m,7259,17,51,17,15,2,0,1,0,0,1
YOLO11m,7260,16,173,19,15,4,0,1,0,0,0
YOLO11m,7261,22,195,23,16,7,0,4,0,0,2
YOLO11m,7262,28,170,33,23,10,1,1,0,0,3
YOLO11m,7263,24,174,25,20,5,0,2,0,1,1
YOLO11m,7264,5,111,2,1,1,2,2,0,0,0
YOLO11m,7265,8,75,8,6,2,0,2,0,0,0
YOLO11m,7266,5,66,6,4,2,0,0,0,1,0
YOLO11m,7267,47,198,26,20,6,13,11,0,1,2
YOLO11m,7268,20,173,17,14,3,2,3,0,0,1
YOLO11m,7269,27,136,30,21,9,2,1,0,0,3
YOLO11m,7270,14,52,14,11,3,1,1,0,0,1
YOLO11m,7271,12,92,14,11,3,0,1,0,0,0
YOLO11m,7272,9,66,11,9,2,0,0,0,0,0
YOLO11m,7273,20,95,20,15,5,2,3,0,0,0
YOLO11m,7274,15,105,14,13,1,2,0,0,0,0
YOLO11m,7275,26,102,15,13,2,1,9,0,0,3
YOLO11m,7276,30,179,29,25,4,1,3,0,0,1
YOLO11m,7277,23,112,27,21,6,0,0,0,1,1
YOLO11m,7278,18,82,20,15,5,0,2,0,0,1
YOLO11m,7279,14,132,14,12,2,0,2,0,0,0
YOLO11m,7280,31,135,23,21,2,3,1,2,0,4
YOLO11m,7281,23,240,22,16,6,0,7,0,0,0
YOLO11m,7282,12,140,7,6,1,3,2,0,0,1
YOLO11m,7283,16,120,14,14,0,1,1,0,0,0
YOLO11m,7284,9,57,8,7,1,0,2,0,0,0
YOLO11m,7285,13,138,20,12,8,0,0,0,1,0
YOLO11m,7286,22,180,18,17,1,2,2,0,0,1
YOLO11m,7287,6,75,6,5,1,0,1,0,0,0
YOLO11m,7288,31,171,25,20,5,3,6,0,0,2
YOLO11m,7289,10,53,11,8,3,0,2,0,0,0
YOLO11m,7290,22,124,21,18,3,0,2,1,0,1
YOLO11m,7291,16,96,19,13,6,1,1,0,0,1
YOLO11m,7292,5,41,5,4,1,0,0,0,1,0
YOLO11m,7293,14,156,12,10,2,1,2,0,1,0
YOLO11m,7294,9,81,8,7,1,1,1,0,0,0
YOLO11m,7295,12,94,10,9,1,1,1,0,1,0
YOLO11m,7296,7,41,7,6,1,0,0,0,0,1
YOLO11m,7297,37,193,37,33,4,1,3,0,0,0
YOLO11m,7298,10,127,6,6,0,0,4,0,0,0
YOLO11m,7299,33,176,25,16,9,4,8,0,0,5
YOLO11m,7300,10,99,14,10,4,0,0,0,0,0
YOLO11m,7301,21,139,22,19,3,1,0,0,0,1
YOLO11m,7302,17,241,16,13,3,2,1,0,0,1
YOLO11m,7303,32,193,26,19,7,2,9,0,1,1
YOLO11m,7304,23,147,27,19,8,0,3,0,0,1
YOLO11m,7305,17,231,21,13,8,0,4,0,0,0
YOLO11m,7306,20,178,16,13,3,1,4,0,0,2
YOLO11m,7307,35,221,28,19,9,6,4,0,0,6
YOLO11m,7308,23,164,25,18,7,1,3,0,0,1
YOLO11m,7309,7,95,3,1,2,1,5,0,0,0
YOLO11m,7310,25,207,24,20,4,1,4,0,0,0
YOLO11m,7311,37,177,38,28,10,2,4,0,1,2
YOLO11m,7312,22,209,19,17,2,0,5,0,0,0
YOLO11m,7313,10,90,13,8,5,0,2,0,0,0
YOLO11m,7314,31,113,31,25,6,0,2,0,0,4
YOLO11m,7315,10,120,9,7,2,0,3,0,0,0
YOLO11m,7316,15,66,17,15,2,0,0,0,0,0
YOLO11m,7317,25,121,29,23,6,0,0,0,0,2
YOLO11m,7318,31,252,33,27,6,0,1,0,0,3
YOLO11m,7319,22,124,19,17,2,2,1,0,0,2
YOLO11m,7320,45,251,43,31,12,3,7,2,2,0
YOLO11m,7321,18,167,18,13,5,0,5,0,0,0
YOLO11m,7322,17,176,14,13,1,2,2,0,0,0
YOLO11m,7323,27,132,26,22,4,0,1,0,1,3
YOLO11m,7324,13,58,10,9,1,1,1,0,1,1
YOLO11m,7325,17,195,18,12,6,1,3,0,1,0
YOLO11m,7326,10,93,9,8,1,0,2,0,0,0
YOLO11m,7327,23,75,20,19,1,2,2,0,0,0
YOLO11m,7328,5,24,5,5,0,0,0,0,0,0
YOLO11m,7329,16,73,18,13,5,0,1,1,0,1
YOLO11m,7330,23,162,31,16,15,0,3,1,0,3
YOLO11m,7331,8,100,10,8,2,0,0,0,0,0
YOLO11m,7332,21,110,18,15,3,0,4,0,1,1
YOLO11m,7333,12,128,12,7,5,0,2,0,0,3
YOLO11m,7334,29,220,35,20,15,3,4,0,1,1
YOLO11m,7335,16,95,22,13,9,0,1,1,1,0
YOLO11m,7336,14,54,12,11,1,0,3,0,0,0
YOLO11m,7337,9,133,7,7,0,0,2,0,0,0
YOLO11m,7338,20,59,23,18,5,0,0,1,0,1
YOLO11m,7339,25,169,27,17,10,1,3,0,0,4
YOLO11m,7340,10,54,11,7,4,0,1,0,1,1
YOLO11m,7341,21,188,16,15,1,0,5,0,0,1
YOLO11m,7342,26,175,20,17,3,3,4,0,0,2
YOLO11m,7343,33,96,25,21,4,7,4,0,0,1
YOLO11m,7344,33,209,25,23,2,3,7,0,0,0
YOLO11m,7345,25,116,22,20,2,0,4,0,0,1
YOLO11m,7346,24,135,20,13,7,3,5,0,0,3
YOLO11m,7347,45,245,55,34,21,2,6,0,0,3
YOLO11m,7348,4,101,5,4,1,0,0,0,0,0
YOLO11m,7349,24,132,27,21,6,0,1,1,0,1
YOLO11m,7350,10,121,7,7,0,1,2,0,0,0
YOLO11m,7351,11,61,9,8,1,0,3,0,0,0
YOLO11m,7352,12,71,10,9,1,0,2,0,0,1
YOLO11m,7353,17,103,19,16,3,0,1,0,0,0
YOLO11m,7354,20,141,18,16,2,0,4,0,0,0
YOLO11m,7355,5,34,5,4,1,0,1,0,0,0
YOLO11m,7356,7,186,3,3,0,4,0,0,0,0
YOLO11m,7357,4,34,5,4,1,0,0,0,0,0
YOLO11m,7358,23,215,27,18,9,0,2,0,0,3
YOLO11m,7359,21,196,15,14,1,2,4,1,0,0
YOLO11m,7360,9,147,9,7,2,2,0,0,0,0
YOLO11m,7361,20,183,20,14,6,1,2,0,0,3
YOLO11m,7362,7,74,9,6,3,0,1,0,0,0
YOLO11m,7363,26,89,19,18,1,3,0,1,0,4
YOLO11m,7364,32,227,32,22,10,0,7,0,1,2
YOLO11m,7365,33,300,26,18,8,3,9,0,0,3
YOLO11m,7366,19,166,21,13,8,0,6,0,0,0
YOLO11m,7367,14,106,15,14,1,0,0,0,0,0
YOLO11m,7368,22,101,24,21,3,1,0,0,0,0
YOLO11m,7369,24,184,24,15,9,0,6,0,1,2
YOLO11m,7370,25,127,24,8,16,0,4,0,2,11
YOLO11m,7371,26,112,22,15,7,0,6,0,0,5
YOLO11m,7372,26,197,22,18,4,0,8,0,0,0
YOLO11m,7373,19,77,21,18,3,0,1,0,0,0
YOLO11m,7374,18,87,19,15,4,1,1,0,0,1
YOLO11m,7375,20,254,16,12,4,1,7,0,0,0
YOLO11m,7376,27,300,21,17,4,2,8,0,0,0
YOLO11m,7377,29,300,30,19,11,1,2,0,0,7
YOLO11m,7378,22,105,26,20,6,0,1,1,0,0
YOLO11m,7379,17,110,13,12,1,3,2,0,0,0
YOLO11m,7380,34,109,27,23,4,2,6,0,0,3
YOLO11m,7381,16,149,18,12,6,0,2,0,0,2
YOLO11m,7382,21,142,23,19,4,0,2,0,0,0
YOLO11m,7383,17,76,21,13,8,1,2,0,0,1
YOLO11m,7384,28,123,26,21,5,2,2,0,0,3
YOLO11m,7385,10,100,16,10,6,0,0,0,0,0
YOLO11m,7386,15,84,16,12,4,0,3,0,0,0
YOLO11m,7387,4,89,6,3,3,0,1,0,0,0
YOLO11m,7388,30,299,28,23,5,2,5,0,0,0
YOLO11m,7389,51,262,52,38,14,3,9,0,0,1
YOLO11m,7390,20,159,19,15,4,2,3,0,0,0
YOLO11m,7391,31,236,22,13,9,8,3,0,0,7
YOLO11m,7392,17,85,19,15,4,1,1,0,0,0
YOLO11m,7393,23,135,16,11,5,4,4,0,0,4
YOLO11m,7394,9,115,9,7,2,1,1,0,0,0
YOLO11m,7395,8,80,10,8,2,0,0,0,0,0
YOLO11m,7396,21,109,21,18,3,0,2,0,0,1
YOLO11m,7397,17,134,14,11,3,4,0,0,0,2
YOLO11m,7398,10,81,13,10,3,0,0,0,0,0
YOLO11m,7399,15,98,11,10,1,0,5,0,0,0
YOLO11m,7400,26,125,28,19,9,2,0,0,0,5
YOLO11m,7401,24,155,18,15,3,1,8,0,0,0
YOLO11m,7402,14,155,20,12,8,0,2,0,0,0
YOLO11m,7403,6,64,6,5,1,0,1,0,0,0
YOLO11m,7404,6,31,6,6,0,0,0,0,0,0
YOLO11m,7405,7,33,7,7,0,0,0,0,0,0
YOLO11m,7406,15,77,8,7,1,4,3,0,0,1
YOLO11m,7407,13,67,12,8,4,1,2,0,1,1
YOLO11m,7408,33,169,29,24,5,3,4,0,0,2
YOLO11m,7409,12,80,12,10,2,0,1,0,0,1
YOLO11m,7410,21,198,13,12,1,0,8,0,0,1
YOLO11m,7411,10,135,9,7,2,1,2,0,0,0
YOLO11m,7412,31,197,31,25,6,3,3,0,0,0
YOLO11m,7413,21,130,16,14,2,4,2,0,0,1
YOLO11m,7414,31,174,26,21,5,7,1,0,0,2
YOLO11m,7415,36,91,30,24,6,2,5,0,0,5
YOLO11m,7416,30,133,28,22,6,1,2,0,0,5
YOLO11m,7417,34,214,35,25,10,4,0,1,1,3
YOLO11m,7418,15,105,14,13,1,0,2,0,0,0
YOLO11m,7419,12,110,13,10,3,1,0,0,1,0
YOLO11m,7420,44,269,17,11,6,12,18,0,1,2
YOLO11m,7421,9,82,4,3,1,2,4,0,0,0
YOLO11m,7422,6,115,8,5,3,0,1,0,0,0
YOLO11m,7423,4,64,5,4,1,0,0,0,0,0
YOLO11m,7424,28,105,26,21,5,1,3,0,1,2
YOLO11m,7425,15,181,11,9,2,1,4,0,0,1
YOLO11m,7426,4,120,3,1,2,0,3,0,0,0
YOLO11m,7427,18,148,17,13,4,0,5,0,0,0
YOLO11m,7428,23,140,29,20,9,0,1,0,0,2
YOLO11m,7429,10,176,7,6,1,1,3,0,0,0
YOLO11m,7430,21,107,19,16,3,1,3,0,0,1
YOLO11m,7431,13,90,16,7,9,1,0,0,0,5
YOLO11m,7432,12,172,13,9,4,1,1,0,0,1
YOLO11m,7433,18,63,17,13,4,0,3,0,1,1
YOLO11m,7434,16,146,17,13,4,1,1,0,0,1
YOLO11m,7435,18,193,22,13,9,2,2,0,0,1
YOLO11m,7436,24,72,25,17,8,3,3,0,0,1
YOLO11m,7437,15,92,18,15,3,0,0,0,0,0
YOLO11m,7438,34,119,38,29,9,4,1,0,0,0
YOLO11m,7439,33,154,31,27,4,1,3,0,1,1
YOLO11m,7440,22,85,18,17,1,2,2,0,0,1
YOLO11m,7441,19,189,20,14,6,0,4,0,0,1
YOLO11m,7442,10,112,12,9,3,0,1,0,0,0
YOLO11m,7443,12,69,10,9,1,0,3,0,0,0
YOLO11m,7444,12,70,17,10,7,0,0,0,0,2
YOLO11m,7445,16,69,18,16,2,0,0,0,0,0
YOLO11m,7446,21,156,25,19,6,0,1,0,1,0
YOLO11m,7447,17,126,19,12,7,1,4,0,0,0
YOLO11m,7448,19,183,23,14,9,0,1,0,0,4
YOLO11m,7449,37,179,35,28,7,3,5,0,0,1
YOLO11m,7450,22,156,26,19,7,0,2,0,1,0
YOLO11m,7451,31,290,37,26,11,1,4,0,0,0
YOLO11m,7452,35,169,33,26,7,2,5,0,0,2
YOLO11m,7453,8,44,14,8,6,0,0,0,0,0
YOLO11m,7454,11,119,9,7,2,1,3,0,0,0
YOLO11m,7455,19,72,24,17,7,0,2,0,0,0
YOLO11m,7456,12,85,18,11,7,0,0,0,0,1
YOLO11m,7457,17,92,21,15,6,0,0,0,0,2
YOLO11m,7458,22,116,20,15,5,0,2,0,0,5
YOLO11m,7459,17,121,16,12,4,0,4,0,0,1
YOLO11m,7460,5,27,5,5,0,0,0,0,0,0
YOLO11m,7461,11,56,15,9,6,0,1,0,0,1
YOLO11m,7462,37,119,26,21,5,4,3,4,1,4
YOLO11m,7463,22,60,14,9,5,2,5,0,0,6
YOLO11m,7464,18,93,26,15,11,0,1,0,2,0
YOLO11m,7465,12,81,13,11,2,1,0,0,0,0
YOLO11m,7466,30,147,35,27,8,1,0,0,0,2
YOLO11m,7467,14,110,12,9,3,2,3,0,0,0
YOLO11m,7468,11,138,12,10,2,0,1,0,0,0
YOLO11m,7469,15,192,14,11,3,1,3,0,0,0
YOLO11m,7470,22,88,22,22,0,0,0,0,0,0
YOLO11m,7471,17,123,18,13,5,0,4,0,0,0
YOLO11m,7472,16,59,13,12,1,0,0,0,0,4
YOLO11m,7473,28,104,28,21,7,1,4,0,0,2
YOLO11m,7474,19,239,20,12,8,4,2,0,1,0
YOLO11m,7475,20,103,19,16,3,2,2,0,0,0
YOLO11m,7476,23,256,29,16,13,2,3,0,0,2
YOLO11m,7477,18,116,20,15,5,1,0,0,0,2
YOLO11m,7478,29,187,21,18,3,2,7,0,0,2
YOLO11m,7479,9,80,9,7,2,0,2,0,0,0
YOLO11m,7480,18,84,15,11,4,0,3,0,0,4
YOLO11m,7481,25,129,35,20,15,0,1,0,0,4
YOLO11m,7482,15,86,14,11,3,1,2,0,0,1
YOLO11m,7483,31,267,33,24,9,0,6,0,0,1
YOLO11m,7484,8,90,11,7,4,0,0,0,0,1
YOLO11m,7485,17,156,14,12,2,0,3,0,0,2
YOLO11m,7486,11,182,18,9,9,0,1,0,1,0
YOLO11m,7487,5,123,7,5,2,0,0,0,0,0
YOLO11m,7488,28,183,18,16,2,3,7,0,0,2
YOLO11m,7489,17,107,21,16,5,0,0,0,0,1
YOLO11m,7490,20,102,19,15,4,1,2,0,2,0
YOLO11m,7491,36,300,39,25,14,1,8,0,1,1
YOLO11m,7492,14,125,16,12,4,0,1,0,0,1
YOLO11m,7493,46,297,42,37,5,0,8,1,0,0
YOLO11m,7494,11,134,8,6,2,4,1,0,0,0
YOLO11m,7495,33,234,30,15,15,3,10,0,1,4
YOLO11m,7496,21,139,22,17,5,1,1,0,0,2
YOLO11m,7497,11,92,9,7,2,0,4,0,0,0
YOLO11m,7498,4,79,6,2,4,0,2,0,0,0
YOLO11m,7499,13,173,10,7,3,2,2,0,0,2
YOLO11m,7500,17,179,16,12,4,0,1,0,0,4
YOLO11m,7501,14,149,9,8,1,4,1,0,0,1
YOLO11m,7502,16,131,24,16,8,0,0,0,0,0
YOLO11m,7503,24,121,26,19,7,0,2,1,0,2
YOLO11m,7504,22,105,20,12,8,0,5,0,0,5
YOLO11m,7505,26,102,25,20,5,0,1,0,1,4
YOLO11m,7506,16,300,16,10,6,1,5,0,0,0
YOLO11m,7507,11,77,16,10,6,0,0,0,0,1
YOLO11m,7508,5,89,5,4,1,0,1,0,0,0
YOLO11m,7509,41,300,43,24,19,4,5,1,0,7
YOLO11m,7510,46,300,57,33,24,2,6,0,1,4
YOLO11m,7511,31,195,30,20,10,0,4,0,0,7
YOLO11m,7512,20,217,29,15,14,1,2,0,0,2
YOLO11m,7513,19,72,20,15,5,2,2,0,0,0
YOLO11m,7514,25,159,21,16,5,4,4,0,0,1
YOLO11m,7515,30,99,24,22,2,3,4,0,0,1
YOLO11m,7516,15,71,12,10,2,1,2,0,0,2
YOLO11m,7517,11,86,8,7,1,2,1,0,0,1
YOLO11m,7518,19,145,18,13,5,5,0,0,1,0
YOLO11m,7519,29,138,28,21,7,3,3,0,0,2
YOLO11m,7520,14,264,13,10,3,1,3,0,0,0
YOLO11m,7521,15,113,16,13,3,0,1,0,0,1
YOLO11m,7522,14,300,24,12,12,0,2,0,0,0
YOLO11m,7523,10,120,14,6,8,0,3,0,0,1
YOLO11m,7524,26,208,31,21,10,1,2,0,0,2
YOLO11m,7525,18,90,17,16,1,0,2,0,0,0
YOLO11m,7526,6,32,3,2,1,3,0,0,0,1
YOLO11m,7527,17,90,17,12,5,0,0,1,0,4
YOLO11m,7528,30,142,34,23,11,0,5,1,0,1
YOLO11m,7529,5,64,6,3,3,0,2,0,0,0
YOLO11m,7530,10,53,8,6,2,1,2,0,0,1
YOLO11m,7531,20,94,21,18,3,0,1,1,0,0
YOLO11m,7532,29,72,32,26,6,0,1,0,0,2
YOLO11m,7533,23,118,24,17,7,3,1,0,0,2
YOLO11m,7534,30,192,37,22,15,2,1,0,0,5
YOLO11m,7535,9,62,8,6,2,1,1,0,0,1
YOLO11m,7536,29,188,32,20,12,3,4,0,0,2
YOLO11m,7537,17,165,18,14,4,0,2,0,0,1
YOLO11m,7538,14,72,13,11,2,0,1,1,1,0
YOLO11m,7539,22,121,24,19,5,1,0,1,0,1
YOLO11m,7540,14,140,13,10,3,1,3,0,0,0
YOLO11m,7541,32,129,24,19,5,3,8,1,0,1
YOLO11m,7542,11,101,7,7,0,1,3,0,0,0
YOLO11m,7543,18,151,18,16,2,0,1,0,0,1
YOLO11m,7544,7,212,9,6,3,0,1,0,0,0
YOLO11m,7545,30,172,26,21,5,1,5,0,0,3
YOLO11m,7546,32,129,28,25,3,2,4,0,1,0
YOLO11m,7547,8,100,8,7,1,0,0,0,0,1
YOLO11m,7548,10,128,7,5,2,0,5,0,0,0
YOLO11m,7549,8,70,6,6,0,0,2,0,0,0
YOLO11m,7550,26,159,19,16,3,1,6,0,0,3
YOLO11m,7551,28,141,19,16,3,3,6,0,0,3
YOLO11m,7552,10,99,12,9,3,0,1,0,0,0
YOLO11m,7553,6,117,9,4,5,0,2,0,0,0
YOLO11m,7554,10,139,6,4,2,2,4,0,0,0
YOLO11m,7555,19,202,19,11,8,3,4,0,0,1
YOLO11m,7556,27,240,16,15,1,2,10,0,0,0
YOLO11m,7557,22,203,16,11,5,1,8,0,1,1
YOLO11m,7558,8,91,4,4,0,2,1,0,0,1
YOLO11m,7559,20,300,19,13,6,0,7,0,0,0
YOLO11m,7560,4,56,5,4,1,0,0,0,0,0
YOLO11m,7561,6,122,5,3,2,0,2,0,0,1
YOLO11m,7562,20,196,13,9,4,9,2,0,0,0
YOLO11m,7563,15,98,9,7,2,2,4,0,0,2
YOLO11m,7564,9,80,7,6,1,0,2,0,1,0
YOLO11m,7565,19,300,12,6,6,9,2,0,0,2
YOLO11m,7566,51,241,40,28,12,4,10,2,2,5
YOLO11m,7567,17,61,22,13,9,0,2,0,0,2
YOLO11m,7568,7,131,6,5,1,0,2,0,0,0
YOLO11m,7569,4,44,4,3,1,0,1,0,0,0
YOLO11m,7570,22,248,21,15,6,1,4,0,0,2
YOLO11m,7571,6,233,6,5,1,0,1,0,0,0
YOLO11m,7572,21,257,20,14,6,1,4,0,0,2
YOLO11m,7573,25,204,20,18,2,2,4,0,0,1
YOLO11m,7574,39,300,39,25,14,3,9,0,0,2
YOLO11m,7575,30,254,21,18,3,3,9,0,0,0
YOLO11m,7576,23,245,21,15,6,1,5,0,1,1
YOLO11m,7577,20,150,17,15,2,0,3,0,1,1
YOLO11m,7578,27,216,25,19,6,2,5,0,0,1
YOLO11m,7579,22,142,21,19,2,0,2,0,0,1
YOLO11m,7580,36,218,31,28,3,2,4,0,1,1
YOLO11m,7581,39,249,42,35,7,0,2,0,1,1
YOLO11m,7582,14,91,15,13,2,0,0,0,0,1
YOLO11m,7583,25,189,25,20,5,0,3,0,0,2
YOLO11m,7584,17,97,14,13,1,0,2,1,0,1
YOLO11m,7585,8,133,9,5,4,0,2,0,0,1
YOLO11m,7586,11,92,11,8,3,0,2,0,0,1
YOLO11m,7587,17,126,16,11,5,0,5,0,0,1
YOLO11m,7588,12,35,13,12,1,0,0,0,0,0
YOLO11m,7589,30,186,28,26,2,0,3,0,1,0
YOLO11m,7590,16,45,15,15,0,0,1,0,0,0
YOLO11m,7591,17,91,19,14,5,0,1,0,0,2
YOLO11m,7592,18,141,17,13,4,0,4,0,0,1
YOLO11m,7593,22,169,17,15,2,1,5,0,1,0
YOLO11m,7594,31,289,34,20,14,1,5,0,4,1
YOLO11m,7595,7,47,7,6,1,0,1,0,0,0
YOLO11m,7596,27,201,34,22,12,2,2,0,0,1
YOLO11m,7597,37,203,37,32,5,2,2,0,0,1
YOLO11m,7598,32,163,28,22,6,2,7,0,0,1
YOLO11m,7599,19,143,17,15,2,1,2,0,0,1
YOLO11m,7600,7,45,7,6,1,0,1,0,0,0
YOLO11m,7601,9,81,11,9,2,0,0,0,0,0
YOLO11m,7602,22,51,23,20,3,1,1,0,0,0
YOLO11m,7603,5,40,7,3,4,0,0,0,2,0
YOLO11m,7604,11,140,12,11,1,0,0,0,0,0
YOLO11m,7605,16,65,15,10,5,1,2,0,0,3
YOLO11m,7606,9,49,13,8,5,0,1,0,0,0
YOLO11m,7607,21,93,26,16,10,0,0,0,0,5
YOLO11m,7608,14,145,8,7,1,1,6,0,0,0
YOLO11m,7609,10,141,7,6,1,0,4,0,0,0
YOLO11m,7610,41,198,39,29,10,1,8,0,0,3
YOLO11m,7611,22,139,22,17,5,1,3,0,0,1
YOLO11m,7612,33,237,33,23,10,1,6,0,0,3
YOLO11m,7613,4,88,3,2,1,1,1,0,0,0
YOLO11m,7614,14,130,9,8,1,0,5,0,1,0
YOLO11m,7615,43,157,42,30,12,2,7,1,0,3
YOLO11m,7616,11,98,12,9,3,1,1,0,0,0
YOLO11m,7617,27,150,27,21,6,1,4,0,0,1
YOLO11m,7618,19,105,25,16,9,0,2,1,0,0
YOLO11m,7619,5,43,5,5,0,0,0,0,0,0
YOLO11m,7620,12,120,9,7,2,3,2,0,0,0
YOLO11m,7621,26,165,24,16,8,2,5,1,0,2
YOLO11m,7622,15,76,10,9,1,2,3,0,0,1
YOLO11m,7623,10,95,10,10,0,0,0,0,0,0
YOLO11m,7624,8,48,12,8,4,0,0,0,0,0
YOLO11m,7625,23,82,12,9,3,5,6,0,0,3
YOLO11m,7626,17,169,18,11,7,2,3,0,0,1
YOLO11m,7627,28,300,20,19,1,2,7,0,0,0
YOLO11m,7628,29,262,35,20,15,2,3,0,0,4
YOLO11m,7629,28,282,33,23,10,1,2,0,0,2
YOLO11m,7630,12,166,13,9,4,1,2,0,0,0
YOLO11m,7631,17,161,21,11,10,1,4,0,0,1
YOLO11m,7632,13,211,13,10,3,0,2,0,0,1
YOLO11m,7633,7,65,8,7,1,0,0,0,0,0
YOLO11m,7634,16,75,22,13,9,0,1,0,0,2
YOLO11m,7635,5,110,3,2,1,0,3,0,0,0
YOLO11m,7636,32,199,30,25,5,0,6,1,0,0
YOLO11m,7637,21,135,18,15,3,0,4,0,0,2
YOLO11m,7638,6,29,5,5,0,0,1,0,0,0
YOLO11m,7639,26,195,30,24,6,1,1,0,0,0
YOLO11m,7640,27,182,34,21,13,2,2,0,0,2
YOLO11m,7641,29,258,32,23,9,0,5,0,0,1
YOLO11m,7642,24,175,23,16,7,1,2,0,1,4
YOLO11m,7643,6,56,4,3,1,0,1,1,0,1
YOLO11m,7644,23,210,25,19,6,0,2,0,2,0
YOLO11m,7645,17,157,24,15,9,0,0,0,2,0
YOLO11m,7646,19,100,21,15,6,0,1,0,1,2
YOLO11m,7647,7,55,4,3,1,0,4,0,0,0
YOLO11m,7648,14,179,22,11,11,0,0,0,0,3
YOLO11m,7649,31,221,24,17,7,2,9,0,1,2
YOLO11m,7650,26,148,27,18,9,0,2,0,2,4
YOLO11m,7651,8,61,12,5,7,0,2,0,0,1
YOLO11m,7652,15,133,18,7,11,1,5,0,0,2
YOLO11m,7653,14,114,18,11,7,0,0,0,1,2
YOLO11m,7654,17,129,12,11,1,0,6,0,0,0
YOLO11m,7655,29,236,28,25,3,1,3,0,0,0
YOLO11m,7656,42,187,36,27,9,1,10,0,1,3
YOLO11m,7657,19,66,17,15,2,0,3,0,1,0
YOLO11m,7658,29,198,19,12,7,6,9,0,0,2
YOLO11m,7659,4,122,7,3,4,0,1,0,0,0
YOLO11m,7660,12,183,11,7,4,0,4,0,0,1
YOLO11m,7661,28,132,12,7,5,7,10,0,0,4
YOLO11m,7662,6,115,6,6,0,0,0,0,0,0
YOLO11m,7663,20,134,14,12,2,1,7,0,0,0
YOLO11m,7664,20,150,18,16,2,1,3,0,0,0
YOLO11m,7665,25,118,28,22,6,0,1,0,0,2
YOLO11m,7666,25,87,23,19,4,1,4,0,0,1
YOLO11m,7667,14,95,15,14,1,0,0,0,0,0
YOLO11m,7668,6,54,6,5,1,0,1,0,0,0
YOLO11m,7669,27,149,26,21,5,0,4,0,0,2
YOLO11m,7670,14,119,17,12,5,0,0,0,0,2
YOLO11m,7671,29,230,32,23,9,2,2,0,0,2
YOLO11m,7672,27,146,24,19,5,1,4,0,0,3
YOLO11m,7673,14,86,16,14,2,0,0,0,0,0
YOLO11m,7674,8,73,6,5,1,1,1,0,1,0
YOLO11m,7675,11,74,11,10,1,0,1,0,0,0
YOLO11m,7676,31,198,28,23,5,3,2,1,0,2
YOLO11m,7677,29,157,22,17,5,1,9,0,0,2
YOLO11m,7678,18,98,11,10,1,2,5,0,0,1
YOLO11m,7679,31,181,25,23,2,0,5,0,1,2
YOLO11m,7680,28,207,23,19,4,2,5,0,1,1
YOLO11m,7681,34,206,30,17,13,1,10,0,1,5
YOLO11m,7682,22,241,18,14,4,2,3,0,2,1
YOLO11m,7683,16,74,18,12,6,0,3,0,1,0
YOLO11m,7684,27,249,36,24,12,1,1,0,1,0
YOLO11m,7685,9,75,9,8,1,0,1,0,0,0
YOLO11m,7686,12,162,14,10,4,0,2,0,0,0
YOLO11m,7687,29,177,29,23,6,1,3,0,0,2
YOLO11m,7688,18,107,11,9,2,2,7,0,0,0
YOLO11m,7689,26,107,26,22,4,0,3,0,0,1
YOLO11m,7690,12,97,12,9,3,1,1,0,0,1
YOLO11m,7691,13,251,12,9,3,2,2,0,0,0
YOLO11m,7692,8,133,8,7,1,0,1,0,0,0
YOLO11m,7693,17,155,12,11,1,1,5,0,0,0
YOLO11m,7694,8,69,7,5,2,1,1,0,0,1
YOLO11m,7695,5,72,4,4,0,0,1,0,0,0
YOLO11m,7696,36,185,22,19,3,4,11,0,0,2
YOLO11m,7697,20,82,19,17,2,0,2,1,0,0
YOLO11m,7698,22,164,18,17,1,2,2,0,0,1
YOLO11m,7699,7,52,8,5,3,0,2,0,0,0
YOLO11m,7700,4,133,7,3,4,0,1,0,0,0
YOLO11m,7701,5,86,8,1,7,0,0,0,0,4
YOLO11m,7702,27,94,28,22,6,1,3,0,0,1
YOLO11m,7703,24,241,21,15,6,2,5,0,0,2
YOLO11m,7704,18,85,18,15,3,0,3,0,0,0
YOLO11m,7705,13,198,12,8,4,0,5,0,0,0
YOLO11m,7706,7,95,9,7,2,0,0,0,0,0
YOLO11m,7707,25,215,31,19,12,0,3,0,1,2
YOLO11m,7708,8,53,11,7,4,0,0,0,0,1
YOLO11m,7709,9,47,9,8,1,0,0,0,0,1
YOLO11m,7710,9,77,7,7,0,1,1,0,0,0
YOLO11m,7711,25,115,25,16,9,2,2,0,0,5
YOLO11m,7712,7,25,8,6,2,0,1,0,0,0
YOLO11m,7713,17,107,18,17,1,0,0,0,0,0
YOLO11m,7714,29,124,19,17,2,3,5,0,0,4
YOLO11m,7715,29,135,22,18,4,4,6,0,0,1
YOLO11m,7716,21,154,26,18,8,0,3,0,0,0
YOLO11m,7717,24,225,28,21,7,0,2,0,0,1
YOLO11m,7718,28,174,24,20,4,1,4,0,0,3
YOLO11m,7719,28,150,43,21,22,3,1,0,0,3
YOLO11m,7720,20,61,24,19,5,0,1,0,0,0
YOLO11m,7721,8,105,8,6,2,0,1,0,1,0
YOLO11m,7722,7,155,6,5,1,2,0,0,0,0
YOLO11m,7723,8,77,4,3,1,4,1,0,0,0
YOLO11m,7724,10,54,7,4,3,3,0,0,2,1
YOLO11m,7725,19,95,17,12,5,1,5,0,0,1
YOLO11m,7726,22,129,24,18,6,1,2,0,1,0
YOLO11m,7727,9,73,7,7,0,0,1,0,0,1
YOLO11m,7728,15,113,19,14,5,0,0,0,0,1
YOLO11m,7729,22,96,19,15,4,1,3,1,2,0
YOLO11m,7730,37,213,37,30,7,2,3,0,0,2
YOLO11m,7731,23,131,19,17,2,1,4,0,0,1
YOLO11m,7732,14,67,16,12,4,0,2,0,0,0
YOLO11m,7733,10,103,10,8,2,1,1,0,0,0
YOLO11m,7734,4,21,2,1,1,0,2,0,0,1
YOLO11m,7735,10,91,9,9,0,0,1,0,0,0
YOLO11m,7736,5,139,5,3,2,0,2,0,0,0
YOLO11m,7737,25,106,28,18,10,0,4,0,0,3
YOLO11m,7738,32,240,31,28,3,0,3,0,0,1
YOLO11m,7739,12,67,9,7,2,3,1,0,0,1
YOLO11m,7740,15,117,8,8,0,3,4,0,0,0
YOLO11m,7741,19,172,18,14,4,1,3,0,0,1
YOLO11m,7742,6,199,5,3,2,0,2,0,1,0
YOLO11m,7743,5,65,5,3,2,0,1,0,0,1
YOLO11m,7744,7,71,5,5,0,1,1,0,0,0
YOLO11m,7745,9,59,8,8,0,1,0,0,0,0
YOLO11m,7746,17,122,21,16,5,0,0,0,0,1
YOLO11m,7747,9,143,6,3,3,1,4,0,1,0
YOLO11m,7748,23,155,29,19,10,0,2,0,0,2
YOLO11m,7749,10,80,18,10,8,0,0,0,0,0
YOLO11m,7750,9,45,10,7,3,0,2,0,0,0
YOLO11m,7751,11,147,12,9,3,1,1,0,0,0
YOLO11m,7752,28,156,19,15,4,5,8,0,0,0
YOLO11m,7753,20,151,21,14,7,0,5,0,0,1
YOLO11m,7754,23,186,25,20,5,1,1,0,1,0
YOLO11m,7755,20,182,20,16,4,2,1,0,0,1
YOLO11m,7756,18,150,19,16,3,0,1,0,0,1
YOLO11m,7757,55,287,42,29,13,11,10,0,3,2
YOLO11m,7758,15,127,16,11,5,0,1,0,0,3
YOLO11m,7759,16,97,22,16,6,0,0,0,0,0
YOLO11m,7760,19,110,19,13,6,2,2,0,1,1
YOLO11m,7761,14,159,15,14,1,0,0,0,0,0
YOLO11m,7762,15,142,18,12,6,1,1,0,0,1
YOLO11m,7763,11,78,10,9,1,1,1,0,0,0
YOLO11m,7764,7,54,9,7,2,0,0,0,0,0
YOLO11m,7765,14,98,14,11,3,0,2,0,0,1
YOLO11m,7766,23,101,24,20,4,1,1,0,0,1
YOLO11m,7767,38,209,32,25,7,4,7,0,1,1
YOLO11m,7768,21,139,22,17,5,0,4,0,0,0
YOLO11m,7769,14,106,10,7,3,1,2,2,0,2
YOLO11m,7770,7,83,8,4,4,0,1,0,0,2
YOLO11m,7771,10,46,9,7,2,0,3,0,0,0
YOLO11m,7772,4,39,4,3,1,0,1,0,0,0
YOLO11m,7773,33,206,23,20,3,2,11,0,0,0
YOLO11m,7774,9,131,13,7,6,0,2,0,0,0
YOLO11m,7775,16,98,20,15,5,0,0,0,1,0
YOLO11m,7776,7,99,7,5,2,1,1,0,0,0
YOLO11m,7777,12,126,12,10,2,0,2,0,0,0
YOLO11m,7778,9,66,8,4,4,0,1,0,0,4
YOLO11m,7779,12,63,7,6,1,3,1,0,0,2
YOLO11m,7780,4,28,4,4,0,0,0,0,0,0
YOLO11m,7781,16,177,21,14,7,1,1,0,0,0
YOLO11m,7782,20,129,16,13,3,1,2,1,0,3
YOLO11m,7783,13,95,8,8,0,1,4,0,0,0
YOLO11m,7784,21,178,17,14,3,3,3,0,1,0
YOLO11m,7785,37,279,34,24,10,4,8,0,0,1
YOLO11m,7786,23,174,26,21,5,0,2,0,0,0
YOLO11m,7787,16,123,15,12,3,2,1,0,0,1
YOLO11m,7788,8,112,5,4,1,2,2,0,0,0
YOLO11m,7789,14,80,13,12,1,0,2,0,0,0
YOLO11m,7790,20,184,21,16,5,0,1,0,2,1
YOLO11m,7791,5,37,7,5,2,0,0,0,0,0
YOLO11m,7792,23,204,26,18,8,1,4,0,0,0
YOLO11m,7793,13,104,13,11,2,0,1,0,0,1
YOLO11m,7794,4,12,3,3,0,1,0,0,0,0
YOLO11m,7795,26,133,17,16,1,2,7,0,0,1
YOLO11m,7796,25,169,22,15,7,2,5,0,0,3
YOLO11m,7797,24,126,24,21,3,0,1,1,0,1
YOLO11m,7798,25,136,17,14,3,5,4,0,0,2
YOLO11m,7799,37,227,34,27,7,2,6,0,0,2
YOLO11m,7800,17,66,20,10,10,0,1,0,0,6
YOLO11m,7801,21,79,27,18,9,0,1,1,1,0
YOLO11m,7802,9,103,8,7,1,1,1,0,0,0
YOLO11m,7803,31,184,27,21,6,0,6,0,2,2
YOLO11m,7804,14,185,16,10,6,2,1,0,0,1
YOLO11m,7805,23,86,27,20,7,0,2,0,1,0
YOLO11m,7806,29,103,28,23,5,2,0,0,0,4
YOLO11m,7807,14,133,13,9,4,3,2,0,0,0
YOLO11m,7808,4,42,4,4,0,0,0,0,0,0
YOLO11m,7809,4,73,4,4,0,0,0,0,0,0
YOLO11m,7810,11,57,9,9,0,0,2,0,0,0
YOLO11m,7811,24,212,22,16,6,3,3,0,0,2
YOLO11m,7812,21,200,20,16,4,2,3,0,0,0
YOLO11m,7813,38,123,41,27,14,1,2,0,0,8
YOLO11m,7814,42,164,36,30,6,2,3,0,0,7
YOLO11m,7815,26,94,23,21,2,0,2,0,0,3
YOLO11m,7816,33,203,28,26,2,1,3,0,0,3
YOLO11m,7817,29,108,29,24,5,1,3,0,0,1
YOLO11m,7818,22,257,24,16,8,1,2,0,0,3
YOLO11m,7819,9,93,7,6,1,2,1,0,0,0
YOLO11m,7820,13,137,17,11,6,0,2,0,0,0
YOLO11m,7821,29,291,26,20,6,4,3,0,1,1
YOLO11m,7822,20,148,17,11,6,3,0,0,0,6
YOLO11m,7823,11,74,10,7,3,0,2,0,0,2
YOLO11m,7824,9,91,9,8,1,1,0,0,0,0
YOLO11m,7825,27,245,18,16,2,2,7,0,0,2
YOLO11m,7826,24,234,27,18,9,1,3,0,0,2
YOLO11m,7827,24,214,23,21,2,0,2,0,0,1
YOLO11m,7828,5,59,5,5,0,0,0,0,0,0
YOLO11m,7829,9,100,10,7,3,1,1,0,0,0
YOLO11m,7830,20,156,15,12,3,2,5,0,0,1
YOLO11m,7831,22,161,23,17,6,0,3,1,1,0
YOLO11m,7832,12,136,10,8,2,0,2,0,0,2
YOLO11m,7833,11,114,9,6,3,1,2,0,1,1
YOLO11m,7834,16,42,15,15,0,1,0,0,0,0
YOLO11m,7835,16,82,17,15,2,0,0,0,0,1
YOLO11m,7836,20,123,12,8,4,4,7,0,0,1
YOLO11m,7837,29,145,25,22,3,0,6,0,0,1
YOLO11m,7838,14,169,25,11,14,0,2,0,0,1
YOLO11m,7839,9,112,8,8,0,0,1,0,0,0
YOLO11m,7840,26,113,29,23,6,0,1,1,0,1
YOLO11m,7841,7,91,6,6,0,1,0,0,0,0
YOLO11m,7842,22,146,20,15,5,2,1,0,0,4
YOLO11m,7843,16,95,17,13,4,0,1,0,1,1
YOLO11m,7844,15,86,20,11,9,0,2,0,2,0
YOLO11m,7845,9,178,15,8,7,1,0,0,0,0
YOLO11m,7846,24,145,16,15,1,3,4,0,0,2
YOLO11m,7847,13,240,17,8,9,0,4,0,0,1
YOLO11m,7848,9,44,9,8,1,0,0,0,0,1
YOLO11m,7849,32,238,16,10,6,9,7,0,0,6
YOLO11m,7850,13,147,19,11,8,1,0,0,0,1
YOLO11m,7851,24,132,25,20,5,0,4,0,0,0
YOLO11m,7852,24,107,25,21,4,1,2,0,0,0
YOLO11m,7853,14,120,19,11,8,1,2,0,0,0
YOLO11m,7854,4,46,3,3,0,1,0,0,0,0
YOLO11m,7855,8,178,11,3,8,1,2,0,0,2
YOLO11m,7856,35,194,32,23,9,2,8,0,0,2
YOLO11m,7857,4,82,5,3,2,0,0,0,1,0
YOLO11m,7858,17,102,19,14,5,1,0,0,2,0
YOLO11m,7859,38,90,30,23,7,6,1,1,0,7
YOLO11m,7860,33,177,29,24,5,0,5,0,1,3
YOLO11m,7861,13,72,14,12,2,0,0,0,0,1
YOLO11m,7862,17,63,17,12,5,0,3,0,1,1
YOLO11m,7863,20,85,19,14,5,1,3,0,0,2
YOLO11m,7864,31,137,23,19,4,4,6,0,2,0
YOLO11m,7865,7,48,7,6,1,0,1,0,0,0
YOLO11m,7866,29,69,25,19,6,1,3,1,0,5
YOLO11m,7867,7,44,8,6,2,1,0,0,0,0
YOLO11m,7868,14,88,19,13,6,0,0,0,1,0
YOLO11m,7869,7,91,7,7,0,0,0,0,0,0
YOLO11m,7870,5,40,7,5,2,0,0,0,0,0
YOLO11m,7871,6,123,5,2,3,0,3,0,0,1
YOLO11m,7872,17,132,19,14,5,0,3,0,0,0
YOLO11m,7873,11,68,15,8,7,0,1,0,0,2
YOLO11m,7874,8,120,8,6,2,0,2,0,0,0
YOLO11m,7875,40,233,27,21,6,8,4,0,0,7
YOLO11m,7876,47,279,38,27,11,3,12,0,3,2
YOLO11m,7877,26,189,31,17,14,1,4,0,0,4
YOLO11m,7878,35,204,35,28,7,1,4,1,0,1
YOLO11m,7879,18,104,14,11,3,1,1,0,0,5
YOLO11m,7880,24,62,26,23,3,0,1,0,0,0
YOLO11m,7881,14,85,16,12,4,0,0,0,0,2
YOLO11m,7882,10,60,10,9,1,0,0,0,0,1
YOLO11m,7883,15,144,13,8,5,1,4,0,0,2
YOLO11m,7884,18,111,16,14,2,2,2,0,0,0
YOLO11m,7885,25,88,26,19,7,0,4,0,0,2
YOLO11m,7886,39,228,36,24,12,4,6,0,1,4
YOLO11m,7887,26,132,26,22,4,2,1,0,0,1
YOLO11m,7888,16,153,16,11,5,1,2,0,2,0
YOLO11m,7889,5,76,4,3,1,0,2,0,0,0
YOLO11m,7890,6,40,5,5,0,0,1,0,0,0
YOLO11m,7891,25,131,17,13,4,1,7,0,2,2
YOLO11m,7892,19,156,16,10,6,1,6,0,1,1
YOLO11m,7893,22,141,21,17,4,1,1,0,1,2
YOLO11m,7894,29,162,21,17,4,4,8,0,0,0
YOLO11m,7895,10,67,7,7,0,0,1,0,0,2
YOLO11m,7896,20,96,15,13,2,3,3,0,0,1
YOLO11m,7897,15,120,14,12,2,0,2,0,0,1
YOLO11m,7898,4,42,4,4,0,0,0,0,0,0
YOLO11m,7899,22,192,27,21,6,0,1,0,0,0
YOLO11m,7900,9,115,9,7,2,0,2,0,0,0
YOLO11m,7901,11,106,14,10,4,0,1,0,0,0
YOLO11m,7902,19,116,29,17,12,0,1,0,0,1
YOLO11m,7903,6,37,2,2,0,3,1,0,0,0
YOLO11m,7904,10,82,11,9,2,0,0,0,0,1
YOLO11m,7905,23,173,27,20,7,0,2,1,0,0
YOLO11m,7906,28,131,20,10,10,5,7,0,0,6
YOLO11m,7907,38,218,34,22,12,8,3,1,0,4
YOLO11m,7908,40,293,30,26,4,6,8,0,0,0
YOLO11m,7909,16,49,17,13,4,0,1,0,1,1
YOLO11m,7910,27,91,30,21,9,1,4,0,0,1
YOLO11m,7911,26,149,26,19,7,0,7,0,0,0
YOLO11m,7912,27,152,31,19,12,1,5,0,0,2
YOLO11m,7913,17,88,19,16,3,1,0,0,0,0
YOLO11m,7914,45,300,40,28,12,7,6,0,1,3
YOLO11m,7915,48,202,35,29,6,7,9,0,0,3
YOLO11m,7916,50,258,51,41,10,2,4,0,0,3
YOLO11m,7917,9,89,5,4,1,1,4,0,0,0
YOLO11m,7918,38,173,36,31,5,1,2,0,0,4
YOLO11m,7919,21,117,22,16,6,1,2,0,0,2
YOLO11m,7920,15,173,15,12,3,1,2,0,0,0
YOLO11m,7921,14,140,17,12,5,0,1,0,0,1
YOLO11m,7922,21,124,20,17,3,1,1,0,0,2
YOLO11m,7923,12,172,13,9,4,1,2,0,0,0
YOLO11m,7924,21,91,22,15,7,0,3,0,0,3
YOLO11m,7925,36,185,37,24,13,3,5,0,0,4
YOLO11m,7926,9,134,14,9,5,0,0,0,0,0
YOLO11m,7927,24,189,18,10,8,2,8,0,0,4
YOLO11m,7928,9,53,8,7,1,0,2,0,0,0
YOLO11m,7929,32,296,31,20,11,1,6,0,0,5
YOLO11m,7930,23,217,29,21,8,1,0,0,0,1
YOLO11m,7931,17,178,21,11,10,1,2,0,0,3
YOLO11m,7932,24,177,14,11,3,1,8,0,0,4
YOLO11m,7933,28,183,39,22,17,0,3,0,0,3
YOLO11m,7934,8,29,6,4,2,0,1,0,0,3
YOLO11m,7935,4,41,3,3,0,1,0,0,0,0
YOLO11m,7936,10,220,7,7,0,0,3,0,0,0
YOLO11m,7937,8,41,8,7,1,0,1,0,0,0
YOLO11m,7938,9,156,13,9,4,0,0,0,0,0
YOLO11m,7939,4,88,2,2,0,0,2,0,0,0
YOLO11m,7940,33,155,27,22,5,1,9,0,0,1
YOLO11m,7941,19,67,10,10,0,5,3,0,0,1
YOLO11m,7942,18,139,13,13,0,5,0,0,0,0
YOLO11m,7943,20,127,17,16,1,2,2,0,0,0
YOLO11m,7944,28,288,31,19,12,0,9,0,0,0
YOLO11m,7945,21,86,20,17,3,0,2,0,0,2
YOLO11m,7946,10,139,7,5,2,1,4,0,0,0
YOLO11m,7947,5,57,6,5,1,0,0,0,0,0
YOLO11m,7948,4,62,5,4,1,0,0,0,0,0
YOLO11m,7949,15,106,23,13,10,1,1,0,0,0
YOLO11m,7950,4,88,5,3,2,1,0,0,0,0
YOLO11m,7951,7,108,8,6,2,0,1,0,0,0
YOLO11m,7952,6,102,10,5,5,0,0,0,0,1
YOLO11m,7953,17,121,20,15,5,0,1,0,1,0
YOLO11m,7954,25,256,34,19,15,1,5,0,0,0
YOLO11m,7955,7,110,9,6,3,0,1,0,0,0
YOLO11m,7956,22,150,18,17,1,3,0,0,0,2
YOLO11m,7957,15,83,15,14,1,1,0,0,0,0
YOLO11m,7958,5,139,7,5,2,0,0,0,0,0
YOLO11m,7959,22,156,24,19,5,0,2,0,0,1
YOLO11m,7960,31,142,27,25,2,1,2,0,0,3
YOLO11m,7961,33,216,34,24,10,1,6,0,0,2
YOLO11m,7962,4,70,4,4,0,0,0,0,0,0
YOLO11m,7963,15,131,16,8,8,1,6,0,0,0
YOLO11m,7964,19,69,22,12,10,0,1,0,3,3
YOLO11m,7965,9,75,8,7,1,1,1,0,0,0
YOLO11m,7966,8,92,10,8,2,0,0,0,0,0
YOLO11m,7967,21,83,19,17,2,0,4,0,0,0
YOLO11m,7968,24,202,22,16,6,2,5,0,0,1
YOLO11m,7969,20,258,17,13,4,1,6,0,0,0
YOLO11m,7970,34,196,36,23,13,1,8,0,0,2
YOLO11m,7971,12,96,12,9,3,0,1,0,0,2
YOLO11m,7972,23,214,21,15,6,4,3,0,0,1
YOLO11m,7973,19,139,20,17,3,0,1,0,0,1
YOLO11m,7974,40,300,33,22,11,3,4,1,1,9
YOLO11m,7975,11,200,11,9,2,1,1,0,0,0
YOLO11m,7976,8,109,8,7,1,0,1,0,0,0
YOLO11m,7977,15,67,13,12,1,0,2,0,1,0
YOLO11m,7978,9,136,10,8,2,0,1,0,0,0
YOLO11m,7979,36,148,36,32,4,4,0,0,0,0
YOLO11m,7980,33,156,27,19,8,0,7,1,0,6
YOLO11m,7981,34,209,31,21,10,5,3,0,0,5
YOLO11m,7982,36,210,39,27,12,1,1,2,0,5
YOLO11m,7983,29,128,20,16,4,2,10,0,1,0
YOLO11m,7984,8,50,6,6,0,0,2,0,0,0
YOLO11m,7985,30,99,29,25,4,0,2,0,0,3
YOLO11m,7986,31,188,29,23,6,1,3,1,0,3
YOLO11m,7987,37,153,32,24,8,1,9,0,0,3
YOLO11m,7988,30,169,28,22,6,1,4,0,0,3
YOLO11m,7989,55,273,45,35,10,2,15,2,0,1
YOLO11m,7990,26,176,17,15,2,2,8,1,0,0
YOLO11m,7991,18,92,14,12,2,2,3,0,0,1
YOLO11m,7992,30,184,22,18,4,1,9,0,0,2
YOLO11m,7993,14,77,13,13,0,0,0,0,0,1
YOLO11m,7994,12,116,12,9,3,0,3,0,0,0
YOLO11m,7995,17,151,18,14,4,0,2,0,0,1
YOLO11m,7996,12,91,10,8,2,3,1,0,0,0
YOLO11m,7997,12,100,7,7,0,3,2,0,0,0
YOLO11m,7998,6,38,8,5,3,0,1,0,0,0
YOLO11m,7999,10,99,10,7,3,0,2,0,0,1
YOLO11m,8000,22,142,22,16,6,1,1,0,0,4
YOLO11m,8001,14,119,12,10,2,1,3,0,0,0
YOLO11m,8002,13,112,11,10,1,0,2,1,0,0
YOLO11m,8003,15,124,12,6,6,3,5,0,1,0
YOLO11m,8004,21,206,15,11,4,1,7,0,1,1
YOLO11m,8005,22,152,30,12,18,0,3,0,0,7
YOLO11m,8006,38,163,29,26,3,1,5,1,1,4
YOLO11m,8007,20,120,15,11,4,3,5,0,0,1
YOLO11m,8008,8,63,11,7,4,1,0,0,0,0
YOLO11m,8009,26,296,28,21,7,1,3,0,0,1
YOLO11m,8010,23,158,16,15,1,0,7,1,0,0
YOLO11m,8011,7,56,8,4,4,0,1,0,1,1
YOLO11m,8012,11,132,11,10,1,0,1,0,0,0
YOLO11m,8013,15,85,11,10,1,0,4,0,0,1
YOLO11m,8014,5,80,9,5,4,0,0,0,0,0
YOLO11m,8015,28,148,30,26,4,1,1,0,0,0
YOLO11m,8016,15,141,17,15,2,0,0,0,0,0
YOLO11m,8017,20,84,22,18,4,0,2,0,0,0
YOLO11m,8018,17,78,17,16,1,0,1,0,0,0
YOLO11m,8019,28,174,26,24,2,1,3,0,0,0
YOLO11m,8020,18,147,15,10,5,3,1,0,1,3
YOLO11m,8021,35,202,30,23,7,2,8,0,1,1
YOLO11m,8022,38,224,31,22,9,1,4,0,0,11
YOLO11m,8023,28,220,23,19,4,5,3,0,0,1
YOLO11m,8024,16,145,14,12,2,1,2,0,0,1
YOLO11m,8025,46,219,46,33,13,2,9,0,0,2
YOLO11m,8026,10,150,18,9,9,0,1,0,0,0
YOLO11m,8027,16,157,16,14,2,0,2,0,0,0
YOLO11m,8028,57,274,57,44,13,1,8,0,1,3
YOLO11m,8029,8,85,8,8,0,0,0,0,0,0
YOLO11m,8030,14,98,11,9,2,0,5,0,0,0
YOLO11m,8031,16,131,6,5,1,5,5,0,0,1
YOLO11m,8032,13,121,11,5,6,0,5,0,2,1
YOLO11m,8033,6,120,0,0,0,4,2,0,0,0
YOLO11m,8034,10,93,10,9,1,1,0,0,0,0
YOLO11m,8035,29,242,26,20,6,2,6,0,0,1
YOLO11m,8036,29,102,21,19,2,5,3,1,0,1
YOLO11m,8037,6,29,8,6,2,0,0,0,0,0
YOLO11m,8038,14,132,15,13,2,0,1,0,0,0
YOLO11m,8039,27,173,26,16,10,2,3,0,0,6
YOLO11m,8040,15,144,14,11,3,0,4,0,0,0
YOLO11m,8041,10,67,16,10,6,0,0,0,0,0
YOLO11m,8042,25,146,16,14,2,8,1,0,0,2
YOLO11m,8043,14,82,8,7,1,3,3,0,1,0
YOLO11m,8044,5,91,3,3,0,0,2,0,0,0
YOLO11m,8045,28,221,29,21,8,3,3,0,1,0
YOLO11m,8046,12,77,11,10,1,0,1,1,0,0
YOLO11m,8047,10,39,12,10,2,0,0,0,0,0
YOLO11m,8048,7,167,6,3,3,0,4,0,0,0
YOLO11m,8049,23,142,27,20,7,0,1,0,0,2
YOLO11m,8050,15,188,14,6,8,3,3,0,0,3
YOLO11m,8051,10,141,13,10,3,0,0,0,0,0
YOLO11m,8052,9,65,8,8,0,0,1,0,0,0
YOLO11m,8053,16,103,14,11,3,1,3,0,0,1
YOLO11m,8054,14,110,11,6,5,1,5,0,2,0
YOLO11m,8055,37,260,33,24,9,1,7,0,3,2
YOLO11m,8056,22,162,21,20,1,0,2,0,0,0
YOLO11m,8057,10,75,9,8,1,1,1,0,0,0
YOLO11m,8058,24,232,24,16,8,1,2,0,0,5
YOLO11m,8059,25,139,29,24,5,0,1,0,0,0
YOLO11m,8060,21,60,21,18,3,1,0,0,0,2
YOLO11m,8061,10,146,10,5,5,1,3,0,0,1
YOLO11m,8062,24,78,24,23,1,0,0,0,0,1
YOLO11m,8063,19,180,19,15,4,0,3,0,0,1
YOLO11m,8064,20,166,18,14,4,3,3,0,0,0
YOLO11m,8065,17,61,15,15,0,0,2,0,0,0
YOLO11m,8066,14,178,17,10,7,0,4,0,0,0
YOLO11m,8067,12,101,11,10,1,0,2,0,0,0
YOLO11m,8068,38,161,33,25,8,4,3,1,0,5
YOLO11m,8069,28,124,24,18,6,3,6,0,0,1
YOLO11m,8070,16,47,8,7,1,2,5,0,0,2
YOLO11m,8071,4,68,2,2,0,0,2,0,0,0
YOLO11m,8072,20,131,20,18,2,1,1,0,0,0
YOLO11m,8073,27,202,24,18,6,2,6,0,0,1
YOLO11m,8074,18,112,16,14,2,0,4,0,0,0
YOLO11m,8075,33,134,29,22,7,5,2,1,0,3
YOLO11m,8076,43,224,34,28,6,3,6,0,0,6
YOLO11m,8077,17,102,16,14,2,0,2,0,0,1
YOLO11m,8078,5,111,6,5,1,0,0,0,0,0
YOLO11m,8079,20,140,20,15,5,1,3,0,0,1
YOLO11m,8080,4,48,6,4,2,0,0,0,0,0
YOLO11m,8081,27,300,22,13,9,4,8,0,1,1
YOLO11m,8082,33,300,24,20,4,1,11,1,0,0
YOLO11m,8083,42,300,34,26,8,1,12,0,0,3
YOLO11m,8084,35,288,39,27,12,3,3,0,0,2
YOLO11m,8085,27,165,31,19,12,1,5,0,0,2
YOLO11m,8086,4,69,3,2,1,0,2,0,0,0
YOLO11m,8087,7,60,6,6,0,0,1,0,0,0
YOLO11m,8088,6,127,9,5,4,0,1,0,0,0
YOLO11m,8089,21,136,27,16,11,0,2,0,0,3
YOLO11m,8090,13,63,12,12,0,0,1,0,0,0
YOLO11m,8091,7,64,11,7,4,0,0,0,0,0
YOLO11m,8092,17,121,23,11,12,0,2,0,0,4
YOLO11m,8093,12,103,13,9,4,0,3,0,0,0
YOLO11m,8094,20,176,18,15,3,0,4,0,0,1
YOLO11m,8095,16,109,13,10,3,1,3,0,1,1
YOLO11m,8096,10,67,11,8,3,0,2,0,0,0
YOLO11m,8097,19,90,24,17,7,0,1,0,1,0
YOLO11m,8098,33,260,28,25,3,0,5,0,0,3
YOLO11m,8099,17,212,14,12,2,1,4,0,0,0
YOLO11m,8100,11,81,10,8,2,0,2,0,1,0
YOLO11m,8101,11,173,13,9,4,0,1,0,0,1
YOLO11m,8102,32,270,20,19,1,3,9,0,0,1
YOLO11m,8103,16,102,17,15,2,0,1,0,0,0
YOLO11m,8104,17,96,19,15,4,1,0,0,1,0
YOLO11m,8105,19,58,13,13,0,2,4,0,0,0
YOLO11m,8106,10,91,16,9,7,0,0,0,1,0
YOLO11m,8107,30,207,31,21,10,3,3,0,2,1
YOLO11m,8108,26,300,36,25,11,0,1,0,0,0
YOLO11m,8109,26,191,22,15,7,2,9,0,0,0
YOLO11m,8110,21,87,22,18,4,0,3,0,0,0
YOLO11m,8111,12,113,15,10,5,0,1,0,0,1
YOLO11m,8112,10,119,13,10,3,0,0,0,0,0
YOLO11m,8113,10,125,8,7,1,1,2,0,0,0
YOLO11m,8114,11,69,11,11,0,0,0,0,0,0
YOLO11m,8115,6,46,3,3,0,1,2,0,0,0
YOLO11m,8116,5,111,3,3,0,0,2,0,0,0
YOLO11m,8117,19,127,20,10,10,3,2,0,4,0
YOLO11m,8118,16,147,17,11,6,0,4,0,0,1
YOLO11m,8119,12,102,9,8,1,0,3,0,0,1
YOLO11m,8120,30,124,32,26,6,1,1,0,1,1
YOLO11m,8121,13,113,11,8,3,3,2,0,0,0
YOLO11m,8122,5,77,1,1,0,2,2,0,0,0
YOLO11m,8123,21,107,18,12,6,3,4,0,0,2
YOLO11m,8124,12,88,14,11,3,0,1,0,0,0
YOLO11m,8125,12,165,13,10,3,0,1,1,0,0
YOLO11m,8126,16,118,18,14,4,0,1,1,0,0
YOLO11m,8127,14,89,12,10,2,2,2,0,0,0
YOLO11m,8128,23,156,17,13,4,3,5,2,0,0
YOLO11m,8129,6,46,7,6,1,0,0,0,0,0
YOLO11m,8130,16,182,12,8,4,2,3,0,0,3
YOLO11m,8131,14,160,10,9,1,1,4,0,0,0
YOLO11m,8132,26,114,25,23,2,0,2,0,0,1
YOLO11m,8133,20,200,16,13,3,3,3,0,1,0
YOLO11m,8134,27,240,16,11,5,10,2,0,4,0
YOLO11m,8135,12,158,17,11,6,0,1,0,0,0
YOLO11m,8136,13,80,15,13,2,0,0,0,0,0
YOLO11m,8137,16,109,17,12,5,1,3,0,0,0
YOLO11m,8138,14,78,14,11,3,0,2,0,0,1
YOLO11m,8139,27,264,22,13,9,2,11,0,0,1
YOLO11m,8140,25,146,23,15,8,2,5,0,2,1
YOLO11m,8141,11,100,17,9,8,0,0,0,1,1
YOLO11m,8142,7,126,4,4,0,2,1,0,0,0
YOLO11m,8143,6,55,7,5,2,0,0,0,1,0
YOLO11m,8144,24,99,23,17,6,1,2,1,0,3
YOLO11m,8145,12,59,12,9,3,0,2,0,1,0
YOLO11m,8146,26,195,30,21,9,1,3,0,1,0
YOLO11m,8147,9,132,8,7,1,1,1,0,0,0
YOLO11m,8148,10,75,9,6,3,0,3,0,1,0
YOLO11m,8149,11,117,14,10,4,0,1,0,0,0
YOLO11m,8150,22,180,23,15,8,0,2,0,1,4
YOLO11m,8151,46,223,35,31,4,4,9,0,0,2
YOLO11m,8152,13,101,12,10,2,0,2,0,0,1
YOLO11m,8153,27,194,28,24,4,1,2,0,0,0
YOLO11m,8154,18,79,21,16,5,0,1,0,0,1
YOLO11m,8155,17,82,12,11,1,0,5,0,0,1
YOLO11m,8156,6,103,7,6,1,0,0,0,0,0
YOLO11m,8157,37,230,29,23,6,3,7,0,0,4
YOLO11m,8158,19,157,17,14,3,0,5,0,0,0
YOLO11m,8159,13,82,11,8,3,1,2,0,2,0
YOLO11m,8160,8,95,3,2,1,0,6,0,0,0
YOLO11m,8161,22,134,15,14,1,1,7,0,0,0
YOLO11m,8162,23,108,22,13,9,0,8,0,0,2
YOLO11m,8163,19,187,14,11,3,1,2,1,2,2
YOLO11m,8164,19,107,21,18,3,0,1,0,0,0
YOLO11m,8165,6,116,8,6,2,0,0,0,0,0
YOLO11m,8166,9,118,9,7,2,0,2,0,0,0
YOLO11m,8167,7,87,9,7,2,0,0,0,0,0
YOLO11m,8168,20,163,30,15,15,0,2,1,0,2
YOLO11m,8169,17,209,27,15,12,0,2,0,0,0
YOLO11m,8170,31,300,31,23,8,1,4,0,0,3
YOLO11m,8171,20,234,22,18,4,0,2,0,0,0
YOLO11m,8172,30,198,22,17,5,5,6,0,0,2
YOLO11m,8173,4,26,4,3,1,0,1,0,0,0
YOLO11m,8174,27,150,33,18,15,0,3,0,0,6
YOLO11m,8175,20,131,15,9,6,1,5,0,1,4
YOLO11m,8176,37,238,32,28,4,6,2,0,0,1
YOLO11m,8177,6,41,7,6,1,0,0,0,0,0
YOLO11m,8178,34,249,31,26,5,1,5,0,0,2
YOLO11m,8179,4,147,2,1,1,0,3,0,0,0
YOLO11m,8180,29,221,26,20,6,0,7,0,0,2
YOLO11m,8181,20,160,12,10,2,5,5,0,0,0
YOLO11m,8182,16,69,15,13,2,0,1,0,1,1
YOLO11m,8183,15,106,6,5,1,5,3,0,0,2
YOLO11m,8184,43,231,42,33,9,4,1,0,0,5
YOLO11m,8185,14,135,11,9,2,2,2,0,0,1
YOLO11m,8186,8,82,9,8,1,0,0,0,0,0
YOLO11m,8187,38,300,42,31,11,0,3,0,0,4
YOLO11m,8188,24,216,28,19,9,2,1,0,0,2
YOLO11m,8189,23,120,20,16,4,2,5,0,0,0
YOLO11m,8190,35,187,32,21,11,1,3,0,0,10
YOLO11m,8191,16,71,17,14,3,1,0,0,0,1
YOLO11m,8192,23,193,22,17,5,0,3,0,0,3
YOLO11m,8193,19,78,23,15,8,1,1,0,0,2
YOLO11m,8194,22,81,21,16,5,0,3,1,0,2
YOLO11m,8195,18,208,31,15,16,0,2,0,0,1
YOLO11m,8196,18,104,15,11,4,2,4,0,1,0
YOLO11m,8197,16,94,17,14,3,0,2,0,0,0
YOLO11m,8198,6,54,9,6,3,0,0,0,0,0
YOLO11m,8199,5,39,2,2,0,0,3,0,0,0
YOLO11m,8200,25,173,26,20,6,0,5,0,0,0
YOLO11m,8201,14,93,16,13,3,0,0,0,1,0
YOLO11m,8202,8,81,7,6,1,0,2,0,0,0
YOLO11m,8203,16,139,12,10,2,1,4,1,0,0
YOLO11m,8204,11,113,11,6,5,1,4,0,0,0
YOLO11m,8205,4,22,3,3,0,0,1,0,0,0
YOLO11m,8206,29,207,33,26,7,1,2,0,0,0
YOLO11m,8207,22,85,25,19,6,0,0,2,0,1
YOLO11m,8208,21,239,21,14,7,1,6,0,0,0
YOLO11m,8209,8,102,7,5,2,2,1,0,0,0
YOLO11m,8210,35,219,28,15,13,3,11,0,0,6
YOLO11m,8211,18,166,16,15,1,1,2,0,0,0
YOLO11m,8212,23,109,11,9,2,5,8,0,0,1
YOLO11m,8213,19,109,15,14,1,2,2,0,0,1
YOLO11m,8214,37,235,38,32,6,0,3,0,0,2
YOLO11m,8215,4,69,2,2,0,0,2,0,0,0
YOLO11m,8216,22,67,20,10,10,2,1,0,0,9
YOLO11m,8217,20,110,21,20,1,0,0,0,0,0
YOLO11m,8218,5,128,10,5,5,0,0,0,0,0
YOLO11m,8219,18,168,7,6,1,3,9,0,0,0
YOLO11m,8220,32,184,23,22,1,5,4,0,0,1
YOLO11m,8221,7,76,6,5,1,0,2,0,0,0
YOLO11m,8222,12,160,10,9,1,0,3,0,0,0
YOLO11m,8223,22,89,24,19,5,0,2,1,0,0
YOLO11m,8224,33,217,26,23,3,1,6,1,0,2
YOLO11m,8225,39,300,34,32,2,3,4,0,0,0
YOLO11m,8226,15,107,20,15,5,0,0,0,0,0
YOLO11m,8227,41,196,39,26,13,3,0,0,2,10
YOLO11m,8228,37,186,27,25,2,5,6,1,0,0
YOLO11m,8229,22,131,21,17,4,0,4,0,0,1
YOLO11m,8230,15,98,13,7,6,1,2,0,2,3
YOLO11m,8231,25,192,24,17,7,5,1,0,0,2
YOLO11m,8232,27,79,25,23,2,0,1,1,0,2
YOLO11m,8233,37,175,30,24,6,2,6,0,0,5
YOLO11m,8234,8,223,4,3,1,0,5,0,0,0
YOLO11m,8235,14,53,19,11,8,0,1,0,0,2
YOLO11m,8236,4,67,6,3,3,0,0,0,1,0
YOLO11m,8237,4,61,3,3,0,1,0,0,0,0
YOLO11m,8238,12,64,11,7,4,2,0,0,1,2
YOLO11m,8239,15,74,14,11,3,1,1,1,0,1
YOLO11m,8240,15,184,17,9,8,1,3,0,0,2
YOLO11m,8241,16,101,18,16,2,0,0,0,0,0
YOLO11m,8242,8,77,8,8,0,0,0,0,0,0
YOLO11m,8243,17,163,19,13,6,0,3,0,0,1
YOLO11m,8244,15,70,15,13,2,0,2,0,0,0
YOLO11m,8245,17,121,19,15,4,1,0,0,0,1
YOLO11m,8246,14,169,11,7,4,2,5,0,0,0
YOLO11m,8247,18,173,12,12,0,1,5,0,0,0
YOLO11m,8248,16,146,17,16,1,0,0,0,0,0
YOLO11m,8249,29,135,32,21,11,2,2,0,1,3
YOLO11m,8250,10,95,10,9,1,0,1,0,0,0
YOLO11m,8251,24,203,29,20,9,1,3,0,0,0
YOLO11m,8252,6,78,6,6,0,0,0,0,0,0
YOLO11m,8253,10,79,12,10,2,0,0,0,0,0
YOLO11m,8254,35,271,32,24,8,3,5,0,0,3
YOLO11m,8255,20,174,16,13,3,3,1,0,0,3
YOLO11m,8256,9,114,9,7,2,0,2,0,0,0
YOLO11m,8257,9,83,11,7,4,0,1,0,1,0
YOLO11m,8258,20,112,21,16,5,0,2,0,0,2
YOLO11m,8259,13,113,17,9,8,0,1,0,0,3
YOLO11m,8260,11,154,17,10,7,1,0,0,0,0
YOLO11m,8261,8,111,8,8,0,0,0,0,0,0
YOLO11m,8262,19,198,16,11,5,1,5,0,1,1
YOLO11m,8263,14,94,15,8,7,1,1,0,1,3
YOLO11m,8264,18,117,19,14,5,0,3,0,1,0
YOLO11m,8265,8,110,6,6,0,0,2,0,0,0
YOLO11m,8266,17,63,15,15,0,0,0,1,0,1
YOLO11m,8267,22,140,24,19,5,0,2,0,1,0
YOLO11m,8268,8,26,10,7,3,0,0,0,0,1
YOLO11m,8269,32,103,30,28,2,1,2,0,0,1
YOLO11m,8270,20,107,19,16,3,1,2,0,0,1
YOLO11m,8271,17,93,13,12,1,1,3,0,0,1
YOLO11m,8272,14,222,6,4,2,2,7,0,1,0
YOLO11m,8273,11,105,13,6,7,4,0,0,0,1
YOLO11m,8274,16,58,13,11,2,1,0,0,0,4
YOLO11m,8275,35,207,29,22,7,4,2,0,0,7
YOLO11m,8276,24,241,25,19,6,0,3,0,1,1
YOLO11m,8277,12,96,13,7,6,0,3,0,0,2
YOLO11m,8278,22,182,21,16,5,0,4,0,0,2
YOLO11m,8279,19,163,15,13,2,2,4,0,0,0
YOLO11m,8280,12,73,13,10,3,0,1,0,0,1
YOLO11m,8281,33,124,26,19,7,2,4,0,1,7
YOLO11m,8282,6,34,3,3,0,1,2,0,0,0
YOLO11m,8283,7,47,8,7,1,0,0,0,0,0
YOLO11m,8284,18,159,22,16,6,0,2,0,0,0
YOLO11m,8285,9,89,9,9,0,0,0,0,0,0
YOLO11m,8286,12,170,13,12,1,0,0,0,0,0
YOLO11m,8287,23,100,25,16,9,1,3,0,0,3
YOLO11m,8288,8,69,12,6,6,0,1,0,0,1
YOLO11m,8289,19,174,19,13,6,0,5,0,0,1
YOLO11m,8290,25,246,29,19,10,1,3,0,1,1
YOLO11m,8291,13,135,13,8,5,1,1,0,1,2
YOLO11m,8292,28,255,19,14,5,3,8,0,0,3
YOLO11m,8293,13,102,9,9,0,2,2,0,0,0
YOLO11m,8294,28,166,24,18,6,2,5,0,0,3
YOLO11m,8295,5,97,5,4,1,0,1,0,0,0
YOLO11m,8296,4,46,5,4,1,0,0,0,0,0
YOLO11m,8297,5,33,3,3,0,1,1,0,0,0
YOLO11m,8298,4,91,8,4,4,0,0,0,0,0
YOLO11m,8299,19,76,19,13,6,0,4,0,0,2
YOLO11m,8300,7,102,9,7,2,0,0,0,0,0
YOLO11m,8301,22,195,13,6,7,3,12,0,0,1
YOLO11m,8302,4,51,3,2,1,0,2,0,0,0
YOLO11m,8303,6,47,6,6,0,0,0,0,0,0
YOLO11m,8304,5,63,7,2,5,0,2,0,0,1
YOLO11m,8305,12,209,13,9,4,0,3,0,0,0
YOLO11m,8306,21,181,20,17,3,0,3,0,0,1
YOLO11m,8307,17,135,15,12,3,1,4,0,0,0
YOLO11m,8308,11,114,9,9,0,1,1,0,0,0
YOLO11m,8309,24,70,26,23,3,0,0,0,0,1
YOLO11m,8310,8,91,9,7,2,0,1,0,0,0
YOLO11m,8311,18,202,18,16,2,0,2,0,0,0
YOLO11m,8312,7,43,11,7,4,0,0,0,0,0
YOLO11m,8313,27,118,21,20,1,2,4,0,0,1
YOLO11m,8314,14,87,11,9,2,2,3,0,0,0
YOLO11m,8315,5,77,14,4,10,0,0,0,0,1
YOLO11m,8316,10,69,9,8,1,0,2,0,0,0
YOLO11m,8317,5,111,3,2,1,1,2,0,0,0
YOLO11m,8318,7,74,8,7,1,0,0,0,0,0
YOLO11m,8319,6,32,6,5,1,0,0,0,0,1
YOLO11m,8320,8,45,7,7,0,1,0,0,0,0
YOLO11m,8321,7,149,8,4,4,1,2,0,0,0
YOLO11m,8322,23,158,26,18,8,1,2,0,1,1
YOLO11m,8323,11,83,12,8,4,0,3,0,0,0
YOLO11m,8324,31,160,30,20,10,1,7,0,0,3
YOLO11m,8325,14,105,17,11,6,1,0,0,0,2
YOLO11m,8326,49,257,44,31,13,4,8,0,1,5
YOLO11m,8327,34,207,34,28,6,2,4,0,0,0
YOLO11m,8328,39,300,31,24,7,7,6,0,0,2
YOLO11m,8329,5,82,6,3,3,0,2,0,0,0
YOLO11m,8330,21,67,23,17,6,1,0,0,0,3
YOLO11m,8331,20,87,18,15,3,2,2,0,0,1
YOLO11m,8332,16,181,15,13,2,2,1,0,0,0
YOLO11m,8333,21,134,28,18,10,0,0,0,0,3
YOLO11m,8334,30,164,24,20,4,6,1,0,0,3
YOLO11m,8335,20,178,17,14,3,2,3,0,0,1
YOLO11m,8336,33,195,25,23,2,2,4,1,0,3
YOLO11m,8337,18,74,21,11,10,1,1,0,0,5
YOLO11m,8338,8,88,8,7,1,0,1,0,0,0
YOLO11m,8339,6,76,4,4,0,0,2,0,0,0
YOLO11m,8340,9,181,12,6,6,0,3,0,0,0
YOLO11m,8341,25,140,25,17,8,2,5,0,0,1
YOLO11m,8342,7,56,7,5,2,0,1,0,1,0
YOLO11m,8343,32,231,32,23,9,2,4,0,0,3
YOLO11m,8344,8,50,7,5,2,1,0,0,1,1
YOLO11m,8345,35,172,36,29,7,0,1,0,3,2
YOLO11m,8346,19,132,18,16,2,0,2,0,1,0
YOLO11m,8347,22,86,11,5,6,6,4,0,0,7
YOLO11m,8348,17,134,23,11,12,0,4,0,0,2
YOLO11m,8349,17,126,23,12,11,0,1,1,1,2
YOLO11m,8350,19,122,15,12,3,2,3,0,1,1
YOLO11m,8351,27,155,31,21,10,2,1,0,0,3
YOLO11m,8352,17,202,18,13,5,0,3,0,0,1
YOLO11m,8353,17,65,17,17,0,0,0,0,0,0
YOLO11m,8354,10,146,8,7,1,0,3,0,0,0
YOLO11m,8355,22,135,16,14,2,0,7,0,0,1
YOLO11m,8356,27,190,21,17,4,5,3,1,0,1
YOLO11m,8357,16,75,17,15,2,0,0,0,1,0
YOLO11m,8358,26,184,21,19,2,2,4,0,0,1
YOLO11m,8359,12,41,14,10,4,0,1,0,0,1
YOLO11m,8360,21,110,20,20,0,0,0,1,0,0
YOLO11m,8361,9,106,10,6,4,0,3,0,0,0
YOLO11m,8362,29,149,23,20,3,1,8,0,0,0
YOLO11m,8363,21,189,30,19,11,0,2,0,0,0
YOLO11m,8364,15,79,15,13,2,0,0,0,1,1
YOLO11m,8365,9,67,12,8,4,0,0,0,1,0
YOLO11m,8366,14,141,18,12,6,1,1,0,0,0
YOLO11m,8367,28,159,26,23,3,1,3,0,0,1
YOLO11m,8368,16,84,17,14,3,0,1,0,0,1
YOLO11m,8369,7,109,5,5,0,0,2,0,0,0
YOLO11m,8370,23,112,17,15,2,3,5,0,0,0
YOLO11m,8371,22,94,21,15,6,0,0,3,1,3
YOLO11m,8372,23,95,18,14,4,2,3,1,0,3
YOLO11m,8373,11,75,13,10,3,1,0,0,0,0
YOLO11m,8374,5,54,6,5,1,0,0,0,0,0
YOLO11m,8375,24,215,22,15,7,2,7,0,0,0
YOLO11m,8376,29,219,33,18,15,2,6,0,2,1
YOLO11m,8377,13,78,19,12,7,0,1,0,0,0
YOLO11m,8378,22,146,17,11,6,5,4,0,0,2
YOLO11m,8379,17,266,18,14,4,1,2,0,0,0
YOLO11m,8380,4,27,2,2,0,0,2,0,0,0
YOLO11m,8381,6,68,4,2,2,3,0,0,0,1
YOLO11m,8382,12,259,14,7,7,1,4,0,0,0
YOLO11m,8383,13,144,11,10,1,0,3,0,0,0
YOLO11m,8384,27,172,24,21,3,1,3,1,0,1
YOLO11m,8385,27,148,24,22,2,3,1,0,0,1
YOLO11m,8386,12,164,18,10,8,0,2,0,0,0
YOLO11m,8387,30,252,32,25,7,1,4,0,0,0
YOLO11m,8388,38,226,31,24,7,5,8,0,0,1
YOLO11m,8389,10,65,8,7,1,1,1,0,0,1
YOLO11m,8390,25,120,19,16,3,3,2,0,1,3
YOLO11m,8391,13,153,22,10,12,0,2,0,0,1
YOLO11m,8392,18,113,23,13,10,1,3,0,0,1
YOLO11m,8393,7,73,2,2,0,1,4,0,0,0
YOLO11m,8394,42,201,36,30,6,0,9,0,1,2
YOLO11m,8395,11,86,6,5,1,3,1,1,0,1
YOLO11m,8396,35,300,37,29,8,2,3,0,0,1
YOLO11m,8397,18,221,11,11,0,1,5,0,0,1
YOLO11m,8398,6,110,5,4,1,1,1,0,0,0
YOLO11m,8399,21,83,23,15,8,2,1,1,0,2
YOLO11m,8400,13,105,13,10,3,0,3,0,0,0
YOLO11m,8401,22,55,21,17,4,0,2,0,0,3
YOLO11m,8402,16,89,13,12,1,0,4,0,0,0
YOLO11m,8403,15,97,19,12,7,0,0,0,1,2
YOLO11m,8404,6,98,11,5,6,0,1,0,0,0
YOLO11m,8405,36,272,41,27,14,1,6,0,0,2
YOLO11m,8406,21,111,24,17,7,0,1,0,0,3
YOLO11m,8407,43,230,30,26,4,7,7,1,0,2
YOLO11m,8408,5,81,6,2,4,0,2,0,0,1
YOLO11m,8409,5,56,4,3,1,1,1,0,0,0
YOLO11m,8410,16,118,16,13,3,0,3,0,0,0
YOLO11m,8411,20,86,20,20,0,0,0,0,0,0
YOLO11m,8412,20,90,25,17,8,0,1,0,0,2
YOLO11m,8413,26,127,30,23,7,1,1,0,0,1
YOLO11m,8414,17,132,15,14,1,2,1,0,0,0
YOLO11m,8415,22,124,25,15,10,2,5,0,0,0
YOLO11m,8416,15,129,16,12,4,1,2,0,0,0
YOLO11m,8417,28,195,26,20,6,0,6,0,0,2
YOLO11m,8418,17,119,16,15,1,1,1,0,0,0
YOLO11m,8419,20,135,18,17,1,2,1,0,0,0
YOLO11m,8420,22,127,28,19,9,2,0,0,0,1
YOLO11m,8421,49,300,51,36,15,3,7,0,0,3
YOLO11m,8422,15,182,19,13,6,0,1,0,0,1
YOLO11m,8423,16,137,11,9,2,4,3,0,0,0
YOLO11m,8424,20,218,15,15,0,1,4,0,0,0
YOLO11m,8425,11,170,13,8,5,1,2,0,0,0
YOLO11m,8426,33,265,30,24,6,2,7,0,0,0
YOLO11m,8427,30,120,31,24,7,0,1,3,0,2
YOLO11m,8428,9,85,9,9,0,0,0,0,0,0
YOLO11m,8429,22,159,17,12,5,4,3,0,1,2
YOLO11m,8430,45,166,38,34,4,3,6,0,0,2
YOLO11m,8431,20,151,16,11,5,0,5,0,0,4
YOLO11m,8432,26,128,25,17,8,0,6,0,0,3
YOLO11m,8433,14,175,13,10,3,1,2,1,0,0
YOLO11m,8434,14,144,14,12,2,1,1,0,0,0
YOLO11m,8435,17,133,8,7,1,5,5,0,0,0
YOLO11m,8436,15,62,12,11,1,1,2,0,0,1
YOLO11m,8437,14,123,17,11,6,2,0,0,1,0
YOLO11m,8438,25,97,23,18,5,1,4,0,0,2
YOLO11m,8439,9,189,8,5,3,0,3,0,0,1
YOLO11m,8440,16,183,13,10,3,4,2,0,0,0
YOLO11m,8441,27,213,23,18,5,1,5,0,0,3
YOLO11m,8442,5,131,4,4,0,0,1,0,0,0
YOLO11m,8443,21,115,18,14,4,0,6,0,1,0
YOLO11m,8444,13,53,13,11,2,0,0,0,1,1
YOLO11m,8445,7,112,9,6,3,0,1,0,0,0
YOLO11m,8446,4,98,5,3,2,0,1,0,0,0
YOLO11m,8447,13,104,12,9,3,0,2,0,0,2
YOLO11m,8448,4,63,5,4,1,0,0,0,0,0
YOLO11m,8449,39,238,42,31,11,2,4,1,0,1
YOLO11m,8450,25,300,10,5,5,5,15,0,0,0
YOLO11m,8451,9,72,7,7,0,0,2,0,0,0
YOLO11m,8452,17,72,16,14,2,0,2,0,0,1
YOLO11m,8453,22,139,18,15,3,3,4,0,0,0
YOLO11m,8454,5,66,6,3,3,1,0,0,1,0
YOLO11m,8455,31,175,31,25,6,1,4,0,0,1
YOLO11m,8456,14,118,13,9,4,3,0,0,0,2
YOLO11m,8457,9,116,7,7,0,1,1,0,0,0
YOLO11m,8458,25,104,23,17,6,2,4,0,0,2
YOLO11m,8459,16,165,22,12,10,0,3,0,0,1
YOLO11m,8460,19,91,15,13,2,0,5,0,0,1
YOLO11m,8461,23,129,23,18,5,0,3,0,1,1
YOLO11m,8462,5,59,4,4,0,0,1,0,0,0
YOLO11m,8463,10,71,7,7,0,2,1,0,0,0
YOLO11m,8464,7,12,6,6,0,0,0,1,0,0
YOLO11m,8465,14,62,21,10,11,0,0,0,0,4
YOLO11m,8466,6,60,5,5,0,0,1,0,0,0
YOLO11m,8467,24,185,27,17,10,1,3,0,1,2
YOLO11m,8468,23,128,24,19,5,0,3,0,1,0
YOLO11m,8469,11,137,10,7,3,3,1,0,0,0
YOLO11m,8470,6,44,5,4,1,0,2,0,0,0
YOLO11m,8471,12,88,14,11,3,1,0,0,0,0
YOLO11m,8472,26,207,27,18,9,1,2,0,0,5
YOLO11m,8473,9,211,8,5,3,0,4,0,0,0
YOLO11m,8474,8,73,9,7,2,0,1,0,0,0
YOLO11m,8475,20,177,24,15,9,0,2,0,0,3
YOLO11m,8476,6,64,6,3,3,0,2,0,0,1
YOLO11m,8477,13,230,11,7,4,0,6,0,0,0
YOLO11m,8478,6,166,7,4,3,0,1,0,0,1
YOLO11m,8479,11,139,8,6,2,0,5,0,0,0
YOLO11m,8480,18,147,16,12,4,1,2,0,1,2
YOLO11m,8481,11,109,10,8,2,0,2,0,0,1
YOLO11m,8482,30,194,22,18,4,4,5,0,1,2
YOLO11m,8483,14,83,16,13,3,0,0,0,0,1
YOLO11m,8484,28,178,30,23,7,0,3,0,1,1
YOLO11m,8485,35,154,32,29,3,1,4,1,0,0
YOLO11m,8486,46,188,39,21,18,5,9,0,5,6
YOLO11m,8487,21,115,19,18,1,1,2,0,0,0
YOLO11m,8488,19,81,19,15,4,0,2,0,0,2
YOLO11m,8489,15,180,21,13,8,0,2,0,0,0
YOLO11m,8490,38,203,24,20,4,7,9,0,0,2
YOLO11m,8491,27,141,15,13,2,5,8,0,0,1
YOLO11m,8492,21,171,15,14,1,3,3,0,0,1
YOLO11m,8493,4,37,4,4,0,0,0,0,0,0
YOLO11m,8494,28,193,23,19,4,1,7,0,0,1
YOLO11m,8495,38,211,23,17,6,3,15,0,0,3
YOLO11m,8496,28,217,26,19,7,2,4,0,0,3
YOLO11m,8497,6,52,5,4,1,0,1,0,0,1
YOLO11m,8498,21,242,21,16,5,2,2,0,0,1
YOLO11m,8499,4,36,5,4,1,0,0,0,0,0
YOLO11m,8500,6,64,10,5,5,0,0,0,0,1
YOLO11m,8501,17,165,19,14,5,2,0,0,1,0
YOLO11m,8502,21,102,20,15,5,0,3,0,0,3
YOLO11m,8503,21,118,19,17,2,1,3,0,0,0
YOLO11m,8504,21,180,19,11,8,0,8,0,0,2
YOLO11m,8505,18,148,16,13,3,2,2,0,0,1
YOLO11m,8506,23,139,25,19,6,0,3,0,0,1
YOLO11m,8507,6,56,5,4,1,0,2,0,0,0
YOLO11m,8508,10,99,7,5,2,1,2,0,0,2
YOLO11m,8509,6,79,4,3,1,0,3,0,0,0
YOLO11m,8510,48,179,43,29,14,7,4,0,0,8
YOLO11m,8511,30,237,25,18,7,2,8,0,0,2
YOLO11m,8512,10,96,9,7,2,0,3,0,0,0
YOLO11m,8513,8,83,8,6,2,0,1,0,1,0
YOLO11m,8514,5,59,5,5,0,0,0,0,0,0
YOLO11m,8515,5,117,6,5,1,0,0,0,0,0
YOLO11m,8516,5,58,6,5,1,0,0,0,0,0
YOLO11m,8517,19,147,27,19,8,0,0,0,0,0
YOLO11m,8518,17,78,19,13,6,0,2,0,0,2
YOLO11m,8519,21,183,25,12,13,3,4,0,0,2
YOLO11m,8520,8,68,9,8,1,0,0,0,0,0
YOLO11m,8521,34,120,38,28,10,0,1,0,0,5
YOLO11m,8522,27,225,29,21,8,0,5,0,0,1
YOLO11m,8523,31,170,31,26,5,0,1,0,1,3
YOLO11m,8524,22,153,15,10,5,1,7,0,0,4
YOLO11m,8525,24,238,34,15,19,2,3,0,0,4
YOLO11m,8526,27,175,24,21,3,0,4,0,0,2
YOLO11m,8527,11,92,14,10,4,0,1,0,0,0
YOLO11m,8528,16,178,17,12,5,0,3,0,0,1
YOLO11m,8529,22,186,20,14,6,2,0,0,0,6
YOLO11m,8530,20,75,21,18,3,0,0,0,0,2
YOLO11m,8531,23,169,17,14,3,3,5,0,0,1
YOLO11m,8532,20,96,19,16,3,0,3,0,0,1
YOLO11m,8533,48,281,38,27,11,3,8,0,0,10
YOLO11m,8534,10,80,12,7,5,0,2,0,0,1
YOLO11m,8535,24,248,28,17,11,2,3,0,1,1
YOLO11m,8536,21,169,20,15,5,0,5,0,0,1
YOLO11m,8537,39,226,31,22,9,4,6,0,0,7
YOLO11m,8538,25,226,33,21,12,0,1,1,0,2
YOLO11m,8539,9,69,8,5,3,0,3,0,1,0
YOLO11m,8540,19,170,24,16,8,0,2,0,1,0
YOLO11m,8541,6,109,10,4,6,1,1,0,0,0
YOLO11m,8542,11,99,10,8,2,0,3,0,0,0
YOLO11m,8543,4,153,7,4,3,0,0,0,0,0
YOLO11m,8544,11,46,5,5,0,3,3,0,0,0
YOLO11m,8545,25,127,25,20,5,1,2,0,0,2
YOLO11m,8546,19,137,26,15,11,0,3,0,0,1
YOLO11m,8547,20,119,21,14,7,0,2,0,2,2
YOLO11m,8548,34,211,24,15,9,2,17,0,0,0
YOLO11m,8549,20,106,19,19,0,0,0,0,0,1
YOLO11m,8550,7,79,13,6,7,0,0,0,1,0
YOLO11m,8551,17,167,6,4,2,7,5,0,0,1
YOLO11m,8552,7,131,9,4,5,0,2,0,0,1
YOLO11m,8553,23,146,28,18,10,1,3,0,0,1
YOLO11m,8554,21,175,14,11,3,5,3,1,1,0
YOLO11m,8555,28,116,21,10,11,6,6,0,2,4
YOLO11m,8556,19,93,22,17,5,0,2,0,0,0
YOLO11m,8557,28,200,30,17,13,1,5,0,0,5
YOLO11m,8558,33,150,33,26,7,0,2,0,0,5
YOLO11m,8559,8,139,6,4,2,3,1,0,0,0
YOLO11m,8560,16,113,14,12,2,0,3,0,0,1
YOLO11m,8561,11,83,9,8,1,2,1,0,0,0
YOLO11m,8562,9,85,11,8,3,0,1,0,0,0
YOLO11m,8563,22,86,26,13,13,0,1,0,0,8
YOLO11m,8564,21,109,18,16,2,3,2,0,0,0
YOLO11m,8565,8,89,7,5,2,0,3,0,0,0
YOLO11m,8566,17,123,22,11,11,0,6,0,0,0
YOLO11m,8567,12,118,11,9,2,0,2,0,0,1
YOLO11m,8568,25,236,29,17,12,0,3,0,1,4
YOLO11m,8569,10,135,7,7,0,0,3,0,0,0
YOLO11m,8570,27,230,31,25,6,0,0,0,0,2
YOLO11m,8571,31,230,26,15,11,3,5,0,0,8
YOLO11m,8572,6,50,6,5,1,0,1,0,0,0
YOLO11m,8573,22,149,18,15,3,0,5,0,1,1
YOLO11m,8574,30,167,38,27,11,1,0,1,1,0
YOLO11m,8575,24,123,21,15,6,2,5,0,1,1
YOLO11m,8576,16,124,22,12,10,1,0,0,0,3
YOLO11m,8577,4,79,7,3,4,0,1,0,0,0
YOLO11m,8578,5,82,5,3,2,1,1,0,0,0
YOLO11m,8579,33,176,40,22,18,1,6,0,2,2
YOLO11m,8580,19,80,17,17,0,1,0,0,0,1
YOLO11m,8581,14,175,10,7,3,3,4,0,0,0
YOLO11m,8582,8,128,7,6,1,0,1,0,1,0
YOLO11m,8583,29,86,26,23,3,1,2,0,0,3
YOLO11m,8584,26,89,30,24,6,0,1,0,0,1
YOLO11m,8585,17,145,18,12,6,1,1,0,0,3
YOLO11m,8586,23,178,21,16,5,3,3,0,0,1
YOLO11m,8587,8,97,7,4,3,0,3,0,1,0
YOLO11m,8588,17,68,14,12,2,0,2,0,0,3
YOLO11m,8589,49,205,36,30,6,4,7,3,0,5
YOLO11m,8590,9,76,18,8,10,0,0,0,0,1
YOLO11m,8591,11,89,13,11,2,0,0,0,0,0
YOLO11m,8592,12,77,12,9,3,0,2,0,0,1
YOLO11m,8593,26,167,25,19,6,2,3,0,0,2
YOLO11m,8594,24,179,17,15,2,2,6,0,0,1
YOLO11m,8595,31,235,27,20,7,0,7,0,0,4
YOLO11m,8596,14,283,15,11,4,1,1,0,0,1
YOLO11m,8597,8,68,4,4,0,2,2,0,0,0
YOLO11m,8598,7,33,6,6,0,0,1,0,0,0
YOLO11m,8599,36,186,30,22,8,1,8,0,1,4
YOLO11m,8600,24,152,22,19,3,0,3,0,1,1
YOLO11m,8601,17,103,20,16,4,0,1,0,0,0
YOLO11m,8602,22,199,26,15,11,2,1,0,0,4
YOLO11m,8603,8,97,6,5,1,0,3,0,0,0
YOLO11m,8604,22,142,15,13,2,5,4,0,0,0
YOLO11m,8605,19,263,20,12,8,1,6,0,0,0
YOLO11m,8606,17,300,14,11,3,1,4,0,0,1
YOLO11m,8607,22,167,14,10,4,2,7,0,1,2
YOLO11m,8608,18,95,16,14,2,0,3,0,0,1
YOLO11m,8609,17,153,11,6,5,1,9,0,0,1
YOLO11m,8610,15,87,20,9,11,0,2,0,0,4
YOLO11m,8611,18,97,17,17,0,0,1,0,0,0
YOLO11m,8612,21,89,20,17,3,0,2,0,0,2
YOLO11m,8613,25,250,18,13,5,5,3,0,0,4
YOLO11m,8614,12,117,9,9,0,1,2,0,0,0
YOLO11m,8615,20,118,16,13,3,1,4,0,0,2
YOLO11m,8616,18,136,22,17,5,0,1,0,0,0
YOLO11m,8617,34,141,34,27,7,0,5,0,0,2
YOLO11m,8618,6,103,4,3,1,2,1,0,0,0
YOLO11m,8619,17,131,22,15,7,2,0,0,0,0
YOLO11m,8620,33,217,27,21,6,1,10,0,0,1
YOLO11m,8621,4,60,7,4,3,0,0,0,0,0
YOLO11m,8622,9,62,11,7,4,0,1,0,1,0
YOLO11m,8623,10,191,10,7,3,0,1,0,0,2
YOLO11m,8624,27,140,20,18,2,2,5,0,0,2
YOLO11m,8625,15,131,14,11,3,2,2,0,0,0
YOLO11m,8626,10,127,14,6,8,1,2,0,0,1
YOLO11m,8627,17,107,6,4,2,7,5,0,0,1
YOLO11m,8628,4,72,4,2,2,1,1,0,0,0
YOLO11m,8629,10,152,11,9,2,0,0,0,1,0
YOLO11m,8630,11,48,9,8,1,0,2,0,0,1
YOLO11m,8631,57,300,41,33,8,6,14,0,0,4
YOLO11m,8632,23,207,19,13,6,1,5,0,0,4
YOLO11m,8633,15,115,16,13,3,0,2,0,0,0
YOLO11m,8634,26,188,32,19,13,1,4,0,0,2
YOLO11m,8635,48,255,31,28,3,5,13,0,0,2
YOLO11m,8636,25,192,25,19,6,0,3,0,0,3
YOLO11m,8637,14,150,15,11,4,1,2,0,0,0
YOLO11m,8638,14,105,15,12,3,0,1,0,0,1
YOLO11m,8639,13,106,13,12,1,1,0,0,0,0
YOLO11m,8640,14,106,18,10,8,0,2,0,1,1
YOLO11m,8641,26,200,31,15,16,3,3,0,0,5
YOLO11m,8642,31,131,26,22,4,6,2,0,0,1
YOLO11m,8643,5,29,5,4,1,0,1,0,0,0
YOLO11m,8644,4,21,3,2,1,0,1,0,0,1
YOLO11m,8645,15,132,17,14,3,0,1,0,0,0
YOLO11m,8646,29,210,30,20,10,1,5,0,0,3
YOLO11m,8647,19,129,15,10,5,3,3,0,0,3
YOLO11m,8648,27,158,32,19,13,0,1,0,0,7
YOLO11m,8649,21,91,20,14,6,1,3,0,0,3
YOLO11m,8650,25,232,28,19,9,0,4,0,0,2
YOLO11m,8651,35,135,37,30,7,0,1,0,0,4
YOLO11m,8652,8,113,8,3,5,0,5,0,0,0
YOLO11m,8653,22,254,26,19,7,0,3,0,0,0
YOLO11m,8654,13,89,7,7,0,0,5,0,0,1
YOLO11m,8655,4,38,6,4,2,0,0,0,0,0
YOLO11m,8656,22,94,26,19,7,0,1,0,0,2
YOLO11m,8657,24,164,23,16,7,4,4,0,0,0
YOLO11m,8658,24,102,21,19,2,0,4,0,0,1
YOLO11m,8659,8,58,8,5,3,1,0,0,0,2
YOLO11m,8660,18,162,16,10,6,2,5,0,0,1
YOLO11m,8661,14,109,11,10,1,0,3,0,0,1
YOLO11m,8662,22,178,18,13,5,2,2,0,0,5
YOLO11m,8663,35,142,27,19,8,2,8,0,2,4
YOLO11m,8664,9,144,10,6,4,0,0,0,1,2
YOLO11m,8665,28,182,25,19,6,3,4,0,1,1
YOLO11m,8666,21,132,23,18,5,0,1,0,0,2
YOLO11m,8667,5,174,3,2,1,0,3,0,0,0
YOLO11m,8668,10,42,6,6,0,0,4,0,0,0
YOLO11m,8669,6,57,10,6,4,0,0,0,0,0
YOLO11m,8670,34,260,35,29,6,1,2,0,0,2
YOLO11m,8671,7,14,3,3,0,2,1,0,0,1
YOLO11m,8672,35,133,20,18,2,4,10,0,0,3
YOLO11m,8673,23,177,29,20,9,1,1,0,0,1
YOLO11m,8674,16,102,11,9,2,2,5,0,0,0
YOLO11m,8675,18,181,17,10,7,4,3,0,0,1
YOLO11m,8676,14,259,18,8,10,0,5,0,0,1
YOLO11m,8677,5,86,0,0,0,2,3,0,0,0
YOLO11m,8678,13,105,16,10,6,1,2,0,0,0
YOLO11m,8679,17,75,14,13,1,1,3,0,0,0
YOLO11m,8680,13,53,14,13,1,0,0,0,0,0
YOLO11m,8681,21,257,19,13,6,2,3,0,0,3
YOLO11m,8682,40,273,34,27,7,2,11,0,0,0
YOLO11m,8683,26,261,33,21,12,0,3,0,1,1
YOLO11m,8684,15,117,19,12,7,1,2,0,0,0
YOLO11m,8685,16,124,18,13,5,0,1,0,0,2
YOLO11m,8686,13,85,13,9,4,1,0,0,3,0
YOLO11m,8687,9,106,13,9,4,0,0,0,0,0
YOLO11m,8688,23,237,19,14,5,1,5,0,2,1
YOLO11m,8689,21,189,18,12,6,1,3,0,2,3
YOLO11m,8690,8,67,7,5,2,0,1,0,0,2
YOLO11m,8691,14,150,18,11,7,0,2,0,1,0
YOLO11m,8692,7,133,7,5,2,0,2,0,0,0
YOLO11m,8693,32,141,33,29,4,0,2,0,0,1
YOLO11m,8694,13,118,14,11,3,0,2,0,0,0
YOLO11m,8695,26,169,22,20,2,1,5,0,0,0
YOLO11m,8696,15,203,16,12,4,0,2,0,0,1
YOLO11m,8697,7,88,17,7,10,0,0,0,0,0
YOLO11m,8698,20,247,17,12,5,4,3,0,0,1
YOLO11m,8699,6,71,5,4,1,0,2,0,0,0
YOLO11m,8700,19,117,14,13,1,1,5,0,0,0
YOLO11m,8701,4,84,5,4,1,0,0,0,0,0
YOLO11m,8702,11,109,16,11,5,0,0,0,0,0
YOLO11m,8703,13,186,16,10,6,1,2,0,0,0
YOLO11m,8704,15,67,15,10,5,0,2,0,0,3
YOLO11m,8705,32,263,31,26,5,0,6,0,0,0
YOLO11m,8706,21,104,22,12,10,2,1,0,1,5
YOLO11m,8707,13,83,10,10,0,1,2,0,0,0
YOLO11m,8708,27,170,25,21,4,2,3,0,1,0
YOLO11m,8709,16,109,15,15,0,1,0,0,0,0
YOLO11m,8710,10,41,10,10,0,0,0,0,0,0
YOLO11m,8711,24,203,24,19,5,0,3,0,0,2
YOLO11m,8712,20,212,11,10,1,4,6,0,0,0
YOLO11m,8713,31,233,33,23,10,0,5,0,1,2
YOLO11m,8714,11,78,8,8,0,0,3,0,0,0
YOLO11m,8715,16,158,16,11,5,0,5,0,0,0
YOLO11m,8716,13,75,10,9,1,1,3,0,0,0
YOLO11m,8717,5,164,8,5,3,0,0,0,0,0
YOLO11m,8718,16,53,15,12,3,0,4,0,0,0
YOLO11m,8719,8,41,10,8,2,0,0,0,0,0
YOLO11m,8720,5,122,4,3,1,0,2,0,0,0
YOLO11m,8721,25,99,29,22,7,1,2,0,0,0
YOLO11m,8722,33,175,31,24,7,1,7,0,0,1
YOLO11m,8723,24,184,27,21,6,0,3,0,0,0
YOLO11m,8724,21,138,14,14,0,1,4,0,0,2
YOLO11m,8725,13,97,13,11,2,0,2,0,0,0
YOLO11m,8726,8,170,11,4,7,0,2,0,0,2
YOLO11m,8727,14,109,12,10,2,1,2,0,0,1
YOLO11m,8728,27,109,33,22,11,2,1,0,0,2
YOLO11m,8729,22,59,24,21,3,0,0,0,0,1
YOLO11m,8730,13,127,11,10,1,0,3,0,0,0
YOLO11m,8731,14,110,15,14,1,0,0,0,0,0
YOLO11m,8732,18,133,19,17,2,0,0,0,0,1
YOLO11m,8733,30,90,31,22,9,0,2,2,0,4
YOLO11m,8734,22,138,19,18,1,1,3,0,0,0
YOLO11m,8735,14,150,15,10,5,1,2,0,1,0
YOLO11m,8736,27,179,20,14,6,1,10,0,0,2
YOLO11m,8737,12,100,12,12,0,0,0,0,0,0
YOLO11m,8738,9,36,8,8,0,1,0,0,0,0
YOLO11m,8739,23,253,13,9,4,3,6,0,3,2
YOLO11m,8740,25,184,26,18,8,3,1,0,0,3
YOLO11m,8741,36,300,40,31,9,5,0,0,0,0
YOLO11m,8742,9,56,10,9,1,0,0,0,0,0
YOLO11m,8743,15,79,22,13,9,0,1,0,0,1
YOLO11m,8744,14,208,15,12,3,0,1,0,0,1
YOLO11m,8745,9,37,7,7,0,2,0,0,0,0
YOLO11m,8746,6,59,6,6,0,0,0,0,0,0
YOLO11m,8747,6,65,6,6,0,0,0,0,0,0
YOLO11m,8748,15,103,12,11,1,1,2,0,0,1
YOLO11m,8749,29,162,30,21,9,1,5,0,0,2
YOLO11m,8750,29,165,26,18,8,4,3,0,0,4
YOLO11m,8751,18,132,17,11,6,1,6,0,0,0
YOLO11m,8752,22,108,16,14,2,3,4,0,0,1
YOLO11m,8753,36,102,30,20,10,3,2,0,0,11
YOLO11m,8754,16,85,19,14,5,0,1,0,0,1
YOLO11m,8755,19,116,25,19,6,0,0,0,0,0
YOLO11m,8756,7,98,5,5,0,1,1,0,0,0
YOLO11m,8757,4,87,3,2,1,0,2,0,0,0
YOLO11m,8758,6,95,10,5,5,0,0,0,1,0
YOLO11m,8759,4,45,4,1,3,1,0,0,0,2
YOLO11m,8760,24,204,17,12,5,1,8,0,0,3
YOLO11m,8761,20,122,14,12,2,2,6,0,0,0
YOLO11m,8762,41,256,24,22,2,7,11,0,0,1
YOLO11m,8763,7,161,2,2,0,1,4,0,0,0
YOLO11m,8764,9,153,7,5,2,1,3,0,0,0
YOLO11m,8765,17,184,16,13,3,0,4,0,0,0
YOLO11m,8766,23,105,27,16,11,2,5,0,0,0
YOLO11m,8767,18,63,16,14,2,0,3,0,0,1
YOLO11m,8768,24,148,26,18,8,0,2,0,1,3
YOLO11m,8769,4,116,2,1,1,0,3,0,0,0
YOLO11m,8770,11,154,8,8,0,1,2,0,0,0
YOLO11m,8771,14,208,13,10,3,0,3,0,1,0
YOLO11m,8772,15,104,12,10,2,0,4,0,0,1
YOLO11m,8773,30,111,32,27,5,0,1,0,0,2
YOLO11m,8774,7,75,5,3,2,2,2,0,0,0
YOLO11m,8775,7,37,8,7,1,0,0,0,0,0
YOLO11m,8776,16,107,19,15,4,1,0,0,0,0
YOLO11m,8777,13,78,17,12,5,0,0,0,0,1
YOLO11m,8778,20,166,18,13,5,1,5,0,0,1
YOLO11m,8779,34,222,37,28,9,1,3,0,2,0
YOLO11m,8780,22,69,25,18,7,0,1,0,1,2
YOLO11m,8781,25,113,27,23,4,0,1,1,0,0
YOLO11m,8782,31,113,28,26,2,2,2,0,0,1
YOLO11m,8783,23,203,24,17,7,0,4,0,0,2
YOLO11m,8784,33,291,25,20,5,4,7,0,0,2
YOLO11m,8785,16,53,13,12,1,2,1,0,0,1
YOLO11m,8786,24,171,19,15,4,2,6,0,0,1
YOLO11m,8787,14,183,9,8,1,1,4,0,1,0
YOLO11m,8788,10,69,7,7,0,0,3,0,0,0
YOLO11m,8789,15,70,13,9,4,0,5,0,1,0
YOLO11m,8790,28,180,25,22,3,2,3,0,0,1
YOLO11m,8791,11,107,8,7,1,0,3,0,0,1
YOLO11m,8792,24,139,21,15,6,4,4,0,0,1
YOLO11m,8793,25,182,28,18,10,0,1,0,0,6
YOLO11m,8794,11,120,12,10,2,1,0,0,0,0
YOLO11m,8795,9,129,11,5,6,1,2,0,0,1
YOLO11m,8796,18,170,19,14,5,1,3,0,0,0
YOLO11m,8797,15,139,10,9,1,1,4,0,1,0
YOLO11m,8798,16,124,12,10,2,1,5,0,0,0
YOLO11m,8799,12,87,15,11,4,1,0,0,0,0
YOLO11m,8800,7,81,7,7,0,0,0,0,0,0
YOLO11m,8801,22,89,23,17,6,3,1,0,0,1
YOLO11m,8802,5,80,3,3,0,0,2,0,0,0
YOLO11m,8803,15,188,13,8,5,0,7,0,0,0
YOLO11m,8804,11,69,10,10,0,0,1,0,0,0
YOLO11m,8805,12,100,12,10,2,0,2,0,0,0
YOLO11m,8806,15,98,9,8,1,5,2,0,0,0
YOLO11m,8807,9,142,10,9,1,0,0,0,0,0
YOLO11m,8808,5,41,2,2,0,2,1,0,0,0
YOLO11m,8809,27,175,24,15,9,3,4,0,0,5
YOLO11m,8810,14,90,20,13,7,0,1,0,0,0
YOLO11m,8811,10,157,10,8,2,0,1,0,0,1
YOLO11m,8812,13,146,14,12,2,0,0,0,1,0
YOLO11m,8813,8,55,8,7,1,0,1,0,0,0
YOLO11m,8814,34,146,34,25,9,1,3,0,0,5
YOLO11m,8815,30,144,30,24,6,1,3,0,0,2
YOLO11m,8816,25,136,31,21,10,0,2,0,1,1
YOLO11m,8817,17,96,21,11,10,0,5,0,0,1
YOLO11m,8818,22,176,18,16,2,1,5,0,0,0
YOLO11m,8819,25,236,22,19,3,2,3,0,0,1
YOLO11m,8820,11,127,8,8,0,0,3,0,0,0
YOLO11m,8821,17,194,20,16,4,0,1,0,0,0
YOLO11m,8822,4,21,3,3,0,0,1,0,0,0
YOLO11m,8823,44,200,36,28,8,3,10,0,0,3
YOLO11m,8824,14,170,11,10,1,2,2,0,0,0
YOLO11m,8825,14,59,13,13,0,1,0,0,0,0
YOLO11m,8826,18,165,15,7,8,0,10,0,0,1
YOLO11m,8827,16,124,17,12,5,1,2,0,0,1
YOLO11m,8828,9,67,10,7,3,0,0,0,0,2
YOLO11m,8829,8,101,7,5,2,0,3,0,0,0
YOLO11m,8830,15,100,17,13,4,1,1,0,0,0
YOLO11m,8831,15,59,15,9,6,1,3,0,0,2
YOLO11m,8832,18,159,19,11,8,1,2,0,0,4
YOLO11m,8833,25,133,15,14,1,3,8,0,0,0
YOLO11m,8834,5,69,4,3,1,0,2,0,0,0
YOLO11m,8835,23,202,29,20,9,1,2,0,0,0
YOLO11m,8836,46,220,23,19,4,13,12,0,0,2
YOLO11m,8837,9,98,5,4,1,3,2,0,0,0
YOLO11m,8838,7,86,6,5,1,0,2,0,0,0
YOLO11m,8839,36,192,33,28,5,0,6,0,0,2
YOLO11m,8840,24,97,28,16,12,2,2,0,2,2
YOLO11m,8841,19,88,18,14,4,1,2,2,0,0
YOLO11m,8842,10,50,11,9,2,0,1,0,0,0
YOLO11m,8843,19,111,20,19,1,0,0,0,0,0
YOLO11m,8844,9,81,15,9,6,0,0,0,0,0
YOLO11m,8845,20,137,25,8,17,0,11,0,0,1
YOLO11m,8846,28,171,32,21,11,3,2,1,0,1
YOLO11m,8847,43,263,30,21,9,4,14,1,0,3
YOLO11m,8848,20,64,19,19,0,0,0,0,0,1
YOLO11m,8849,7,58,3,3,0,1,3,0,0,0
YOLO11m,8850,19,136,20,13,7,0,6,0,0,0
YOLO11m,8851,23,148,19,17,2,0,6,0,0,0
YOLO11m,8852,9,73,10,9,1,0,0,0,0,0
YOLO11m,8853,31,172,27,22,5,3,5,0,0,1
YOLO11m,8854,20,170,18,12,6,3,5,0,0,0
YOLO11m,8855,21,174,19,15,4,1,3,0,0,2
YOLO11m,8856,19,122,14,12,2,0,7,0,0,0
YOLO11m,8857,14,101,18,12,6,0,0,0,1,1
YOLO11m,8858,19,159,19,15,4,0,3,0,0,1
YOLO11m,8859,22,92,25,19,6,0,0,0,1,2
YOLO11m,8860,6,119,6,4,2,1,1,0,0,0
YOLO11m,8861,17,152,21,13,8,0,4,0,0,0
YOLO11m,8862,21,220,25,15,10,1,4,0,0,1
YOLO11m,8863,20,99,21,16,5,0,4,0,0,0
YOLO11m,8864,20,205,17,15,2,0,5,0,0,0
YOLO11m,8865,12,83,13,12,1,0,0,0,0,0
YOLO11m,8866,31,218,27,22,5,3,4,0,0,2
YOLO11m,8867,18,53,22,16,6,1,0,0,0,1
YOLO11m,8868,6,90,8,6,2,0,0,0,0,0
YOLO11m,8869,26,247,28,20,8,0,5,0,0,1
YOLO11m,8870,23,238,20,15,5,2,4,0,0,2
YOLO11m,8871,10,170,10,4,6,0,4,0,0,2
YOLO11m,8872,10,148,11,8,3,1,1,0,0,0
YOLO11m,8873,30,255,28,21,7,0,7,0,1,1
YOLO11m,8874,37,188,43,34,9,0,2,0,0,1
YOLO11m,8875,25,109,22,16,6,1,2,0,1,5
YOLO11m,8876,20,181,12,10,2,3,6,0,0,1
YOLO11m,8877,12,187,14,9,5,1,2,0,0,0
YOLO11m,8878,33,159,29,21,8,5,7,0,0,0
YOLO11m,8879,23,173,22,15,7,2,3,0,0,3
YOLO11m,8880,11,114,7,6,1,2,3,0,0,0
YOLO11m,8881,14,53,16,14,2,0,0,0,0,0
YOLO11m,8882,7,63,6,5,1,0,1,1,0,0
YOLO11m,8883,18,181,23,17,6,0,1,0,0,0
YOLO11m,8884,19,113,15,12,3,2,3,0,2,0
YOLO11m,8885,15,114,16,13,3,1,0,0,1,0
YOLO11m,8886,15,90,13,10,3,1,4,0,0,0
YOLO11m,8887,16,62,14,12,2,0,2,0,0,2
YOLO11m,8888,16,105,11,7,4,3,4,0,0,2
YOLO11m,8889,7,210,7,5,2,1,1,0,0,0
YOLO11m,8890,16,98,15,13,2,0,3,0,0,0
YOLO11m,8891,26,180,26,20,6,1,3,0,0,2
YOLO11m,8892,15,79,13,10,3,0,2,0,0,3
YOLO11m,8893,23,133,21,15,6,2,0,0,0,6
YOLO11m,8894,12,147,10,7,3,0,3,0,0,2
YOLO11m,8895,9,70,6,6,0,1,2,0,0,0
YOLO11m,8896,23,123,26,21,5,0,1,0,0,1
YOLO11m,8897,23,123,22,20,2,0,2,0,0,1
YOLO11m,8898,22,145,25,15,10,0,1,0,1,5
YOLO11m,8899,26,120,15,12,3,5,5,0,0,4
YOLO11m,8900,9,83,7,5,2,1,3,0,0,0
YOLO11m,8901,22,89,25,17,8,2,1,1,0,1
YOLO11m,8902,12,108,8,8,0,0,4,0,0,0
YOLO11m,8903,8,83,5,5,0,0,3,0,0,0
YOLO11m,8904,32,220,31,22,9,1,3,0,0,6
YOLO11m,8905,13,150,16,12,4,1,0,0,0,0
YOLO11m,8906,14,150,14,11,3,1,1,0,0,1
YOLO11m,8907,17,162,15,12,3,0,3,0,0,2
YOLO11m,8908,11,78,8,7,1,2,2,0,0,0
YOLO11m,8909,22,125,18,15,3,3,4,0,0,0
YOLO11m,8910,19,62,19,13,6,0,3,0,1,2
YOLO11m,8911,11,74,9,8,1,0,1,0,0,2
YOLO11m,8912,8,115,6,5,1,0,2,0,0,1
YOLO11m,8913,8,60,7,6,1,0,0,0,0,2
YOLO11m,8914,12,70,9,7,2,1,2,0,1,1
YOLO11m,8915,32,166,17,15,2,8,7,0,0,2
YOLO11m,8916,42,243,41,28,13,2,7,0,0,5
YOLO11m,8917,47,289,43,30,13,5,9,1,2,0
YOLO11m,8918,25,148,28,21,7,2,1,0,0,1
YOLO11m,8919,30,214,23,19,4,3,7,0,0,1
YOLO11m,8920,30,133,25,19,6,2,3,0,0,6
YOLO11m,8921,4,60,4,3,1,0,1,0,0,0
YOLO11m,8922,7,113,6,4,2,0,3,0,0,0
YOLO11m,8923,27,94,23,19,4,1,3,1,1,2
YOLO11m,8924,19,185,25,18,7,0,1,0,0,0
YOLO11m,8925,11,103,12,9,3,0,2,0,0,0
YOLO11m,8926,7,92,8,5,3,0,0,0,0,2
YOLO11m,8927,40,278,34,27,7,2,8,0,0,3
YOLO11m,8928,18,98,19,13,6,1,1,0,0,3
YOLO11m,8929,20,94,25,17,8,0,2,0,0,1
YOLO11m,8930,25,221,27,18,9,2,3,0,1,1
YOLO11m,8931,29,164,27,15,12,5,2,0,2,5
YOLO11m,8932,25,201,34,18,16,1,3,0,0,3
YOLO11m,8933,17,84,17,12,5,2,0,0,0,3
YOLO11m,8934,6,94,4,4,0,1,1,0,0,0
YOLO11m,8935,14,105,12,11,1,1,2,0,0,0
YOLO11m,8936,23,144,24,20,4,1,1,0,0,1
YOLO11m,8937,15,141,14,9,5,1,3,0,0,2
YOLO11m,8938,49,253,28,27,1,5,15,0,0,2
YOLO11m,8939,7,80,6,4,2,0,3,0,0,0
YOLO11m,8940,13,133,12,7,5,0,5,0,0,1
YOLO11m,8941,22,204,17,12,5,3,7,0,0,0
YOLO11m,8942,16,103,19,16,3,0,0,0,0,0
YOLO11m,8943,4,43,3,3,0,0,1,0,0,0
YOLO11m,8944,14,109,18,11,7,0,0,0,0,3
YOLO11m,8945,6,107,7,3,4,2,0,0,0,1
YOLO11m,8946,39,285,38,23,15,0,9,0,3,4
YOLO11m,8947,12,40,10,9,1,1,1,0,0,1
YOLO11m,8948,6,104,8,5,3,1,0,0,0,0
YOLO11m,8949,32,131,26,24,2,1,4,0,0,3
YOLO11m,8950,21,300,16,10,6,1,5,0,2,3
YOLO11m,8951,24,187,29,18,11,0,5,0,0,1
YOLO11m,8952,16,72,18,15,3,0,1,0,0,0
YOLO11m,8953,5,107,5,3,2,0,1,0,0,1
YOLO11m,8954,4,31,3,3,0,0,1,0,0,0
YOLO11m,8955,18,94,17,15,2,1,2,0,0,0
YOLO11m,8956,5,19,5,5,0,0,0,0,0,0
YOLO11m,8957,4,35,3,3,0,1,0,0,0,0
YOLO11m,8958,27,186,15,10,5,3,9,0,0,5
YOLO11m,8959,16,114,11,10,1,1,1,0,0,4
YOLO11m,8960,22,258,22,17,5,2,3,0,0,0
YOLO11m,8961,13,99,10,8,2,0,5,0,0,0
YOLO11m,8962,7,56,7,7,0,0,0,0,0,0
YOLO11m,8963,37,174,38,24,14,1,8,0,0,4
YOLO11m,8964,5,47,3,2,1,1,2,0,0,0
YOLO11m,8965,22,152,21,18,3,1,2,0,0,1
YOLO11m,8966,24,180,21,15,6,0,8,0,0,1
YOLO11m,8967,17,113,17,16,1,1,0,0,0,0
YOLO11m,8968,36,263,46,35,11,0,1,0,0,0
YOLO11m,8969,18,111,18,12,6,1,2,0,1,2
YOLO11m,8970,14,132,16,11,5,0,3,0,0,0
YOLO11m,8971,27,181,29,22,7,0,3,1,0,1
YOLO11m,8972,15,176,14,13,1,0,2,0,0,0
YOLO11m,8973,20,300,25,15,10,2,3,0,0,0
YOLO11m,8974,23,186,28,19,9,1,3,0,0,0
YOLO11m,8975,23,187,17,13,4,2,7,0,0,1
YOLO11m,8976,35,163,36,27,9,4,2,0,0,2
YOLO11m,8977,8,37,6,5,1,2,1,0,0,0
YOLO11m,8978,12,74,15,9,6,1,2,0,0,0
YOLO11m,8979,11,89,9,8,1,0,3,0,0,0
YOLO11m,8980,14,127,6,3,3,5,5,0,0,1
YOLO11m,8981,22,196,29,18,11,0,4,0,0,0
YOLO11m,8982,19,134,22,15,7,0,3,1,0,0
YOLO11m,8983,12,110,17,8,9,2,2,0,0,0
YOLO11m,8984,13,87,9,8,1,1,4,0,0,0
YOLO11m,8985,35,123,17,13,4,10,8,0,0,4
YOLO11m,8986,14,102,15,11,4,0,2,0,1,0
YOLO11m,8987,4,145,4,4,0,0,0,0,0,0
YOLO11m,8988,7,42,7,6,1,0,1,0,0,0
YOLO11m,8989,38,128,18,17,1,10,10,0,0,1
YOLO11m,8990,22,94,21,18,3,1,2,1,0,0
YOLO11m,8991,19,126,14,13,1,3,2,0,0,1
YOLO11m,8992,20,124,19,14,5,1,4,0,1,0
YOLO11m,8993,21,270,26,15,11,1,3,0,0,2
YOLO11m,8994,28,109,21,20,1,4,2,0,0,2
YOLO11m,8995,22,114,23,19,4,0,3,0,0,0
YOLO11m,8996,15,125,16,14,2,0,0,0,0,1
YOLO11m,8997,7,124,7,6,1,0,1,0,0,0
YOLO11m,8998,28,200,27,18,9,0,8,0,1,1
YOLO11m,8999,24,221,19,12,7,2,9,0,0,1
YOLO11m,9000,18,130,13,11,2,3,2,0,0,2
YOLO11m,9001,14,114,15,10,5,1,1,0,0,2
YOLO11m,9002,8,82,7,7,0,0,1,0,0,0
YOLO11m,9003,39,205,32,27,5,1,10,0,0,1
YOLO11m,9004,19,236,32,16,16,1,1,0,0,1
YOLO11m,9005,19,181,11,8,3,2,6,0,1,2
YOLO11m,9006,20,144,15,13,2,0,7,0,0,0
YOLO11m,9007,27,197,30,26,4,0,1,0,0,0
YOLO11m,9008,13,154,13,12,1,0,1,0,0,0
YOLO11m,9009,18,141,13,9,4,1,4,0,0,4
YOLO11m,9010,35,178,17,16,1,13,6,0,0,0
YOLO11m,9011,17,150,18,10,8,1,4,0,2,0
YOLO11m,9012,4,42,7,4,3,0,0,0,0,0
YOLO11m,9013,9,77,8,7,1,0,1,0,1,0
YOLO11m,9014,11,63,11,8,3,0,2,0,0,1
YOLO11m,9015,18,122,16,13,3,1,4,0,0,0
YOLO11m,9016,10,75,10,9,1,1,0,0,0,0
YOLO11m,9017,19,193,21,14,7,1,3,0,1,0
YOLO11m,9018,17,147,18,13,5,1,1,0,0,2
YOLO11m,9019,22,107,24,19,5,0,1,0,0,2
YOLO11m,9020,31,69,19,18,1,5,3,1,0,4
YOLO11m,9021,17,113,13,12,1,1,4,0,0,0
YOLO11m,9022,6,101,7,5,2,0,1,0,0,0
YOLO11m,9023,13,78,14,13,1,0,0,0,0,0
YOLO11m,9024,57,258,47,40,7,6,5,2,0,4
YOLO11m,9025,15,66,10,10,0,0,4,1,0,0
YOLO11m,9026,28,124,16,13,3,1,4,0,0,10
YOLO11m,9027,25,102,25,20,5,1,1,1,0,2
YOLO11m,9028,6,130,6,2,4,1,3,0,0,0
YOLO11m,9029,30,173,24,20,4,1,6,0,0,3
YOLO11m,9030,21,135,23,19,4,0,2,0,0,0
YOLO11m,9031,8,151,13,8,5,0,0,0,0,0
YOLO11m,9032,17,185,9,6,3,1,7,0,0,3
YOLO11m,9033,10,97,12,7,5,1,2,0,0,0
YOLO11m,9034,27,159,30,20,10,1,1,0,0,5
YOLO11m,9035,10,51,14,6,8,0,1,0,0,3
YOLO11m,9036,23,149,27,19,8,1,3,0,0,0
YOLO11m,9037,12,194,14,9,5,0,2,0,0,1
YOLO11m,9038,6,102,7,6,1,0,0,0,0,0
YOLO11m,9039,10,78,12,9,3,0,0,0,1,0
YOLO11m,9040,29,124,36,25,11,0,3,0,0,1
YOLO11m,9041,7,126,8,5,3,0,1,0,1,0
YOLO11m,9042,19,196,19,15,4,3,1,0,0,0
YOLO11m,9043,6,108,7,5,2,0,0,0,0,1
YOLO11m,9044,5,36,5,5,0,0,0,0,0,0
YOLO11m,9045,10,128,11,8,3,0,1,0,0,1
YOLO11m,9046,10,144,12,9,3,0,1,0,0,0
YOLO11m,9047,29,275,27,20,7,1,5,0,0,3
YOLO11m,9048,15,102,13,11,2,0,2,0,0,2
YOLO11m,9049,19,141,23,18,5,0,0,0,0,1
YOLO11m,9050,35,112,27,21,6,2,7,0,0,5
YOLO11m,9051,18,111,18,14,4,1,3,0,0,0
YOLO11m,9052,32,186,34,25,9,2,3,0,0,2
YOLO11m,9053,19,98,21,11,10,0,5,0,0,3
YOLO11m,9054,10,58,9,8,1,0,2,0,0,0
YOLO11m,9055,8,128,8,3,5,3,2,0,0,0
YOLO11m,9056,8,97,10,8,2,0,0,0,0,0
YOLO11m,9057,28,219,15,10,5,9,6,0,0,3
YOLO11m,9058,7,141,7,5,2,0,1,0,0,1
YOLO11m,9059,27,258,20,18,2,3,5,0,0,1
YOLO11m,9060,17,122,15,13,2,1,0,0,0,3
YOLO11m,9061,20,189,15,14,1,2,4,0,0,0
YOLO11m,9062,21,64,22,19,3,0,2,0,0,0
YOLO11m,9063,12,108,9,8,1,0,4,0,0,0
YOLO11m,9064,20,228,17,14,3,2,2,0,0,2
YOLO11m,9065,9,73,7,6,1,1,1,0,0,1
YOLO11m,9066,15,116,13,11,2,0,4,0,0,0
YOLO11m,9067,20,78,22,14,8,0,4,0,0,2
YOLO11m,9068,21,105,17,16,1,2,3,0,0,0
YOLO11m,9069,13,124,10,9,1,2,2,0,0,0
YOLO11m,9070,16,137,14,13,1,1,2,0,0,0
YOLO11m,9071,15,136,14,11,3,0,2,0,0,2
YOLO11m,9072,23,256,25,18,7,1,3,0,0,1
YOLO11m,9073,18,210,14,11,3,2,1,0,2,2
YOLO11m,9074,29,226,32,26,6,0,2,0,0,1
YOLO11m,9075,37,263,29,24,5,5,5,1,1,1
YOLO11m,9076,14,162,16,12,4,0,1,0,0,1
YOLO11m,9077,16,200,24,12,12,3,1,0,0,0
YOLO11m,9078,19,134,21,12,9,2,1,0,0,4
YOLO11m,9079,27,150,29,21,8,1,2,0,1,2
YOLO11m,9080,18,129,14,9,5,3,5,0,0,1
YOLO11m,9081,20,181,21,14,7,1,5,0,0,0
YOLO11m,9082,4,105,6,3,3,0,0,0,0,1
YOLO11m,9083,31,177,34,25,9,2,3,0,0,1
YOLO11m,9084,15,79,16,10,6,0,3,0,0,2
YOLO11m,9085,49,149,32,28,4,14,3,0,2,2
YOLO11m,9086,34,169,25,20,5,5,8,0,1,0
YOLO11m,9087,22,164,19,15,4,2,3,0,0,2
YOLO11m,9088,5,24,4,4,0,0,1,0,0,0
YOLO11m,9089,11,170,15,10,5,1,0,0,0,0
YOLO11m,9090,16,80,22,15,7,0,0,0,0,1
YOLO11m,9091,36,194,41,19,22,3,6,0,0,8
YOLO11m,9092,23,178,18,17,1,2,4,0,0,0
YOLO11m,9093,19,128,15,12,3,2,4,0,0,1
YOLO11m,9094,10,192,13,7,6,0,3,0,0,0
YOLO11m,9095,14,120,8,5,3,2,7,0,0,0
YOLO11m,9096,19,105,18,18,0,0,1,0,0,0
YOLO11m,9097,28,137,20,14,6,3,6,2,0,3
YOLO11m,9098,4,85,3,3,0,0,1,0,0,0
YOLO11m,9099,10,96,9,9,0,0,1,0,0,0
YOLO11m,9100,5,37,7,5,2,0,0,0,0,0
YOLO11m,9101,5,92,7,4,3,1,0,0,0,0
YOLO11m,9102,36,162,35,29,6,1,2,0,0,4
YOLO11m,9103,9,107,7,6,1,1,2,0,0,0
YOLO11m,9104,21,103,25,18,7,0,2,0,0,1
YOLO11m,9105,5,36,7,5,2,0,0,0,0,0
YOLO11m,9106,4,50,5,4,1,0,0,0,0,0
YOLO11m,9107,37,185,32,26,6,2,5,1,3,0
YOLO11m,9108,28,205,26,21,5,2,4,0,0,1
YOLO11m,9109,6,32,8,6,2,0,0,0,0,0
YOLO11m,9110,4,58,5,4,1,0,0,0,0,0
YOLO11m,9111,5,87,4,4,0,1,0,0,0,0
YOLO11m,9112,17,89,22,15,7,0,1,0,0,1
YOLO11m,9113,23,246,30,22,8,0,0,0,0,1
YOLO11m,9114,34,205,33,24,9,1,4,1,0,4
YOLO11m,9115,22,110,19,17,2,0,5,0,0,0
YOLO11m,9116,10,90,7,4,3,1,4,0,0,1
YOLO11m,9117,31,180,26,17,9,10,2,1,0,1
YOLO11m,9118,8,103,8,5,3,0,1,0,2,0
YOLO11m,9119,6,72,5,5,0,1,0,0,0,0
YOLO11m,9120,12,117,13,10,3,0,2,0,0,0
YOLO11m,9121,20,114,15,13,2,4,2,0,0,1
YOLO11m,9122,14,127,28,14,14,0,0,0,0,0
YOLO11m,9123,4,37,4,3,1,0,1,0,0,0
YOLO11m,9124,25,116,29,23,6,0,2,0,0,0
YOLO11m,9125,11,117,9,6,3,1,2,0,0,2
YOLO11m,9126,6,78,5,5,0,0,1,0,0,0
YOLO11m,9127,25,182,25,20,5,1,3,0,0,1
YOLO11m,9128,19,99,20,16,4,0,3,0,0,0
YOLO11m,9129,13,85,14,12,2,0,0,0,0,1
YOLO11m,9130,22,118,22,19,3,0,2,0,0,1
YOLO11m,9131,21,201,21,13,8,0,7,0,0,1
YOLO11m,9132,26,132,30,23,7,2,0,0,0,1
YOLO11m,9133,20,111,23,11,12,1,3,0,0,5
YOLO11m,9134,11,114,8,8,0,0,3,0,0,0
YOLO11m,9135,28,134,29,22,7,0,3,0,1,2
YOLO11m,9136,5,110,4,1,3,0,3,0,0,1
YOLO11m,9137,25,255,20,16,4,1,8,0,0,0
YOLO11m,9138,13,83,9,6,3,1,5,0,1,0
YOLO11m,9139,24,118,26,24,2,0,0,0,0,0
YOLO11m,9140,13,53,11,11,0,0,2,0,0,0
YOLO11m,9141,16,79,19,15,4,0,0,0,1,0
YOLO11m,9142,11,121,10,8,2,1,1,0,0,1
YOLO11m,9143,21,95,25,17,8,0,0,0,2,2
YOLO11m,9144,13,141,18,12,6,0,0,0,1,0
YOLO11m,9145,37,179,35,24,11,3,5,0,5,0
YOLO11m,9146,19,155,22,16,6,0,3,0,0,0
YOLO11m,9147,32,178,29,22,7,2,7,0,0,1
YOLO11m,9148,16,70,10,9,1,3,4,0,0,0
YOLO11m,9149,32,146,30,16,14,3,4,0,0,9
YOLO11m,9150,11,67,11,8,3,0,3,0,0,0
YOLO11m,9151,11,127,16,11,5,0,0,0,0,0
YOLO11m,9152,28,239,22,22,0,0,5,0,0,1
YOLO11m,9153,15,154,11,11,0,0,4,0,0,0
YOLO11m,9154,35,158,31,21,10,1,4,0,0,9
YOLO11m,9155,27,114,29,16,13,1,5,0,0,5
YOLO11m,9156,24,123,29,21,8,1,2,0,0,0
YOLO11m,9157,15,69,16,15,1,0,0,0,0,0
YOLO11m,9158,13,176,13,7,6,0,4,0,1,1
YOLO11m,9159,19,97,20,13,7,1,2,0,2,1
YOLO11m,9160,36,175,22,18,4,8,6,0,1,3
YOLO11m,9161,23,141,18,17,1,3,2,0,0,1
YOLO11m,9162,11,220,12,6,6,1,3,0,0,1
YOLO11m,9163,11,97,8,6,2,1,4,0,0,0
YOLO11m,9164,36,199,44,33,11,0,2,0,0,1
YOLO11m,9165,7,74,7,6,1,0,1,0,0,0
YOLO11m,9166,19,114,17,13,4,2,2,0,0,2
YOLO11m,9167,8,79,14,7,7,0,0,0,0,1
YOLO11m,9168,12,127,12,11,1,1,0,0,0,0
YOLO11m,9169,10,163,15,9,6,0,0,0,0,1
YOLO11m,9170,7,62,7,6,1,0,1,0,0,0
YOLO11m,9171,10,121,11,10,1,0,0,0,0,0
YOLO11m,9172,18,91,8,5,3,3,7,0,0,3
YOLO11m,9173,18,59,19,16,3,0,1,0,0,1
YOLO11m,9174,25,151,29,17,12,1,2,1,1,3
YOLO11m,9175,6,64,5,5,0,0,1,0,0,0
YOLO11m,9176,17,133,20,16,4,0,1,0,0,0
YOLO11m,9177,26,131,30,20,10,0,4,0,0,2
YOLO11m,9178,12,37,11,11,0,1,0,0,0,0
YOLO11m,9179,20,98,19,18,1,0,1,0,0,1
YOLO11m,9180,21,141,18,16,2,4,1,0,0,0
YOLO11m,9181,7,85,0,0,0,1,6,0,0,0
YOLO11m,9182,17,177,14,11,3,2,4,0,0,0
YOLO11m,9183,18,60,20,14,6,0,1,0,0,3
YOLO11m,9184,11,41,10,9,1,0,2,0,0,0
YOLO11m,9185,33,159,35,25,10,0,5,0,0,3
YOLO11m,9186,15,82,14,12,2,0,1,0,1,1
YOLO11m,9187,43,207,38,30,8,3,7,0,2,1
YOLO11m,9188,16,125,9,9,0,4,3,0,0,0
YOLO11m,9189,5,50,3,3,0,1,1,0,0,0
YOLO11m,9190,25,251,23,15,8,2,5,3,0,0
YOLO11m,9191,13,209,12,8,4,1,4,0,0,0
YOLO11m,9192,20,70,22,18,4,0,1,1,0,0
YOLO11m,9193,27,129,20,17,3,0,5,0,0,5
YOLO11m,9194,33,172,30,27,3,4,2,0,0,0
YOLO11m,9195,18,153,18,13,5,0,2,0,0,3
YOLO11m,9196,12,115,12,9,3,0,1,0,0,2
YOLO11m,9197,9,197,4,2,2,1,6,0,0,0
YOLO11m,9198,8,78,9,8,1,0,0,0,0,0
YOLO11m,9199,12,129,7,4,3,1,6,0,0,1
YOLO11m,9200,11,98,12,8,4,0,3,0,0,0
YOLO11m,9201,9,117,10,8,2,0,1,0,0,0
YOLO11m,9202,12,58,16,11,5,0,0,0,0,1
YOLO11m,9203,14,226,11,6,5,2,4,0,0,2
YOLO11m,9204,13,80,12,12,0,0,1,0,0,0
YOLO11m,9205,14,59,17,11,6,0,2,0,1,0
YOLO11m,9206,13,86,12,8,4,0,2,0,0,3
YOLO11m,9207,19,64,20,14,6,0,2,0,0,3
YOLO11m,9208,29,188,20,14,6,7,2,0,2,4
YOLO11m,9209,7,83,4,4,0,2,1,0,0,0
YOLO11m,9210,17,92,13,12,1,2,1,0,0,2
YOLO11m,9211,17,132,19,9,10,2,2,0,0,4
YOLO11m,9212,22,139,20,13,7,0,5,1,1,2
YOLO11m,9213,14,75,14,13,1,1,0,0,0,0
YOLO11m,9214,7,45,9,5,4,1,1,0,0,0
YOLO11m,9215,36,204,35,28,7,2,2,0,0,4
YOLO11m,9216,8,114,8,8,0,0,0,0,0,0
YOLO11m,9217,20,211,19,14,5,1,5,0,0,0
YOLO11m,9218,24,287,27,20,7,0,4,0,0,0
YOLO11m,9219,12,116,11,10,1,0,2,0,0,0
YOLO11m,9220,11,48,10,9,1,1,0,0,0,1
YOLO11m,9221,10,55,8,7,1,0,1,0,0,2
YOLO11m,9222,23,165,18,17,1,1,3,0,0,2
YOLO11m,9223,9,100,10,7,3,0,1,0,0,1
YOLO11m,9224,29,240,37,26,11,1,0,0,0,2
YOLO11m,9225,20,136,28,19,9,0,0,0,0,1
YOLO11m,9226,13,165,12,9,3,1,2,0,1,0
YOLO11m,9227,16,172,17,7,10,5,1,0,0,3
YOLO11m,9228,17,137,17,12,5,0,2,0,1,2
YOLO11m,9229,13,152,14,10,4,1,1,0,0,1
YOLO11m,9230,13,104,15,11,4,0,2,0,0,0
YOLO11m,9231,31,192,31,27,4,0,1,2,0,1
YOLO11m,9232,28,181,35,25,10,0,3,0,0,0
YOLO11m,9233,8,105,10,8,2,0,0,0,0,0
YOLO11m,9234,24,149,23,22,1,0,2,0,0,0
YOLO11m,9235,23,191,21,18,3,1,3,1,0,0
YOLO11m,9236,4,32,10,4,6,0,0,0,0,0
YOLO11m,9237,31,176,27,22,5,2,5,0,0,2
YOLO11m,9238,10,82,18,10,8,0,0,0,0,0
YOLO11m,9239,10,53,8,8,0,1,1,0,0,0
YOLO11m,9240,24,88,20,17,3,4,3,0,0,0
YOLO11m,9241,30,109,29,24,5,0,2,0,0,4
YOLO11m,9242,19,173,24,15,9,0,2,0,0,2
YOLO11m,9243,24,241,21,14,7,2,6,0,1,1
YOLO11m,9244,14,106,9,7,2,2,3,0,0,2
YOLO11m,9245,16,148,15,11,4,1,2,0,0,2
YOLO11m,9246,21,159,21,14,7,3,2,0,1,1
YOLO11m,9247,19,82,18,15,3,2,2,0,0,0
YOLO11m,9248,24,104,27,20,7,1,1,0,1,1
YOLO11m,9249,23,143,22,17,5,0,3,0,1,2
YOLO11m,9250,19,176,22,15,7,0,2,0,0,2
YOLO11m,9251,25,162,23,17,6,2,5,0,0,1
YOLO11m,9252,16,63,21,15,6,0,0,0,0,1
YOLO11m,9253,16,109,15,12,3,1,2,0,0,1
YOLO11m,9254,10,77,12,7,5,0,3,0,0,0
YOLO11m,9255,28,181,27,22,5,1,4,0,0,1
YOLO11m,9256,15,161,8,6,2,3,6,0,0,0
YOLO11m,9257,8,108,9,5,4,0,3,0,0,0
YOLO11m,9258,12,120,6,3,3,4,4,0,0,1
YOLO11m,9259,8,106,7,6,1,0,2,0,0,0
YOLO11m,9260,10,74,12,9,3,0,1,0,0,0
YOLO11m,9261,27,154,27,22,5,1,1,0,1,2
YOLO11m,9262,11,148,12,7,5,0,0,0,2,2
YOLO11m,9263,34,158,29,25,4,2,4,0,0,3
YOLO11m,9264,21,151,21,17,4,3,1,0,0,0
YOLO11m,9265,39,191,16,13,3,12,10,0,0,4
YOLO11m,9266,29,143,29,17,12,4,6,0,0,2
YOLO11m,9267,24,173,18,17,1,1,6,0,0,0
YOLO11m,9268,15,120,12,7,5,0,3,0,0,5
YOLO11m,9269,13,112,8,8,0,0,5,0,0,0
YOLO11m,9270,14,123,16,10,6,0,0,0,0,4
YOLO11m,9271,18,99,18,14,4,0,1,0,1,2
YOLO11m,9272,14,79,12,11,1,0,3,0,0,0
YOLO11m,9273,7,69,7,4,3,1,2,0,0,0
YOLO11m,9274,16,107,13,12,1,1,2,0,1,0
YOLO11m,9275,10,83,10,8,2,0,1,0,0,1
YOLO11m,9276,17,162,20,14,6,2,1,0,0,0
YOLO11m,9277,16,226,21,14,7,0,0,0,0,2
YOLO11m,9278,9,112,8,7,1,0,1,0,0,1
YOLO11m,9279,17,174,23,16,7,0,1,0,0,0
YOLO11m,9280,24,166,25,16,9,1,2,0,0,5
YOLO11m,9281,17,144,15,7,8,2,6,0,1,1
YOLO11m,9282,8,70,9,7,2,0,0,0,0,1
YOLO11m,9283,13,84,14,13,1,0,0,0,0,0
YOLO11m,9284,13,105,13,11,2,0,1,0,0,1
YOLO11m,9285,14,155,21,11,10,0,2,0,0,1
YOLO11m,9286,20,135,18,13,5,2,3,0,1,1
YOLO11m,9287,6,81,5,4,1,0,2,0,0,0
YOLO11m,9288,28,197,33,26,7,0,2,0,0,0
YOLO11m,9289,16,173,19,14,5,0,2,0,0,0
YOLO11m,9290,21,71,21,18,3,3,0,0,0,0
YOLO11m,9291,19,71,21,16,5,0,2,0,0,1
YOLO11m,9292,20,154,17,14,3,0,6,0,0,0
YOLO11m,9293,34,278,35,22,13,3,5,0,1,3
YOLO11m,9294,25,117,19,12,7,6,3,0,0,4
YOLO11m,9295,19,81,10,7,3,5,6,0,0,1
YOLO11m,9296,9,68,12,9,3,0,0,0,0,0
YOLO11m,9297,23,135,21,17,4,0,5,0,1,0
YOLO11m,9298,21,166,24,12,12,2,2,0,0,5
YOLO11m,9299,23,126,23,18,5,0,3,0,1,1
YOLO11m,9300,23,131,20,16,4,2,3,0,0,2
YOLO11m,9301,14,80,13,11,2,1,1,0,0,1
YOLO11m,9302,16,102,18,14,4,0,1,0,0,1
YOLO11m,9303,20,191,16,11,5,4,3,0,0,2
YOLO11m,9304,20,177,21,16,5,0,1,0,0,3
YOLO11m,9305,9,88,9,7,2,0,0,0,0,2
YOLO11m,9306,16,111,17,14,3,0,1,0,0,1
YOLO11m,9307,15,184,17,12,5,0,3,0,0,0
YOLO11m,9308,40,259,38,31,7,0,8,0,0,1
YOLO11m,9309,18,264,18,15,3,1,2,0,0,0
YOLO11m,9310,20,144,27,16,11,0,1,0,2,1
YOLO11m,9311,34,227,34,26,8,2,5,0,0,1
YOLO11m,9312,38,263,26,23,3,2,11,1,0,1
YOLO11m,9313,20,183,18,16,2,0,4,0,0,0
YOLO11m,9314,7,27,8,6,2,0,1,0,0,0
YOLO11m,9315,24,184,24,18,6,1,3,0,0,2
YOLO11m,9316,20,171,24,17,7,1,1,0,0,1
YOLO11m,9317,17,97,18,10,8,0,4,0,0,3
YOLO11m,9318,4,53,4,3,1,1,0,0,0,0
YOLO11m,9319,4,130,2,1,1,1,2,0,0,0
YOLO11m,9320,16,138,14,11,3,2,3,0,0,0
YOLO11m,9321,13,112,10,7,3,0,6,0,0,0
YOLO11m,9322,8,146,9,6,3,0,2,0,0,0
YOLO11m,9323,20,84,18,15,3,0,2,1,1,1
YOLO11m,9324,11,85,17,11,6,0,0,0,0,0
YOLO11m,9325,18,117,21,15,6,1,0,0,0,2
YOLO11m,9326,12,67,10,9,1,0,2,0,0,1
YOLO11m,9327,24,104,26,22,4,1,0,0,1,0
YOLO11m,9328,26,128,28,22,6,2,1,0,0,1
YOLO11m,9329,23,115,25,20,5,0,2,0,1,0
YOLO11m,9330,5,101,4,4,0,0,1,0,0,0
YOLO11m,9331,6,57,8,4,4,0,2,0,0,0
YOLO11m,9332,8,99,7,3,4,1,4,0,0,0
YOLO11m,9333,4,43,2,2,0,1,1,0,0,0
YOLO11m,9334,27,160,28,24,4,0,2,1,0,0
YOLO11m,9335,14,105,20,13,7,1,0,0,0,0
YOLO11m,9336,17,101,21,14,7,0,1,0,0,2
YOLO11m,9337,21,100,20,17,3,1,1,0,0,2
YOLO11m,9338,14,130,15,12,3,1,1,0,0,0
YOLO11m,9339,34,143,19,17,2,7,9,0,0,1
YOLO11m,9340,18,132,23,17,6,0,0,1,0,0
YOLO11m,9341,18,276,17,13,4,1,4,0,0,0
YOLO11m,9342,17,175,10,8,2,0,9,0,0,0
YOLO11m,9343,22,105,28,14,14,0,3,0,0,5
YOLO11m,9344,23,120,23,14,9,1,2,0,0,6
YOLO11m,9345,16,104,16,14,2,0,1,0,1,0
YOLO11m,9346,10,149,9,8,1,0,2,0,0,0
YOLO11m,9347,27,154,28,23,5,0,2,0,0,2
YOLO11m,9348,13,71,10,7,3,4,1,0,0,1
YOLO11m,9349,10,67,10,8,2,0,1,0,0,1
YOLO11m,9350,34,115,27,22,5,1,5,1,0,5
YOLO11m,9351,14,102,13,11,2,1,2,0,0,0
YOLO11m,9352,12,78,18,11,7,0,0,0,0,1
YOLO11m,9353,14,226,4,4,0,2,7,0,0,1
YOLO11m,9354,23,156,18,14,4,0,9,0,0,0
YOLO11m,9355,19,173,19,15,4,0,2,1,1,0
YOLO11m,9356,18,277,19,12,7,2,2,0,0,2
YOLO11m,9357,24,144,24,18,6,0,3,0,1,2
YOLO11m,9358,26,154,20,13,7,4,3,0,3,3
YOLO11m,9359,10,143,7,6,1,2,2,0,0,0
YOLO11m,9360,13,182,19,12,7,1,0,0,0,0
YOLO11m,9361,10,85,9,7,2,0,1,0,0,2
YOLO11m,9362,38,290,41,34,7,1,3,0,0,0
YOLO11m,9363,18,83,9,8,1,3,4,0,0,3
YOLO11m,9364,22,200,25,17,8,2,2,0,1,0
YOLO11m,9365,24,163,22,18,4,2,1,0,0,3
YOLO11m,9366,17,161,18,14,4,0,2,0,1,0
YOLO11m,9367,15,93,13,12,1,0,3,0,0,0
YOLO11m,9368,14,101,17,10,7,0,4,0,0,0
YOLO11m,9369,11,87,10,6,4,0,1,0,0,4
YOLO11m,9370,34,213,31,27,4,2,3,0,0,2
YOLO11m,9371,8,100,6,6,0,0,2,0,0,0
YOLO11m,9372,28,151,15,12,3,5,8,0,0,3
YOLO11m,9373,32,226,30,27,3,0,4,0,0,1
YOLO11m,9374,9,78,9,7,2,0,2,0,0,0
YOLO11m,9375,20,106,27,18,9,0,0,0,0,2
YOLO11m,9376,34,283,35,25,10,2,6,0,0,1
YOLO11m,9377,20,115,23,19,4,0,0,0,0,1
YOLO11m,9378,15,179,12,9,3,0,4,0,0,2
YOLO11m,9379,32,165,22,18,4,4,7,0,1,2
YOLO11m,9380,29,241,16,13,3,0,13,0,0,3
YOLO11m,9381,44,181,39,24,15,5,14,0,0,1
YOLO11m,9382,20,216,16,11,5,2,4,0,0,3
YOLO11m,9383,8,69,7,5,2,0,2,1,0,0
YOLO11m,9384,6,23,6,6,0,0,0,0,0,0
YOLO11m,9385,29,116,25,17,8,3,3,1,2,3
YOLO11m,9386,22,48,25,20,5,0,1,0,0,1
YOLO11m,9387,11,88,7,7,0,0,4,0,0,0
YOLO11m,9388,27,227,12,10,2,8,9,0,0,0
YOLO11m,9389,19,160,24,15,9,0,3,0,1,0
YOLO11m,9390,16,84,15,14,1,1,0,0,0,1
YOLO11m,9391,16,192,14,10,4,2,2,0,0,2
YOLO11m,9392,33,290,30,19,11,4,10,0,0,0
YOLO11m,9393,21,111,28,19,9,0,1,0,0,1
YOLO11m,9394,16,84,20,14,6,0,0,0,0,2
YOLO11m,9395,11,84,12,8,4,1,0,0,1,1
YOLO11m,9396,25,120,27,24,3,0,0,0,0,1
YOLO11m,9397,22,69,19,14,5,4,1,0,0,3
YOLO11m,9398,34,128,32,29,3,1,4,0,0,0
YOLO11m,9399,5,38,2,2,0,2,1,0,0,0
YOLO11m,9400,27,168,25,19,6,0,3,0,0,5
YOLO11m,9401,24,160,24,22,2,0,2,0,0,0
YOLO11m,9402,4,136,2,1,1,1,2,0,0,0
YOLO11m,9403,17,82,19,14,5,0,0,0,1,2
YOLO11m,9404,18,200,20,11,9,1,3,0,0,3
YOLO11m,9405,4,72,4,4,0,0,0,0,0,0
YOLO11m,9406,12,105,8,4,4,1,5,0,0,2
YOLO11m,9407,30,125,24,22,2,0,3,0,0,5
YOLO11m,9408,23,163,26,17,9,0,4,0,0,2
YOLO11m,9409,16,88,20,15,5,0,1,0,0,0
YOLO11m,9410,13,76,16,13,3,0,0,0,0,0
YOLO11m,9411,14,151,11,8,3,1,5,0,0,0
YOLO11m,9412,18,300,17,8,9,1,8,0,0,1
YOLO11m,9413,6,37,7,6,1,0,0,0,0,0
YOLO11m,9414,22,74,21,17,4,1,4,0,0,0
YOLO11m,9415,32,286,34,15,19,1,8,0,0,8
YOLO11m,9416,13,126,15,8,7,0,5,0,0,0
YOLO11m,9417,12,137,16,9,7,0,3,0,0,0
YOLO11m,9418,10,120,6,5,1,1,4,0,0,0
YOLO11m,9419,9,28,8,6,2,0,0,0,0,3
YOLO11m,9420,12,69,9,6,3,3,3,0,0,0
YOLO11m,9421,24,187,21,18,3,0,6,0,0,0
YOLO11m,9422,16,213,15,11,4,1,3,0,0,1
YOLO11m,9423,4,59,4,4,0,0,0,0,0,0
YOLO11m,9424,20,114,22,17,5,0,1,0,0,2
YOLO11m,9425,5,57,6,5,1,0,0,0,0,0
YOLO11m,9426,20,253,19,16,3,0,4,0,0,0
YOLO11m,9427,4,81,4,4,0,0,0,0,0,0
YOLO11m,9428,29,193,24,19,5,2,6,0,0,2
YOLO11m,9429,33,195,37,27,10,3,2,1,0,0
YOLO11m,9430,15,43,15,15,0,0,0,0,0,0
YOLO11m,9431,19,100,17,13,4,2,1,0,0,3
YOLO11m,9432,5,40,7,5,2,0,0,0,0,0
YOLO11m,9433,10,123,13,8,5,0,1,0,0,1
YOLO11m,9434,25,165,25,20,5,0,2,2,0,1
YOLO11m,9435,37,239,36,30,6,1,3,0,0,3
YOLO11m,9436,4,45,3,2,1,0,2,0,0,0
YOLO11m,9437,10,88,14,9,5,0,1,0,0,0
YOLO11m,9438,31,124,30,24,6,1,3,0,0,3
YOLO11m,9439,7,73,8,6,2,1,0,0,0,0
YOLO11m,9440,20,212,21,14,7,1,4,1,0,0
YOLO11m,9441,9,141,11,7,4,0,2,0,0,0
YOLO11m,9442,6,53,6,5,1,1,0,0,0,0
YOLO11m,9443,22,187,25,15,10,0,4,0,0,3
YOLO11m,9444,29,173,27,14,13,3,7,0,0,5
YOLO11m,9445,22,107,27,20,7,0,1,0,0,1
YOLO11m,9446,21,164,21,19,2,0,2,0,0,0
YOLO11m,9447,4,44,1,1,0,1,2,0,0,0
YOLO11m,9448,5,58,5,2,3,0,2,0,0,1
YOLO11m,9449,38,150,36,24,12,3,0,0,1,10
YOLO11m,9450,22,112,24,20,4,0,2,0,0,0
YOLO11m,9451,5,96,3,3,0,1,1,0,0,0
YOLO11m,9452,25,120,18,16,2,3,6,0,0,0
YOLO11m,9453,19,155,22,15,7,1,0,0,2,1
YOLO11m,9454,30,202,25,17,8,5,4,0,0,4
YOLO11m,9455,10,73,9,8,1,1,1,0,0,0
YOLO11m,9456,12,72,15,11,4,1,0,0,0,0
YOLO11m,9457,20,97,20,15,5,0,0,1,1,3
YOLO11m,9458,9,71,7,6,1,1,2,0,0,0
YOLO11m,9459,11,65,14,10,4,0,1,0,0,0
YOLO11m,9460,14,88,10,8,2,3,3,0,0,0
YOLO11m,9461,21,212,20,14,6,1,3,0,0,3
YOLO11m,9462,28,252,28,20,8,3,4,0,0,1
YOLO11m,9463,4,65,2,2,0,0,2,0,0,0
YOLO11m,9464,15,93,12,12,0,1,1,0,0,1
YOLO11m,9465,16,124,15,13,2,0,3,0,0,0
YOLO11m,9466,15,103,10,8,2,2,3,0,1,1
YOLO11m,9467,37,221,24,16,8,10,7,0,0,4
YOLO11m,9468,11,43,5,2,3,3,1,0,0,5
YOLO11m,9469,37,259,51,26,25,0,6,0,0,5
YOLO11m,9470,6,120,3,2,1,1,3,0,0,0
YOLO11m,9471,17,120,13,13,0,1,3,0,0,0
YOLO11m,9472,16,64,20,15,5,0,0,0,0,1
YOLO11m,9473,17,78,9,9,0,3,5,0,0,0
YOLO11m,9474,46,208,33,28,5,6,5,1,1,5
YOLO11m,9475,38,191,40,31,9,1,2,1,0,3
YOLO11m,9476,9,79,8,7,1,1,1,0,0,0
YOLO11m,9477,28,251,23,19,4,2,6,0,1,0
YOLO11m,9478,17,134,16,13,3,1,3,0,0,0
YOLO11m,9479,19,143,15,15,0,1,3,0,0,0
YOLO11m,9480,8,104,7,7,0,0,1,0,0,0
YOLO11m,9481,25,257,19,14,5,3,7,0,0,1
YOLO11m,9482,21,204,23,15,8,1,4,0,1,0
YOLO11m,9483,20,123,21,16,5,1,2,0,0,1
YOLO11m,9484,11,97,22,10,12,1,0,0,0,0
YOLO11m,9485,19,67,22,17,5,0,0,0,0,2
YOLO11m,9486,10,151,14,8,6,0,2,0,0,0
YOLO11m,9487,16,98,22,15,7,1,0,0,0,0
YOLO11m,9488,7,64,10,6,4,0,0,0,0,1
YOLO11m,9489,27,143,26,22,4,1,3,1,0,0
YOLO11m,9490,17,58,17,15,2,0,0,1,0,1
YOLO11m,9491,23,215,23,15,8,2,6,0,0,0
YOLO11m,9492,23,118,22,14,8,3,2,0,0,4
YOLO11m,9493,18,137,19,17,2,0,1,0,0,0
YOLO11m,9494,13,104,10,6,4,3,3,0,0,1
YOLO11m,9495,29,164,31,27,4,0,1,0,0,1
YOLO11m,9496,14,91,14,10,4,2,1,0,0,1
YOLO11m,9497,4,55,3,3,0,0,1,0,0,0
YOLO11m,9498,35,231,24,22,2,2,10,0,0,1
YOLO11m,9499,25,146,18,11,7,4,5,0,2,3
YOLO11m,9500,19,127,16,11,5,1,4,0,0,3
YOLO11m,9501,13,118,17,10,7,0,3,0,0,0
YOLO11m,9502,10,48,9,9,0,0,1,0,0,0
YOLO11m,9503,26,200,21,16,5,5,1,0,0,4
YOLO11m,9504,19,53,21,17,4,0,0,0,0,2
YOLO11m,9505,25,108,25,21,4,0,4,0,0,0
YOLO11m,9506,24,55,24,20,4,0,2,1,0,1
YOLO11m,9507,23,91,25,18,7,2,0,0,1,2
YOLO11m,9508,11,103,11,9,2,0,2,0,0,0
YOLO11m,9509,19,190,14,13,1,2,4,0,0,0
YOLO11m,9510,7,51,5,4,1,2,1,0,0,0
YOLO11m,9511,15,192,14,9,5,2,2,0,0,2
YOLO11m,9512,14,145,14,12,2,0,2,0,0,0
YOLO11m,9513,14,140,12,8,4,2,3,0,1,0
YOLO11m,9514,12,74,21,12,9,0,0,0,0,0
YOLO11m,9515,41,193,40,28,12,7,1,0,1,4
YOLO11m,9516,7,61,8,7,1,0,0,0,0,0
YOLO11m,9517,6,130,7,6,1,0,0,0,0,0
YOLO11m,9518,11,57,10,10,0,0,1,0,0,0
YOLO11m,9519,15,157,18,13,5,0,2,0,0,0
YOLO11m,9520,16,96,15,10,5,1,1,0,4,0
YOLO11m,9521,6,31,5,5,0,0,1,0,0,0
YOLO11m,9522,13,62,12,12,0,0,1,0,0,0
YOLO11m,9523,11,72,7,5,2,1,3,0,0,2
YOLO11m,9524,9,131,13,7,6,0,1,0,0,1
YOLO11m,9525,22,187,16,14,2,2,6,0,0,0
YOLO11m,9526,4,57,4,4,0,0,0,0,0,0
YOLO11m,9527,33,266,32,25,7,3,4,0,0,1
YOLO11m,9528,13,113,16,12,4,1,0,0,0,0
YOLO11m,9529,29,115,34,23,11,0,2,0,2,2
YOLO11m,9530,28,252,24,13,11,4,7,0,0,4
YOLO11m,9531,22,148,20,11,9,1,6,0,0,4
YOLO11m,9532,41,151,36,28,8,4,6,0,0,3
YOLO11m,9533,36,144,40,27,13,2,2,0,0,5
YOLO11m,9534,18,84,16,12,4,0,2,1,0,3
YOLO11m,9535,18,195,22,17,5,0,0,0,0,1
YOLO11m,9536,15,148,21,12,9,0,2,0,0,1
YOLO11m,9537,29,103,28,24,4,0,3,0,0,2
YOLO11m,9538,16,146,17,11,6,1,2,0,0,2
YOLO11m,9539,17,118,23,14,9,0,1,0,0,2
YOLO11m,9540,18,95,17,13,4,0,2,0,0,3
YOLO11m,9541,23,153,23,17,6,0,5,0,0,1
YOLO11m,9542,20,78,18,16,2,1,1,1,0,1
YOLO11m,9543,25,136,26,17,9,0,7,0,0,1
YOLO11m,9544,15,103,13,12,1,0,1,1,0,1
YOLO11m,9545,7,115,6,5,1,0,2,0,0,0
YOLO11m,9546,24,155,26,18,8,2,3,0,0,1
YOLO11m,9547,13,69,9,9,0,0,4,0,0,0
YOLO11m,9548,12,161,17,7,10,0,2,0,1,2
YOLO11m,9549,17,112,24,17,7,0,0,0,0,0
YOLO11m,9550,9,104,10,8,2,1,0,0,0,0
YOLO11m,9551,4,89,5,4,1,0,0,0,0,0
YOLO11m,9552,6,89,8,6,2,0,0,0,0,0
YOLO11m,9553,23,184,24,17,7,1,3,0,0,2
YOLO11m,9554,19,113,32,17,15,0,1,0,1,0
YOLO11m,9555,37,169,36,26,10,0,3,0,1,7
YOLO11m,9556,21,121,17,14,3,2,4,0,0,1
YOLO11m,9557,21,180,25,17,8,0,3,0,0,1
YOLO11m,9558,27,171,22,17,5,2,7,0,0,1
YOLO11m,9559,34,299,36,27,9,2,4,0,0,1
YOLO11m,9560,31,226,28,20,8,1,9,0,1,0
YOLO11m,9561,13,142,14,10,4,0,1,0,0,2
YOLO11m,9562,4,58,6,4,2,0,0,0,0,0
YOLO11m,9563,18,156,16,14,2,0,2,0,0,2
YOLO11m,9564,13,202,10,9,1,2,2,0,0,0
YOLO11m,9565,36,177,35,27,8,1,2,0,0,6
YOLO11m,9566,19,169,30,15,15,0,3,0,0,1
YOLO11m,9567,30,155,28,20,8,3,3,0,0,4
YOLO11m,9568,22,125,18,13,5,4,2,0,0,3
YOLO11m,9569,18,174,14,12,2,1,5,0,0,0
YOLO11m,9570,15,130,19,11,8,0,3,0,0,1
YOLO11m,9571,26,99,14,13,1,2,10,0,0,1
YOLO11m,9572,25,132,25,20,5,0,3,0,1,1
YOLO11m,9573,16,76,17,12,5,1,0,0,1,2
YOLO11m,9574,19,170,23,12,11,0,3,0,0,4
YOLO11m,9575,22,146,19,16,3,0,3,0,0,3
YOLO11m,9576,15,105,21,13,8,0,2,0,0,0
YOLO11m,9577,26,238,19,16,3,2,5,0,0,3
YOLO11m,9578,29,99,20,17,3,4,2,3,0,3
YOLO11m,9579,5,72,4,4,0,0,1,0,0,0
YOLO11m,9580,6,25,7,5,2,0,1,0,0,0
YOLO11m,9581,6,135,5,4,1,0,0,0,0,2
YOLO11m,9582,14,96,15,9,6,2,2,0,1,0
YOLO11m,9583,34,205,32,27,5,2,3,0,0,2
YOLO11m,9584,20,121,27,18,9,0,1,0,0,1
YOLO11m,9585,7,37,9,6,3,0,0,0,0,1
YOLO11m,9586,48,281,39,27,12,11,4,0,0,6
YOLO11m,9587,17,121,21,14,7,0,3,0,0,0
YOLO11m,9588,13,64,15,12,3,0,1,0,0,0
YOLO11m,9589,22,118,23,18,5,0,2,0,0,2
YOLO11m,9590,11,211,5,4,1,4,3,0,0,0
YOLO11m,9591,15,99,12,12,0,0,3,0,0,0
YOLO11m,9592,17,242,16,10,6,2,5,0,0,0
YOLO11m,9593,24,187,25,16,9,2,6,0,0,0
YOLO11m,9594,7,57,9,6,3,0,1,0,0,0
YOLO11m,9595,26,101,24,16,8,1,9,0,0,0
YOLO11m,9596,9,101,9,7,2,0,1,0,1,0
YOLO11m,9597,20,96,25,18,7,0,2,0,0,0
YOLO11m,9598,27,192,31,21,10,0,2,0,0,4
YOLO11m,9599,26,113,34,22,12,0,1,0,0,3
YOLO11m,9600,35,246,24,19,5,3,7,0,0,6
YOLO11m,9601,5,74,5,3,2,2,0,0,0,0
YOLO11m,9602,16,171,8,7,1,1,8,0,0,0
YOLO11m,9603,23,162,15,10,5,5,5,0,0,3
YOLO11m,9604,16,207,20,11,9,0,4,0,0,1
YOLO11m,9605,16,205,7,5,2,2,9,0,0,0
YOLO11m,9606,13,58,14,11,3,0,1,0,0,1
YOLO11m,9607,10,59,18,6,12,0,2,0,0,2
YOLO11m,9608,25,170,18,13,5,5,5,0,0,2
YOLO11m,9609,16,128,14,10,4,2,4,0,0,0
YOLO11m,9610,22,150,18,13,5,1,7,0,1,0
YOLO11m,9611,27,232,22,16,6,0,11,0,0,0
YOLO11m,9612,8,74,11,6,5,0,1,0,0,1
YOLO11m,9613,17,98,18,12,6,1,2,1,0,1
YOLO11m,9614,19,61,17,13,4,0,5,0,0,1
YOLO11m,9615,25,205,32,21,11,0,3,0,0,1
YOLO11m,9616,25,165,13,6,7,9,7,0,0,3
YOLO11m,9617,13,80,16,11,5,1,0,0,0,1
YOLO11m,9618,11,122,10,8,2,0,3,0,0,0
YOLO11m,9619,11,65,9,6,3,0,4,0,0,1
YOLO11m,9620,22,246,26,16,10,1,3,0,2,0
YOLO11m,9621,19,200,17,14,3,1,2,0,0,2
YOLO11m,9622,10,134,13,7,6,1,2,0,0,0
YOLO11m,9623,34,211,32,20,12,1,9,0,0,4
YOLO11m,9624,6,153,3,3,0,0,3,0,0,0
YOLO11m,9625,13,163,21,7,14,0,6,0,0,0
YOLO11m,9626,19,105,24,16,8,0,1,0,0,2
YOLO11m,9627,11,55,15,9,6,1,1,0,0,0
YOLO11m,9628,19,124,16,13,3,1,4,0,0,1
YOLO11m,9629,15,163,11,9,2,1,4,0,1,0
YOLO11m,9630,10,82,14,9,5,1,0,0,0,0
YOLO11m,9631,22,201,25,14,11,2,4,0,0,2
YOLO11m,9632,5,67,8,5,3,0,0,0,0,0
YOLO11m,9633,16,90,20,12,8,0,3,0,0,1
YOLO11m,9634,24,86,22,19,3,1,3,0,0,1
YOLO11m,9635,40,265,28,24,4,3,11,0,0,2
YOLO11m,9636,34,218,22,13,9,8,7,0,0,6
YOLO11m,9637,13,100,15,12,3,0,1,0,0,0
YOLO11m,9638,7,143,5,3,2,0,2,0,0,2
YOLO11m,9639,21,130,20,16,4,0,2,1,1,1
YOLO11m,9640,21,210,16,7,9,0,11,0,1,2
YOLO11m,9641,26,154,27,20,7,0,5,0,0,1
YOLO11m,9642,4,39,4,3,1,1,0,0,0,0
YOLO11m,9643,25,136,20,15,5,2,4,0,1,3
YOLO11m,9644,34,167,36,30,6,0,2,0,0,2
YOLO11m,9645,20,127,22,19,3,0,0,0,0,1
YOLO11m,9646,31,202,26,18,8,2,8,0,0,3
YOLO11m,9647,25,199,17,16,1,0,9,0,0,0
YOLO11m,9648,46,215,44,34,10,4,6,0,1,1
YOLO11m,9649,24,134,27,21,6,1,2,0,0,0
YOLO11m,9650,27,129,22,18,4,2,5,0,0,2
YOLO11m,9651,14,127,15,12,3,1,1,0,0,0
YOLO11m,9652,13,113,16,11,5,0,1,0,0,1
YOLO11m,9653,25,142,27,22,5,1,0,0,0,2
YOLO11m,9654,22,120,26,19,7,1,0,0,0,2
YOLO11m,9655,36,182,26,21,5,4,8,0,0,3
YOLO11m,9656,17,101,15,14,1,0,1,0,0,2
YOLO11m,9657,34,212,30,25,5,2,6,0,0,1
YOLO11m,9658,22,141,19,19,0,1,2,0,0,0
YOLO11m,9659,20,178,24,17,7,0,3,0,0,0
YOLO11m,9660,19,135,20,17,3,1,1,0,0,0
YOLO11m,9661,28,166,25,22,3,0,5,0,0,1
YOLO11m,9662,20,162,19,16,3,0,3,0,1,0
YOLO11m,9663,9,56,9,8,1,0,1,0,0,0
YOLO11m,9664,22,160,18,11,7,5,6,0,0,0
YOLO11m,9665,7,70,10,6,4,0,0,0,0,1
YOLO11m,9666,5,34,6,5,1,0,0,0,0,0
YOLO11m,9667,25,100,30,18,12,1,2,0,0,4
YOLO11m,9668,25,87,27,22,5,0,1,1,0,1
YOLO11m,9669,9,88,6,6,0,1,2,0,0,0
YOLO11m,9670,17,106,14,8,6,0,5,0,0,4
YOLO11m,9671,15,126,18,14,4,0,1,0,0,0
YOLO11m,9672,11,77,12,9,3,0,1,0,0,1
YOLO11m,9673,27,174,31,20,11,0,2,0,0,5
YOLO11m,9674,29,179,34,23,11,0,4,0,0,2
YOLO11m,9675,19,113,17,14,3,0,5,0,0,0
YOLO11m,9676,8,85,7,6,1,0,2,0,0,0
YOLO11m,9677,34,234,29,20,9,3,8,0,0,3
YOLO11m,9678,12,44,9,6,3,1,5,0,0,0
YOLO11m,9679,23,153,14,12,2,3,8,0,0,0
YOLO11m,9680,11,139,10,9,1,0,1,0,0,1
YOLO11m,9681,42,159,28,21,7,11,3,0,1,6
YOLO11m,9682,13,100,13,11,2,1,1,0,0,0
YOLO11m,9683,39,197,25,22,3,3,10,0,0,4
YOLO11m,9684,15,123,13,11,2,1,3,0,0,0
YOLO11m,9685,23,152,24,22,2,0,1,0,0,0
YOLO11m,9686,15,129,15,12,3,0,3,0,0,0
YOLO11m,9687,21,236,27,17,10,1,2,0,0,1
YOLO11m,9688,19,175,12,11,1,7,1,0,0,0
YOLO11m,9689,19,100,28,15,13,0,2,0,0,2
YOLO11m,9690,24,120,23,18,5,2,3,0,0,1
YOLO11m,9691,26,118,23,18,5,3,2,0,0,3
YOLO11m,9692,20,149,15,12,3,3,5,0,0,0
YOLO11m,9693,39,223,29,19,10,7,10,0,1,2
YOLO11m,9694,21,174,20,15,5,3,1,0,0,2
YOLO11m,9695,20,139,16,9,7,4,5,0,0,2
YOLO11m,9696,22,149,19,18,1,0,4,0,0,0
YOLO11m,9697,15,206,21,14,7,0,0,0,1,0
YOLO11m,9698,43,229,41,29,12,2,8,1,0,3
YOLO11m,9699,27,187,27,19,8,1,4,0,2,1
YOLO11m,9700,36,241,34,23,11,5,3,0,1,4
YOLO11m,9701,24,102,26,17,9,1,3,3,0,0
YOLO11m,9702,11,80,8,8,0,0,3,0,0,0
YOLO11m,9703,25,98,23,21,2,1,2,0,0,1
YOLO11m,9704,20,138,26,18,8,0,1,0,1,0
YOLO11m,9705,4,49,3,2,1,1,0,0,0,1
YOLO11m,9706,11,118,14,7,7,1,0,0,2,1
YOLO11m,9707,10,101,8,7,1,0,3,0,0,0
YOLO11m,9708,15,65,14,13,1,0,2,0,0,0
YOLO11m,9709,27,209,31,25,6,0,1,0,1,0
YOLO11m,9710,31,207,29,21,8,6,2,0,1,1
YOLO11m,9711,19,173,21,17,4,0,2,0,0,0
YOLO11m,9712,17,153,21,15,6,1,1,0,0,0
YOLO11m,9713,20,145,24,15,9,1,4,0,0,0
YOLO11m,9714,46,291,32,22,10,6,14,0,0,4
YOLO11m,9715,25,159,27,20,7,2,2,0,0,1
YOLO11m,9716,38,254,32,17,15,3,12,0,3,3
YOLO11m,9717,21,115,18,15,3,0,5,0,0,1
YOLO11m,9718,24,207,21,16,5,3,4,0,0,1
YOLO11m,9719,23,108,27,18,9,0,1,0,0,4
YOLO11m,9720,35,204,25,20,5,6,3,0,0,6
YOLO11m,9721,19,103,18,12,6,1,5,0,0,1
YOLO11m,9722,33,267,31,24,7,3,5,0,0,1
YOLO11m,9723,44,225,38,27,11,5,6,0,4,2
YOLO11m,9724,16,186,18,9,9,0,5,0,1,1
YOLO11m,9725,16,154,15,9,6,1,3,0,2,1
YOLO11m,9726,24,127,17,15,2,4,5,0,0,0
YOLO11m,9727,21,156,19,16,3,0,4,0,0,1
YOLO11m,9728,16,109,17,16,1,0,0,0,0,0
YOLO11m,9729,18,178,6,6,0,5,7,0,0,0
YOLO11m,9730,24,233,23,18,5,0,5,0,0,1
YOLO11m,9731,4,56,3,3,0,0,1,0,0,0
YOLO11m,9732,11,102,12,9,3,0,2,0,0,0
YOLO11m,9733,5,59,3,3,0,0,2,0,0,0
YOLO11m,9734,17,73,9,7,2,4,5,0,0,1
YOLO11m,9735,8,35,8,8,0,0,0,0,0,0
YOLO11m,9736,17,136,18,14,4,0,3,0,0,0
YOLO11m,9737,9,111,8,6,2,0,2,0,0,1
YOLO11m,9738,6,44,7,5,2,0,1,0,0,0
YOLO11m,9739,30,233,26,18,8,2,7,0,0,3
YOLO11m,9740,10,89,9,7,2,0,3,0,0,0
YOLO11m,9741,19,200,16,14,2,1,3,0,1,0
YOLO11m,9742,18,50,17,13,4,0,2,1,1,1
YOLO11m,9743,12,159,14,10,4,0,2,0,0,0
YOLO11m,9744,16,79,21,16,5,0,0,0,0,0
YOLO11m,9745,31,255,25,20,5,6,5,0,0,0
YOLO11m,9746,9,44,9,8,1,1,0,0,0,0
YOLO11m,9747,16,152,15,11,4,0,3,0,1,1
YOLO11m,9748,19,75,21,13,8,2,1,0,0,3
YOLO11m,9749,22,115,23,18,5,1,2,0,0,1
YOLO11m,9750,20,71,22,16,6,1,0,1,0,2
YOLO11m,9751,17,118,18,12,6,1,4,0,0,0
YOLO11m,9752,10,58,9,6,3,0,1,0,1,2
YOLO11m,9753,10,80,11,8,3,2,0,0,0,0
YOLO11m,9754,12,300,19,11,8,0,1,0,0,0
YOLO11m,9755,5,130,2,2,0,2,1,0,0,0
YOLO11m,9756,21,157,20,12,8,0,5,0,2,2
YOLO11m,9757,27,145,28,23,5,2,1,0,0,1
YOLO11m,9758,21,207,15,10,5,1,10,0,0,0
YOLO11m,9759,15,119,14,13,1,0,2,0,0,0
YOLO11m,9760,34,253,29,23,6,2,8,0,1,0
YOLO11m,9761,10,93,13,10,3,0,0,0,0,0
YOLO11m,9762,28,104,30,24,6,0,1,0,0,3
YOLO11m,9763,4,45,3,3,0,0,1,0,0,0
YOLO11m,9764,18,77,20,17,3,0,1,0,0,0
YOLO11m,9765,9,165,4,3,1,0,6,0,0,0
YOLO11m,9766,34,262,39,30,9,1,2,0,0,1
YOLO11m,9767,25,199,32,22,10,0,3,0,0,0
YOLO11m,9768,39,186,43,29,14,1,8,0,0,1
YOLO11m,9769,19,107,21,16,5,1,2,0,0,0
YOLO11m,9770,18,198,23,16,7,0,2,0,0,0
YOLO11m,9771,20,115,18,13,5,1,1,0,0,5
YOLO11m,9772,8,53,10,7,3,0,0,0,0,1
YOLO11m,9773,7,43,7,5,2,1,1,0,0,0
YOLO11m,9774,23,180,20,14,6,2,4,2,1,0
YOLO11m,9775,5,76,6,5,1,0,0,0,0,0
YOLO11m,9776,19,167,20,14,6,3,1,0,0,1
YOLO11m,9777,14,76,17,14,3,0,0,0,0,0
YOLO11m,9778,5,79,7,5,2,0,0,0,0,0
YOLO11m,9779,21,210,25,19,6,0,1,0,0,1
YOLO11m,9780,7,97,8,5,3,0,1,0,0,1
YOLO11m,9781,24,117,26,19,7,1,1,0,0,3
YOLO11m,9782,24,199,21,12,9,3,8,0,1,0
YOLO11m,9783,14,107,6,5,1,3,5,0,0,1
YOLO11m,9784,17,140,16,9,7,2,5,0,0,1
YOLO11m,9785,6,39,5,4,1,0,1,0,0,1
YOLO11m,9786,12,59,12,11,1,0,1,0,0,0
YOLO11m,9787,4,61,4,3,1,0,1,0,0,0
YOLO11m,9788,21,145,18,14,4,1,6,0,0,0
YOLO11m,9789,10,146,11,8,3,0,2,0,0,0
YOLO11m,9790,11,116,10,8,2,1,2,0,0,0
YOLO11m,9791,13,156,12,9,3,1,2,0,1,0
YOLO11m,9792,26,234,11,9,2,9,8,0,0,0
YOLO11m,9793,28,182,31,21,10,1,2,0,0,4
YOLO11m,9794,30,104,21,18,3,5,6,0,0,1
YOLO11m,9795,7,61,8,6,2,0,0,0,1,0
YOLO11m,9796,8,58,8,8,0,0,0,0,0,0
YOLO11m,9797,29,98,28,19,9,1,3,1,0,5
YOLO11m,9798,22,186,29,19,10,1,0,0,0,2
YOLO11m,9799,17,187,18,11,7,0,5,0,0,1
YOLO11m,9800,14,65,12,10,2,1,3,0,0,0
YOLO11m,9801,21,99,13,8,5,3,9,0,0,1
YOLO11m,9802,23,164,19,13,6,2,5,0,1,2
YOLO11m,9803,26,151,22,19,3,2,5,0,0,0
YOLO11m,9804,12,201,9,3,6,1,7,0,0,1
YOLO11m,9805,13,126,12,8,4,1,3,0,0,1
YOLO11m,9806,16,144,19,15,4,0,1,0,0,0
YOLO11m,9807,4,51,3,3,0,0,1,0,0,0
YOLO11m,9808,12,167,13,11,2,0,1,0,0,0
YOLO11m,9809,8,185,8,7,1,0,1,0,0,0
YOLO11m,9810,8,67,6,4,2,0,2,0,0,2
YOLO11m,9811,13,79,12,9,3,0,2,0,0,2
YOLO11m,9812,18,79,17,13,4,0,1,0,0,4
YOLO11m,9813,16,69,22,14,8,0,2,0,0,0
YOLO11m,9814,9,70,9,6,3,1,0,0,0,2
YOLO11m,9815,12,97,14,11,3,0,1,0,0,0
YOLO11m,9816,30,258,32,20,12,0,5,0,1,4
YOLO11m,9817,27,198,27,22,5,1,3,0,0,1
YOLO11m,9818,8,21,8,7,1,0,1,0,0,0
YOLO11m,9819,45,300,49,33,16,2,8,0,1,1
YOLO11m,9820,10,167,9,8,1,1,1,0,0,0
YOLO11m,9821,16,179,6,4,2,4,5,0,0,3
YOLO11m,9822,23,102,28,18,10,0,3,0,1,1
YOLO11m,9823,33,193,34,29,5,1,3,0,0,0
YOLO11m,9824,12,83,13,11,2,0,0,0,0,1
YOLO11m,9825,11,101,14,10,4,0,1,0,0,0
YOLO11m,9826,16,93,23,12,11,0,2,0,0,2
YOLO11m,9827,17,137,12,10,2,0,3,0,0,4
YOLO11m,9828,22,86,24,15,9,2,3,0,0,2
YOLO11m,9829,16,119,13,11,2,0,3,0,0,2
YOLO11m,9830,12,74,16,12,4,0,0,0,0,0
YOLO11m,9831,18,201,19,14,5,1,2,0,0,1
YOLO11m,9832,25,122,27,14,13,0,5,0,1,5
YOLO11m,9833,14,84,15,12,3,0,0,0,0,2
YOLO11m,9834,16,127,20,16,4,0,0,0,0,0
YOLO11m,9835,30,166,21,19,2,0,10,0,0,1
YOLO11m,9836,12,81,5,5,0,5,2,0,0,0
YOLO11m,9837,39,182,41,33,8,1,4,0,0,1
YOLO11m,9838,23,136,19,18,1,3,2,0,0,0
YOLO11m,9839,11,230,11,9,2,1,1,0,0,0
YOLO11m,9840,15,94,5,4,1,2,9,0,0,0
YOLO11m,9841,19,134,21,15,6,1,1,0,0,2
YOLO11m,9842,8,117,9,7,2,0,1,0,0,0
YOLO11m,9843,23,278,19,17,2,3,3,0,0,0
YOLO11m,9844,20,145,17,12,5,2,2,0,0,4
YOLO11m,9845,45,245,45,35,10,0,5,1,3,1
YOLO11m,9846,27,173,30,20,10,1,2,0,1,3
YOLO11m,9847,10,238,14,7,7,1,2,0,0,0
YOLO11m,9848,11,180,14,8,6,0,2,0,0,1
YOLO11m,9849,23,215,22,17,5,0,4,0,0,2
YOLO11m,9850,18,85,18,17,1,0,1,0,0,0
YOLO11m,9851,23,147,18,13,5,1,6,0,0,3
YOLO11m,9852,9,46,14,8,6,0,0,0,0,1
YOLO11m,9853,24,138,18,15,3,3,6,0,0,0
YOLO11m,9854,6,38,9,4,5,0,0,0,0,2
YOLO11m,9855,4,70,8,3,5,0,1,0,0,0
YOLO11m,9856,6,50,6,6,0,0,0,0,0,0
YOLO11m,9857,12,127,10,10,0,0,2,0,0,0
YOLO11m,9858,22,91,26,20,6,0,1,0,0,1
YOLO11m,9859,25,174,21,13,8,3,2,0,0,7
YOLO11m,9860,20,44,21,19,2,0,0,0,0,1
YOLO11m,9861,61,225,48,39,9,1,14,2,0,5
YOLO11m,9862,19,150,18,15,3,0,4,0,0,0
YOLO11m,9863,27,164,29,24,5,1,1,0,1,0
YOLO11m,9864,12,145,10,6,4,1,2,0,0,3
YOLO11m,9865,19,100,19,10,9,2,0,0,0,7
YOLO11m,9866,15,127,13,8,5,2,3,0,0,2
YOLO11m,9867,14,51,15,13,2,0,1,0,0,0
YOLO11m,9868,24,145,21,14,7,3,2,1,0,4
YOLO11m,9869,40,158,42,25,17,2,1,0,0,12
YOLO11m,9870,34,140,33,23,10,3,6,1,0,1
YOLO11m,9871,4,81,3,3,0,1,0,0,0,0
YOLO11m,9872,8,101,7,4,3,0,3,0,1,0
YOLO11m,9873,37,296,27,17,10,4,11,2,0,3
YOLO11m,9874,20,92,23,17,6,0,2,0,0,1
YOLO11m,9875,10,112,11,10,1,0,0,0,0,0
YOLO11m,9876,46,226,30,23,7,4,14,0,0,5
YOLO11m,9877,29,184,20,15,5,5,6,0,0,3
YOLO11m,9878,27,183,28,24,4,0,2,0,0,1
YOLO11m,9879,23,105,18,18,0,2,3,0,0,0
YOLO11m,9880,29,207,19,13,6,4,11,0,1,0
YOLO11m,9881,23,205,18,15,3,3,4,0,0,1
YOLO11m,9882,30,173,27,18,9,2,7,0,1,2
YOLO11m,9883,29,292,25,22,3,2,5,0,0,0
YOLO11m,9884,17,172,18,9,9,1,4,0,0,3
YOLO11m,9885,24,74,23,17,6,1,1,1,0,4
YOLO11m,9886,32,218,15,15,0,6,10,0,0,1
YOLO11m,9887,38,203,32,24,8,4,7,0,0,3
YOLO11m,9888,15,161,16,12,4,1,2,0,0,0
YOLO11m,9889,7,68,7,7,0,0,0,0,0,0
YOLO11m,9890,20,183,18,14,4,1,3,0,1,1
YOLO11m,9891,21,172,22,16,6,1,2,0,0,2
YOLO11m,9892,33,196,24,18,6,1,10,0,0,4
YOLO11m,9893,15,62,25,13,12,0,1,0,0,1
YOLO11m,9894,32,122,26,22,4,4,5,0,0,1
YOLO11m,9895,26,188,26,22,4,2,2,0,0,0
YOLO11m,9896,20,104,9,9,0,3,8,0,0,0
YOLO11m,9897,29,300,39,20,19,0,5,0,0,4
YOLO11m,9898,19,122,18,15,3,0,4,0,0,0
YOLO11m,9899,20,106,22,15,7,1,3,0,0,1
YOLO11m,9900,25,72,17,15,2,3,5,0,0,2
YOLO11m,9901,28,191,26,22,4,3,2,0,0,1
YOLO11m,9902,20,99,23,15,8,0,4,0,0,1
YOLO11m,9903,26,212,26,20,6,0,3,0,0,3
YOLO11m,9904,5,129,5,4,1,0,0,0,1,0
YOLO11m,9905,26,207,27,22,5,1,3,0,0,0
YOLO11m,9906,12,74,15,12,3,0,0,0,0,0
YOLO11m,9907,6,143,6,3,3,1,1,0,0,1
YOLO11m,9908,5,53,6,5,1,0,0,0,0,0
YOLO11m,9909,30,114,30,28,2,0,2,0,0,0
YOLO11m,9910,10,127,12,6,6,1,2,0,0,1
YOLO11m,9911,22,237,21,16,5,1,3,0,0,2
YOLO11m,9912,20,108,17,14,3,1,2,0,1,2
YOLO11m,9913,23,125,30,21,9,0,0,0,2,0
YOLO11m,9914,20,234,18,15,3,0,5,0,0,0
YOLO11m,9915,44,300,38,25,13,5,11,0,0,3
YOLO11m,9916,21,158,34,15,19,1,2,0,0,3
YOLO11m,9917,21,144,22,14,8,2,4,0,1,0
YOLO11m,9918,35,154,30,24,6,2,6,1,1,1
YOLO11m,9919,13,89,10,7,3,2,3,0,0,1
YOLO11m,9920,11,74,14,11,3,0,0,0,0,0
YOLO11m,9921,16,113,19,13,6,0,1,0,0,2
YOLO11m,9922,21,131,22,19,3,0,1,0,0,1
YOLO11m,9923,26,113,28,23,5,0,1,0,0,2
YOLO11m,9924,23,175,16,11,5,2,8,0,0,2
YOLO11m,9925,29,146,28,20,8,0,3,0,2,4
YOLO11m,9926,30,142,30,23,7,1,0,0,0,6
YOLO11m,9927,35,134,30,21,9,3,6,0,0,5
YOLO11m,9928,5,18,5,5,0,0,0,0,0,0
YOLO11m,9929,22,107,13,11,2,4,5,0,1,1
YOLO11m,9930,15,108,15,13,2,0,1,0,1,0
YOLO11m,9931,11,120,5,3,2,4,4,0,0,0
YOLO11m,9932,11,106,10,7,3,1,2,0,0,1
YOLO11m,9933,20,144,18,13,5,2,4,0,0,1
YOLO11m,9934,12,74,10,9,1,0,3,0,0,0
YOLO11m,9935,20,196,21,19,2,0,1,0,0,0
YOLO11m,9936,17,69,20,14,6,1,2,0,0,0
YOLO11m,9937,22,116,35,20,15,1,0,0,1,0
YOLO11m,9938,26,209,28,17,11,2,4,0,0,3
YOLO11m,9939,20,141,16,8,8,1,9,0,0,2
YOLO11m,9940,23,154,20,12,8,2,5,0,0,4
YOLO11m,9941,21,78,18,16,2,0,2,1,0,2
YOLO11m,9942,15,139,17,15,2,0,0,0,0,0
YOLO11m,9943,20,179,19,15,4,0,3,0,0,2
YOLO11m,9944,14,67,6,4,2,5,4,0,0,1
YOLO11m,9945,35,237,28,22,6,1,9,0,0,3
YOLO11m,9946,24,138,30,22,8,0,0,0,0,2
YOLO11m,9947,25,160,25,18,7,3,3,0,0,1
YOLO11m,9948,22,179,23,17,6,2,2,0,0,1
YOLO11m,9949,6,61,7,6,1,0,0,0,0,0
YOLO11m,9950,6,38,5,5,0,0,1,0,0,0
YOLO11m,9951,26,170,32,20,12,1,3,0,1,1
YOLO11m,9952,29,196,22,19,3,2,6,0,1,1
YOLO11m,9953,18,109,19,15,4,0,0,0,0,3
YOLO11m,9954,21,242,22,19,3,0,2,0,0,0
YOLO11m,9955,11,92,13,10,3,0,1,0,0,0
YOLO11m,9956,21,154,19,16,3,1,3,0,0,1
YOLO11m,9957,10,159,5,4,1,2,4,0,0,0
YOLO11m,9958,13,114,13,7,6,0,3,0,1,2
YOLO11m,9959,12,90,16,10,6,0,1,0,1,0
YOLO11m,9960,20,208,22,18,4,0,1,0,0,1
YOLO11m,9961,32,184,22,14,8,5,7,0,0,6
YOLO11m,9962,4,184,4,1,3,1,2,0,0,0
YOLO11m,9963,4,77,3,3,0,1,0,0,0,0
YOLO11m,9964,13,111,19,11,8,0,1,0,1,0
YOLO11m,9965,21,134,23,20,3,0,0,0,0,1
YOLO11m,9966,22,125,25,20,5,1,1,0,0,0
YOLO11m,9967,14,123,12,10,2,0,1,0,0,3
YOLO11m,9968,11,60,9,9,0,0,2,0,0,0
YOLO11m,9969,25,135,22,20,2,0,5,0,0,0
YOLO11m,9970,22,181,21,13,8,1,8,0,0,0
YOLO11m,9971,13,80,14,11,3,0,1,0,0,1
YOLO11m,9972,8,84,6,6,0,0,2,0,0,0
YOLO11m,9973,19,138,19,16,3,0,2,1,0,0
YOLO11m,9974,5,42,4,3,1,0,1,0,0,1
YOLO11m,9975,20,112,23,12,11,3,0,0,0,5
YOLO11m,9976,23,173,18,11,7,2,7,0,0,3
YOLO11m,9977,30,192,25,16,9,3,4,0,1,6
YOLO11m,9978,22,83,24,20,4,1,0,0,0,1
YOLO11m,9979,20,90,20,17,3,0,1,2,0,0
YOLO11m,9980,7,101,13,7,6,0,0,0,0,0
YOLO11m,9981,5,14,5,5,0,0,0,0,0,0
YOLO11m,9982,10,91,10,8,2,0,2,0,0,0
YOLO11m,9983,17,103,22,14,8,0,0,0,0,3
YOLO11m,9984,18,215,18,9,9,2,4,0,0,3
YOLO11m,9985,33,160,26,21,5,2,5,1,0,4
YOLO11m,9986,20,138,18,15,3,2,3,0,0,0
YOLO11m,9987,6,97,5,5,0,1,0,0,0,0
YOLO11m,9988,32,246,27,17,10,2,10,0,1,2
YOLO11m,9989,15,156,16,11,5,0,1,0,0,3
YOLO11m,9990,26,187,28,20,8,2,3,0,1,0
YOLO11m,9991,17,219,14,11,3,0,4,1,0,1
YOLO11m,9992,15,145,13,8,5,1,5,0,1,0
YOLO11m,9993,32,263,24,16,8,4,10,1,0,1
YOLO11m,9994,15,112,17,11,6,0,0,0,0,4
YOLO11m,9995,29,180,20,14,6,5,7,0,0,3
YOLO11m,9996,24,112,25,21,4,0,3,0,0,0
YOLO11m,9997,13,81,11,8,3,2,1,0,1,1
YOLO11m,9998,6,93,6,4,2,0,1,0,1,0
YOLO11m,9999,37,233,36,26,10,1,7,0,1,2
YOLO11m,10000,11,115,6,6,0,3,2,0,0,0
