model,image_id,num_gt,num_predictions,num_operating_predictions,num_detected_gt,num_false_positives,num_missed,num_low_confidence_candidate,num_assignment_conflict_candidate,num_classification_error_candidate,num_localization_error_candidate
D-FINE-M,1,34,300,33,26,7,1,7,0,0,0
D-FINE-M,2,4,300,4,3,1,0,1,0,0,0
D-FINE-M,3,14,300,8,6,2,0,7,0,0,1
D-FINE-M,4,19,300,18,17,1,0,2,0,0,0
D-FINE-M,5,35,300,25,17,8,2,13,0,0,3
D-FINE-M,6,6,300,5,4,1,0,2,0,0,0
D-FINE-M,7,16,300,13,12,1,0,4,0,0,0
D-FINE-M,8,19,300,28,16,12,0,3,0,0,0
D-FINE-M,9,13,300,15,12,3,1,0,0,0,0
D-FINE-M,10,10,300,8,8,0,0,2,0,0,0
D-FINE-M,11,14,300,13,13,0,0,1,0,0,0
D-FINE-M,12,4,300,4,2,2,0,2,0,0,0
D-FINE-M,13,21,300,20,18,2,0,3,0,0,0
D-FINE-M,14,14,300,12,8,4,0,6,0,0,0
D-FINE-M,15,19,300,17,15,2,0,4,0,0,0
D-FINE-M,16,20,300,21,16,5,0,4,0,0,0
D-FINE-M,17,38,300,42,34,8,0,2,0,0,2
D-FINE-M,18,23,300,23,16,7,0,6,0,0,1
D-FINE-M,19,23,300,23,22,1,0,1,0,0,0
D-FINE-M,20,34,300,30,23,7,3,6,0,0,2
D-FINE-M,21,26,300,26,22,4,1,3,0,0,0
D-FINE-M,22,25,300,22,20,2,1,4,0,0,0
D-FINE-M,23,19,300,21,14,7,0,5,0,0,0
D-FINE-M,24,24,300,17,12,5,1,10,0,0,1
D-FINE-M,25,14,300,10,7,3,1,4,0,0,2
D-FINE-M,26,41,300,33,27,6,5,8,0,0,1
D-FINE-M,27,28,300,22,21,1,0,6,0,0,1
D-FINE-M,28,12,300,12,11,1,0,1,0,0,0
D-FINE-M,29,12,300,8,5,3,0,6,0,0,1
D-FINE-M,30,15,300,7,2,5,0,12,0,0,1
D-FINE-M,31,30,300,25,22,3,1,5,0,0,2
D-FINE-M,32,13,300,12,10,2,0,3,0,0,0
D-FINE-M,33,24,300,21,20,1,1,3,0,0,0
D-FINE-M,34,12,300,12,10,2,0,2,0,0,0
D-FINE-M,35,29,300,20,16,4,2,7,0,0,4
D-FINE-M,36,4,300,8,3,5,0,0,0,0,1
D-FINE-M,37,17,300,8,8,0,2,7,0,0,0
D-FINE-M,38,5,300,4,3,1,0,2,0,0,0
D-FINE-M,39,6,300,6,5,1,0,1,0,0,0
D-FINE-M,40,4,300,5,3,2,0,1,0,0,0
D-FINE-M,41,17,300,10,8,2,1,8,0,0,0
D-FINE-M,42,7,300,7,7,0,0,0,0,0,0
D-FINE-M,43,9,300,8,8,0,0,1,0,0,0
D-FINE-M,44,4,300,4,4,0,0,0,0,0,0
D-FINE-M,45,25,300,21,13,8,0,6,0,0,6
D-FINE-M,46,18,300,18,14,4,0,3,0,0,1
D-FINE-M,47,29,300,30,23,7,0,5,0,0,1
D-FINE-M,48,17,300,15,11,4,1,5,0,0,0
D-FINE-M,49,22,300,21,16,5,1,5,0,0,0
D-FINE-M,50,13,300,16,12,4,0,1,0,0,0
D-FINE-M,51,6,300,7,6,1,0,0,0,0,0
D-FINE-M,52,18,300,16,12,4,0,5,0,0,1
D-FINE-M,53,10,300,7,5,2,0,5,0,0,0
D-FINE-M,54,24,300,25,15,10,0,7,0,0,2
D-FINE-M,55,16,300,18,12,6,1,3,0,0,0
D-FINE-M,56,12,300,15,11,4,0,1,0,0,0
D-FINE-M,57,24,300,13,8,5,11,5,0,0,0
D-FINE-M,58,14,300,10,7,3,0,5,0,0,2
D-FINE-M,59,13,300,9,9,0,0,4,0,0,0
D-FINE-M,60,15,300,19,13,6,0,2,0,0,0
D-FINE-M,61,12,300,11,6,5,1,5,0,0,0
D-FINE-M,62,22,300,16,12,4,1,9,0,0,0
D-FINE-M,63,13,300,5,4,1,2,6,0,0,1
D-FINE-M,64,16,300,14,13,1,0,3,0,0,0
D-FINE-M,65,20,300,18,16,2,0,2,1,0,1
D-FINE-M,66,6,300,5,5,0,0,1,0,0,0
D-FINE-M,67,6,300,5,3,2,2,1,0,0,0
D-FINE-M,68,15,300,15,15,0,0,0,0,0,0
D-FINE-M,69,34,300,33,22,11,1,8,1,0,2
D-FINE-M,70,12,300,9,6,3,0,6,0,0,0
D-FINE-M,71,11,300,7,5,2,1,5,0,0,0
D-FINE-M,72,21,300,22,19,3,0,2,0,0,0
D-FINE-M,73,26,300,26,22,4,1,3,0,0,0
D-FINE-M,74,11,300,8,7,1,1,3,0,0,0
D-FINE-M,75,17,300,21,13,8,0,1,0,0,3
D-FINE-M,76,7,300,8,7,1,0,0,0,0,0
D-FINE-M,77,33,300,16,15,1,10,8,0,0,0
D-FINE-M,78,14,300,16,12,4,1,1,0,0,0
D-FINE-M,79,6,300,8,6,2,0,0,0,0,0
D-FINE-M,80,14,300,14,10,4,1,2,0,0,1
D-FINE-M,81,17,300,16,11,5,0,4,0,0,2
D-FINE-M,82,17,300,13,10,3,0,7,0,0,0
D-FINE-M,83,16,300,15,12,3,0,1,0,0,3
D-FINE-M,84,18,300,11,9,2,1,4,0,0,4
D-FINE-M,85,11,300,12,8,4,0,3,0,0,0
D-FINE-M,86,4,300,6,4,2,0,0,0,0,0
D-FINE-M,87,22,300,21,19,2,0,3,0,0,0
D-FINE-M,88,55,300,46,41,5,2,7,4,0,1
D-FINE-M,89,7,300,7,5,2,0,2,0,0,0
D-FINE-M,90,23,300,22,20,2,0,2,0,0,1
D-FINE-M,91,23,300,26,20,6,1,2,0,0,0
D-FINE-M,92,8,300,8,8,0,0,0,0,0,0
D-FINE-M,93,37,300,25,22,3,7,6,0,0,2
D-FINE-M,94,7,300,9,6,3,0,1,0,0,0
D-FINE-M,95,29,300,26,21,5,1,6,0,0,1
D-FINE-M,96,20,300,15,9,6,0,9,0,0,2
D-FINE-M,97,5,300,6,5,1,0,0,0,0,0
D-FINE-M,98,26,300,28,18,10,1,5,0,0,2
D-FINE-M,99,23,300,20,14,6,1,6,0,0,2
D-FINE-M,100,9,300,7,6,1,1,1,0,0,1
D-FINE-M,101,7,300,7,7,0,0,0,0,0,0
D-FINE-M,102,23,300,28,21,7,0,2,0,0,0
D-FINE-M,103,16,300,18,15,3,0,1,0,0,0
D-FINE-M,104,13,300,16,11,5,0,2,0,0,0
D-FINE-M,105,37,300,23,21,2,0,14,0,0,2
D-FINE-M,106,6,300,6,5,1,0,1,0,0,0
D-FINE-M,107,23,300,17,12,5,2,7,0,0,2
D-FINE-M,108,18,300,17,14,3,1,3,0,0,0
D-FINE-M,109,9,300,10,9,1,0,0,0,0,0
D-FINE-M,110,14,300,15,11,4,0,3,0,0,0
D-FINE-M,111,25,300,21,16,5,2,7,0,0,0
D-FINE-M,112,12,300,13,12,1,0,0,0,0,0
D-FINE-M,113,10,300,9,9,0,0,1,0,0,0
D-FINE-M,114,36,300,38,28,10,0,7,0,0,1
D-FINE-M,115,14,300,13,11,2,2,1,0,0,0
D-FINE-M,116,28,300,26,18,8,1,7,0,0,2
D-FINE-M,117,12,300,10,8,2,1,2,0,0,1
D-FINE-M,118,31,300,28,23,5,0,6,0,0,2
D-FINE-M,119,30,300,25,24,1,0,6,0,0,0
D-FINE-M,120,20,300,17,13,4,1,3,0,0,3
D-FINE-M,121,15,300,15,10,5,0,4,0,0,1
D-FINE-M,122,16,300,18,6,12,1,7,0,0,2
D-FINE-M,123,9,300,8,5,3,0,4,0,0,0
D-FINE-M,124,19,300,20,14,6,1,4,0,0,0
D-FINE-M,125,18,300,21,16,5,0,1,1,0,0
D-FINE-M,126,11,300,7,6,1,0,5,0,0,0
D-FINE-M,127,19,300,14,12,2,0,7,0,0,0
D-FINE-M,128,7,300,7,7,0,0,0,0,0,0
D-FINE-M,129,6,300,7,6,1,0,0,0,0,0
D-FINE-M,130,5,300,8,4,4,0,0,0,0,1
D-FINE-M,131,10,300,8,7,1,0,3,0,0,0
D-FINE-M,132,24,300,29,21,8,1,2,0,0,0
D-FINE-M,133,8,300,10,6,4,0,2,0,0,0
D-FINE-M,134,23,300,16,15,1,1,6,1,0,0
D-FINE-M,135,28,300,30,24,6,1,3,0,0,0
D-FINE-M,136,16,300,19,15,4,0,1,0,0,0
D-FINE-M,137,5,300,7,3,4,0,2,0,0,0
D-FINE-M,138,14,300,11,10,1,1,3,0,0,0
D-FINE-M,139,11,300,8,7,1,0,4,0,0,0
D-FINE-M,140,14,300,17,13,4,0,1,0,0,0
D-FINE-M,141,21,300,18,17,1,0,3,0,0,1
D-FINE-M,142,31,300,18,15,3,0,14,0,0,2
D-FINE-M,143,19,300,15,11,4,0,8,0,0,0
D-FINE-M,144,26,300,23,19,4,2,3,1,0,1
D-FINE-M,145,19,300,18,13,5,1,4,0,0,1
D-FINE-M,146,17,300,13,9,4,2,6,0,0,0
D-FINE-M,147,7,300,8,6,2,0,1,0,0,0
D-FINE-M,148,10,300,11,7,4,0,2,0,0,1
D-FINE-M,149,30,300,26,20,6,2,4,0,0,4
D-FINE-M,150,12,300,14,12,2,0,0,0,0,0
D-FINE-M,151,29,300,21,11,10,4,11,0,0,3
D-FINE-M,152,11,300,9,7,2,2,2,0,0,0
D-FINE-M,153,28,300,26,19,7,5,3,1,0,0
D-FINE-M,154,19,300,18,15,3,1,3,0,0,0
D-FINE-M,155,11,300,13,10,3,0,1,0,0,0
D-FINE-M,156,44,300,27,19,8,11,11,0,0,3
D-FINE-M,157,22,300,13,12,1,1,9,0,0,0
D-FINE-M,158,10,300,8,7,1,0,3,0,0,0
D-FINE-M,159,23,300,20,15,5,2,5,0,0,1
D-FINE-M,160,15,300,15,11,4,0,4,0,0,0
D-FINE-M,161,16,300,13,13,0,0,3,0,0,0
D-FINE-M,162,27,300,24,21,3,1,5,0,0,0
D-FINE-M,163,30,300,24,22,2,1,5,1,0,1
D-FINE-M,164,18,300,16,13,3,0,4,0,0,1
D-FINE-M,165,18,300,15,13,2,0,4,0,0,1
D-FINE-M,166,18,300,20,16,4,0,2,0,0,0
D-FINE-M,167,8,300,7,6,1,0,1,0,0,1
D-FINE-M,168,20,300,18,18,0,0,2,0,0,0
D-FINE-M,169,24,300,21,19,2,0,4,0,0,1
D-FINE-M,170,21,300,23,20,3,0,0,0,0,1
D-FINE-M,171,20,300,18,17,1,0,3,0,0,0
D-FINE-M,172,17,300,14,12,2,2,3,0,0,0
D-FINE-M,173,37,300,40,34,6,2,1,0,0,0
D-FINE-M,174,23,300,12,11,1,0,12,0,0,0
D-FINE-M,175,25,300,26,20,6,1,2,0,0,2
D-FINE-M,176,31,300,32,24,8,1,5,0,0,1
D-FINE-M,177,23,300,23,16,7,0,6,0,0,1
D-FINE-M,178,9,300,9,7,2,0,2,0,0,0
D-FINE-M,179,16,300,16,12,4,0,1,0,0,3
D-FINE-M,180,11,300,10,9,1,0,1,0,0,1
D-FINE-M,181,35,300,33,28,5,0,5,0,0,2
D-FINE-M,182,8,300,10,7,3,0,0,0,0,1
D-FINE-M,183,12,300,11,9,2,0,3,0,0,0
D-FINE-M,184,26,300,16,13,3,1,10,0,0,2
D-FINE-M,185,9,300,10,6,4,0,3,0,0,0
D-FINE-M,186,6,300,7,6,1,0,0,0,0,0
D-FINE-M,187,28,300,26,17,9,1,8,0,0,2
D-FINE-M,188,33,300,28,23,5,0,8,0,0,2
D-FINE-M,189,12,300,14,11,3,0,1,0,0,0
D-FINE-M,190,17,300,13,11,2,0,6,0,0,0
D-FINE-M,191,10,300,10,9,1,0,1,0,0,0
D-FINE-M,192,39,300,22,20,2,6,12,0,0,1
D-FINE-M,193,28,300,16,14,2,3,9,0,0,2
D-FINE-M,194,18,300,15,13,2,0,5,0,0,0
D-FINE-M,195,35,300,31,27,4,0,6,0,0,2
D-FINE-M,196,27,300,24,22,2,0,3,0,0,2
D-FINE-M,197,11,300,13,9,4,0,2,0,0,0
D-FINE-M,198,41,300,34,32,2,2,7,0,0,0
D-FINE-M,199,12,300,9,5,4,0,5,0,0,2
D-FINE-M,200,13,300,12,8,4,0,4,0,0,1
D-FINE-M,201,10,300,8,6,2,2,2,0,0,0
D-FINE-M,202,9,300,9,6,3,1,0,0,0,2
D-FINE-M,203,20,300,19,15,4,0,5,0,0,0
D-FINE-M,204,4,300,3,3,0,0,1,0,0,0
D-FINE-M,205,9,300,8,8,0,0,1,0,0,0
D-FINE-M,206,19,300,17,16,1,1,2,0,0,0
D-FINE-M,207,17,300,19,11,8,1,1,0,0,4
D-FINE-M,208,4,300,4,3,1,0,1,0,0,0
D-FINE-M,209,17,300,14,8,6,2,5,0,0,2
D-FINE-M,210,28,300,29,22,7,1,4,0,0,1
D-FINE-M,211,8,300,8,7,1,0,1,0,0,0
D-FINE-M,212,17,300,18,16,2,0,0,0,0,1
D-FINE-M,213,16,300,14,13,1,0,3,0,0,0
D-FINE-M,214,33,300,35,26,9,2,3,2,0,0
D-FINE-M,215,27,300,24,21,3,2,3,0,0,1
D-FINE-M,216,20,300,20,16,4,0,4,0,0,0
D-FINE-M,217,5,300,6,5,1,0,0,0,0,0
D-FINE-M,218,11,300,8,7,1,0,3,0,0,1
D-FINE-M,219,15,300,15,13,2,0,2,0,0,0
D-FINE-M,220,23,300,18,12,6,4,6,0,0,1
D-FINE-M,221,7,300,11,3,8,0,2,0,0,2
D-FINE-M,222,16,300,11,8,3,0,8,0,0,0
D-FINE-M,223,22,300,22,15,7,1,5,0,0,1
D-FINE-M,224,19,300,19,19,0,0,0,0,0,0
D-FINE-M,225,13,300,10,6,4,1,5,1,0,0
D-FINE-M,226,18,300,17,13,4,0,3,0,0,2
D-FINE-M,227,18,300,15,12,3,1,2,0,0,3
D-FINE-M,228,12,300,10,9,1,1,2,0,0,0
D-FINE-M,229,12,300,11,8,3,0,4,0,0,0
D-FINE-M,230,20,300,18,14,4,0,4,0,0,2
D-FINE-M,231,15,300,12,9,3,1,5,0,0,0
D-FINE-M,232,10,300,12,8,4,0,1,0,0,1
D-FINE-M,233,5,300,6,5,1,0,0,0,0,0
D-FINE-M,234,17,300,14,14,0,0,3,0,0,0
D-FINE-M,235,52,300,38,34,4,5,13,0,0,0
D-FINE-M,236,49,300,31,26,5,5,16,0,0,2
D-FINE-M,237,14,300,16,12,4,0,2,0,0,0
D-FINE-M,238,14,300,11,10,1,2,1,0,0,1
D-FINE-M,239,42,300,41,31,10,1,6,0,0,4
D-FINE-M,240,7,300,6,4,2,1,2,0,0,0
D-FINE-M,241,21,300,26,18,8,0,3,0,0,0
D-FINE-M,242,17,300,20,14,6,0,2,0,0,1
D-FINE-M,243,22,300,19,18,1,0,4,0,0,0
D-FINE-M,244,14,300,12,12,0,0,2,0,0,0
D-FINE-M,245,36,300,31,28,3,0,8,0,0,0
D-FINE-M,246,24,300,24,17,7,0,4,0,0,3
D-FINE-M,247,32,300,16,13,3,6,12,0,0,1
D-FINE-M,248,22,300,21,18,3,0,0,0,0,4
D-FINE-M,249,5,300,5,5,0,0,0,0,0,0
D-FINE-M,250,13,300,10,7,3,3,3,0,0,0
D-FINE-M,251,18,300,25,15,10,0,3,0,0,0
D-FINE-M,252,9,300,10,7,3,0,2,0,0,0
D-FINE-M,253,12,300,10,8,2,0,4,0,0,0
D-FINE-M,254,10,300,8,6,2,1,2,0,0,1
D-FINE-M,255,33,300,33,23,10,3,6,0,0,1
D-FINE-M,256,12,300,13,10,3,0,2,0,0,0
D-FINE-M,257,6,300,6,4,2,0,2,0,0,0
D-FINE-M,258,11,300,13,10,3,0,1,0,0,0
D-FINE-M,259,25,300,25,14,11,3,7,0,0,1
D-FINE-M,260,33,300,23,23,0,2,8,0,0,0
D-FINE-M,261,4,300,4,4,0,0,0,0,0,0
D-FINE-M,262,5,300,5,3,2,0,2,0,0,0
D-FINE-M,263,27,300,24,22,2,1,4,0,0,0
D-FINE-M,264,6,300,7,2,5,0,4,0,0,0
D-FINE-M,265,10,300,11,7,4,0,3,0,0,0
D-FINE-M,266,18,300,12,10,2,1,6,0,0,1
D-FINE-M,267,13,300,11,8,3,0,5,0,0,0
D-FINE-M,268,34,300,21,17,4,0,14,0,0,3
D-FINE-M,269,12,300,13,12,1,0,0,0,0,0
D-FINE-M,270,19,300,22,17,5,1,1,0,0,0
D-FINE-M,271,20,300,16,8,8,3,6,0,0,3
D-FINE-M,272,12,300,20,10,10,2,0,0,0,0
D-FINE-M,273,16,300,16,12,4,0,3,1,0,0
D-FINE-M,274,19,300,19,12,7,1,5,0,1,0
D-FINE-M,275,22,300,23,16,7,0,5,0,0,1
D-FINE-M,276,17,300,23,12,11,2,2,0,0,1
D-FINE-M,277,13,300,14,10,4,0,2,0,0,1
D-FINE-M,278,16,300,21,14,7,1,0,0,0,1
D-FINE-M,279,28,300,21,18,3,2,8,0,0,0
D-FINE-M,280,31,300,10,5,5,5,19,0,0,2
D-FINE-M,281,23,300,19,18,1,0,5,0,0,0
D-FINE-M,282,12,300,14,9,5,0,1,0,0,2
D-FINE-M,283,12,300,12,11,1,0,1,0,0,0
D-FINE-M,284,15,300,17,14,3,0,1,0,0,0
D-FINE-M,285,8,300,13,7,6,0,1,0,0,0
D-FINE-M,286,8,300,5,3,2,1,4,0,0,0
D-FINE-M,287,26,300,25,18,7,2,5,0,0,1
D-FINE-M,288,14,300,12,8,4,0,6,0,0,0
D-FINE-M,289,14,300,14,7,7,1,3,0,0,3
D-FINE-M,290,13,300,12,11,1,0,0,0,0,2
D-FINE-M,291,9,300,9,6,3,0,3,0,0,0
D-FINE-M,292,6,300,8,4,4,0,1,0,0,1
D-FINE-M,293,16,300,17,14,3,0,1,0,0,1
D-FINE-M,294,39,300,19,16,3,4,13,2,1,3
D-FINE-M,295,25,300,24,20,4,1,4,0,0,0
D-FINE-M,296,18,300,13,10,3,0,7,0,0,1
D-FINE-M,297,27,300,21,17,4,2,5,0,0,3
D-FINE-M,298,12,300,16,11,5,0,1,0,0,0
D-FINE-M,299,17,300,11,9,2,1,7,0,0,0
D-FINE-M,300,25,300,25,22,3,1,1,0,0,1
D-FINE-M,301,10,300,8,5,3,0,5,0,0,0
D-FINE-M,302,22,300,20,18,2,0,3,0,0,1
D-FINE-M,303,24,300,20,16,4,0,8,0,0,0
D-FINE-M,304,37,300,27,20,7,2,13,2,0,0
D-FINE-M,305,20,300,14,12,2,0,8,0,0,0
D-FINE-M,306,45,300,27,24,3,2,15,0,0,4
D-FINE-M,307,27,300,19,16,3,3,8,0,0,0
D-FINE-M,308,24,300,23,16,7,0,7,0,0,1
D-FINE-M,309,19,300,18,16,2,0,2,1,0,0
D-FINE-M,310,20,300,19,14,5,0,4,0,0,2
D-FINE-M,311,23,300,24,16,8,1,3,0,0,3
D-FINE-M,312,32,300,35,29,6,0,3,0,0,0
D-FINE-M,313,9,300,7,5,2,0,3,0,0,1
D-FINE-M,314,15,300,12,10,2,1,4,0,0,0
D-FINE-M,315,26,300,29,24,5,0,2,0,0,0
D-FINE-M,316,10,300,16,10,6,0,0,0,0,0
D-FINE-M,317,16,300,16,12,4,1,1,0,0,2
D-FINE-M,318,6,300,6,5,1,0,0,0,0,1
D-FINE-M,319,18,300,9,8,1,2,8,0,0,0
D-FINE-M,320,9,300,9,8,1,0,1,0,0,0
D-FINE-M,321,19,300,21,18,3,0,1,0,0,0
D-FINE-M,322,22,300,19,17,2,0,5,0,0,0
D-FINE-M,323,22,300,21,20,1,0,2,0,0,0
D-FINE-M,324,14,300,13,13,0,0,1,0,0,0
D-FINE-M,325,7,300,8,6,2,0,1,0,0,0
D-FINE-M,326,22,300,20,15,5,0,7,0,0,0
D-FINE-M,327,10,300,11,10,1,0,0,0,0,0
D-FINE-M,328,10,300,9,8,1,1,1,0,0,0
D-FINE-M,329,15,300,9,7,2,1,7,0,0,0
D-FINE-M,330,24,300,24,17,7,0,5,0,0,2
D-FINE-M,331,23,300,28,22,6,0,0,0,0,1
D-FINE-M,332,11,300,9,7,2,0,4,0,0,0
D-FINE-M,333,17,300,17,14,3,0,3,0,0,0
D-FINE-M,334,9,300,13,9,4,0,0,0,0,0
D-FINE-M,335,16,300,17,13,4,0,2,0,0,1
D-FINE-M,336,26,300,24,18,6,1,7,0,0,0
D-FINE-M,337,7,300,6,4,2,0,3,0,0,0
D-FINE-M,338,14,300,14,9,5,1,2,0,0,2
D-FINE-M,339,23,300,21,17,4,0,5,1,0,0
D-FINE-M,340,21,300,18,15,3,0,3,0,0,3
D-FINE-M,341,15,300,16,11,5,1,3,0,0,0
D-FINE-M,342,17,300,15,11,4,0,5,0,0,1
D-FINE-M,343,25,300,19,15,4,2,8,0,0,0
D-FINE-M,344,46,300,37,30,7,1,14,0,0,1
D-FINE-M,345,30,300,26,21,5,4,4,0,0,1
D-FINE-M,346,27,300,23,22,1,1,4,0,0,0
D-FINE-M,347,10,300,9,7,2,1,2,0,0,0
D-FINE-M,348,26,300,27,20,7,0,6,0,0,0
D-FINE-M,349,27,300,22,15,7,1,11,0,0,0
D-FINE-M,350,5,300,4,4,0,0,1,0,0,0
D-FINE-M,351,7,300,7,6,1,0,1,0,0,0
D-FINE-M,352,9,300,12,7,5,0,1,1,0,0
D-FINE-M,353,7,300,7,7,0,0,0,0,0,0
D-FINE-M,354,28,300,24,18,6,1,8,0,0,1
D-FINE-M,355,20,300,20,17,3,0,2,0,0,1
D-FINE-M,356,18,300,14,13,1,1,4,0,0,0
D-FINE-M,357,11,300,11,10,1,0,1,0,0,0
D-FINE-M,358,18,300,20,13,7,0,3,0,0,2
D-FINE-M,359,11,300,12,11,1,0,0,0,0,0
D-FINE-M,360,16,300,19,15,4,0,1,0,0,0
D-FINE-M,361,21,300,13,10,3,4,6,0,0,1
D-FINE-M,362,17,300,14,13,1,1,3,0,0,0
D-FINE-M,363,29,300,29,21,8,1,5,0,0,2
D-FINE-M,364,17,300,14,12,2,0,3,0,0,2
D-FINE-M,365,25,300,30,21,9,0,4,0,0,0
D-FINE-M,366,31,300,31,26,5,1,4,0,0,0
D-FINE-M,367,27,300,31,20,11,2,5,0,0,0
D-FINE-M,368,39,300,30,21,9,3,9,0,0,6
D-FINE-M,369,16,300,16,12,4,0,4,0,0,0
D-FINE-M,370,12,300,13,12,1,0,0,0,0,0
D-FINE-M,371,23,300,19,14,5,3,4,0,0,2
D-FINE-M,372,21,300,18,16,2,0,4,1,0,0
D-FINE-M,373,16,300,15,9,6,1,5,0,0,1
D-FINE-M,374,16,300,15,13,2,0,2,0,0,1
D-FINE-M,375,6,300,6,6,0,0,0,0,0,0
D-FINE-M,376,17,300,15,13,2,0,3,0,0,1
D-FINE-M,377,17,300,15,15,0,1,1,0,0,0
D-FINE-M,378,28,300,20,17,3,5,6,0,0,0
D-FINE-M,379,6,300,6,5,1,0,1,0,0,0
D-FINE-M,380,24,300,21,18,3,0,5,0,0,1
D-FINE-M,381,18,300,22,17,5,0,1,0,0,0
D-FINE-M,382,21,300,20,18,2,0,3,0,0,0
D-FINE-M,383,16,300,17,13,4,0,2,0,0,1
D-FINE-M,384,18,300,22,15,7,0,2,0,0,1
D-FINE-M,385,30,300,17,14,3,1,14,0,0,1
D-FINE-M,386,20,300,17,15,2,1,4,0,0,0
D-FINE-M,387,9,300,9,6,3,1,2,0,0,0
D-FINE-M,388,25,300,23,20,3,0,4,0,0,1
D-FINE-M,389,26,300,21,17,4,2,6,0,0,1
D-FINE-M,390,6,300,5,4,1,0,2,0,0,0
D-FINE-M,391,12,300,7,7,0,0,5,0,0,0
D-FINE-M,392,9,300,9,9,0,0,0,0,0,0
D-FINE-M,393,23,300,21,21,0,0,2,0,0,0
D-FINE-M,394,13,300,13,11,2,0,0,2,0,0
D-FINE-M,395,15,300,16,11,5,0,1,0,0,3
D-FINE-M,396,16,300,18,14,4,0,1,0,0,1
D-FINE-M,397,45,300,32,29,3,2,13,0,0,1
D-FINE-M,398,22,300,23,14,9,0,7,0,0,1
D-FINE-M,399,9,300,7,6,1,0,3,0,0,0
D-FINE-M,400,8,300,9,5,4,0,3,0,0,0
D-FINE-M,401,19,300,21,15,6,1,2,0,0,1
D-FINE-M,402,4,300,6,4,2,0,0,0,0,0
D-FINE-M,403,25,300,21,14,7,0,7,0,0,4
D-FINE-M,404,17,300,15,14,1,0,3,0,0,0
D-FINE-M,405,25,300,10,7,3,9,7,0,0,2
D-FINE-M,406,12,300,9,8,1,1,2,0,0,1
D-FINE-M,407,16,300,15,11,4,0,5,0,0,0
D-FINE-M,408,8,300,6,6,0,0,2,0,0,0
D-FINE-M,409,15,300,14,13,1,0,1,0,0,1
D-FINE-M,410,33,300,31,21,10,3,5,0,0,4
D-FINE-M,411,28,300,28,22,6,0,6,0,0,0
D-FINE-M,412,20,300,15,14,1,0,6,0,0,0
D-FINE-M,413,23,300,27,22,5,0,1,0,0,0
D-FINE-M,414,10,300,10,9,1,0,1,0,0,0
D-FINE-M,415,6,300,6,5,1,0,1,0,0,0
D-FINE-M,416,18,300,16,15,1,0,3,0,0,0
D-FINE-M,417,40,300,42,33,9,0,6,0,0,1
D-FINE-M,418,12,300,12,12,0,0,0,0,0,0
D-FINE-M,419,23,300,19,18,1,1,3,1,0,0
D-FINE-M,420,25,300,22,17,5,1,5,0,0,2
D-FINE-M,421,21,300,21,19,2,0,1,0,0,1
D-FINE-M,422,24,300,17,13,4,2,9,0,0,0
D-FINE-M,423,9,300,9,8,1,0,0,0,0,1
D-FINE-M,424,8,300,10,7,3,0,1,0,0,0
D-FINE-M,425,38,300,31,27,4,4,6,0,0,1
D-FINE-M,426,14,300,9,7,2,3,4,0,0,0
D-FINE-M,427,21,300,21,17,4,0,3,0,0,1
D-FINE-M,428,27,300,15,13,2,5,9,0,0,0
D-FINE-M,429,36,300,29,23,6,5,7,0,0,1
D-FINE-M,430,5,300,5,4,1,0,1,0,0,0
D-FINE-M,431,30,300,13,12,1,1,17,0,0,0
D-FINE-M,432,22,300,30,20,10,0,2,0,0,0
D-FINE-M,433,6,300,7,5,2,0,1,0,0,0
D-FINE-M,434,11,300,13,9,4,0,2,0,0,0
D-FINE-M,435,17,300,16,10,6,0,7,0,0,0
D-FINE-M,436,38,300,40,34,6,0,2,1,0,1
D-FINE-M,437,20,300,19,14,5,0,5,0,0,1
D-FINE-M,438,22,300,18,16,2,1,3,0,0,2
D-FINE-M,439,21,300,21,16,5,0,5,0,0,0
D-FINE-M,440,25,300,23,22,1,0,3,0,0,0
D-FINE-M,441,6,300,7,5,2,0,0,0,0,1
D-FINE-M,442,7,300,6,4,2,0,3,0,0,0
D-FINE-M,443,36,300,29,24,5,3,7,0,0,2
D-FINE-M,444,18,300,16,10,6,2,5,0,0,1
D-FINE-M,445,27,300,23,18,5,1,7,0,0,1
D-FINE-M,446,19,300,17,14,3,0,5,0,0,0
D-FINE-M,447,4,300,6,4,2,0,0,0,0,0
D-FINE-M,448,26,300,25,14,11,3,7,0,0,2
D-FINE-M,449,28,300,27,17,10,4,5,0,2,0
D-FINE-M,450,31,300,26,19,7,1,10,0,0,1
D-FINE-M,451,6,300,5,5,0,0,1,0,0,0
D-FINE-M,452,37,300,27,24,3,3,9,1,0,0
D-FINE-M,453,17,300,18,14,4,0,1,0,0,2
D-FINE-M,454,31,300,23,21,2,1,8,1,0,0
D-FINE-M,455,22,300,21,20,1,0,2,0,0,0
D-FINE-M,456,7,300,8,6,2,0,1,0,0,0
D-FINE-M,457,15,300,17,13,4,0,2,0,0,0
D-FINE-M,458,24,300,21,17,4,0,5,1,0,1
D-FINE-M,459,54,300,39,27,12,9,13,0,0,5
D-FINE-M,460,20,300,20,16,4,0,4,0,0,0
D-FINE-M,461,5,300,5,5,0,0,0,0,0,0
D-FINE-M,462,10,300,10,10,0,0,0,0,0,0
D-FINE-M,463,25,300,21,19,2,1,4,1,0,0
D-FINE-M,464,14,300,13,13,0,1,0,0,0,0
D-FINE-M,465,13,300,14,10,4,0,2,0,0,1
D-FINE-M,466,32,300,29,22,7,3,5,0,0,2
D-FINE-M,467,45,300,35,25,10,2,9,0,0,9
D-FINE-M,468,42,300,35,26,9,4,7,0,0,5
D-FINE-M,469,31,300,28,25,3,1,4,0,0,1
D-FINE-M,470,12,300,16,12,4,0,0,0,0,0
D-FINE-M,471,38,300,26,21,5,2,14,0,0,1
D-FINE-M,472,13,300,10,10,0,2,1,0,0,0
D-FINE-M,473,45,300,34,30,4,1,13,1,0,0
D-FINE-M,474,21,300,18,16,2,0,5,0,0,0
D-FINE-M,475,24,300,22,20,2,0,4,0,0,0
D-FINE-M,476,24,300,28,20,8,0,3,0,0,1
D-FINE-M,477,19,300,20,16,4,0,3,0,0,0
D-FINE-M,478,16,300,13,12,1,1,3,0,0,0
D-FINE-M,479,6,300,6,6,0,0,0,0,0,0
D-FINE-M,480,44,300,44,38,6,0,5,0,0,1
D-FINE-M,481,30,300,28,22,6,3,4,0,0,1
D-FINE-M,482,13,300,12,10,2,0,3,0,0,0
D-FINE-M,483,8,300,8,6,2,0,2,0,0,0
D-FINE-M,484,17,300,23,16,7,0,1,0,0,0
D-FINE-M,485,5,300,3,2,1,0,3,0,0,0
D-FINE-M,486,7,300,11,7,4,0,0,0,0,0
D-FINE-M,487,10,300,12,10,2,0,0,0,0,0
D-FINE-M,488,14,300,12,10,2,0,4,0,0,0
D-FINE-M,489,9,300,12,8,4,0,1,0,0,0
D-FINE-M,490,13,300,14,8,6,0,3,0,0,2
D-FINE-M,491,17,300,10,10,0,0,7,0,0,0
D-FINE-M,492,21,300,14,13,1,2,6,0,0,0
D-FINE-M,493,53,300,33,23,10,8,18,0,0,4
D-FINE-M,494,29,300,30,21,9,3,4,0,0,1
D-FINE-M,495,33,300,33,19,14,1,7,0,0,6
D-FINE-M,496,26,300,22,16,6,1,7,0,0,2
D-FINE-M,497,17,300,14,13,1,0,4,0,0,0
D-FINE-M,498,12,300,11,9,2,0,3,0,0,0
D-FINE-M,499,4,300,3,2,1,0,2,0,0,0
D-FINE-M,500,9,300,7,6,1,0,2,0,0,1
D-FINE-M,501,15,300,12,11,1,1,2,0,0,1
D-FINE-M,502,7,300,3,3,0,0,4,0,0,0
D-FINE-M,503,34,300,30,27,3,1,6,0,0,0
D-FINE-M,504,10,300,10,10,0,0,0,0,0,0
D-FINE-M,505,5,300,6,5,1,0,0,0,0,0
D-FINE-M,506,20,300,17,16,1,1,3,0,0,0
D-FINE-M,507,32,300,37,24,13,1,5,0,0,2
D-FINE-M,508,23,300,19,14,5,5,4,0,0,0
D-FINE-M,509,7,300,5,3,2,1,2,0,0,1
D-FINE-M,510,9,300,8,7,1,0,2,0,0,0
D-FINE-M,511,14,300,13,12,1,0,2,0,0,0
D-FINE-M,512,26,300,23,20,3,1,5,0,0,0
D-FINE-M,513,9,300,12,9,3,0,0,0,0,0
D-FINE-M,514,38,300,25,19,6,2,15,1,0,1
D-FINE-M,515,5,300,5,5,0,0,0,0,0,0
D-FINE-M,516,20,300,13,13,0,0,7,0,0,0
D-FINE-M,517,28,300,22,18,4,0,9,0,0,1
D-FINE-M,518,13,300,11,8,3,0,5,0,0,0
D-FINE-M,519,16,300,16,13,3,0,1,0,0,2
D-FINE-M,520,6,300,5,5,0,0,1,0,0,0
D-FINE-M,521,5,300,7,4,3,0,1,0,0,0
D-FINE-M,522,33,300,34,28,6,2,2,0,0,1
D-FINE-M,523,6,300,6,5,1,0,1,0,0,0
D-FINE-M,524,18,300,15,12,3,0,5,0,0,1
D-FINE-M,525,24,300,18,12,6,2,9,0,0,1
D-FINE-M,526,12,300,13,10,3,0,2,0,0,0
D-FINE-M,527,7,300,10,4,6,0,2,0,0,1
D-FINE-M,528,28,300,24,19,5,0,9,0,0,0
D-FINE-M,529,18,300,27,14,13,0,3,0,0,1
D-FINE-M,530,14,300,12,11,1,0,3,0,0,0
D-FINE-M,531,11,300,8,3,5,2,5,0,0,1
D-FINE-M,532,23,300,13,10,3,3,10,0,0,0
D-FINE-M,533,6,300,6,6,0,0,0,0,0,0
D-FINE-M,534,15,300,8,8,0,1,6,0,0,0
D-FINE-M,535,19,300,23,16,7,0,3,0,0,0
D-FINE-M,536,21,300,21,18,3,0,3,0,0,0
D-FINE-M,537,11,300,11,9,2,0,2,0,0,0
D-FINE-M,538,7,300,6,5,1,0,2,0,0,0
D-FINE-M,539,7,300,8,7,1,0,0,0,0,0
D-FINE-M,540,12,300,13,10,3,0,2,0,0,0
D-FINE-M,541,9,300,9,6,3,0,2,0,0,1
D-FINE-M,542,19,300,16,11,5,0,8,0,0,0
D-FINE-M,543,25,300,18,18,0,1,6,0,0,0
D-FINE-M,544,15,300,16,12,4,1,1,0,0,1
D-FINE-M,545,24,300,24,21,3,0,1,0,0,2
D-FINE-M,546,17,300,13,12,1,2,3,0,0,0
D-FINE-M,547,26,300,35,22,13,0,4,0,0,0
D-FINE-M,548,39,300,30,21,9,1,12,0,0,5
D-FINE-M,549,22,300,21,17,4,1,4,0,0,0
D-FINE-M,550,11,300,24,8,16,0,3,0,0,0
D-FINE-M,551,35,300,27,23,4,4,6,0,0,2
D-FINE-M,552,20,300,17,15,2,0,3,1,0,1
D-FINE-M,553,12,300,12,10,2,0,2,0,0,0
D-FINE-M,554,10,300,8,7,1,0,2,1,0,0
D-FINE-M,555,27,300,26,19,7,1,4,0,0,3
D-FINE-M,556,27,300,19,18,1,1,8,0,0,0
D-FINE-M,557,13,300,7,7,0,0,6,0,0,0
D-FINE-M,558,13,300,15,13,2,0,0,0,0,0
D-FINE-M,559,16,300,10,10,0,3,2,0,0,1
D-FINE-M,560,7,300,5,2,3,0,5,0,0,0
D-FINE-M,561,15,300,17,13,4,0,2,0,0,0
D-FINE-M,562,21,300,17,15,2,0,6,0,0,0
D-FINE-M,563,21,300,14,9,5,2,8,0,0,2
D-FINE-M,564,34,300,24,19,5,3,10,1,0,1
D-FINE-M,565,9,300,12,8,4,0,0,0,0,1
D-FINE-M,566,13,300,19,12,7,0,1,0,0,0
D-FINE-M,567,19,300,17,12,5,0,5,1,0,1
D-FINE-M,568,17,300,20,15,5,0,2,0,0,0
D-FINE-M,569,10,300,10,9,1,0,1,0,0,0
D-FINE-M,570,19,300,18,16,2,0,2,1,0,0
D-FINE-M,571,17,300,21,17,4,0,0,0,0,0
D-FINE-M,572,13,300,15,12,3,0,1,0,0,0
D-FINE-M,573,21,300,20,17,3,0,3,0,0,1
D-FINE-M,574,29,300,24,16,8,1,9,0,0,3
D-FINE-M,575,18,300,16,14,2,0,4,0,0,0
D-FINE-M,576,8,300,8,8,0,0,0,0,0,0
D-FINE-M,577,20,300,19,15,4,0,4,0,0,1
D-FINE-M,578,5,300,9,5,4,0,0,0,0,0
D-FINE-M,579,10,300,5,5,0,0,5,0,0,0
D-FINE-M,580,20,300,15,13,2,3,4,0,0,0
D-FINE-M,581,22,300,12,9,3,3,7,0,0,3
D-FINE-M,582,20,300,18,16,2,0,4,0,0,0
D-FINE-M,583,18,300,13,12,1,0,6,0,0,0
D-FINE-M,584,27,300,25,23,2,0,4,0,0,0
D-FINE-M,585,8,300,7,6,1,0,2,0,0,0
D-FINE-M,586,28,300,18,18,0,1,8,0,0,1
D-FINE-M,587,4,300,2,2,0,0,2,0,0,0
D-FINE-M,588,34,300,27,20,7,1,8,0,0,5
D-FINE-M,589,9,300,10,7,3,1,1,0,0,0
D-FINE-M,590,19,300,23,15,8,2,1,0,0,1
D-FINE-M,591,9,300,7,7,0,1,1,0,0,0
D-FINE-M,592,14,300,14,12,2,0,2,0,0,0
D-FINE-M,593,15,300,19,15,4,0,0,0,0,0
D-FINE-M,594,17,300,14,12,2,0,4,1,0,0
D-FINE-M,595,12,300,13,11,2,0,1,0,0,0
D-FINE-M,596,24,300,27,19,8,1,3,0,0,1
D-FINE-M,597,52,300,48,34,14,6,7,0,0,5
D-FINE-M,598,24,300,25,20,5,2,2,0,0,0
D-FINE-M,599,8,300,6,4,2,0,2,0,0,2
D-FINE-M,600,27,300,27,21,6,0,6,0,0,0
D-FINE-M,601,33,300,26,24,2,3,6,0,0,0
D-FINE-M,602,29,300,24,22,2,1,4,0,0,2
D-FINE-M,603,20,300,17,12,5,0,7,0,0,1
D-FINE-M,604,13,300,15,12,3,0,1,0,0,0
D-FINE-M,605,20,300,22,16,6,0,4,0,0,0
D-FINE-M,606,13,300,16,10,6,0,3,0,0,0
D-FINE-M,607,9,300,7,7,0,0,2,0,0,0
D-FINE-M,608,22,300,24,20,4,0,0,0,0,2
D-FINE-M,609,24,300,18,17,1,0,7,0,0,0
D-FINE-M,610,26,300,19,17,2,1,7,0,0,1
D-FINE-M,611,21,300,19,16,3,1,4,0,0,0
D-FINE-M,612,4,300,5,4,1,0,0,0,0,0
D-FINE-M,613,6,300,7,6,1,0,0,0,0,0
D-FINE-M,614,5,300,7,5,2,0,0,0,0,0
D-FINE-M,615,10,300,7,5,2,0,5,0,0,0
D-FINE-M,616,9,300,8,7,1,0,2,0,0,0
D-FINE-M,617,8,300,6,4,2,1,3,0,0,0
D-FINE-M,618,6,300,7,6,1,0,0,0,0,0
D-FINE-M,619,13,300,12,10,2,0,3,0,0,0
D-FINE-M,620,17,300,20,14,6,0,1,0,0,2
D-FINE-M,621,24,300,23,18,5,2,4,0,0,0
D-FINE-M,622,15,300,16,12,4,0,1,0,0,2
D-FINE-M,623,15,300,12,9,3,0,2,0,0,4
D-FINE-M,624,13,300,14,9,5,0,1,0,0,3
D-FINE-M,625,14,300,16,11,5,1,1,0,0,1
D-FINE-M,626,19,300,12,11,1,3,5,0,0,0
D-FINE-M,627,13,300,11,11,0,1,1,0,0,0
D-FINE-M,628,27,300,26,22,4,1,3,1,0,0
D-FINE-M,629,16,300,5,4,1,2,10,0,0,0
D-FINE-M,630,15,300,13,9,4,1,5,0,0,0
D-FINE-M,631,19,300,17,13,4,0,4,0,0,2
D-FINE-M,632,18,300,10,8,2,1,9,0,0,0
D-FINE-M,633,23,300,19,13,6,2,6,0,0,2
D-FINE-M,634,9,300,9,7,2,0,2,0,0,0
D-FINE-M,635,20,300,19,16,3,1,2,0,0,1
D-FINE-M,636,15,300,19,14,5,0,1,0,0,0
D-FINE-M,637,12,300,10,8,2,1,3,0,0,0
D-FINE-M,638,10,300,11,9,2,0,1,0,0,0
D-FINE-M,639,18,300,11,9,2,1,8,0,0,0
D-FINE-M,640,18,300,15,14,1,0,4,0,0,0
D-FINE-M,641,12,300,11,9,2,1,0,0,0,2
D-FINE-M,642,7,300,8,7,1,0,0,0,0,0
D-FINE-M,643,23,300,24,19,5,1,2,0,0,1
D-FINE-M,644,24,300,27,19,8,1,4,0,0,0
D-FINE-M,645,18,300,26,15,11,0,2,0,0,1
D-FINE-M,646,26,300,25,23,2,0,2,1,0,0
D-FINE-M,647,21,300,20,18,2,0,3,0,0,0
D-FINE-M,648,35,300,27,18,9,3,12,0,0,2
D-FINE-M,649,13,300,14,9,5,0,4,0,0,0
D-FINE-M,650,9,300,9,9,0,0,0,0,0,0
D-FINE-M,651,7,300,5,4,1,0,3,0,0,0
D-FINE-M,652,12,300,13,11,2,0,1,0,0,0
D-FINE-M,653,16,300,17,13,4,0,3,0,0,0
D-FINE-M,654,27,300,20,13,7,3,10,0,0,1
D-FINE-M,655,13,300,12,10,2,2,1,0,0,0
D-FINE-M,656,21,300,16,14,2,0,6,1,0,0
D-FINE-M,657,5,300,11,2,9,1,1,0,0,1
D-FINE-M,658,11,300,7,5,2,0,5,0,0,1
D-FINE-M,659,7,300,11,6,5,0,1,0,0,0
D-FINE-M,660,15,300,17,12,5,0,3,0,0,0
D-FINE-M,661,29,300,23,20,3,1,7,0,0,1
D-FINE-M,662,26,300,16,15,1,2,9,0,0,0
D-FINE-M,663,40,300,38,26,12,1,10,0,0,3
D-FINE-M,664,11,300,11,11,0,0,0,0,0,0
D-FINE-M,665,20,300,17,15,2,0,4,0,0,1
D-FINE-M,666,22,300,22,16,6,0,4,0,0,2
D-FINE-M,667,43,300,25,22,3,4,16,0,0,1
D-FINE-M,668,13,300,13,10,3,0,2,0,0,1
D-FINE-M,669,36,300,26,21,5,2,13,0,0,0
D-FINE-M,670,38,300,27,22,5,2,14,0,0,0
D-FINE-M,671,31,300,29,20,9,3,7,0,0,1
D-FINE-M,672,19,300,16,13,3,0,6,0,0,0
D-FINE-M,673,9,300,12,6,6,0,2,0,0,1
D-FINE-M,674,22,300,19,19,0,0,3,0,0,0
D-FINE-M,675,17,300,17,15,2,0,2,0,0,0
D-FINE-M,676,23,300,27,18,9,0,1,1,1,2
D-FINE-M,677,28,300,26,24,2,2,2,0,0,0
D-FINE-M,678,27,300,29,21,8,2,4,0,0,0
D-FINE-M,679,5,300,6,5,1,0,0,0,0,0
D-FINE-M,680,27,300,21,15,6,1,10,0,0,1
D-FINE-M,681,6,300,6,5,1,0,1,0,0,0
D-FINE-M,682,14,300,14,12,2,0,1,0,0,1
D-FINE-M,683,5,300,4,2,2,0,3,0,0,0
D-FINE-M,684,8,300,12,5,7,0,3,0,0,0
D-FINE-M,685,10,300,11,8,3,0,2,0,0,0
D-FINE-M,686,16,300,19,12,7,0,2,0,0,2
D-FINE-M,687,5,300,5,4,1,0,1,0,0,0
D-FINE-M,688,16,300,16,14,2,0,2,0,0,0
D-FINE-M,689,34,300,31,18,13,4,7,0,0,5
D-FINE-M,690,17,300,16,15,1,0,2,0,0,0
D-FINE-M,691,23,300,17,16,1,1,6,0,0,0
D-FINE-M,692,51,300,42,35,7,0,12,1,0,3
D-FINE-M,693,15,300,18,13,5,0,2,0,0,0
D-FINE-M,694,12,300,12,12,0,0,0,0,0,0
D-FINE-M,695,11,300,12,10,2,0,1,0,0,0
D-FINE-M,696,16,300,17,13,4,0,2,0,0,1
D-FINE-M,697,27,300,26,23,3,0,3,0,0,1
D-FINE-M,698,6,300,5,5,0,0,1,0,0,0
D-FINE-M,699,8,300,7,7,0,0,1,0,0,0
D-FINE-M,700,13,300,6,4,2,1,6,1,0,1
D-FINE-M,701,8,300,6,6,0,0,2,0,0,0
D-FINE-M,702,26,300,20,18,2,1,7,0,0,0
D-FINE-M,703,16,300,15,14,1,1,1,0,0,0
D-FINE-M,704,7,300,9,5,4,0,2,0,0,0
D-FINE-M,705,15,300,11,9,2,0,5,0,0,1
D-FINE-M,706,19,300,22,15,7,1,3,0,0,0
D-FINE-M,707,4,300,2,2,0,0,2,0,0,0
D-FINE-M,708,22,300,23,19,4,0,3,0,0,0
D-FINE-M,709,21,300,20,14,6,0,5,0,0,2
D-FINE-M,710,16,300,14,9,5,1,6,0,0,0
D-FINE-M,711,14,300,16,12,4,0,2,0,0,0
D-FINE-M,712,17,300,12,10,2,0,5,2,0,0
D-FINE-M,713,15,300,15,15,0,0,0,0,0,0
D-FINE-M,714,5,300,10,4,6,0,0,0,0,1
D-FINE-M,715,13,300,15,9,6,0,0,1,0,3
D-FINE-M,716,15,300,13,9,4,1,4,0,0,1
D-FINE-M,717,22,300,21,16,5,0,5,0,0,1
D-FINE-M,718,9,300,10,5,5,1,3,0,0,0
D-FINE-M,719,11,300,12,9,3,0,2,0,0,0
D-FINE-M,720,10,300,9,9,0,0,1,0,0,0
D-FINE-M,721,6,300,7,5,2,0,1,0,0,0
D-FINE-M,722,18,300,17,7,10,1,5,0,0,5
D-FINE-M,723,23,300,27,20,7,1,1,0,0,1
D-FINE-M,724,16,300,16,14,2,0,2,0,0,0
D-FINE-M,725,12,300,8,7,1,0,5,0,0,0
D-FINE-M,726,9,300,7,5,2,1,3,0,0,0
D-FINE-M,727,7,300,10,7,3,0,0,0,0,0
D-FINE-M,728,10,300,11,8,3,0,2,0,0,0
D-FINE-M,729,14,300,16,13,3,0,1,0,0,0
D-FINE-M,730,14,300,16,13,3,0,1,0,0,0
D-FINE-M,731,19,300,20,16,4,1,2,0,0,0
D-FINE-M,732,20,300,21,14,7,2,4,0,0,0
D-FINE-M,733,4,300,6,4,2,0,0,0,0,0
D-FINE-M,734,15,300,15,7,8,1,4,0,0,3
D-FINE-M,735,28,300,19,12,7,2,10,1,0,3
D-FINE-M,736,21,300,23,14,9,2,1,0,0,4
D-FINE-M,737,31,300,27,23,4,0,5,0,0,3
D-FINE-M,738,9,300,10,8,2,0,1,0,0,0
D-FINE-M,739,12,300,14,12,2,0,0,0,0,0
D-FINE-M,740,22,300,23,19,4,0,3,0,0,0
D-FINE-M,741,25,300,22,19,3,0,6,0,0,0
D-FINE-M,742,21,300,19,19,0,0,2,0,0,0
D-FINE-M,743,18,300,17,17,0,0,1,0,0,0
D-FINE-M,744,25,300,19,17,2,1,5,0,0,2
D-FINE-M,745,19,300,12,11,1,1,6,0,0,1
D-FINE-M,746,5,300,6,5,1,0,0,0,0,0
D-FINE-M,747,7,300,6,4,2,0,3,0,0,0
D-FINE-M,748,13,300,14,12,2,0,0,0,0,1
D-FINE-M,749,13,300,10,8,2,2,2,0,0,1
D-FINE-M,750,26,300,23,19,4,1,6,0,0,0
D-FINE-M,751,32,300,33,22,11,1,7,1,0,1
D-FINE-M,752,23,300,18,16,2,0,5,1,0,1
D-FINE-M,753,20,300,22,18,4,0,2,0,0,0
D-FINE-M,754,21,300,17,11,6,2,4,0,0,4
D-FINE-M,755,20,300,18,13,5,0,7,0,0,0
D-FINE-M,756,33,300,27,22,5,1,10,0,0,0
D-FINE-M,757,20,300,22,17,5,2,1,0,0,0
D-FINE-M,758,27,300,17,15,2,1,9,0,0,2
D-FINE-M,759,8,300,7,7,0,0,1,0,0,0
D-FINE-M,760,15,300,17,14,3,0,1,0,0,0
D-FINE-M,761,11,300,15,10,5,0,1,0,0,0
D-FINE-M,762,31,300,32,21,11,0,9,0,0,1
D-FINE-M,763,20,300,18,17,1,0,2,1,0,0
D-FINE-M,764,21,300,12,11,1,1,8,0,0,1
D-FINE-M,765,18,300,13,12,1,2,4,0,0,0
D-FINE-M,766,22,300,16,11,5,0,8,0,0,3
D-FINE-M,767,18,300,19,11,8,0,2,0,0,5
D-FINE-M,768,16,300,17,14,3,0,2,0,0,0
D-FINE-M,769,17,300,19,15,4,0,1,0,0,1
D-FINE-M,770,8,300,10,8,2,0,0,0,0,0
D-FINE-M,771,20,300,21,17,4,0,2,1,0,0
D-FINE-M,772,25,300,25,20,5,1,4,0,0,0
D-FINE-M,773,13,300,13,11,2,0,1,0,0,1
D-FINE-M,774,18,300,16,15,1,0,1,0,0,2
D-FINE-M,775,17,300,14,12,2,0,5,0,0,0
D-FINE-M,776,23,300,20,18,2,0,5,0,0,0
D-FINE-M,777,36,300,26,21,5,5,9,1,0,0
D-FINE-M,778,21,300,20,16,4,0,5,0,0,0
D-FINE-M,779,26,300,17,13,4,8,3,0,0,2
D-FINE-M,780,6,300,8,6,2,0,0,0,0,0
D-FINE-M,781,11,300,7,7,0,0,4,0,0,0
D-FINE-M,782,8,300,9,7,2,0,1,0,0,0
D-FINE-M,783,19,300,23,16,7,0,2,0,0,1
D-FINE-M,784,27,300,21,17,4,1,7,1,0,1
D-FINE-M,785,19,300,21,17,4,0,2,0,0,0
D-FINE-M,786,18,300,21,14,7,0,4,0,0,0
D-FINE-M,787,12,300,12,9,3,0,3,0,0,0
D-FINE-M,788,24,300,29,22,7,0,2,0,0,0
D-FINE-M,789,18,300,19,17,2,0,1,0,0,0
D-FINE-M,790,20,300,24,18,6,0,2,0,0,0
D-FINE-M,791,41,300,25,20,5,2,19,0,0,0
D-FINE-M,792,8,300,10,5,5,0,1,0,0,2
D-FINE-M,793,17,300,21,16,5,0,1,0,0,0
D-FINE-M,794,6,300,5,5,0,0,1,0,0,0
D-FINE-M,795,11,300,9,8,1,0,3,0,0,0
D-FINE-M,796,30,300,26,22,4,0,6,1,0,1
D-FINE-M,797,23,300,24,21,3,0,2,0,0,0
D-FINE-M,798,15,300,14,14,0,0,1,0,0,0
D-FINE-M,799,42,300,43,36,7,0,5,0,0,1
D-FINE-M,800,4,300,5,3,2,0,1,0,0,0
D-FINE-M,801,18,300,20,13,7,1,3,0,0,1
D-FINE-M,802,9,300,2,1,1,2,4,0,0,2
D-FINE-M,803,25,300,25,20,5,0,5,0,0,0
D-FINE-M,804,43,300,33,29,4,2,12,0,0,0
D-FINE-M,805,5,300,10,5,5,0,0,0,0,0
D-FINE-M,806,18,300,13,10,3,0,8,0,0,0
D-FINE-M,807,14,300,17,12,5,0,2,0,0,0
D-FINE-M,808,22,300,19,14,5,3,3,0,0,2
D-FINE-M,809,6,300,6,5,1,0,1,0,0,0
D-FINE-M,810,9,300,9,8,1,0,1,0,0,0
D-FINE-M,811,34,300,37,29,8,1,2,0,0,2
D-FINE-M,812,7,300,8,6,2,0,1,0,0,0
D-FINE-M,813,14,300,14,12,2,1,0,0,0,1
D-FINE-M,814,33,300,34,29,5,0,3,0,0,1
D-FINE-M,815,8,300,7,5,2,2,1,0,0,0
D-FINE-M,816,20,300,16,10,6,1,6,0,0,3
D-FINE-M,817,16,300,16,14,2,1,1,0,0,0
D-FINE-M,818,14,300,15,14,1,0,0,0,0,0
D-FINE-M,819,9,300,6,5,1,0,3,0,0,1
D-FINE-M,820,11,300,10,6,4,1,2,0,0,2
D-FINE-M,821,11,300,10,8,2,1,2,0,0,0
D-FINE-M,822,16,300,19,15,4,1,0,0,0,0
D-FINE-M,823,10,300,10,9,1,0,1,0,0,0
D-FINE-M,824,14,300,13,10,3,0,3,0,0,1
D-FINE-M,825,7,300,5,5,0,0,2,0,0,0
D-FINE-M,826,15,300,17,15,2,0,0,0,0,0
D-FINE-M,827,11,300,10,7,3,0,3,0,0,1
D-FINE-M,828,5,300,3,3,0,0,2,0,0,0
D-FINE-M,829,23,300,22,20,2,0,3,0,0,0
D-FINE-M,830,17,300,18,16,2,0,1,0,0,0
D-FINE-M,831,14,300,14,12,2,1,1,0,0,0
D-FINE-M,832,25,300,26,17,9,1,4,0,0,3
D-FINE-M,833,15,300,14,12,2,0,2,1,0,0
D-FINE-M,834,32,300,27,22,5,1,8,0,0,1
D-FINE-M,835,28,300,24,16,8,2,5,0,0,5
D-FINE-M,836,21,300,20,18,2,0,3,0,0,0
D-FINE-M,837,19,300,18,17,1,0,2,0,0,0
D-FINE-M,838,23,300,21,16,5,2,2,0,0,3
D-FINE-M,839,38,300,38,34,4,1,3,0,0,0
D-FINE-M,840,5,300,4,4,0,0,0,0,0,1
D-FINE-M,841,7,300,7,5,2,0,2,0,0,0
D-FINE-M,842,12,300,12,12,0,0,0,0,0,0
D-FINE-M,843,35,300,28,22,6,2,9,0,1,1
D-FINE-M,844,13,300,12,11,1,0,2,0,0,0
D-FINE-M,845,9,300,11,9,2,0,0,0,0,0
D-FINE-M,846,10,300,24,9,15,0,1,0,0,0
D-FINE-M,847,21,300,23,17,6,0,3,0,0,1
D-FINE-M,848,11,300,12,9,3,0,1,0,0,1
D-FINE-M,849,30,300,26,22,4,0,8,0,0,0
D-FINE-M,850,21,300,17,12,5,1,8,0,0,0
D-FINE-M,851,23,300,24,21,3,0,1,1,0,0
D-FINE-M,852,15,300,17,13,4,0,2,0,0,0
D-FINE-M,853,25,300,22,15,7,5,5,0,0,0
D-FINE-M,854,26,300,23,16,7,2,6,0,0,2
D-FINE-M,855,24,300,22,19,3,0,5,0,0,0
D-FINE-M,856,19,300,19,15,4,0,4,0,0,0
D-FINE-M,857,28,300,21,15,6,0,12,0,0,1
D-FINE-M,858,19,300,11,10,1,1,8,0,0,0
D-FINE-M,859,22,300,18,11,7,1,9,0,0,1
D-FINE-M,860,23,300,13,10,3,4,8,0,0,1
D-FINE-M,861,22,300,23,13,10,1,7,0,0,1
D-FINE-M,862,27,300,21,21,0,0,6,0,0,0
D-FINE-M,863,9,300,7,6,1,0,2,0,0,1
D-FINE-M,864,8,300,9,7,2,0,1,0,0,0
D-FINE-M,865,32,300,26,17,9,2,12,0,0,1
D-FINE-M,866,19,300,20,18,2,0,1,0,0,0
D-FINE-M,867,20,300,13,7,6,2,10,0,0,1
D-FINE-M,868,15,300,14,9,5,1,5,0,0,0
D-FINE-M,869,25,300,23,21,2,1,3,0,0,0
D-FINE-M,870,11,300,10,9,1,0,2,0,0,0
D-FINE-M,871,18,300,16,16,0,0,2,0,0,0
D-FINE-M,872,14,300,9,9,0,0,5,0,0,0
D-FINE-M,873,20,300,20,17,3,0,3,0,0,0
D-FINE-M,874,22,300,11,11,0,3,8,0,0,0
D-FINE-M,875,15,300,16,11,5,1,3,0,0,0
D-FINE-M,876,9,300,9,7,2,0,2,0,0,0
D-FINE-M,877,17,300,12,12,0,0,5,0,0,0
D-FINE-M,878,16,300,16,11,5,1,4,0,0,0
D-FINE-M,879,25,300,20,18,2,0,7,0,0,0
D-FINE-M,880,32,300,26,20,6,0,10,2,0,0
D-FINE-M,881,20,300,20,16,4,0,3,0,0,1
D-FINE-M,882,31,300,18,16,2,4,10,0,0,1
D-FINE-M,883,15,300,14,12,2,0,3,0,0,0
D-FINE-M,884,11,300,8,7,1,0,4,0,0,0
D-FINE-M,885,15,300,11,10,1,0,5,0,0,0
D-FINE-M,886,6,300,6,3,3,1,1,0,0,1
D-FINE-M,887,24,300,25,16,9,1,5,0,0,2
D-FINE-M,888,9,300,2,1,1,3,5,0,0,0
D-FINE-M,889,23,300,27,18,9,1,4,0,0,0
D-FINE-M,890,34,300,28,19,9,2,11,0,0,2
D-FINE-M,891,20,300,16,15,1,1,4,0,0,0
D-FINE-M,892,36,300,32,28,4,2,6,0,0,0
D-FINE-M,893,13,300,13,11,2,0,2,0,0,0
D-FINE-M,894,57,300,50,34,16,1,18,1,0,3
D-FINE-M,895,21,300,25,16,9,1,3,0,1,0
D-FINE-M,896,7,300,7,6,1,0,1,0,0,0
D-FINE-M,897,22,300,19,17,2,1,3,0,0,1
D-FINE-M,898,4,300,5,4,1,0,0,0,0,0
D-FINE-M,899,6,300,7,6,1,0,0,0,0,0
D-FINE-M,900,30,300,25,20,5,5,3,0,0,2
D-FINE-M,901,15,300,14,13,1,0,0,0,0,2
D-FINE-M,902,23,300,17,13,4,2,8,0,0,0
D-FINE-M,903,13,300,24,12,12,0,1,0,0,0
D-FINE-M,904,21,300,19,16,3,0,5,0,0,0
D-FINE-M,905,22,300,32,19,13,0,3,0,0,0
D-FINE-M,906,38,300,36,29,7,1,4,1,1,2
D-FINE-M,907,9,300,9,9,0,0,0,0,0,0
D-FINE-M,908,37,300,32,26,6,4,6,0,0,1
D-FINE-M,909,19,300,14,14,0,0,5,0,0,0
D-FINE-M,910,22,300,23,16,7,0,6,0,0,0
D-FINE-M,911,19,300,15,13,2,2,4,0,0,0
D-FINE-M,912,22,300,26,13,13,1,4,0,0,4
D-FINE-M,913,10,300,9,7,2,0,3,0,0,0
D-FINE-M,914,15,300,11,7,4,1,7,0,0,0
D-FINE-M,915,11,300,11,9,2,0,2,0,0,0
D-FINE-M,916,12,300,15,11,4,0,1,0,0,0
D-FINE-M,917,17,300,10,9,1,1,7,0,0,0
D-FINE-M,918,25,300,24,21,3,0,1,0,0,3
D-FINE-M,919,21,300,16,14,2,0,5,0,0,2
D-FINE-M,920,34,300,29,27,2,1,6,0,0,0
D-FINE-M,921,59,300,21,20,1,15,23,0,0,1
D-FINE-M,922,36,300,27,23,4,3,8,0,0,2
D-FINE-M,923,12,300,12,10,2,0,2,0,0,0
D-FINE-M,924,7,300,9,7,2,0,0,0,0,0
D-FINE-M,925,30,300,31,23,8,1,3,0,0,3
D-FINE-M,926,34,300,16,14,2,3,17,0,0,0
D-FINE-M,927,28,300,22,15,7,2,10,0,0,1
D-FINE-M,928,7,300,5,5,0,0,2,0,0,0
D-FINE-M,929,12,300,12,7,5,0,4,0,0,1
D-FINE-M,930,12,300,10,7,3,0,4,0,0,1
D-FINE-M,931,18,300,17,12,5,0,4,0,0,2
D-FINE-M,932,16,300,21,13,8,0,2,0,0,1
D-FINE-M,933,15,300,11,7,4,1,6,0,0,1
D-FINE-M,934,12,300,7,7,0,0,5,0,0,0
D-FINE-M,935,14,300,10,8,2,1,5,0,0,0
D-FINE-M,936,13,300,11,10,1,1,2,0,0,0
D-FINE-M,937,37,300,31,26,5,0,9,0,0,2
D-FINE-M,938,16,300,16,10,6,0,4,0,0,2
D-FINE-M,939,5,300,3,2,1,0,3,0,0,0
D-FINE-M,940,24,300,24,20,4,0,3,0,0,1
D-FINE-M,941,23,300,19,17,2,0,3,0,0,3
D-FINE-M,942,4,300,2,2,0,0,2,0,0,0
D-FINE-M,943,5,300,6,5,1,0,0,0,0,0
D-FINE-M,944,30,300,34,26,8,0,4,0,0,0
D-FINE-M,945,23,300,18,17,1,0,6,0,0,0
D-FINE-M,946,6,300,18,6,12,0,0,0,0,0
D-FINE-M,947,22,300,21,19,2,0,3,0,0,0
D-FINE-M,948,16,300,13,11,2,0,5,0,0,0
D-FINE-M,949,8,300,8,5,3,0,3,0,0,0
D-FINE-M,950,25,300,26,21,5,0,4,0,0,0
D-FINE-M,951,16,300,14,12,2,0,4,0,0,0
D-FINE-M,952,17,300,14,8,6,2,7,0,0,0
D-FINE-M,953,8,300,8,7,1,0,1,0,0,0
D-FINE-M,954,29,300,18,16,2,0,13,0,0,0
D-FINE-M,955,5,300,6,4,2,0,1,0,0,0
D-FINE-M,956,8,300,6,4,2,1,3,0,0,0
D-FINE-M,957,21,300,22,18,4,1,1,0,0,1
D-FINE-M,958,14,300,11,10,1,0,3,0,0,1
D-FINE-M,959,22,300,20,12,8,1,8,0,0,1
D-FINE-M,960,15,300,19,12,7,1,1,0,0,1
D-FINE-M,961,24,300,21,18,3,1,5,0,0,0
D-FINE-M,962,8,300,6,6,0,0,2,0,0,0
D-FINE-M,963,19,300,15,14,1,0,5,0,0,0
D-FINE-M,964,27,300,16,12,4,5,6,0,0,4
D-FINE-M,965,42,300,34,31,3,0,10,1,0,0
D-FINE-M,966,14,300,14,13,1,0,1,0,0,0
D-FINE-M,967,17,300,17,15,2,0,2,0,0,0
D-FINE-M,968,10,300,6,6,0,0,4,0,0,0
D-FINE-M,969,22,300,15,14,1,4,4,0,0,0
D-FINE-M,970,20,300,20,18,2,2,0,0,0,0
D-FINE-M,971,16,300,15,12,3,1,3,0,0,0
D-FINE-M,972,21,300,14,13,1,0,8,0,0,0
D-FINE-M,973,22,300,22,21,1,0,1,0,0,0
D-FINE-M,974,30,300,34,23,11,0,4,0,0,3
D-FINE-M,975,4,300,8,4,4,0,0,0,0,0
D-FINE-M,976,12,300,12,8,4,0,4,0,0,0
D-FINE-M,977,33,300,33,25,8,0,6,0,0,2
D-FINE-M,978,13,300,12,11,1,0,2,0,0,0
D-FINE-M,979,19,300,16,14,2,2,1,0,0,2
D-FINE-M,980,20,300,16,9,7,1,8,0,0,2
D-FINE-M,981,16,300,17,11,6,1,3,0,0,1
D-FINE-M,982,8,300,9,6,3,0,2,0,0,0
D-FINE-M,983,47,300,34,21,13,4,19,0,0,3
D-FINE-M,984,17,300,19,14,5,1,1,0,0,1
D-FINE-M,985,18,300,20,12,8,1,3,0,0,2
D-FINE-M,986,21,300,26,16,10,2,1,1,0,1
D-FINE-M,987,29,300,26,23,3,0,5,0,0,1
D-FINE-M,988,35,300,23,17,6,5,12,0,0,1
D-FINE-M,989,19,300,16,15,1,1,2,0,0,1
D-FINE-M,990,6,300,5,5,0,0,1,0,0,0
D-FINE-M,991,12,300,9,6,3,1,4,0,0,1
D-FINE-M,992,9,300,10,8,2,0,0,1,0,0
D-FINE-M,993,32,300,29,24,5,5,1,0,0,2
D-FINE-M,994,20,300,13,11,2,3,6,0,0,0
D-FINE-M,995,23,300,28,19,9,1,3,0,0,0
D-FINE-M,996,15,300,15,11,4,0,1,0,0,3
D-FINE-M,997,12,300,16,10,6,0,0,0,0,2
D-FINE-M,998,13,300,16,12,4,0,1,0,0,0
D-FINE-M,999,17,300,26,15,11,0,1,0,0,1
D-FINE-M,1000,51,300,37,29,8,4,13,0,0,5
D-FINE-M,1001,10,300,9,9,0,0,1,0,0,0
D-FINE-M,1002,38,300,39,27,12,1,5,2,0,3
D-FINE-M,1003,23,300,20,15,5,2,6,0,0,0
D-FINE-M,1004,18,300,18,9,9,0,7,0,0,2
D-FINE-M,1005,16,300,13,12,1,2,2,0,0,0
D-FINE-M,1006,4,300,3,3,0,0,1,0,0,0
D-FINE-M,1007,12,300,11,10,1,0,2,0,0,0
D-FINE-M,1008,57,300,30,29,1,6,21,0,0,1
D-FINE-M,1009,11,300,12,7,5,0,3,0,0,1
D-FINE-M,1010,38,300,36,31,5,2,3,0,0,2
D-FINE-M,1011,11,300,10,8,2,0,2,0,0,1
D-FINE-M,1012,8,300,7,5,2,0,2,0,0,1
D-FINE-M,1013,7,300,4,4,0,0,3,0,0,0
D-FINE-M,1014,21,300,27,16,11,0,5,0,0,0
D-FINE-M,1015,23,300,26,22,4,0,1,0,0,0
D-FINE-M,1016,29,300,24,18,6,1,8,0,1,1
D-FINE-M,1017,16,300,11,10,1,2,4,0,0,0
D-FINE-M,1018,4,300,2,2,0,0,2,0,0,0
D-FINE-M,1019,16,300,16,15,1,0,1,0,0,0
D-FINE-M,1020,26,300,26,18,8,1,5,0,0,2
D-FINE-M,1021,11,300,13,7,6,1,2,0,0,1
D-FINE-M,1022,30,300,24,20,4,1,8,0,0,1
D-FINE-M,1023,7,300,8,5,3,0,2,0,0,0
D-FINE-M,1024,44,300,34,28,6,5,9,0,0,2
D-FINE-M,1025,16,300,18,15,3,0,0,0,0,1
D-FINE-M,1026,22,300,21,13,8,2,6,0,0,1
D-FINE-M,1027,47,300,17,13,4,15,18,0,0,1
D-FINE-M,1028,33,300,33,29,4,0,3,0,0,1
D-FINE-M,1029,35,300,30,25,5,2,5,0,0,3
D-FINE-M,1030,10,300,10,9,1,0,1,0,0,0
D-FINE-M,1031,4,300,6,4,2,0,0,0,0,0
D-FINE-M,1032,36,300,30,21,9,4,11,0,0,0
D-FINE-M,1033,14,300,15,9,6,2,1,0,0,2
D-FINE-M,1034,9,300,5,4,1,0,5,0,0,0
D-FINE-M,1035,20,300,8,7,1,6,7,0,0,0
D-FINE-M,1036,14,300,10,9,1,1,4,0,0,0
D-FINE-M,1037,14,300,14,12,2,0,2,0,0,0
D-FINE-M,1038,10,300,12,8,4,0,1,0,0,1
D-FINE-M,1039,30,300,22,17,5,3,9,0,0,1
D-FINE-M,1040,13,300,10,9,1,1,2,0,0,1
D-FINE-M,1041,16,300,17,16,1,0,0,0,0,0
D-FINE-M,1042,26,300,26,21,5,1,4,0,0,0
D-FINE-M,1043,20,300,18,11,7,1,6,0,0,2
D-FINE-M,1044,8,300,8,5,3,0,3,0,0,0
D-FINE-M,1045,13,300,13,11,2,0,2,0,0,0
D-FINE-M,1046,21,300,21,19,2,0,2,0,0,0
D-FINE-M,1047,27,300,24,22,2,5,0,0,0,0
D-FINE-M,1048,16,300,17,14,3,0,1,0,0,1
D-FINE-M,1049,42,300,46,36,10,0,5,0,0,1
D-FINE-M,1050,9,300,5,5,0,0,4,0,0,0
D-FINE-M,1051,4,300,5,4,1,0,0,0,0,0
D-FINE-M,1052,15,300,16,12,4,0,3,0,0,0
D-FINE-M,1053,21,300,14,13,1,0,7,1,0,0
D-FINE-M,1054,20,300,21,16,5,0,4,0,0,0
D-FINE-M,1055,13,300,13,11,2,1,1,0,0,0
D-FINE-M,1056,13,300,20,11,9,0,1,0,0,1
D-FINE-M,1057,18,300,19,13,6,2,2,0,0,1
D-FINE-M,1058,18,300,16,10,6,1,5,0,0,2
D-FINE-M,1059,12,300,14,8,6,0,4,0,0,0
D-FINE-M,1060,4,300,8,4,4,0,0,0,0,0
D-FINE-M,1061,26,300,28,22,6,1,3,0,0,0
D-FINE-M,1062,18,300,20,16,4,0,2,0,0,0
D-FINE-M,1063,12,300,12,3,9,2,6,0,0,1
D-FINE-M,1064,13,300,17,7,10,2,0,0,0,4
D-FINE-M,1065,11,300,9,6,3,4,0,0,0,1
D-FINE-M,1066,13,300,11,11,0,0,1,1,0,0
D-FINE-M,1067,47,300,32,27,5,3,13,0,0,4
D-FINE-M,1068,21,300,21,14,7,1,4,0,0,2
D-FINE-M,1069,32,300,27,17,10,1,8,0,1,5
D-FINE-M,1070,17,300,20,17,3,0,0,0,0,0
D-FINE-M,1071,35,300,26,16,10,2,12,0,0,5
D-FINE-M,1072,17,300,16,14,2,1,2,0,0,0
D-FINE-M,1073,16,300,19,11,8,0,5,0,0,0
D-FINE-M,1074,9,300,9,9,0,0,0,0,0,0
D-FINE-M,1075,7,300,7,6,1,0,1,0,0,0
D-FINE-M,1076,11,300,10,8,2,0,3,0,0,0
D-FINE-M,1077,30,300,23,23,0,1,6,0,0,0
D-FINE-M,1078,14,300,14,11,3,0,3,0,0,0
D-FINE-M,1079,12,300,17,12,5,0,0,0,0,0
D-FINE-M,1080,33,300,32,23,9,0,6,2,0,2
D-FINE-M,1081,15,300,18,11,7,1,2,0,0,1
D-FINE-M,1082,18,300,24,14,10,0,4,0,0,0
D-FINE-M,1083,42,300,41,31,10,2,7,0,0,2
D-FINE-M,1084,23,300,24,16,8,1,5,0,0,1
D-FINE-M,1085,13,300,12,11,1,0,2,0,0,0
D-FINE-M,1086,18,300,16,15,1,0,2,0,0,1
D-FINE-M,1087,7,300,6,5,1,0,2,0,0,0
D-FINE-M,1088,13,300,11,9,2,1,1,0,0,2
D-FINE-M,1089,16,300,20,13,7,0,3,0,0,0
D-FINE-M,1090,40,300,33,27,6,2,9,0,0,2
D-FINE-M,1091,8,300,7,7,0,0,1,0,0,0
D-FINE-M,1092,4,300,3,3,0,0,1,0,0,0
D-FINE-M,1093,12,300,13,12,1,0,0,0,0,0
D-FINE-M,1094,10,300,12,10,2,0,0,0,0,0
D-FINE-M,1095,6,300,5,2,3,0,4,0,0,0
D-FINE-M,1096,16,300,17,13,4,0,3,0,0,0
D-FINE-M,1097,7,300,6,5,1,0,2,0,0,0
D-FINE-M,1098,14,300,10,9,1,2,3,0,0,0
D-FINE-M,1099,23,300,17,13,4,1,8,0,0,1
D-FINE-M,1100,37,300,31,27,4,0,9,0,0,1
D-FINE-M,1101,18,300,15,13,2,0,4,0,0,1
D-FINE-M,1102,28,300,32,24,8,0,2,0,0,2
D-FINE-M,1103,11,300,6,5,1,0,6,0,0,0
D-FINE-M,1104,10,300,11,10,1,0,0,0,0,0
D-FINE-M,1105,24,300,24,21,3,0,3,0,0,0
D-FINE-M,1106,57,300,32,27,5,12,15,0,0,3
D-FINE-M,1107,19,300,17,13,4,3,3,0,0,0
D-FINE-M,1108,15,300,14,13,1,0,2,0,0,0
D-FINE-M,1109,13,300,16,11,5,0,1,0,0,1
D-FINE-M,1110,23,300,13,10,3,2,10,0,0,1
D-FINE-M,1111,20,300,18,17,1,1,1,0,0,1
D-FINE-M,1112,15,300,13,10,3,0,4,1,0,0
D-FINE-M,1113,27,300,17,14,3,3,10,0,0,0
D-FINE-M,1114,26,300,26,18,8,0,8,0,0,0
D-FINE-M,1115,30,300,24,20,4,0,5,1,0,4
D-FINE-M,1116,28,300,21,17,4,4,4,0,0,3
D-FINE-M,1117,14,300,16,14,2,0,0,0,0,0
D-FINE-M,1118,5,300,9,5,4,0,0,0,0,0
D-FINE-M,1119,18,300,20,16,4,0,2,0,0,0
D-FINE-M,1120,21,300,17,14,3,0,6,1,0,0
D-FINE-M,1121,29,300,24,18,6,2,9,0,0,0
D-FINE-M,1122,52,300,46,40,6,1,9,0,0,2
D-FINE-M,1123,5,300,4,1,3,1,0,0,0,3
D-FINE-M,1124,36,300,27,21,6,3,11,0,0,1
D-FINE-M,1125,8,300,9,6,3,0,2,0,0,0
D-FINE-M,1126,7,300,7,4,3,0,2,0,0,1
D-FINE-M,1127,20,300,17,17,0,0,3,0,0,0
D-FINE-M,1128,49,300,47,35,12,2,8,0,0,4
D-FINE-M,1129,27,300,20,19,1,1,7,0,0,0
D-FINE-M,1130,24,300,24,20,4,0,3,0,0,1
D-FINE-M,1131,15,300,11,10,1,1,3,1,0,0
D-FINE-M,1132,45,300,29,23,6,5,13,0,0,4
D-FINE-M,1133,22,300,21,14,7,0,7,0,0,1
D-FINE-M,1134,10,300,6,5,1,3,2,0,0,0
D-FINE-M,1135,23,300,13,10,3,1,11,0,0,1
D-FINE-M,1136,14,300,14,11,3,1,1,0,0,1
D-FINE-M,1137,8,300,9,7,2,0,1,0,0,0
D-FINE-M,1138,7,300,7,5,2,0,2,0,0,0
D-FINE-M,1139,6,300,6,5,1,0,1,0,0,0
D-FINE-M,1140,15,300,15,11,4,0,4,0,0,0
D-FINE-M,1141,19,300,20,17,3,0,0,1,0,1
D-FINE-M,1142,33,300,31,26,5,2,5,0,0,0
D-FINE-M,1143,8,300,7,7,0,0,1,0,0,0
D-FINE-M,1144,35,300,31,28,3,2,5,0,0,0
D-FINE-M,1145,30,300,29,20,9,2,6,0,0,2
D-FINE-M,1146,39,300,32,29,3,2,7,1,0,0
D-FINE-M,1147,9,300,8,7,1,0,2,0,0,0
D-FINE-M,1148,25,300,19,17,2,3,5,0,0,0
D-FINE-M,1149,30,300,33,28,5,0,2,0,0,0
D-FINE-M,1150,32,300,27,22,5,3,6,0,0,1
D-FINE-M,1151,26,300,24,20,4,1,5,0,0,0
D-FINE-M,1152,11,300,12,10,2,0,1,0,0,0
D-FINE-M,1153,32,300,24,20,4,3,7,1,0,1
D-FINE-M,1154,20,300,17,15,2,2,3,0,0,0
D-FINE-M,1155,9,300,8,8,0,0,1,0,0,0
D-FINE-M,1156,5,300,6,5,1,0,0,0,0,0
D-FINE-M,1157,12,300,7,7,0,1,4,0,0,0
D-FINE-M,1158,32,300,26,22,4,0,10,0,0,0
D-FINE-M,1159,30,300,28,27,1,0,0,1,0,2
D-FINE-M,1160,55,300,49,35,14,1,11,2,2,4
D-FINE-M,1161,20,300,18,18,0,0,2,0,0,0
D-FINE-M,1162,11,300,9,7,2,0,3,0,0,1
D-FINE-M,1163,33,300,24,21,3,0,7,3,0,2
D-FINE-M,1164,45,300,44,33,11,1,9,0,0,2
D-FINE-M,1165,22,300,31,18,13,0,3,0,0,1
D-FINE-M,1166,18,300,21,18,3,0,0,0,0,0
D-FINE-M,1167,18,300,14,12,2,3,2,0,0,1
D-FINE-M,1168,14,300,13,12,1,0,2,0,0,0
D-FINE-M,1169,18,300,15,15,0,0,3,0,0,0
D-FINE-M,1170,22,300,16,10,6,1,10,0,0,1
D-FINE-M,1171,15,300,9,9,0,2,3,0,0,1
D-FINE-M,1172,26,300,15,10,5,0,11,1,0,4
D-FINE-M,1173,39,300,28,22,6,4,10,0,0,3
D-FINE-M,1174,8,300,11,7,4,0,1,0,0,0
D-FINE-M,1175,14,300,14,10,4,1,3,0,0,0
D-FINE-M,1176,22,300,25,16,9,2,3,0,0,1
D-FINE-M,1177,4,300,3,2,1,1,1,0,0,0
D-FINE-M,1178,8,300,6,5,1,0,3,0,0,0
D-FINE-M,1179,20,300,21,13,8,1,6,0,0,0
D-FINE-M,1180,18,300,19,16,3,0,2,0,0,0
D-FINE-M,1181,9,300,5,4,1,0,5,0,0,0
D-FINE-M,1182,26,300,26,24,2,0,1,0,0,1
D-FINE-M,1183,20,300,18,16,2,1,2,0,0,1
D-FINE-M,1184,37,300,28,22,6,3,10,0,0,2
D-FINE-M,1185,12,300,14,9,5,0,3,0,0,0
D-FINE-M,1186,29,300,30,23,7,2,4,0,0,0
D-FINE-M,1187,21,300,21,19,2,0,1,0,0,1
D-FINE-M,1188,23,300,20,18,2,0,5,0,0,0
D-FINE-M,1189,18,300,19,17,2,0,1,0,0,0
D-FINE-M,1190,19,300,18,15,3,0,1,1,0,2
D-FINE-M,1191,7,300,6,3,3,0,1,0,0,3
D-FINE-M,1192,16,300,19,9,10,0,3,0,0,4
D-FINE-M,1193,4,300,6,3,3,0,1,0,0,0
D-FINE-M,1194,29,300,23,15,8,3,9,0,0,2
D-FINE-M,1195,19,300,20,12,8,3,3,0,0,1
D-FINE-M,1196,8,300,6,6,0,0,2,0,0,0
D-FINE-M,1197,13,300,10,9,1,0,4,0,0,0
D-FINE-M,1198,18,300,16,10,6,0,7,0,0,1
D-FINE-M,1199,11,300,11,7,4,1,3,0,0,0
D-FINE-M,1200,13,300,13,10,3,0,3,0,0,0
D-FINE-M,1201,16,300,8,7,1,4,3,0,0,2
D-FINE-M,1202,20,300,20,17,3,0,2,0,0,1
D-FINE-M,1203,7,300,9,5,4,0,1,0,0,1
D-FINE-M,1204,14,300,16,11,5,0,2,0,0,1
D-FINE-M,1205,12,300,12,9,3,0,3,0,0,0
D-FINE-M,1206,65,300,39,25,14,11,13,1,0,15
D-FINE-M,1207,14,300,10,8,2,1,4,0,0,1
D-FINE-M,1208,15,300,15,15,0,0,0,0,0,0
D-FINE-M,1209,31,300,29,20,9,1,9,0,0,1
D-FINE-M,1210,6,300,6,6,0,0,0,0,0,0
D-FINE-M,1211,17,300,12,11,1,0,5,0,0,1
D-FINE-M,1212,6,300,7,5,2,0,1,0,0,0
D-FINE-M,1213,6,300,8,6,2,0,0,0,0,0
D-FINE-M,1214,7,300,9,6,3,0,1,0,0,0
D-FINE-M,1215,8,300,8,8,0,0,0,0,0,0
D-FINE-M,1216,21,300,23,19,4,0,2,0,0,0
D-FINE-M,1217,22,300,22,16,6,1,3,0,0,2
D-FINE-M,1218,20,300,20,13,7,1,6,0,0,0
D-FINE-M,1219,15,300,9,7,2,0,8,0,0,0
D-FINE-M,1220,22,300,14,6,8,4,9,0,0,3
D-FINE-M,1221,16,300,13,11,2,0,3,0,0,2
D-FINE-M,1222,16,300,18,13,5,1,2,0,0,0
D-FINE-M,1223,28,300,28,24,4,0,4,0,0,0
D-FINE-M,1224,20,300,13,10,3,2,7,0,0,1
D-FINE-M,1225,19,300,17,15,2,0,4,0,0,0
D-FINE-M,1226,18,300,28,16,12,0,1,0,0,1
D-FINE-M,1227,11,300,11,9,2,0,1,0,0,1
D-FINE-M,1228,4,300,4,4,0,0,0,0,0,0
D-FINE-M,1229,21,300,20,18,2,1,2,0,0,0
D-FINE-M,1230,4,300,5,3,2,0,1,0,0,0
D-FINE-M,1231,16,300,20,13,7,1,2,0,0,0
D-FINE-M,1232,26,300,22,19,3,2,2,0,0,3
D-FINE-M,1233,16,300,13,11,2,3,2,0,0,0
D-FINE-M,1234,23,300,18,15,3,4,3,0,0,1
D-FINE-M,1235,34,300,37,27,10,0,7,0,0,0
D-FINE-M,1236,21,300,24,19,5,0,2,0,0,0
D-FINE-M,1237,26,300,21,15,6,0,9,2,0,0
D-FINE-M,1238,11,300,13,11,2,0,0,0,0,0
D-FINE-M,1239,22,300,19,18,1,0,3,0,0,1
D-FINE-M,1240,23,300,17,17,0,1,5,0,0,0
D-FINE-M,1241,38,300,27,20,7,6,11,0,0,1
D-FINE-M,1242,14,300,14,13,1,0,0,0,0,1
D-FINE-M,1243,22,300,16,13,3,1,5,1,0,2
D-FINE-M,1244,8,300,12,6,6,0,2,0,0,0
D-FINE-M,1245,12,300,17,10,7,0,2,0,0,0
D-FINE-M,1246,24,300,19,14,5,2,6,1,0,1
D-FINE-M,1247,17,300,17,15,2,1,1,0,0,0
D-FINE-M,1248,11,300,11,9,2,0,2,0,0,0
D-FINE-M,1249,27,300,22,17,5,1,9,0,0,0
D-FINE-M,1250,14,300,8,7,1,1,6,0,0,0
D-FINE-M,1251,31,300,17,16,1,1,13,0,0,1
D-FINE-M,1252,21,300,17,14,3,1,6,0,0,0
D-FINE-M,1253,16,300,13,12,1,3,1,0,0,0
D-FINE-M,1254,12,300,11,9,2,0,3,0,0,0
D-FINE-M,1255,11,300,10,8,2,0,3,0,0,0
D-FINE-M,1256,6,300,4,2,2,0,3,0,0,1
D-FINE-M,1257,8,300,7,7,0,0,1,0,0,0
D-FINE-M,1258,14,300,13,11,2,0,3,0,0,0
D-FINE-M,1259,8,300,6,4,2,1,2,0,0,1
D-FINE-M,1260,15,300,17,12,5,1,0,0,0,2
D-FINE-M,1261,19,300,16,13,3,0,5,0,0,1
D-FINE-M,1262,19,300,21,15,6,0,2,0,0,2
D-FINE-M,1263,4,300,5,4,1,0,0,0,0,0
D-FINE-M,1264,27,300,21,16,5,4,4,0,0,3
D-FINE-M,1265,15,300,12,12,0,1,2,0,0,0
D-FINE-M,1266,9,300,8,6,2,0,2,0,0,1
D-FINE-M,1267,22,300,20,14,6,2,3,0,0,3
D-FINE-M,1268,19,300,15,13,2,0,5,0,0,1
D-FINE-M,1269,15,300,10,9,1,0,5,0,0,1
D-FINE-M,1270,13,300,8,5,3,2,5,0,0,1
D-FINE-M,1271,18,300,17,12,5,1,4,0,0,1
D-FINE-M,1272,25,300,28,21,7,1,3,0,0,0
D-FINE-M,1273,13,300,12,11,1,1,1,0,0,0
D-FINE-M,1274,14,300,12,11,1,1,2,0,0,0
D-FINE-M,1275,18,300,15,9,6,1,6,0,0,2
D-FINE-M,1276,28,300,21,16,5,1,10,0,0,1
D-FINE-M,1277,37,300,32,28,4,1,6,1,0,1
D-FINE-M,1278,20,300,10,7,3,0,12,0,0,1
D-FINE-M,1279,9,300,10,6,4,0,3,0,0,0
D-FINE-M,1280,17,300,17,15,2,1,1,0,0,0
D-FINE-M,1281,11,300,8,7,1,0,3,1,0,0
D-FINE-M,1282,9,300,7,6,1,0,3,0,0,0
D-FINE-M,1283,15,300,16,13,3,0,2,0,0,0
D-FINE-M,1284,6,300,4,4,0,0,2,0,0,0
D-FINE-M,1285,10,300,13,9,4,0,1,0,0,0
D-FINE-M,1286,14,300,15,13,2,0,1,0,0,0
D-FINE-M,1287,11,300,12,7,5,0,3,0,0,1
D-FINE-M,1288,23,300,17,15,2,0,7,0,0,1
D-FINE-M,1289,26,300,30,24,6,0,2,0,0,0
D-FINE-M,1290,4,300,5,4,1,0,0,0,0,0
D-FINE-M,1291,17,300,9,8,1,0,9,0,0,0
D-FINE-M,1292,18,300,23,13,10,1,3,0,0,1
D-FINE-M,1293,9,300,12,7,5,0,2,0,0,0
D-FINE-M,1294,20,300,16,12,4,1,7,0,0,0
D-FINE-M,1295,29,300,23,20,3,1,8,0,0,0
D-FINE-M,1296,27,300,36,25,11,0,2,0,0,0
D-FINE-M,1297,20,300,17,12,5,1,6,0,0,1
D-FINE-M,1298,18,300,19,17,2,0,1,0,0,0
D-FINE-M,1299,15,300,16,12,4,0,2,0,0,1
D-FINE-M,1300,13,300,13,12,1,0,1,0,0,0
D-FINE-M,1301,21,300,19,16,3,0,5,0,0,0
D-FINE-M,1302,4,300,4,4,0,0,0,0,0,0
D-FINE-M,1303,13,300,16,11,5,0,1,1,0,0
D-FINE-M,1304,25,300,27,21,6,1,3,0,0,0
D-FINE-M,1305,8,300,8,6,2,0,2,0,0,0
D-FINE-M,1306,5,300,6,5,1,0,0,0,0,0
D-FINE-M,1307,9,300,9,9,0,0,0,0,0,0
D-FINE-M,1308,25,300,25,23,2,1,1,0,0,0
D-FINE-M,1309,20,300,21,16,5,1,3,0,0,0
D-FINE-M,1310,19,300,17,15,2,1,3,0,0,0
D-FINE-M,1311,30,300,24,22,2,0,8,0,0,0
D-FINE-M,1312,33,300,27,22,5,4,5,0,0,2
D-FINE-M,1313,25,300,15,11,4,3,11,0,0,0
D-FINE-M,1314,5,300,5,5,0,0,0,0,0,0
D-FINE-M,1315,10,300,17,9,8,0,1,0,0,0
D-FINE-M,1316,22,300,14,10,4,0,11,0,0,1
D-FINE-M,1317,40,300,37,29,8,4,7,0,0,0
D-FINE-M,1318,24,300,29,19,10,3,2,0,0,0
D-FINE-M,1319,13,300,13,9,4,1,3,0,0,0
D-FINE-M,1320,24,300,18,13,5,1,9,0,0,1
D-FINE-M,1321,27,300,18,16,2,1,10,0,0,0
D-FINE-M,1322,15,300,13,9,4,2,4,0,0,0
D-FINE-M,1323,20,300,17,11,6,2,7,0,0,0
D-FINE-M,1324,25,300,25,19,6,0,6,0,0,0
D-FINE-M,1325,16,300,14,8,6,1,6,0,0,1
D-FINE-M,1326,10,300,14,9,5,0,1,0,0,0
D-FINE-M,1327,38,300,35,30,5,4,4,0,0,0
D-FINE-M,1328,5,300,6,4,2,0,1,0,0,0
D-FINE-M,1329,19,300,13,12,1,2,5,0,0,0
D-FINE-M,1330,16,300,15,15,0,1,0,0,0,0
D-FINE-M,1331,20,300,14,12,2,0,7,1,0,0
D-FINE-M,1332,14,300,9,7,2,2,5,0,0,0
D-FINE-M,1333,46,300,27,23,4,11,9,1,0,2
D-FINE-M,1334,4,300,4,4,0,0,0,0,0,0
D-FINE-M,1335,4,300,4,1,3,2,1,0,0,0
D-FINE-M,1336,21,300,23,16,7,1,4,0,0,0
D-FINE-M,1337,17,300,15,13,2,1,1,0,0,2
D-FINE-M,1338,8,300,5,4,1,1,3,0,0,0
D-FINE-M,1339,6,300,6,5,1,0,1,0,0,0
D-FINE-M,1340,29,300,28,23,5,1,5,0,0,0
D-FINE-M,1341,6,300,5,4,1,1,1,0,0,0
D-FINE-M,1342,23,300,21,16,5,0,5,2,0,0
D-FINE-M,1343,29,300,29,21,8,0,5,0,0,3
D-FINE-M,1344,16,300,13,12,1,0,4,0,0,0
D-FINE-M,1345,9,300,10,7,3,0,2,0,0,0
D-FINE-M,1346,13,300,12,10,2,0,3,0,0,0
D-FINE-M,1347,25,300,19,15,4,2,7,0,0,1
D-FINE-M,1348,5,300,10,3,7,1,0,0,0,1
D-FINE-M,1349,22,300,25,18,7,0,4,0,0,0
D-FINE-M,1350,15,300,14,14,0,0,1,0,0,0
D-FINE-M,1351,23,300,22,16,6,0,6,0,0,1
D-FINE-M,1352,32,300,15,14,1,6,10,0,0,2
D-FINE-M,1353,16,300,12,9,3,0,6,0,0,1
D-FINE-M,1354,11,300,10,8,2,1,1,0,0,1
D-FINE-M,1355,15,300,15,14,1,1,0,0,0,0
D-FINE-M,1356,22,300,28,17,11,0,4,0,0,1
D-FINE-M,1357,37,300,22,21,1,4,11,1,0,0
D-FINE-M,1358,6,300,6,5,1,0,1,0,0,0
D-FINE-M,1359,26,300,24,21,3,1,2,0,0,2
D-FINE-M,1360,36,300,39,29,10,2,4,0,0,1
D-FINE-M,1361,44,300,43,36,7,2,4,0,0,2
D-FINE-M,1362,30,300,25,20,5,0,7,0,0,3
D-FINE-M,1363,6,300,7,5,2,0,1,0,0,0
D-FINE-M,1364,45,300,39,28,11,4,9,1,0,3
D-FINE-M,1365,25,300,17,12,5,1,10,0,0,2
D-FINE-M,1366,6,300,6,5,1,0,1,0,0,0
D-FINE-M,1367,21,300,18,16,2,1,3,0,0,1
D-FINE-M,1368,13,300,11,11,0,0,2,0,0,0
D-FINE-M,1369,8,300,6,5,1,0,3,0,0,0
D-FINE-M,1370,28,300,26,22,4,0,5,0,0,1
D-FINE-M,1371,8,300,11,6,5,0,1,0,0,1
D-FINE-M,1372,27,300,16,11,5,2,10,0,0,4
D-FINE-M,1373,14,300,10,10,0,0,3,0,0,1
D-FINE-M,1374,38,300,40,33,7,0,5,0,0,0
D-FINE-M,1375,10,300,15,7,8,0,2,0,0,1
D-FINE-M,1376,22,300,14,11,3,1,7,0,0,3
D-FINE-M,1377,21,300,22,18,4,0,3,0,0,0
D-FINE-M,1378,22,300,18,13,5,3,6,0,0,0
D-FINE-M,1379,32,300,27,20,7,3,8,0,0,1
D-FINE-M,1380,18,300,20,18,2,0,0,0,0,0
D-FINE-M,1381,27,300,25,18,7,0,9,0,0,0
D-FINE-M,1382,18,300,15,15,0,0,1,1,0,1
D-FINE-M,1383,31,300,29,26,3,1,2,1,0,1
D-FINE-M,1384,23,300,25,19,6,2,2,0,0,0
D-FINE-M,1385,25,300,22,19,3,1,4,0,0,1
D-FINE-M,1386,5,300,6,5,1,0,0,0,0,0
D-FINE-M,1387,10,300,11,9,2,0,1,0,0,0
D-FINE-M,1388,21,300,20,12,8,0,6,0,0,3
D-FINE-M,1389,12,300,11,8,3,1,2,1,0,0
D-FINE-M,1390,17,300,18,16,2,0,1,0,0,0
D-FINE-M,1391,23,300,16,12,4,4,7,0,0,0
D-FINE-M,1392,21,300,20,15,5,1,1,1,0,3
D-FINE-M,1393,26,300,22,19,3,0,7,0,0,0
D-FINE-M,1394,26,300,28,17,11,0,6,0,0,3
D-FINE-M,1395,21,300,24,18,6,1,2,0,0,0
D-FINE-M,1396,5,300,7,4,3,0,1,0,0,0
D-FINE-M,1397,7,300,7,6,1,0,1,0,0,0
D-FINE-M,1398,18,300,17,11,6,1,4,0,0,2
D-FINE-M,1399,14,300,13,11,2,1,2,0,0,0
D-FINE-M,1400,8,300,8,6,2,0,1,0,0,1
D-FINE-M,1401,14,300,11,10,1,1,3,0,0,0
D-FINE-M,1402,12,300,13,11,2,0,1,0,0,0
D-FINE-M,1403,9,300,14,9,5,0,0,0,0,0
D-FINE-M,1404,24,300,22,19,3,0,5,0,0,0
D-FINE-M,1405,18,300,15,14,1,0,3,0,0,1
D-FINE-M,1406,19,300,15,13,2,0,4,1,0,1
D-FINE-M,1407,21,300,18,17,1,0,4,0,0,0
D-FINE-M,1408,22,300,18,15,3,1,6,0,0,0
D-FINE-M,1409,19,300,16,15,1,0,4,0,0,0
D-FINE-M,1410,19,300,18,14,4,0,3,0,0,2
D-FINE-M,1411,15,300,10,8,2,2,4,0,0,1
D-FINE-M,1412,21,300,22,15,7,0,5,0,0,1
D-FINE-M,1413,19,300,18,15,3,0,3,0,0,1
D-FINE-M,1414,25,300,18,15,3,2,7,0,0,1
D-FINE-M,1415,27,300,24,20,4,1,5,0,0,1
D-FINE-M,1416,12,300,13,7,6,0,5,0,0,0
D-FINE-M,1417,22,300,21,12,9,4,2,0,0,4
D-FINE-M,1418,33,300,31,24,7,2,6,0,0,1
D-FINE-M,1419,38,300,35,33,2,0,4,1,0,0
D-FINE-M,1420,19,300,20,10,10,1,7,0,0,1
D-FINE-M,1421,22,300,20,15,5,1,6,0,0,0
D-FINE-M,1422,18,300,8,8,0,1,9,0,0,0
D-FINE-M,1423,14,300,13,7,6,0,6,0,0,1
D-FINE-M,1424,21,300,20,14,6,0,5,0,0,2
D-FINE-M,1425,17,300,20,11,9,2,1,0,0,3
D-FINE-M,1426,16,300,19,12,7,0,2,0,0,2
D-FINE-M,1427,16,300,18,12,6,0,1,0,0,3
D-FINE-M,1428,33,300,21,17,4,6,9,0,0,1
D-FINE-M,1429,14,300,13,13,0,0,1,0,0,0
D-FINE-M,1430,9,300,8,7,1,0,2,0,0,0
D-FINE-M,1431,11,300,9,4,5,0,5,0,0,2
D-FINE-M,1432,10,300,7,5,2,0,4,0,0,1
D-FINE-M,1433,19,300,19,17,2,1,1,0,0,0
D-FINE-M,1434,4,300,6,4,2,0,0,0,0,0
D-FINE-M,1435,18,300,19,14,5,0,4,0,0,0
D-FINE-M,1436,22,300,19,13,6,1,5,0,0,3
D-FINE-M,1437,20,300,21,15,6,0,4,0,0,1
D-FINE-M,1438,11,300,9,9,0,1,1,0,0,0
D-FINE-M,1439,28,300,16,11,5,3,13,0,0,1
D-FINE-M,1440,26,300,27,22,5,0,4,0,0,0
D-FINE-M,1441,20,300,21,18,3,1,1,0,0,0
D-FINE-M,1442,8,300,9,8,1,0,0,0,0,0
D-FINE-M,1443,9,300,8,6,2,0,3,0,0,0
D-FINE-M,1444,8,300,8,8,0,0,0,0,0,0
D-FINE-M,1445,5,300,7,5,2,0,0,0,0,0
D-FINE-M,1446,23,300,22,18,4,2,1,0,0,2
D-FINE-M,1447,17,300,17,11,6,1,5,0,0,0
D-FINE-M,1448,21,300,21,19,2,0,1,0,0,1
D-FINE-M,1449,8,300,11,8,3,0,0,0,0,0
D-FINE-M,1450,36,300,30,28,2,1,7,0,0,0
D-FINE-M,1451,24,300,19,14,5,3,5,0,0,2
D-FINE-M,1452,19,300,18,15,3,0,4,0,0,0
D-FINE-M,1453,17,300,18,13,5,0,4,0,0,0
D-FINE-M,1454,15,300,14,12,2,0,3,0,0,0
D-FINE-M,1455,36,300,27,24,3,1,7,0,0,4
D-FINE-M,1456,30,300,23,20,3,1,3,1,0,5
D-FINE-M,1457,10,300,10,8,2,0,2,0,0,0
D-FINE-M,1458,20,300,18,18,0,0,2,0,0,0
D-FINE-M,1459,22,300,20,12,8,2,6,0,0,2
D-FINE-M,1460,18,300,19,13,6,0,4,0,0,1
D-FINE-M,1461,28,300,22,18,4,1,7,0,0,2
D-FINE-M,1462,16,300,19,14,5,0,2,0,0,0
D-FINE-M,1463,18,300,14,12,2,1,5,0,0,0
D-FINE-M,1464,27,300,25,18,7,3,3,0,0,3
D-FINE-M,1465,28,300,25,20,5,1,4,1,0,2
D-FINE-M,1466,25,300,24,24,0,0,1,0,0,0
D-FINE-M,1467,9,300,7,7,0,0,2,0,0,0
D-FINE-M,1468,21,300,24,17,7,0,2,0,0,2
D-FINE-M,1469,19,300,21,18,3,0,1,0,0,0
D-FINE-M,1470,4,300,5,4,1,0,0,0,0,0
D-FINE-M,1471,11,300,11,8,3,0,3,0,0,0
D-FINE-M,1472,18,300,20,15,5,0,3,0,0,0
D-FINE-M,1473,9,300,10,7,3,0,0,0,0,2
D-FINE-M,1474,22,300,20,19,1,0,3,0,0,0
D-FINE-M,1475,21,300,19,14,5,1,5,0,0,1
D-FINE-M,1476,20,300,24,13,11,0,2,0,2,3
D-FINE-M,1477,35,300,31,23,8,0,8,0,0,4
D-FINE-M,1478,20,300,26,18,8,0,2,0,0,0
D-FINE-M,1479,11,300,8,7,1,1,3,0,0,0
D-FINE-M,1480,5,300,5,5,0,0,0,0,0,0
D-FINE-M,1481,32,300,32,25,7,0,6,1,0,0
D-FINE-M,1482,15,300,15,12,3,0,3,0,0,0
D-FINE-M,1483,7,300,6,4,2,1,1,0,0,1
D-FINE-M,1484,7,300,9,7,2,0,0,0,0,0
D-FINE-M,1485,4,300,4,4,0,0,0,0,0,0
D-FINE-M,1486,7,300,6,3,3,0,4,0,0,0
D-FINE-M,1487,16,300,11,8,3,2,6,0,0,0
D-FINE-M,1488,15,300,10,6,4,4,4,0,0,1
D-FINE-M,1489,23,300,12,11,1,5,7,0,0,0
D-FINE-M,1490,21,300,16,15,1,5,1,0,0,0
D-FINE-M,1491,26,300,19,17,2,3,6,0,0,0
D-FINE-M,1492,37,300,35,33,2,0,4,0,0,0
D-FINE-M,1493,4,300,4,4,0,0,0,0,0,0
D-FINE-M,1494,19,300,16,13,3,1,3,0,0,2
D-FINE-M,1495,23,300,24,20,4,0,3,0,0,0
D-FINE-M,1496,10,300,9,8,1,1,1,0,0,0
D-FINE-M,1497,35,300,34,29,5,2,4,0,0,0
D-FINE-M,1498,29,300,24,21,3,3,5,0,0,0
D-FINE-M,1499,20,300,20,13,7,1,5,0,0,1
D-FINE-M,1500,29,300,17,14,3,5,10,0,0,0
D-FINE-M,1501,22,300,19,15,4,1,5,0,0,1
D-FINE-M,1502,15,300,12,9,3,1,5,0,0,0
D-FINE-M,1503,20,300,15,11,4,0,7,0,0,2
D-FINE-M,1504,17,300,9,8,1,4,5,0,0,0
D-FINE-M,1505,25,300,19,15,4,0,7,0,0,3
D-FINE-M,1506,13,300,11,9,2,1,3,0,0,0
D-FINE-M,1507,24,300,23,20,3,0,4,0,0,0
D-FINE-M,1508,22,300,18,16,2,0,6,0,0,0
D-FINE-M,1509,18,300,14,12,2,1,5,0,0,0
D-FINE-M,1510,30,300,28,24,4,1,3,1,0,1
D-FINE-M,1511,22,300,16,14,2,2,6,0,0,0
D-FINE-M,1512,6,300,6,5,1,0,0,0,0,1
D-FINE-M,1513,5,300,5,5,0,0,0,0,0,0
D-FINE-M,1514,22,300,19,17,2,1,3,0,0,1
D-FINE-M,1515,6,300,7,5,2,1,0,0,0,0
D-FINE-M,1516,24,300,29,22,7,0,2,0,0,0
D-FINE-M,1517,32,300,32,28,4,0,3,0,0,1
D-FINE-M,1518,29,300,28,21,7,0,8,0,0,0
D-FINE-M,1519,34,300,32,23,9,1,6,1,0,3
D-FINE-M,1520,11,300,14,9,5,0,2,0,0,0
D-FINE-M,1521,9,300,7,5,2,1,2,0,0,1
D-FINE-M,1522,23,300,18,17,1,1,4,0,0,1
D-FINE-M,1523,6,300,6,5,1,0,1,0,0,0
D-FINE-M,1524,15,300,9,6,3,2,7,0,0,0
D-FINE-M,1525,23,300,20,16,4,1,4,0,0,2
D-FINE-M,1526,14,300,13,10,3,0,4,0,0,0
D-FINE-M,1527,30,300,31,23,8,1,6,0,0,0
D-FINE-M,1528,31,300,21,21,0,2,8,0,0,0
D-FINE-M,1529,37,300,34,22,12,1,11,0,0,3
D-FINE-M,1530,19,300,19,16,3,0,2,1,0,0
D-FINE-M,1531,16,300,13,12,1,0,2,2,0,0
D-FINE-M,1532,11,300,7,7,0,0,4,0,0,0
D-FINE-M,1533,18,300,13,7,6,1,10,0,0,0
D-FINE-M,1534,18,300,14,14,0,0,4,0,0,0
D-FINE-M,1535,24,300,30,19,11,0,4,0,0,1
D-FINE-M,1536,24,300,16,14,2,1,7,0,0,2
D-FINE-M,1537,9,300,8,6,2,1,0,0,0,2
D-FINE-M,1538,24,300,21,16,5,0,6,0,0,2
D-FINE-M,1539,15,300,11,9,2,2,4,0,0,0
D-FINE-M,1540,18,300,17,14,3,1,3,0,0,0
D-FINE-M,1541,5,300,7,5,2,0,0,0,0,0
D-FINE-M,1542,9,300,8,7,1,0,2,0,0,0
D-FINE-M,1543,6,300,7,5,2,0,1,0,0,0
D-FINE-M,1544,27,300,27,19,8,1,4,1,0,2
D-FINE-M,1545,16,300,11,9,2,3,4,0,0,0
D-FINE-M,1546,29,300,21,21,0,0,8,0,0,0
D-FINE-M,1547,21,300,22,19,3,0,1,1,0,0
D-FINE-M,1548,10,300,16,9,7,0,0,0,0,1
D-FINE-M,1549,27,300,19,17,2,0,7,1,0,2
D-FINE-M,1550,10,300,14,8,6,0,2,0,0,0
D-FINE-M,1551,54,300,42,35,7,4,13,0,0,2
D-FINE-M,1552,8,300,12,6,6,0,2,0,0,0
D-FINE-M,1553,9,300,8,7,1,0,2,0,0,0
D-FINE-M,1554,27,300,28,24,4,0,3,0,0,0
D-FINE-M,1555,21,300,22,17,5,0,3,0,0,1
D-FINE-M,1556,8,300,8,5,3,0,2,0,0,1
D-FINE-M,1557,32,300,22,18,4,1,13,0,0,0
D-FINE-M,1558,33,300,26,24,2,0,8,0,0,1
D-FINE-M,1559,22,300,25,18,7,0,4,0,0,0
D-FINE-M,1560,28,300,28,24,4,0,4,0,0,0
D-FINE-M,1561,38,300,28,26,2,6,4,0,0,2
D-FINE-M,1562,32,300,21,16,5,2,13,0,0,1
D-FINE-M,1563,24,300,20,15,5,2,6,0,0,1
D-FINE-M,1564,31,300,27,22,5,1,4,0,0,4
D-FINE-M,1565,38,300,33,26,7,2,10,0,0,0
D-FINE-M,1566,16,300,13,12,1,0,3,1,0,0
D-FINE-M,1567,10,300,10,9,1,1,0,0,0,0
D-FINE-M,1568,18,300,16,14,2,0,4,0,0,0
D-FINE-M,1569,20,300,18,14,4,1,4,0,0,1
D-FINE-M,1570,27,300,20,18,2,1,8,0,0,0
D-FINE-M,1571,21,300,21,15,6,2,2,0,0,2
D-FINE-M,1572,23,300,21,12,9,2,6,1,0,2
D-FINE-M,1573,19,300,15,14,1,1,4,0,0,0
D-FINE-M,1574,28,300,29,22,7,0,2,0,0,4
D-FINE-M,1575,6,300,7,6,1,0,0,0,0,0
D-FINE-M,1576,26,300,26,21,5,1,4,0,0,0
D-FINE-M,1577,48,300,41,34,7,1,9,2,0,2
D-FINE-M,1578,4,300,5,4,1,0,0,0,0,0
D-FINE-M,1579,25,300,24,19,5,2,3,0,0,1
D-FINE-M,1580,29,300,32,25,7,0,3,0,0,1
D-FINE-M,1581,11,300,11,10,1,0,1,0,0,0
D-FINE-M,1582,20,300,22,16,6,0,4,0,0,0
D-FINE-M,1583,6,300,7,5,2,0,1,0,0,0
D-FINE-M,1584,5,300,7,4,3,0,1,0,0,0
D-FINE-M,1585,10,300,8,7,1,1,2,0,0,0
D-FINE-M,1586,15,300,17,15,2,0,0,0,0,0
D-FINE-M,1587,11,300,16,10,6,0,0,0,0,1
D-FINE-M,1588,6,300,6,4,2,2,0,0,0,0
D-FINE-M,1589,25,300,19,16,3,3,6,0,0,0
D-FINE-M,1590,51,300,10,8,2,16,26,0,0,1
D-FINE-M,1591,17,300,19,9,10,1,6,0,0,1
D-FINE-M,1592,34,300,26,22,4,1,11,0,0,0
D-FINE-M,1593,15,300,15,14,1,0,0,0,0,1
D-FINE-M,1594,7,300,10,5,5,0,2,0,0,0
D-FINE-M,1595,21,300,15,14,1,1,6,0,0,0
D-FINE-M,1596,10,300,7,7,0,1,2,0,0,0
D-FINE-M,1597,10,300,17,7,10,1,0,0,0,2
D-FINE-M,1598,29,300,27,24,3,1,2,1,0,1
D-FINE-M,1599,15,300,11,10,1,1,3,1,0,0
D-FINE-M,1600,14,300,13,12,1,0,2,0,0,0
D-FINE-M,1601,14,300,12,11,1,0,2,0,0,1
D-FINE-M,1602,9,300,7,6,1,2,1,0,0,0
D-FINE-M,1603,37,300,33,23,10,4,7,0,1,2
D-FINE-M,1604,15,300,15,14,1,1,0,0,0,0
D-FINE-M,1605,20,300,13,13,0,2,4,0,0,1
D-FINE-M,1606,17,300,17,14,3,0,2,0,0,1
D-FINE-M,1607,30,300,28,27,1,0,3,0,0,0
D-FINE-M,1608,27,300,21,19,2,0,7,0,0,1
D-FINE-M,1609,23,300,16,15,1,2,5,1,0,0
D-FINE-M,1610,21,300,21,17,4,0,4,0,0,0
D-FINE-M,1611,6,300,5,5,0,0,1,0,0,0
D-FINE-M,1612,25,300,15,13,2,2,9,0,0,1
D-FINE-M,1613,14,300,15,10,5,0,3,0,0,1
D-FINE-M,1614,9,300,9,9,0,0,0,0,0,0
D-FINE-M,1615,29,300,36,21,15,2,5,0,0,1
D-FINE-M,1616,20,300,18,14,4,1,5,0,0,0
D-FINE-M,1617,36,300,27,24,3,1,10,0,0,1
D-FINE-M,1618,7,300,6,4,2,0,3,0,0,0
D-FINE-M,1619,6,300,6,5,1,0,0,0,0,1
D-FINE-M,1620,27,300,35,23,12,0,4,0,0,0
D-FINE-M,1621,29,300,27,23,4,3,3,0,0,0
D-FINE-M,1622,9,300,12,8,4,0,1,0,0,0
D-FINE-M,1623,20,300,17,12,5,0,5,0,0,3
D-FINE-M,1624,5,300,10,5,5,0,0,0,0,0
D-FINE-M,1625,16,300,16,13,3,2,1,0,0,0
D-FINE-M,1626,16,300,15,13,2,1,2,0,0,0
D-FINE-M,1627,7,300,6,3,3,2,1,0,0,1
D-FINE-M,1628,23,300,18,11,7,4,8,0,0,0
D-FINE-M,1629,18,300,14,8,6,4,5,0,0,1
D-FINE-M,1630,20,300,21,16,5,0,1,0,0,3
D-FINE-M,1631,18,300,12,11,1,1,6,0,0,0
D-FINE-M,1632,25,300,21,17,4,0,8,0,0,0
D-FINE-M,1633,7,300,6,6,0,0,1,0,0,0
D-FINE-M,1634,25,300,21,16,5,2,5,0,0,2
D-FINE-M,1635,13,300,13,11,2,0,2,0,0,0
D-FINE-M,1636,14,300,13,9,4,0,3,0,0,2
D-FINE-M,1637,19,300,16,15,1,0,4,0,0,0
D-FINE-M,1638,24,300,17,15,2,0,9,0,0,0
D-FINE-M,1639,21,300,23,16,7,0,2,0,0,3
D-FINE-M,1640,8,300,12,7,5,0,0,0,0,1
D-FINE-M,1641,14,300,12,12,0,0,2,0,0,0
D-FINE-M,1642,27,300,26,23,3,0,4,0,0,0
D-FINE-M,1643,15,300,11,9,2,1,3,0,0,2
D-FINE-M,1644,23,300,18,15,3,1,6,0,0,1
D-FINE-M,1645,17,300,19,13,6,0,4,0,0,0
D-FINE-M,1646,7,300,8,7,1,0,0,0,0,0
D-FINE-M,1647,6,300,7,5,2,0,1,0,0,0
D-FINE-M,1648,17,300,16,12,4,0,5,0,0,0
D-FINE-M,1649,11,300,13,10,3,0,0,0,0,1
D-FINE-M,1650,14,300,13,11,2,0,3,0,0,0
D-FINE-M,1651,30,300,28,24,4,0,6,0,0,0
D-FINE-M,1652,12,300,12,9,3,0,2,0,0,1
D-FINE-M,1653,23,300,15,14,1,1,6,1,0,1
D-FINE-M,1654,38,300,30,26,4,1,9,0,0,2
D-FINE-M,1655,16,300,16,12,4,0,3,0,0,1
D-FINE-M,1656,9,300,9,9,0,0,0,0,0,0
D-FINE-M,1657,25,300,20,17,3,1,7,0,0,0
D-FINE-M,1658,19,300,23,19,4,0,0,0,0,0
D-FINE-M,1659,14,300,9,8,1,0,6,0,0,0
D-FINE-M,1660,10,300,9,9,0,1,0,0,0,0
D-FINE-M,1661,19,300,23,19,4,0,0,0,0,0
D-FINE-M,1662,9,300,10,6,4,0,3,0,0,0
D-FINE-M,1663,6,300,8,2,6,0,4,0,0,0
D-FINE-M,1664,34,300,20,16,4,2,15,0,0,1
D-FINE-M,1665,35,300,36,27,9,1,4,0,0,3
D-FINE-M,1666,13,300,14,11,3,0,1,1,0,0
D-FINE-M,1667,13,300,11,11,0,0,2,0,0,0
D-FINE-M,1668,30,300,24,22,2,1,7,0,0,0
D-FINE-M,1669,21,300,21,17,4,0,3,0,0,1
D-FINE-M,1670,8,300,8,6,2,0,1,0,0,1
D-FINE-M,1671,4,300,5,2,3,0,2,0,0,0
D-FINE-M,1672,3,300,3,3,0,0,0,0,0,0
D-FINE-M,1673,11,300,12,9,3,0,1,0,0,1
D-FINE-M,1674,25,300,35,22,13,1,2,0,0,0
D-FINE-M,1675,5,300,5,3,2,0,1,0,0,1
D-FINE-M,1676,25,300,24,18,6,1,6,0,0,0
D-FINE-M,1677,8,300,11,7,4,0,1,0,0,0
D-FINE-M,1678,15,300,13,13,0,0,2,0,0,0
D-FINE-M,1679,21,300,15,12,3,2,5,0,0,2
D-FINE-M,1680,5,300,6,5,1,0,0,0,0,0
D-FINE-M,1681,16,300,15,12,3,1,1,0,0,2
D-FINE-M,1682,16,300,11,9,2,2,5,0,0,0
D-FINE-M,1683,4,300,9,4,5,0,0,0,0,0
D-FINE-M,1684,22,300,23,16,7,0,4,0,0,2
D-FINE-M,1685,24,300,19,16,3,1,4,1,0,2
D-FINE-M,1686,4,300,3,3,0,0,1,0,0,0
D-FINE-M,1687,20,300,21,17,4,0,2,0,0,1
D-FINE-M,1688,16,300,13,11,2,0,5,0,0,0
D-FINE-M,1689,5,300,6,1,5,0,2,0,0,2
D-FINE-M,1690,19,300,21,17,4,0,2,0,0,0
D-FINE-M,1691,16,300,18,16,2,0,0,0,0,0
D-FINE-M,1692,11,300,9,7,2,1,3,0,0,0
D-FINE-M,1693,43,300,34,32,2,3,8,0,0,0
D-FINE-M,1694,25,300,28,17,11,0,5,0,0,3
D-FINE-M,1695,20,300,20,13,7,1,5,0,0,1
D-FINE-M,1696,22,300,17,12,5,3,6,0,0,1
D-FINE-M,1697,14,300,11,8,3,1,5,0,0,0
D-FINE-M,1698,13,300,11,9,2,0,4,0,0,0
D-FINE-M,1699,13,300,9,6,3,0,7,0,0,0
D-FINE-M,1700,14,300,11,9,2,0,3,0,0,2
D-FINE-M,1701,26,300,28,19,9,0,6,0,0,1
D-FINE-M,1702,26,300,27,23,4,0,2,0,0,1
D-FINE-M,1703,14,300,12,10,2,0,4,0,0,0
D-FINE-M,1704,20,300,24,18,6,0,2,0,0,0
D-FINE-M,1705,11,300,12,9,3,0,2,0,0,0
D-FINE-M,1706,28,300,20,19,1,3,6,0,0,0
D-FINE-M,1707,12,300,15,11,4,0,0,0,1,0
D-FINE-M,1708,24,300,20,18,2,0,6,0,0,0
D-FINE-M,1709,16,300,26,14,12,0,1,0,0,1
D-FINE-M,1710,22,300,22,19,3,0,3,0,0,0
D-FINE-M,1711,6,300,6,5,1,0,1,0,0,0
D-FINE-M,1712,4,300,4,4,0,0,0,0,0,0
D-FINE-M,1713,14,300,16,11,5,0,3,0,0,0
D-FINE-M,1714,4,300,8,3,5,0,1,0,0,0
D-FINE-M,1715,5,300,5,5,0,0,0,0,0,0
D-FINE-M,1716,38,300,39,32,7,3,3,0,0,0
D-FINE-M,1717,21,300,19,16,3,0,4,0,0,1
D-FINE-M,1718,35,300,28,25,3,2,8,0,0,0
D-FINE-M,1719,8,300,5,3,2,1,1,0,0,3
D-FINE-M,1720,27,300,28,24,4,0,3,0,0,0
D-FINE-M,1721,18,300,14,11,3,0,7,0,0,0
D-FINE-M,1722,20,300,22,19,3,0,1,0,0,0
D-FINE-M,1723,31,300,21,20,1,5,6,0,0,0
D-FINE-M,1724,15,300,11,10,1,0,4,0,0,1
D-FINE-M,1725,17,300,13,12,1,1,3,0,0,1
D-FINE-M,1726,16,300,15,12,3,0,4,0,0,0
D-FINE-M,1727,26,300,29,23,6,0,3,0,0,0
D-FINE-M,1728,16,300,13,11,2,0,2,2,1,0
D-FINE-M,1729,49,300,37,33,4,1,15,0,0,0
D-FINE-M,1730,12,300,15,8,7,0,2,0,0,2
D-FINE-M,1731,5,300,7,4,3,0,0,0,0,1
D-FINE-M,1732,21,300,16,16,0,0,4,1,0,0
D-FINE-M,1733,11,300,17,9,8,0,2,0,0,0
D-FINE-M,1734,7,300,8,6,2,0,1,0,0,0
D-FINE-M,1735,26,300,21,21,0,1,4,0,0,0
D-FINE-M,1736,20,300,18,15,3,0,5,0,0,0
D-FINE-M,1737,12,300,12,9,3,0,3,0,0,0
D-FINE-M,1738,16,300,15,10,5,0,5,0,0,1
D-FINE-M,1739,14,300,14,12,2,0,2,0,0,0
D-FINE-M,1740,13,300,11,9,2,1,2,0,0,1
D-FINE-M,1741,54,300,42,34,8,2,14,0,0,4
D-FINE-M,1742,4,300,16,4,12,0,0,0,0,0
D-FINE-M,1743,20,300,22,15,7,0,5,0,0,0
D-FINE-M,1744,24,300,21,15,6,1,7,0,0,1
D-FINE-M,1745,19,300,19,13,6,1,4,0,0,1
D-FINE-M,1746,10,300,8,7,1,0,3,0,0,0
D-FINE-M,1747,23,300,17,14,3,3,6,0,0,0
D-FINE-M,1748,8,300,11,7,4,0,0,0,0,1
D-FINE-M,1749,21,300,15,14,1,1,6,0,0,0
D-FINE-M,1750,25,300,22,19,3,1,4,0,0,1
D-FINE-M,1751,17,300,14,12,2,3,2,0,0,0
D-FINE-M,1752,16,300,16,13,3,0,2,0,0,1
D-FINE-M,1753,17,300,14,11,3,0,6,0,0,0
D-FINE-M,1754,23,300,19,16,3,0,6,0,0,1
D-FINE-M,1755,9,300,7,7,0,2,0,0,0,0
D-FINE-M,1756,42,300,38,33,5,0,6,0,0,3
D-FINE-M,1757,25,300,34,18,16,1,5,0,0,1
D-FINE-M,1758,31,300,23,22,1,0,8,1,0,0
D-FINE-M,1759,36,300,31,28,3,1,6,1,0,0
D-FINE-M,1760,11,300,18,11,7,0,0,0,0,0
D-FINE-M,1761,26,300,22,18,4,2,2,0,0,4
D-FINE-M,1762,19,300,21,14,7,1,4,0,0,0
D-FINE-M,1763,11,300,9,9,0,1,1,0,0,0
D-FINE-M,1764,24,300,25,16,9,2,3,0,0,3
D-FINE-M,1765,4,300,6,4,2,0,0,0,0,0
D-FINE-M,1766,43,300,25,17,8,5,20,0,0,1
D-FINE-M,1767,13,300,14,11,3,0,1,1,0,0
D-FINE-M,1768,15,300,14,10,4,0,2,0,0,3
D-FINE-M,1769,35,300,25,18,7,4,12,0,0,1
D-FINE-M,1770,21,300,23,17,6,0,2,0,0,2
D-FINE-M,1771,28,300,36,20,16,0,6,0,0,2
D-FINE-M,1772,9,300,10,7,3,0,2,0,0,0
D-FINE-M,1773,17,300,15,11,4,0,4,0,0,2
D-FINE-M,1774,10,300,11,8,3,0,2,0,0,0
D-FINE-M,1775,14,300,13,12,1,0,1,0,0,1
D-FINE-M,1776,14,300,15,13,2,0,1,0,0,0
D-FINE-M,1777,27,300,21,21,0,0,6,0,0,0
D-FINE-M,1778,6,300,9,5,4,0,1,0,0,0
D-FINE-M,1779,31,300,23,21,2,1,8,1,0,0
D-FINE-M,1780,9,300,7,6,1,1,2,0,0,0
D-FINE-M,1781,8,300,8,6,2,0,2,0,0,0
D-FINE-M,1782,33,300,39,26,13,1,3,0,0,3
D-FINE-M,1783,48,300,29,21,8,6,19,0,0,2
D-FINE-M,1784,29,300,33,25,8,0,3,0,0,1
D-FINE-M,1785,32,300,34,26,8,0,2,1,0,3
D-FINE-M,1786,25,300,25,21,4,1,3,0,0,0
D-FINE-M,1787,6,300,4,3,1,0,2,0,0,1
D-FINE-M,1788,7,300,15,5,10,0,2,0,0,0
D-FINE-M,1789,4,300,5,4,1,0,0,0,0,0
D-FINE-M,1790,27,300,29,22,7,1,4,0,0,0
D-FINE-M,1791,12,300,10,8,2,0,4,0,0,0
D-FINE-M,1792,36,300,22,11,11,5,17,0,0,3
D-FINE-M,1793,37,300,37,25,12,6,4,0,0,2
D-FINE-M,1794,5,300,5,5,0,0,0,0,0,0
D-FINE-M,1795,10,300,11,8,3,0,2,0,0,0
D-FINE-M,1796,5,300,7,5,2,0,0,0,0,0
D-FINE-M,1797,6,300,6,5,1,1,0,0,0,0
D-FINE-M,1798,7,300,1,1,0,0,6,0,0,0
D-FINE-M,1799,15,300,8,7,1,3,5,0,0,0
D-FINE-M,1800,14,300,8,8,0,1,5,0,0,0
D-FINE-M,1801,10,300,13,9,4,0,1,0,0,0
D-FINE-M,1802,23,300,26,21,5,0,2,0,0,0
D-FINE-M,1803,24,300,23,19,4,0,3,2,0,0
D-FINE-M,1804,17,300,17,13,4,1,3,0,0,0
D-FINE-M,1805,30,300,26,18,8,1,9,1,0,1
D-FINE-M,1806,4,300,5,4,1,0,0,0,0,0
D-FINE-M,1807,18,300,16,15,1,0,1,0,0,2
D-FINE-M,1808,9,300,12,6,6,1,2,0,0,0
D-FINE-M,1809,23,300,23,19,4,1,3,0,0,0
D-FINE-M,1810,20,300,26,15,11,0,4,0,0,1
D-FINE-M,1811,21,300,19,15,4,1,4,0,0,1
D-FINE-M,1812,16,300,13,12,1,0,4,0,0,0
D-FINE-M,1813,23,300,19,16,3,0,7,0,0,0
D-FINE-M,1814,9,300,5,4,1,0,5,0,0,0
D-FINE-M,1815,6,300,7,5,2,0,1,0,0,0
D-FINE-M,1816,29,300,30,24,6,0,2,0,0,3
D-FINE-M,1817,22,300,10,7,3,0,15,0,0,0
D-FINE-M,1818,14,300,18,14,4,0,0,0,0,0
D-FINE-M,1819,25,300,24,21,3,0,3,0,0,1
D-FINE-M,1820,22,300,26,18,8,1,2,0,0,1
D-FINE-M,1821,14,300,15,12,3,0,1,0,0,1
D-FINE-M,1822,22,300,24,20,4,0,1,1,0,0
D-FINE-M,1823,20,300,14,13,1,0,7,0,0,0
D-FINE-M,1824,30,300,25,19,6,3,4,0,0,4
D-FINE-M,1825,6,300,8,6,2,0,0,0,0,0
D-FINE-M,1826,27,300,27,22,5,1,2,0,0,2
D-FINE-M,1827,25,300,25,20,5,1,3,0,0,1
D-FINE-M,1828,27,300,20,16,4,0,9,0,0,2
D-FINE-M,1829,11,300,12,6,6,0,4,0,0,1
D-FINE-M,1830,21,300,21,16,5,0,4,0,0,1
D-FINE-M,1831,17,300,12,12,0,1,4,0,0,0
D-FINE-M,1832,25,300,24,17,7,0,8,0,0,0
D-FINE-M,1833,33,300,32,29,3,1,2,0,0,1
D-FINE-M,1834,20,300,16,11,5,0,7,0,0,2
D-FINE-M,1835,15,300,10,8,2,1,5,0,0,1
D-FINE-M,1836,6,300,5,5,0,0,1,0,0,0
D-FINE-M,1837,14,300,14,10,4,0,4,0,0,0
D-FINE-M,1838,13,300,15,13,2,0,0,0,0,0
D-FINE-M,1839,54,300,25,23,2,9,21,0,0,1
D-FINE-M,1840,19,300,19,15,4,0,2,0,0,2
D-FINE-M,1841,13,300,14,12,2,0,1,0,0,0
D-FINE-M,1842,8,300,7,2,5,1,4,0,0,1
D-FINE-M,1843,20,300,32,16,16,0,3,0,0,1
D-FINE-M,1844,15,300,13,10,3,4,1,0,0,0
D-FINE-M,1845,28,300,31,26,5,0,2,0,0,0
D-FINE-M,1846,17,300,14,12,2,0,4,1,0,0
D-FINE-M,1847,15,300,14,12,2,0,1,2,0,0
D-FINE-M,1848,25,300,25,18,7,2,3,0,0,2
D-FINE-M,1849,11,300,14,7,7,0,4,0,0,0
D-FINE-M,1850,31,300,26,20,6,0,9,0,0,2
D-FINE-M,1851,40,300,37,32,5,0,6,0,0,2
D-FINE-M,1852,23,300,14,14,0,2,7,0,0,0
D-FINE-M,1853,16,300,12,12,0,0,4,0,0,0
D-FINE-M,1854,10,300,14,9,5,0,1,0,0,0
D-FINE-M,1855,36,300,30,25,5,4,7,0,0,0
D-FINE-M,1856,10,300,10,9,1,1,0,0,0,0
D-FINE-M,1857,31,300,28,22,6,2,5,0,0,2
D-FINE-M,1858,18,300,17,11,6,0,5,0,0,2
D-FINE-M,1859,7,300,15,5,10,0,1,0,0,1
D-FINE-M,1860,16,300,15,10,5,1,2,0,0,3
D-FINE-M,1861,29,300,30,19,11,3,6,0,0,1
D-FINE-M,1862,16,300,4,3,1,4,9,0,0,0
D-FINE-M,1863,15,300,13,12,1,1,2,0,0,0
D-FINE-M,1864,5,300,4,4,0,0,1,0,0,0
D-FINE-M,1865,20,300,19,15,4,0,5,0,0,0
D-FINE-M,1866,33,300,22,16,6,11,4,0,0,2
D-FINE-M,1867,7,300,9,3,6,1,3,0,0,0
D-FINE-M,1868,15,300,11,11,0,2,2,0,0,0
D-FINE-M,1869,10,300,9,8,1,0,2,0,0,0
D-FINE-M,1870,16,300,20,11,9,0,3,0,0,2
D-FINE-M,1871,17,300,18,12,6,0,3,0,0,2
D-FINE-M,1872,18,300,13,12,1,1,5,0,0,0
D-FINE-M,1873,18,300,18,13,5,0,4,0,0,1
D-FINE-M,1874,10,300,13,10,3,0,0,0,0,0
D-FINE-M,1875,5,300,5,5,0,0,0,0,0,0
D-FINE-M,1876,26,300,22,17,5,3,6,0,0,0
D-FINE-M,1877,7,300,6,6,0,0,1,0,0,0
D-FINE-M,1878,6,300,6,5,1,0,1,0,0,0
D-FINE-M,1879,13,300,12,10,2,0,3,0,0,0
D-FINE-M,1880,21,300,18,13,5,2,5,0,0,1
D-FINE-M,1881,26,300,31,22,9,0,4,0,0,0
D-FINE-M,1882,22,300,22,18,4,0,3,0,0,1
D-FINE-M,1883,18,300,19,16,3,0,2,0,0,0
D-FINE-M,1884,18,300,13,10,3,1,6,0,0,1
D-FINE-M,1885,11,300,13,10,3,0,1,0,0,0
D-FINE-M,1886,15,300,12,11,1,0,4,0,0,0
D-FINE-M,1887,27,300,26,25,1,0,2,0,0,0
D-FINE-M,1888,28,300,30,25,5,0,2,0,0,1
D-FINE-M,1889,11,300,10,9,1,0,2,0,0,0
D-FINE-M,1890,16,300,11,10,1,2,4,0,0,0
D-FINE-M,1891,18,300,12,11,1,1,6,0,0,0
D-FINE-M,1892,20,300,13,8,5,0,7,0,0,5
D-FINE-M,1893,20,300,12,12,0,0,8,0,0,0
D-FINE-M,1894,14,300,3,2,1,5,7,0,0,0
D-FINE-M,1895,9,300,11,7,4,0,1,0,0,1
D-FINE-M,1896,6,300,8,5,3,0,1,0,0,0
D-FINE-M,1897,12,300,10,9,1,0,3,0,0,0
D-FINE-M,1898,8,300,8,7,1,0,1,0,0,0
D-FINE-M,1899,7,300,1,1,0,1,5,0,0,0
D-FINE-M,1900,7,300,8,4,4,0,3,0,0,0
D-FINE-M,1901,7,300,14,5,9,0,2,0,0,0
D-FINE-M,1902,19,300,18,17,1,0,2,0,0,0
D-FINE-M,1903,21,300,23,16,7,0,4,0,0,1
D-FINE-M,1904,28,300,22,20,2,2,6,0,0,0
D-FINE-M,1905,19,300,18,16,2,0,2,0,0,1
D-FINE-M,1906,10,300,9,2,7,0,6,0,0,2
D-FINE-M,1907,10,300,15,10,5,0,0,0,0,0
D-FINE-M,1908,30,300,26,24,2,1,4,0,0,1
D-FINE-M,1909,32,300,33,19,14,1,8,0,0,4
D-FINE-M,1910,4,300,4,4,0,0,0,0,0,0
D-FINE-M,1911,18,300,9,9,0,2,7,0,0,0
D-FINE-M,1912,13,300,14,8,6,1,3,0,0,1
D-FINE-M,1913,20,300,18,13,5,0,6,0,0,1
D-FINE-M,1914,6,300,5,3,2,0,3,0,0,0
D-FINE-M,1915,37,300,23,20,3,2,14,0,0,1
D-FINE-M,1916,23,300,24,21,3,0,1,0,0,1
D-FINE-M,1917,9,300,9,6,3,1,2,0,0,0
D-FINE-M,1918,18,300,16,14,2,1,3,0,0,0
D-FINE-M,1919,29,300,31,19,12,1,4,0,0,5
D-FINE-M,1920,16,300,21,14,7,0,2,0,0,0
D-FINE-M,1921,13,300,15,9,6,1,2,0,0,1
D-FINE-M,1922,27,300,24,21,3,1,5,0,0,0
D-FINE-M,1923,32,300,44,29,15,0,1,1,0,1
D-FINE-M,1924,20,300,21,16,5,0,4,0,0,0
D-FINE-M,1925,8,300,13,7,6,0,1,0,0,0
D-FINE-M,1926,10,300,12,9,3,0,1,0,0,0
D-FINE-M,1927,28,300,20,15,5,2,9,0,0,2
D-FINE-M,1928,14,300,16,12,4,0,2,0,0,0
D-FINE-M,1929,17,300,23,17,6,0,0,0,0,0
D-FINE-M,1930,19,300,17,12,5,0,7,0,0,0
D-FINE-M,1931,25,300,21,19,2,0,4,0,0,2
D-FINE-M,1932,29,300,24,23,1,0,6,0,0,0
D-FINE-M,1933,31,300,31,26,5,0,5,0,0,0
D-FINE-M,1934,10,300,10,9,1,0,1,0,0,0
D-FINE-M,1935,31,300,26,21,5,1,9,0,0,0
D-FINE-M,1936,22,300,24,18,6,0,4,0,0,0
D-FINE-M,1937,12,300,11,11,0,0,1,0,0,0
D-FINE-M,1938,19,300,17,12,5,1,6,0,0,0
D-FINE-M,1939,9,300,9,9,0,0,0,0,0,0
D-FINE-M,1940,23,300,15,15,0,2,6,0,0,0
D-FINE-M,1941,6,300,6,6,0,0,0,0,0,0
D-FINE-M,1942,32,300,32,25,7,0,5,0,0,2
D-FINE-M,1943,16,300,14,13,1,0,3,0,0,0
D-FINE-M,1944,5,300,7,5,2,0,0,0,0,0
D-FINE-M,1945,8,300,9,6,3,0,2,0,0,0
D-FINE-M,1946,17,300,14,13,1,1,3,0,0,0
D-FINE-M,1947,9,300,10,8,2,0,1,0,0,0
D-FINE-M,1948,27,300,22,17,5,0,8,0,0,2
D-FINE-M,1949,9,300,10,7,3,0,2,0,0,0
D-FINE-M,1950,27,300,20,18,2,0,7,1,0,1
D-FINE-M,1951,36,300,27,18,9,2,10,0,0,6
D-FINE-M,1952,17,300,22,14,8,0,3,0,0,0
D-FINE-M,1953,24,300,23,20,3,0,3,0,0,1
D-FINE-M,1954,21,300,22,15,7,0,3,1,0,2
D-FINE-M,1955,9,300,6,6,0,1,2,0,0,0
D-FINE-M,1956,8,300,6,6,0,0,2,0,0,0
D-FINE-M,1957,5,300,8,5,3,0,0,0,0,0
D-FINE-M,1958,28,300,25,23,2,1,4,0,0,0
D-FINE-M,1959,16,300,11,9,2,2,5,0,0,0
D-FINE-M,1960,39,300,27,21,6,2,16,0,0,0
D-FINE-M,1961,20,300,17,16,1,0,4,0,0,0
D-FINE-M,1962,7,300,6,6,0,0,1,0,0,0
D-FINE-M,1963,25,300,25,19,6,0,4,0,0,2
D-FINE-M,1964,12,300,9,8,1,1,3,0,0,0
D-FINE-M,1965,26,300,31,24,7,1,1,0,0,0
D-FINE-M,1966,15,300,11,9,2,0,6,0,0,0
D-FINE-M,1967,33,300,30,25,5,0,6,0,0,2
D-FINE-M,1968,11,300,10,8,2,0,3,0,0,0
D-FINE-M,1969,16,300,10,9,1,3,4,0,0,0
D-FINE-M,1970,14,300,14,12,2,0,2,0,0,0
D-FINE-M,1971,13,300,11,11,0,0,2,0,0,0
D-FINE-M,1972,29,300,25,21,4,3,5,0,0,0
D-FINE-M,1973,24,300,20,18,2,0,6,0,0,0
D-FINE-M,1974,4,300,6,4,2,0,0,0,0,0
D-FINE-M,1975,24,300,20,16,4,2,5,0,0,1
D-FINE-M,1976,10,300,11,8,3,1,0,0,0,1
D-FINE-M,1977,29,300,23,18,5,1,9,0,0,1
D-FINE-M,1978,18,300,22,16,6,0,1,0,0,1
D-FINE-M,1979,16,300,16,7,9,2,5,0,0,2
D-FINE-M,1980,16,300,14,8,6,1,4,0,0,3
D-FINE-M,1981,9,300,7,3,4,1,4,0,0,1
D-FINE-M,1982,9,300,8,7,1,1,1,0,0,0
D-FINE-M,1983,11,300,14,7,7,1,3,0,0,0
D-FINE-M,1984,7,300,6,6,0,0,1,0,0,0
D-FINE-M,1985,14,300,14,12,2,1,1,0,0,0
D-FINE-M,1986,23,300,21,18,3,0,5,0,0,0
D-FINE-M,1987,22,300,18,16,2,0,6,0,0,0
D-FINE-M,1988,20,300,18,15,3,1,2,0,0,2
D-FINE-M,1989,7,300,6,5,1,1,1,0,0,0
D-FINE-M,1990,25,300,30,21,9,2,2,0,0,0
D-FINE-M,1991,19,300,16,12,4,0,6,0,0,1
D-FINE-M,1992,19,300,21,15,6,3,1,0,0,0
D-FINE-M,1993,15,300,10,10,0,0,5,0,0,0
D-FINE-M,1994,25,300,22,20,2,0,4,1,0,0
D-FINE-M,1995,11,300,14,7,7,1,3,0,0,0
D-FINE-M,1996,10,300,11,9,2,0,1,0,0,0
D-FINE-M,1997,26,300,17,15,2,1,10,0,0,0
D-FINE-M,1998,19,300,16,16,0,1,2,0,0,0
D-FINE-M,1999,6,300,4,4,0,0,2,0,0,0
D-FINE-M,2000,21,300,23,17,6,0,4,0,0,0
D-FINE-M,2001,21,300,16,14,2,2,3,0,0,2
D-FINE-M,2002,30,300,31,23,8,4,1,0,0,2
D-FINE-M,2003,19,300,16,11,5,0,8,0,0,0
D-FINE-M,2004,23,300,20,15,5,3,5,0,0,0
D-FINE-M,2005,30,300,26,21,5,2,5,0,0,2
D-FINE-M,2006,15,300,16,14,2,0,1,0,0,0
D-FINE-M,2007,6,300,6,6,0,0,0,0,0,0
D-FINE-M,2008,19,300,20,15,5,0,3,0,0,1
D-FINE-M,2009,13,300,13,12,1,0,1,0,0,0
D-FINE-M,2010,23,300,25,23,2,0,0,0,0,0
D-FINE-M,2011,30,300,21,17,4,5,6,0,0,2
D-FINE-M,2012,19,300,18,15,3,0,3,1,0,0
D-FINE-M,2013,30,300,20,20,0,3,7,0,0,0
D-FINE-M,2014,13,300,10,10,0,0,3,0,0,0
D-FINE-M,2015,24,300,26,18,8,0,4,0,0,2
D-FINE-M,2016,24,300,21,19,2,0,5,0,0,0
D-FINE-M,2017,22,300,21,15,6,2,2,0,0,3
D-FINE-M,2018,28,300,23,19,4,3,5,0,0,1
D-FINE-M,2019,7,300,4,4,0,0,3,0,0,0
D-FINE-M,2020,16,300,18,14,4,0,1,1,0,0
D-FINE-M,2021,22,300,26,19,7,0,3,0,0,0
D-FINE-M,2022,33,300,28,18,10,3,9,0,0,3
D-FINE-M,2023,9,300,10,7,3,0,1,1,0,0
D-FINE-M,2024,20,300,22,16,6,1,1,0,0,2
D-FINE-M,2025,40,300,35,27,8,1,10,0,0,2
D-FINE-M,2026,32,300,18,17,1,5,9,0,0,1
D-FINE-M,2027,10,300,8,7,1,0,3,0,0,0
D-FINE-M,2028,14,300,13,9,4,0,4,0,0,1
D-FINE-M,2029,14,300,13,8,5,0,6,0,0,0
D-FINE-M,2030,4,300,3,3,0,0,1,0,0,0
D-FINE-M,2031,28,300,25,24,1,0,4,0,0,0
D-FINE-M,2032,27,300,20,18,2,0,6,1,0,2
D-FINE-M,2033,22,300,21,19,2,0,3,0,0,0
D-FINE-M,2034,18,300,14,11,3,0,7,0,0,0
D-FINE-M,2035,27,300,33,24,9,1,2,0,0,0
D-FINE-M,2036,14,300,14,9,5,0,4,0,0,1
D-FINE-M,2037,15,300,17,7,10,5,1,0,1,1
D-FINE-M,2038,14,300,15,9,6,0,2,0,0,3
D-FINE-M,2039,17,300,12,11,1,0,4,0,0,2
D-FINE-M,2040,27,300,21,16,5,1,7,0,0,3
D-FINE-M,2041,17,300,15,11,4,0,5,0,0,1
D-FINE-M,2042,8,300,9,4,5,0,3,0,0,1
D-FINE-M,2043,10,300,6,4,2,1,4,0,0,1
D-FINE-M,2044,18,300,16,13,3,2,3,0,0,0
D-FINE-M,2045,24,300,24,19,5,0,2,0,0,3
D-FINE-M,2046,33,300,35,23,12,1,6,0,0,3
D-FINE-M,2047,36,300,33,29,4,0,7,0,0,0
D-FINE-M,2048,5,300,3,3,0,0,2,0,0,0
D-FINE-M,2049,17,300,18,12,6,0,2,0,0,3
D-FINE-M,2050,11,300,9,8,1,0,2,0,0,1
D-FINE-M,2051,7,300,9,7,2,0,0,0,0,0
D-FINE-M,2052,39,300,30,24,6,5,10,0,0,0
D-FINE-M,2053,28,300,28,25,3,0,3,0,0,0
D-FINE-M,2054,20,300,26,16,10,0,2,1,0,1
D-FINE-M,2055,5,300,5,5,0,0,0,0,0,0
D-FINE-M,2056,21,300,20,15,5,0,6,0,0,0
D-FINE-M,2057,13,300,8,7,1,1,4,1,0,0
D-FINE-M,2058,11,300,9,7,2,1,2,0,0,1
D-FINE-M,2059,41,300,38,34,4,0,6,0,0,1
D-FINE-M,2060,26,300,23,21,2,2,3,0,0,0
D-FINE-M,2061,21,300,21,16,5,0,3,2,0,0
D-FINE-M,2062,10,300,10,10,0,0,0,0,0,0
D-FINE-M,2063,17,300,17,15,2,0,2,0,0,0
D-FINE-M,2064,25,300,19,16,3,1,7,0,0,1
D-FINE-M,2065,28,300,27,18,9,2,5,0,0,3
D-FINE-M,2066,21,300,17,17,0,1,3,0,0,0
D-FINE-M,2067,30,300,23,18,5,2,8,0,0,2
D-FINE-M,2068,9,300,11,8,3,0,0,0,0,1
D-FINE-M,2069,17,300,13,11,2,2,4,0,0,0
D-FINE-M,2070,12,300,14,11,3,0,1,0,0,0
D-FINE-M,2071,13,300,14,12,2,0,1,0,0,0
D-FINE-M,2072,6,300,6,4,2,0,2,0,0,0
D-FINE-M,2073,31,300,27,24,3,0,7,0,0,0
D-FINE-M,2074,10,300,9,7,2,0,3,0,0,0
D-FINE-M,2075,8,300,10,8,2,0,0,0,0,0
D-FINE-M,2076,5,300,6,5,1,0,0,0,0,0
D-FINE-M,2077,24,300,23,13,10,1,8,0,0,2
D-FINE-M,2078,11,300,12,10,2,0,1,0,0,0
D-FINE-M,2079,7,300,7,5,2,0,1,1,0,0
D-FINE-M,2080,19,300,20,13,7,1,5,0,0,0
D-FINE-M,2081,20,300,18,15,3,1,4,0,0,0
D-FINE-M,2082,12,300,14,10,4,0,1,0,0,1
D-FINE-M,2083,15,300,19,13,6,0,2,0,0,0
D-FINE-M,2084,17,300,13,9,4,0,7,0,0,1
D-FINE-M,2085,9,300,8,7,1,0,0,0,0,2
D-FINE-M,2086,32,300,33,27,6,0,5,0,0,0
D-FINE-M,2087,23,300,26,20,6,0,2,0,0,1
D-FINE-M,2088,27,300,22,16,6,1,10,0,0,0
D-FINE-M,2089,32,300,26,20,6,6,6,0,0,0
D-FINE-M,2090,17,300,17,17,0,0,0,0,0,0
D-FINE-M,2091,8,300,9,7,2,0,1,0,0,0
D-FINE-M,2092,21,300,20,17,3,0,4,0,0,0
D-FINE-M,2093,43,300,30,25,5,6,11,0,0,1
D-FINE-M,2094,17,300,9,9,0,0,8,0,0,0
D-FINE-M,2095,23,300,21,18,3,1,3,0,0,1
D-FINE-M,2096,27,300,29,21,8,0,5,0,0,1
D-FINE-M,2097,21,300,22,19,3,0,2,0,0,0
D-FINE-M,2098,35,300,32,25,7,0,6,2,0,2
D-FINE-M,2099,19,300,20,17,3,0,2,0,0,0
D-FINE-M,2100,25,300,20,14,6,2,7,0,0,2
D-FINE-M,2101,14,300,13,10,3,1,3,0,0,0
D-FINE-M,2102,16,300,17,14,3,0,2,0,0,0
D-FINE-M,2103,18,300,19,16,3,0,2,0,0,0
D-FINE-M,2104,47,300,29,26,3,4,16,0,0,1
D-FINE-M,2105,17,300,16,12,4,1,3,0,0,1
D-FINE-M,2106,15,300,14,14,0,0,1,0,0,0
D-FINE-M,2107,7,300,7,4,3,0,2,0,0,1
D-FINE-M,2108,19,300,21,10,11,1,6,0,0,2
D-FINE-M,2109,33,300,15,14,1,9,10,0,0,0
D-FINE-M,2110,20,300,19,15,4,0,4,0,0,1
D-FINE-M,2111,25,300,16,13,3,1,10,0,0,1
D-FINE-M,2112,5,300,7,5,2,0,0,0,0,0
D-FINE-M,2113,28,300,20,19,1,2,5,0,0,2
D-FINE-M,2114,8,300,8,8,0,0,0,0,0,0
D-FINE-M,2115,5,300,3,1,2,0,4,0,0,0
D-FINE-M,2116,9,300,10,9,1,0,0,0,0,0
D-FINE-M,2117,13,300,14,11,3,0,2,0,0,0
D-FINE-M,2118,11,300,12,10,2,0,1,0,0,0
D-FINE-M,2119,10,300,14,10,4,0,0,0,0,0
D-FINE-M,2120,33,300,29,21,8,0,10,0,0,2
D-FINE-M,2121,13,300,9,7,2,1,5,0,0,0
D-FINE-M,2122,27,300,20,15,5,3,9,0,0,0
D-FINE-M,2123,29,300,14,9,5,10,10,0,0,0
D-FINE-M,2124,14,300,18,14,4,0,0,0,0,0
D-FINE-M,2125,9,300,7,7,0,0,2,0,0,0
D-FINE-M,2126,23,300,18,14,4,2,7,0,0,0
D-FINE-M,2127,18,300,16,12,4,1,5,0,0,0
D-FINE-M,2128,11,300,5,5,0,2,4,0,0,0
D-FINE-M,2129,13,300,11,9,2,0,3,0,0,1
D-FINE-M,2130,8,300,8,5,3,0,2,0,0,1
D-FINE-M,2131,9,300,8,6,2,0,3,0,0,0
D-FINE-M,2132,10,300,12,8,4,0,2,0,0,0
D-FINE-M,2133,17,300,16,13,3,0,4,0,0,0
D-FINE-M,2134,22,300,17,14,3,1,5,1,0,1
D-FINE-M,2135,17,300,10,10,0,3,4,0,0,0
D-FINE-M,2136,18,300,22,16,6,0,2,0,0,0
D-FINE-M,2137,21,300,14,11,3,1,8,0,0,1
D-FINE-M,2138,27,300,27,21,6,0,3,0,0,3
D-FINE-M,2139,15,300,11,9,2,1,5,0,0,0
D-FINE-M,2140,12,300,15,12,3,0,0,0,0,0
D-FINE-M,2141,8,300,6,4,2,2,2,0,0,0
D-FINE-M,2142,15,300,18,14,4,0,1,0,0,0
D-FINE-M,2143,18,300,22,15,7,0,3,0,0,0
D-FINE-M,2144,20,300,19,16,3,0,3,0,0,1
D-FINE-M,2145,43,300,30,24,6,7,10,0,0,2
D-FINE-M,2146,25,300,23,21,2,2,2,0,0,0
D-FINE-M,2147,5,300,4,3,1,1,1,0,0,0
D-FINE-M,2148,9,300,10,7,3,0,2,0,0,0
D-FINE-M,2149,8,300,8,8,0,0,0,0,0,0
D-FINE-M,2150,20,300,17,14,3,0,5,0,0,1
D-FINE-M,2151,10,300,9,8,1,0,2,0,0,0
D-FINE-M,2152,19,300,16,14,2,0,5,0,0,0
D-FINE-M,2153,8,300,4,3,1,0,5,0,0,0
D-FINE-M,2154,54,300,53,38,15,1,10,0,0,5
D-FINE-M,2155,28,300,24,17,7,4,6,0,0,1
D-FINE-M,2156,35,300,31,24,7,3,7,0,0,1
D-FINE-M,2157,10,300,12,8,4,1,0,0,0,1
D-FINE-M,2158,25,300,13,11,2,2,11,1,0,0
D-FINE-M,2159,16,300,14,12,2,0,2,0,1,1
D-FINE-M,2160,22,300,22,18,4,1,3,0,0,0
D-FINE-M,2161,11,300,7,5,2,3,3,0,0,0
D-FINE-M,2162,5,300,6,5,1,0,0,0,0,0
D-FINE-M,2163,11,300,12,9,3,0,2,0,0,0
D-FINE-M,2164,29,300,34,26,8,0,1,1,0,1
D-FINE-M,2165,20,300,19,15,4,1,4,0,0,0
D-FINE-M,2166,22,300,16,16,0,0,6,0,0,0
D-FINE-M,2167,17,300,23,14,9,0,2,0,0,1
D-FINE-M,2168,10,300,10,8,2,1,0,1,0,0
D-FINE-M,2169,23,300,28,17,11,1,5,0,0,0
D-FINE-M,2170,17,300,14,10,4,3,4,0,0,0
D-FINE-M,2171,31,300,38,28,10,0,2,0,0,1
D-FINE-M,2172,20,300,20,18,2,1,1,0,0,0
D-FINE-M,2173,8,300,8,7,1,0,0,0,0,1
D-FINE-M,2174,14,300,14,13,1,0,1,0,0,0
D-FINE-M,2175,21,300,17,11,6,2,8,0,0,0
D-FINE-M,2176,25,300,23,22,1,0,2,0,0,1
D-FINE-M,2177,6,300,6,5,1,0,1,0,0,0
D-FINE-M,2178,46,300,30,25,5,10,8,0,0,3
D-FINE-M,2179,27,300,27,20,7,0,6,0,0,1
D-FINE-M,2180,31,300,23,14,9,7,8,0,0,2
D-FINE-M,2181,8,300,4,4,0,0,4,0,0,0
D-FINE-M,2182,22,300,23,20,3,1,1,0,0,0
D-FINE-M,2183,18,300,20,18,2,0,0,0,0,0
D-FINE-M,2184,25,300,21,12,9,5,7,1,0,0
D-FINE-M,2185,18,300,11,7,4,5,4,0,0,2
D-FINE-M,2186,19,300,20,15,5,0,2,1,0,1
D-FINE-M,2187,17,300,18,15,3,0,1,0,0,1
D-FINE-M,2188,8,300,8,7,1,0,1,0,0,0
D-FINE-M,2189,16,300,21,14,7,1,1,0,0,0
D-FINE-M,2190,35,300,43,33,10,1,1,0,0,0
D-FINE-M,2191,24,300,24,16,8,2,6,0,0,0
D-FINE-M,2192,43,300,32,28,4,2,11,2,0,0
D-FINE-M,2193,28,300,30,23,7,0,3,0,0,2
D-FINE-M,2194,18,300,16,13,3,3,2,0,0,0
D-FINE-M,2195,21,300,21,19,2,0,1,0,0,1
D-FINE-M,2196,8,300,10,7,3,0,0,0,0,1
D-FINE-M,2197,8,300,2,2,0,0,6,0,0,0
D-FINE-M,2198,23,300,19,15,4,3,4,0,0,1
D-FINE-M,2199,10,300,10,10,0,0,0,0,0,0
D-FINE-M,2200,8,300,9,6,3,0,2,0,0,0
D-FINE-M,2201,24,300,19,15,4,2,7,0,0,0
D-FINE-M,2202,23,300,17,15,2,2,6,0,0,0
D-FINE-M,2203,12,300,12,10,2,0,2,0,0,0
D-FINE-M,2204,7,300,6,2,4,1,4,0,0,0
D-FINE-M,2205,19,300,18,15,3,0,2,1,0,1
D-FINE-M,2206,19,300,17,15,2,0,3,0,0,1
D-FINE-M,2207,30,300,13,10,3,3,16,0,0,1
D-FINE-M,2208,4,300,5,3,2,0,1,0,0,0
D-FINE-M,2209,11,300,7,7,0,0,3,1,0,0
D-FINE-M,2210,24,300,20,19,1,1,3,0,0,1
D-FINE-M,2211,31,300,24,18,6,4,5,0,0,4
D-FINE-M,2212,17,300,19,16,3,0,1,0,0,0
D-FINE-M,2213,21,300,14,11,3,1,9,0,0,0
D-FINE-M,2214,10,300,6,5,1,3,2,0,0,0
D-FINE-M,2215,21,300,25,19,6,0,2,0,0,0
D-FINE-M,2216,39,300,35,28,7,1,8,0,0,2
D-FINE-M,2217,17,300,16,15,1,0,2,0,0,0
D-FINE-M,2218,14,300,11,11,0,0,2,1,0,0
D-FINE-M,2219,45,300,43,32,11,1,8,0,0,4
D-FINE-M,2220,49,300,47,39,8,1,6,0,0,3
D-FINE-M,2221,15,300,18,13,5,0,0,0,0,2
D-FINE-M,2222,25,300,22,17,5,0,7,0,0,1
D-FINE-M,2223,11,300,16,11,5,0,0,0,0,0
D-FINE-M,2224,6,300,10,5,5,0,1,0,0,0
D-FINE-M,2225,33,300,32,29,3,1,3,0,0,0
D-FINE-M,2226,21,300,19,15,4,0,6,0,0,0
D-FINE-M,2227,56,300,36,27,9,2,23,0,0,4
D-FINE-M,2228,14,300,14,11,3,1,2,0,0,0
D-FINE-M,2229,14,300,15,11,4,0,3,0,0,0
D-FINE-M,2230,7,300,6,4,2,0,3,0,0,0
D-FINE-M,2231,20,300,11,9,2,1,10,0,0,0
D-FINE-M,2232,15,300,8,8,0,0,7,0,0,0
D-FINE-M,2233,33,300,24,21,3,2,10,0,0,0
D-FINE-M,2234,30,300,25,23,2,0,7,0,0,0
D-FINE-M,2235,18,300,16,15,1,0,3,0,0,0
D-FINE-M,2236,14,300,18,12,6,0,2,0,0,0
D-FINE-M,2237,26,300,21,13,8,5,6,0,0,2
D-FINE-M,2238,9,300,10,7,3,0,2,0,0,0
D-FINE-M,2239,34,300,33,22,11,1,10,0,0,1
D-FINE-M,2240,19,300,21,19,2,0,0,0,0,0
D-FINE-M,2241,11,300,13,11,2,0,0,0,0,0
D-FINE-M,2242,19,300,14,9,5,0,7,0,0,3
D-FINE-M,2243,24,300,21,18,3,1,5,0,0,0
D-FINE-M,2244,9,300,9,8,1,0,1,0,0,0
D-FINE-M,2245,44,300,29,29,0,4,10,1,0,0
D-FINE-M,2246,6,300,5,5,0,0,1,0,0,0
D-FINE-M,2247,13,300,11,11,0,0,2,0,0,0
D-FINE-M,2248,25,300,24,22,2,1,2,0,0,0
D-FINE-M,2249,27,300,20,16,4,2,9,0,0,0
D-FINE-M,2250,38,300,29,24,5,5,7,0,0,2
D-FINE-M,2251,24,300,17,13,4,0,11,0,0,0
D-FINE-M,2252,13,300,11,9,2,1,3,0,0,0
D-FINE-M,2253,27,300,20,16,4,1,8,0,0,2
D-FINE-M,2254,21,300,23,18,5,1,2,0,0,0
D-FINE-M,2255,13,300,9,4,5,2,7,0,0,0
D-FINE-M,2256,18,300,16,13,3,3,2,0,0,0
D-FINE-M,2257,15,300,9,6,3,0,7,0,0,2
D-FINE-M,2258,5,300,6,5,1,0,0,0,0,0
D-FINE-M,2259,16,300,14,13,1,0,3,0,0,0
D-FINE-M,2260,25,300,17,15,2,2,8,0,0,0
D-FINE-M,2261,18,300,18,14,4,0,3,0,0,1
D-FINE-M,2262,23,300,24,16,8,1,4,0,0,2
D-FINE-M,2263,37,300,30,26,4,0,10,0,0,1
D-FINE-M,2264,22,300,21,15,6,0,6,0,0,1
D-FINE-M,2265,34,300,32,28,4,0,5,0,0,1
D-FINE-M,2266,65,300,49,40,9,2,21,0,0,2
D-FINE-M,2267,18,300,20,14,6,0,4,0,0,0
D-FINE-M,2268,7,300,10,6,4,1,0,0,0,0
D-FINE-M,2269,19,300,17,13,4,1,4,0,0,1
D-FINE-M,2270,12,300,8,5,3,2,5,0,0,0
D-FINE-M,2271,9,300,10,7,3,1,1,0,0,0
D-FINE-M,2272,8,300,10,8,2,0,0,0,0,0
D-FINE-M,2273,16,300,20,15,5,0,0,0,0,1
D-FINE-M,2274,17,300,21,17,4,0,0,0,0,0
D-FINE-M,2275,29,300,24,13,11,1,8,1,1,5
D-FINE-M,2276,19,300,16,10,6,0,8,0,0,1
D-FINE-M,2277,5,300,5,4,1,0,1,0,0,0
D-FINE-M,2278,23,300,10,7,3,9,6,0,0,1
D-FINE-M,2279,16,300,11,8,3,0,6,0,0,2
D-FINE-M,2280,21,300,20,17,3,0,4,0,0,0
D-FINE-M,2281,10,300,8,7,1,0,3,0,0,0
D-FINE-M,2282,17,300,15,12,3,1,4,0,0,0
D-FINE-M,2283,17,300,21,13,8,0,1,0,0,3
D-FINE-M,2284,27,300,26,25,1,0,2,0,0,0
D-FINE-M,2285,20,300,23,14,9,0,3,0,0,3
D-FINE-M,2286,15,300,19,12,7,0,2,1,0,0
D-FINE-M,2287,19,300,18,13,5,2,4,0,0,0
D-FINE-M,2288,18,300,18,16,2,0,1,0,0,1
D-FINE-M,2289,28,300,24,22,2,0,3,3,0,0
D-FINE-M,2290,18,300,12,11,1,1,6,0,0,0
D-FINE-M,2291,31,300,25,18,7,2,9,0,0,2
D-FINE-M,2292,14,300,14,14,0,0,0,0,0,0
D-FINE-M,2293,9,300,6,4,2,1,4,0,0,0
D-FINE-M,2294,19,300,16,14,2,0,4,0,0,1
D-FINE-M,2295,35,300,29,24,5,1,10,0,0,0
D-FINE-M,2296,17,300,13,8,5,0,5,0,0,4
D-FINE-M,2297,21,300,18,11,7,1,9,0,0,0
D-FINE-M,2298,22,300,18,13,5,2,6,0,0,1
D-FINE-M,2299,13,300,13,10,3,0,3,0,0,0
D-FINE-M,2300,12,300,11,8,3,0,3,0,0,1
D-FINE-M,2301,8,300,10,8,2,0,0,0,0,0
D-FINE-M,2302,9,300,12,9,3,0,0,0,0,0
D-FINE-M,2303,19,300,13,11,2,0,8,0,0,0
D-FINE-M,2304,10,300,10,8,2,0,2,0,0,0
D-FINE-M,2305,22,300,17,10,7,3,9,0,0,0
D-FINE-M,2306,35,300,35,29,6,0,5,0,0,1
D-FINE-M,2307,13,300,15,12,3,0,1,0,0,0
D-FINE-M,2308,27,300,19,17,2,3,7,0,0,0
D-FINE-M,2309,13,300,12,8,4,0,4,0,0,1
D-FINE-M,2310,21,300,25,18,7,0,3,0,0,0
D-FINE-M,2311,33,300,30,23,7,2,7,1,0,0
D-FINE-M,2312,31,300,20,16,4,2,12,0,0,1
D-FINE-M,2313,12,300,10,9,1,0,3,0,0,0
D-FINE-M,2314,28,300,21,18,3,0,9,0,0,1
D-FINE-M,2315,14,300,15,12,3,1,1,0,0,0
D-FINE-M,2316,27,300,18,16,2,2,8,0,0,1
D-FINE-M,2317,9,300,7,7,0,1,1,0,0,0
D-FINE-M,2318,34,300,39,30,9,1,3,0,0,0
D-FINE-M,2319,13,300,15,8,7,1,4,0,0,0
D-FINE-M,2320,7,300,6,6,0,0,1,0,0,0
D-FINE-M,2321,5,300,4,4,0,1,0,0,0,0
D-FINE-M,2322,29,300,28,21,7,0,6,1,0,1
D-FINE-M,2323,14,300,10,8,2,0,6,0,0,0
D-FINE-M,2324,21,300,21,15,6,0,3,0,0,3
D-FINE-M,2325,23,300,18,14,4,3,5,0,1,0
D-FINE-M,2326,31,300,22,19,3,1,11,0,0,0
D-FINE-M,2327,17,300,15,14,1,0,2,0,0,1
D-FINE-M,2328,9,300,9,8,1,0,1,0,0,0
D-FINE-M,2329,41,300,37,32,5,0,9,0,0,0
D-FINE-M,2330,22,300,27,20,7,0,2,0,0,0
D-FINE-M,2331,11,300,8,8,0,0,3,0,0,0
D-FINE-M,2332,13,300,10,8,2,1,4,0,0,0
D-FINE-M,2333,22,300,19,16,3,1,5,0,0,0
D-FINE-M,2334,6,300,6,5,1,0,1,0,0,0
D-FINE-M,2335,27,300,24,19,5,1,6,0,0,1
D-FINE-M,2336,17,300,16,13,3,0,4,0,0,0
D-FINE-M,2337,27,300,26,21,5,2,4,0,0,0
D-FINE-M,2338,15,300,16,13,3,0,1,0,1,0
D-FINE-M,2339,13,300,11,10,1,0,3,0,0,0
D-FINE-M,2340,12,300,16,10,6,0,2,0,0,0
D-FINE-M,2341,19,300,22,12,10,0,2,0,0,5
D-FINE-M,2342,14,300,11,11,0,0,3,0,0,0
D-FINE-M,2343,7,300,9,4,5,0,2,1,0,0
D-FINE-M,2344,22,300,20,15,5,0,7,0,0,0
D-FINE-M,2345,13,300,11,8,3,0,4,0,0,1
D-FINE-M,2346,27,300,26,22,4,0,5,0,0,0
D-FINE-M,2347,24,300,10,9,1,9,6,0,0,0
D-FINE-M,2348,7,300,9,6,3,0,1,0,0,0
D-FINE-M,2349,17,300,19,13,6,0,2,1,0,1
D-FINE-M,2350,14,300,17,14,3,0,0,0,0,0
D-FINE-M,2351,32,300,31,23,8,1,8,0,0,0
D-FINE-M,2352,55,300,34,26,8,8,15,2,0,4
D-FINE-M,2353,13,300,12,11,1,0,2,0,0,0
D-FINE-M,2354,20,300,20,18,2,1,1,0,0,0
D-FINE-M,2355,33,300,25,22,3,2,9,0,0,0
D-FINE-M,2356,17,300,15,14,1,1,1,0,0,1
D-FINE-M,2357,12,300,14,12,2,0,0,0,0,0
D-FINE-M,2358,27,300,28,21,7,2,3,0,0,1
D-FINE-M,2359,27,300,26,21,5,1,4,0,0,1
D-FINE-M,2360,30,300,23,16,7,2,10,0,0,2
D-FINE-M,2361,4,300,4,4,0,0,0,0,0,0
D-FINE-M,2362,21,300,17,14,3,1,6,0,0,0
D-FINE-M,2363,13,300,11,10,1,0,3,0,0,0
D-FINE-M,2364,14,300,14,10,4,0,4,0,0,0
D-FINE-M,2365,16,300,14,8,6,0,6,1,0,1
D-FINE-M,2366,10,300,9,7,2,0,2,0,0,1
D-FINE-M,2367,14,300,17,9,8,0,3,0,0,2
D-FINE-M,2368,22,300,15,11,4,3,7,0,0,1
D-FINE-M,2369,12,300,11,10,1,0,2,0,0,0
D-FINE-M,2370,7,300,7,5,2,0,0,0,0,2
D-FINE-M,2371,14,300,18,12,6,1,0,0,0,1
D-FINE-M,2372,19,300,17,14,3,0,3,2,0,0
D-FINE-M,2373,8,300,7,6,1,0,2,0,0,0
D-FINE-M,2374,12,300,9,6,3,1,5,0,0,0
D-FINE-M,2375,34,300,26,23,3,4,7,0,0,0
D-FINE-M,2376,20,300,21,19,2,0,1,0,0,0
D-FINE-M,2377,43,300,39,31,8,4,7,0,0,1
D-FINE-M,2378,25,300,23,19,4,0,5,0,0,1
D-FINE-M,2379,13,300,15,10,5,1,2,0,0,0
D-FINE-M,2380,18,300,20,17,3,0,1,0,0,0
D-FINE-M,2381,28,300,30,24,6,0,3,0,0,1
D-FINE-M,2382,26,300,31,19,12,0,6,1,0,0
D-FINE-M,2383,25,300,26,22,4,0,3,0,0,0
D-FINE-M,2384,16,300,15,13,2,0,3,0,0,0
D-FINE-M,2385,5,300,5,4,1,0,1,0,0,0
D-FINE-M,2386,16,300,18,13,5,0,3,0,0,0
D-FINE-M,2387,16,300,16,14,2,0,1,0,0,1
D-FINE-M,2388,13,300,15,12,3,0,1,0,0,0
D-FINE-M,2389,23,300,23,17,6,0,5,0,0,1
D-FINE-M,2390,24,300,18,15,3,1,7,1,0,0
D-FINE-M,2391,7,300,8,5,3,1,1,0,0,0
D-FINE-M,2392,21,300,18,14,4,3,4,0,0,0
D-FINE-M,2393,17,300,13,9,4,1,6,0,0,1
D-FINE-M,2394,5,300,5,4,1,0,1,0,0,0
D-FINE-M,2395,10,300,10,9,1,0,1,0,0,0
D-FINE-M,2396,25,300,20,14,6,2,5,0,0,4
D-FINE-M,2397,21,300,14,9,5,1,9,1,0,1
D-FINE-M,2398,10,300,9,9,0,0,1,0,0,0
D-FINE-M,2399,13,300,18,12,6,0,1,0,0,0
D-FINE-M,2400,29,300,27,21,6,2,4,1,0,1
D-FINE-M,2401,7,300,9,7,2,0,0,0,0,0
D-FINE-M,2402,7,300,9,6,3,0,1,0,0,0
D-FINE-M,2403,5,300,3,3,0,0,2,0,0,0
D-FINE-M,2404,27,300,21,15,6,1,7,1,0,3
D-FINE-M,2405,20,300,19,14,5,1,5,0,0,0
D-FINE-M,2406,26,300,22,19,3,1,5,0,0,1
D-FINE-M,2407,4,300,3,3,0,0,1,0,0,0
D-FINE-M,2408,16,300,17,13,4,0,2,0,0,1
D-FINE-M,2409,21,300,25,19,6,0,1,0,0,1
D-FINE-M,2410,22,300,19,14,5,3,5,0,0,0
D-FINE-M,2411,24,300,23,17,6,0,7,0,0,0
D-FINE-M,2412,24,300,13,12,1,3,8,0,0,1
D-FINE-M,2413,13,300,14,11,3,0,2,0,0,0
D-FINE-M,2414,8,300,8,8,0,0,0,0,0,0
D-FINE-M,2415,5,300,7,5,2,0,0,0,0,0
D-FINE-M,2416,14,300,14,12,2,0,1,0,0,1
D-FINE-M,2417,17,300,11,7,4,3,6,0,0,1
D-FINE-M,2418,25,300,23,17,6,0,6,1,0,1
D-FINE-M,2419,28,300,29,21,8,0,7,0,0,0
D-FINE-M,2420,5,300,6,3,3,0,1,0,0,1
D-FINE-M,2421,7,300,8,6,2,0,0,0,0,1
D-FINE-M,2422,11,300,9,8,1,1,2,0,0,0
D-FINE-M,2423,16,300,16,14,2,0,2,0,0,0
D-FINE-M,2424,12,300,9,8,1,0,4,0,0,0
D-FINE-M,2425,4,300,7,3,4,0,1,0,0,0
D-FINE-M,2426,10,300,8,8,0,0,2,0,0,0
D-FINE-M,2427,4,300,4,4,0,0,0,0,0,0
D-FINE-M,2428,23,300,19,15,4,0,5,0,0,3
D-FINE-M,2429,17,300,16,10,6,0,7,0,0,0
D-FINE-M,2430,9,300,6,4,2,3,2,0,0,0
D-FINE-M,2431,7,300,6,5,1,0,2,0,0,0
D-FINE-M,2432,5,300,5,5,0,0,0,0,0,0
D-FINE-M,2433,10,300,9,8,1,0,2,0,0,0
D-FINE-M,2434,29,300,20,14,6,3,11,0,0,1
D-FINE-M,2435,6,300,7,6,1,0,0,0,0,0
D-FINE-M,2436,29,300,21,17,4,1,10,0,0,1
D-FINE-M,2437,6,300,9,6,3,0,0,0,0,0
D-FINE-M,2438,44,300,38,31,7,2,11,0,0,0
D-FINE-M,2439,34,300,34,25,9,1,7,0,0,1
D-FINE-M,2440,11,300,7,6,1,0,5,0,0,0
D-FINE-M,2441,29,300,26,24,2,0,5,0,0,0
D-FINE-M,2442,6,300,5,4,1,0,1,0,0,1
D-FINE-M,2443,17,300,14,12,2,0,4,0,0,1
D-FINE-M,2444,12,300,11,9,2,0,3,0,0,0
D-FINE-M,2445,7,300,7,6,1,0,0,0,0,1
D-FINE-M,2446,24,300,20,19,1,0,5,0,0,0
D-FINE-M,2447,14,300,12,11,1,1,2,0,0,0
D-FINE-M,2448,22,300,15,14,1,3,4,0,0,1
D-FINE-M,2449,28,300,21,18,3,2,6,1,0,1
D-FINE-M,2450,48,300,40,33,7,2,12,0,0,1
D-FINE-M,2451,36,300,42,27,15,0,8,0,0,1
D-FINE-M,2452,29,300,30,24,6,2,3,0,0,0
D-FINE-M,2453,17,300,16,14,2,0,3,0,0,0
D-FINE-M,2454,15,300,17,12,5,1,2,0,0,0
D-FINE-M,2455,9,300,6,5,1,1,2,0,0,1
D-FINE-M,2456,23,300,20,20,0,0,3,0,0,0
D-FINE-M,2457,18,300,17,13,4,0,5,0,0,0
D-FINE-M,2458,30,300,32,27,5,0,3,0,0,0
D-FINE-M,2459,13,300,13,11,2,0,2,0,0,0
D-FINE-M,2460,17,300,10,5,5,2,7,0,0,3
D-FINE-M,2461,25,300,22,10,12,8,7,0,0,0
D-FINE-M,2462,25,300,18,17,1,1,7,0,0,0
D-FINE-M,2463,23,300,19,15,4,1,6,0,0,1
D-FINE-M,2464,4,300,5,4,1,0,0,0,0,0
D-FINE-M,2465,6,300,4,3,1,0,2,0,0,1
D-FINE-M,2466,9,300,8,5,3,0,4,0,0,0
D-FINE-M,2467,6,300,4,3,1,2,1,0,0,0
D-FINE-M,2468,8,300,10,6,4,1,1,0,0,0
D-FINE-M,2469,19,300,13,9,4,1,9,0,0,0
D-FINE-M,2470,15,300,16,11,5,0,2,1,0,1
D-FINE-M,2471,19,300,21,16,5,1,2,0,0,0
D-FINE-M,2472,16,300,15,12,3,0,3,0,0,1
D-FINE-M,2473,14,300,16,9,7,0,5,0,0,0
D-FINE-M,2474,38,300,25,20,5,4,12,0,0,2
D-FINE-M,2475,18,300,25,16,9,0,1,0,0,1
D-FINE-M,2476,17,300,21,17,4,0,0,0,0,0
D-FINE-M,2477,21,300,22,15,7,1,5,0,0,0
D-FINE-M,2478,23,300,8,7,1,4,11,0,0,1
D-FINE-M,2479,10,300,11,9,2,0,1,0,0,0
D-FINE-M,2480,24,300,20,16,4,1,7,0,0,0
D-FINE-M,2481,33,300,18,16,2,2,12,2,0,1
D-FINE-M,2482,38,300,31,28,3,0,10,0,0,0
D-FINE-M,2483,16,300,17,13,4,0,3,0,0,0
D-FINE-M,2484,19,300,19,16,3,0,3,0,0,0
D-FINE-M,2485,24,300,28,23,5,0,1,0,0,0
D-FINE-M,2486,15,300,14,11,3,1,2,0,0,1
D-FINE-M,2487,24,300,26,17,9,0,3,0,0,4
D-FINE-M,2488,33,300,35,27,8,1,5,0,0,0
D-FINE-M,2489,15,300,11,9,2,1,4,0,0,1
D-FINE-M,2490,38,300,18,14,4,4,17,1,0,2
D-FINE-M,2491,5,300,8,4,4,0,1,0,0,0
D-FINE-M,2492,25,300,17,17,0,1,5,2,0,0
D-FINE-M,2493,35,300,13,8,5,6,17,0,0,4
D-FINE-M,2494,20,300,21,17,4,1,1,0,0,1
D-FINE-M,2495,33,300,25,24,1,0,9,0,0,0
D-FINE-M,2496,29,300,27,25,2,0,3,1,0,0
D-FINE-M,2497,22,300,20,20,0,1,1,0,0,0
D-FINE-M,2498,27,300,26,20,6,1,3,0,0,3
D-FINE-M,2499,16,300,13,11,2,0,4,0,0,1
D-FINE-M,2500,50,300,40,31,9,3,11,3,0,2
D-FINE-M,2501,28,300,16,12,4,3,12,0,0,1
D-FINE-M,2502,20,300,22,17,5,2,1,0,0,0
D-FINE-M,2503,23,300,23,20,3,0,3,0,0,0
D-FINE-M,2504,17,300,14,12,2,0,4,0,0,1
D-FINE-M,2505,34,300,30,24,6,1,6,0,0,3
D-FINE-M,2506,20,300,25,15,10,0,5,0,0,0
D-FINE-M,2507,42,300,28,22,6,6,10,0,0,4
D-FINE-M,2508,35,300,35,26,9,0,5,1,0,3
D-FINE-M,2509,11,300,6,6,0,1,4,0,0,0
D-FINE-M,2510,13,300,14,9,5,0,4,0,0,0
D-FINE-M,2511,35,300,27,21,6,1,12,0,0,1
D-FINE-M,2512,6,300,6,6,0,0,0,0,0,0
D-FINE-M,2513,25,300,22,12,10,1,8,0,0,4
D-FINE-M,2514,21,300,23,17,6,0,3,0,0,1
D-FINE-M,2515,37,300,29,24,5,0,11,0,0,2
D-FINE-M,2516,21,300,16,9,7,4,6,0,0,2
D-FINE-M,2517,27,300,22,21,1,0,6,0,0,0
D-FINE-M,2518,26,300,19,12,7,3,9,0,0,2
D-FINE-M,2519,7,300,8,4,4,1,1,0,0,1
D-FINE-M,2520,5,300,6,5,1,0,0,0,0,0
D-FINE-M,2521,18,300,17,16,1,0,2,0,0,0
D-FINE-M,2522,17,300,20,11,9,0,6,0,0,0
D-FINE-M,2523,11,300,10,8,2,0,2,1,0,0
D-FINE-M,2524,20,300,18,15,3,0,4,0,0,1
D-FINE-M,2525,26,300,28,25,3,0,1,0,0,0
D-FINE-M,2526,25,300,24,21,3,0,3,0,0,1
D-FINE-M,2527,11,300,8,6,2,1,4,0,0,0
D-FINE-M,2528,4,300,5,3,2,0,1,0,0,0
D-FINE-M,2529,24,300,17,12,5,0,11,0,0,1
D-FINE-M,2530,39,300,28,24,4,3,10,0,0,2
D-FINE-M,2531,17,300,18,14,4,0,2,1,0,0
D-FINE-M,2532,24,300,21,17,4,0,6,1,0,0
D-FINE-M,2533,12,300,13,10,3,0,2,0,0,0
D-FINE-M,2534,16,300,12,11,1,0,4,1,0,0
D-FINE-M,2535,12,300,12,11,1,0,1,0,0,0
D-FINE-M,2536,23,300,22,18,4,0,5,0,0,0
D-FINE-M,2537,15,300,6,6,0,3,6,0,0,0
D-FINE-M,2538,19,300,18,15,3,1,3,0,0,0
D-FINE-M,2539,23,300,23,21,2,1,0,0,0,1
D-FINE-M,2540,21,300,19,18,1,1,2,0,0,0
D-FINE-M,2541,11,300,7,5,2,0,6,0,0,0
D-FINE-M,2542,20,300,24,18,6,0,2,0,0,0
D-FINE-M,2543,16,300,13,13,0,0,3,0,0,0
D-FINE-M,2544,15,300,14,11,3,0,2,1,0,1
D-FINE-M,2545,20,300,18,13,5,0,7,0,0,0
D-FINE-M,2546,13,300,17,9,8,0,2,0,0,2
D-FINE-M,2547,13,300,10,8,2,1,4,0,0,0
D-FINE-M,2548,52,300,43,35,8,2,12,0,0,3
D-FINE-M,2549,40,300,42,30,12,3,5,1,0,1
D-FINE-M,2550,26,300,20,18,2,1,7,0,0,0
D-FINE-M,2551,20,300,17,17,0,2,1,0,0,0
D-FINE-M,2552,30,300,22,17,5,2,9,1,0,1
D-FINE-M,2553,25,300,29,21,8,0,4,0,0,0
D-FINE-M,2554,17,300,13,10,3,1,5,0,0,1
D-FINE-M,2555,19,300,11,9,2,0,9,0,0,1
D-FINE-M,2556,7,300,11,4,7,0,3,0,0,0
D-FINE-M,2557,20,300,22,18,4,0,2,0,0,0
D-FINE-M,2558,19,300,20,17,3,0,1,0,0,1
D-FINE-M,2559,25,300,24,21,3,0,4,0,0,0
D-FINE-M,2560,32,300,22,19,3,2,8,1,0,2
D-FINE-M,2561,9,300,10,8,2,0,1,0,0,0
D-FINE-M,2562,11,300,13,10,3,0,1,0,0,0
D-FINE-M,2563,10,300,13,8,5,0,2,0,0,0
D-FINE-M,2564,4,300,4,3,1,0,1,0,0,0
D-FINE-M,2565,4,300,4,4,0,0,0,0,0,0
D-FINE-M,2566,24,300,29,24,5,0,0,0,0,0
D-FINE-M,2567,12,300,14,9,5,0,3,0,0,0
D-FINE-M,2568,23,300,22,15,7,2,5,0,0,1
D-FINE-M,2569,35,300,30,30,0,1,4,0,0,0
D-FINE-M,2570,20,300,20,18,2,0,2,0,0,0
D-FINE-M,2571,11,300,8,7,1,2,2,0,0,0
D-FINE-M,2572,11,300,16,10,6,0,1,0,0,0
D-FINE-M,2573,17,300,16,16,0,0,1,0,0,0
D-FINE-M,2574,12,300,14,11,3,0,1,0,0,0
D-FINE-M,2575,7,300,6,5,1,0,2,0,0,0
D-FINE-M,2576,6,300,6,6,0,0,0,0,0,0
D-FINE-M,2577,32,300,32,23,9,1,7,0,0,1
D-FINE-M,2578,13,300,15,11,4,1,0,0,0,1
D-FINE-M,2579,23,300,24,19,5,0,3,1,0,0
D-FINE-M,2580,17,300,14,12,2,0,5,0,0,0
D-FINE-M,2581,16,300,19,14,5,0,1,0,0,1
D-FINE-M,2582,16,300,26,13,13,0,1,0,0,2
D-FINE-M,2583,16,300,13,13,0,0,3,0,0,0
D-FINE-M,2584,29,300,21,16,5,6,5,0,0,2
D-FINE-M,2585,23,300,29,16,13,0,4,0,0,3
D-FINE-M,2586,22,300,22,19,3,0,3,0,0,0
D-FINE-M,2587,16,300,21,15,6,0,1,0,0,0
D-FINE-M,2588,19,300,27,12,15,0,6,0,0,1
D-FINE-M,2589,16,300,13,12,1,0,3,0,0,1
D-FINE-M,2590,4,300,4,3,1,0,1,0,0,0
D-FINE-M,2591,6,300,3,2,1,0,4,0,0,0
D-FINE-M,2592,4,300,6,3,3,0,1,0,0,0
D-FINE-M,2593,7,300,7,5,2,0,2,0,0,0
D-FINE-M,2594,18,300,17,12,5,2,2,0,0,2
D-FINE-M,2595,11,300,14,8,6,0,3,0,0,0
D-FINE-M,2596,13,300,5,4,1,1,7,0,0,1
D-FINE-M,2597,16,300,18,13,5,0,3,0,0,0
D-FINE-M,2598,24,300,20,17,3,3,2,0,0,2
D-FINE-M,2599,46,300,38,25,13,0,19,0,0,2
D-FINE-M,2600,5,300,7,4,3,0,0,0,0,1
D-FINE-M,2601,32,300,29,25,4,1,6,0,0,0
D-FINE-M,2602,17,300,13,12,1,0,5,0,0,0
D-FINE-M,2603,13,300,12,9,3,0,4,0,0,0
D-FINE-M,2604,15,300,14,9,5,0,5,0,0,1
D-FINE-M,2605,24,300,17,10,7,1,11,0,0,2
D-FINE-M,2606,14,300,12,11,1,0,3,0,0,0
D-FINE-M,2607,16,300,16,14,2,0,2,0,0,0
D-FINE-M,2608,19,300,15,10,5,4,5,0,0,0
D-FINE-M,2609,17,300,20,16,4,0,0,0,0,1
D-FINE-M,2610,25,300,21,16,5,0,7,0,0,2
D-FINE-M,2611,28,300,20,18,2,1,7,0,0,2
D-FINE-M,2612,18,300,15,13,2,1,3,0,0,1
D-FINE-M,2613,18,300,16,14,2,1,2,0,0,1
D-FINE-M,2614,9,300,6,5,1,2,2,0,0,0
D-FINE-M,2615,7,300,9,7,2,0,0,0,0,0
D-FINE-M,2616,19,300,17,15,2,2,2,0,0,0
D-FINE-M,2617,15,300,16,14,2,1,0,0,0,0
D-FINE-M,2618,17,300,15,12,3,0,5,0,0,0
D-FINE-M,2619,12,300,11,9,2,0,3,0,0,0
D-FINE-M,2620,10,300,8,8,0,0,2,0,0,0
D-FINE-M,2621,8,300,11,5,6,1,1,0,0,1
D-FINE-M,2622,28,300,15,13,2,7,7,0,0,1
D-FINE-M,2623,12,300,11,9,2,0,3,0,0,0
D-FINE-M,2624,7,300,10,7,3,0,0,0,0,0
D-FINE-M,2625,17,300,16,11,5,1,3,0,0,2
D-FINE-M,2626,17,300,12,10,2,0,6,0,0,1
D-FINE-M,2627,32,300,18,14,4,9,8,0,0,1
D-FINE-M,2628,15,300,16,12,4,0,2,0,0,1
D-FINE-M,2629,11,300,10,9,1,0,2,0,0,0
D-FINE-M,2630,13,300,10,10,0,0,3,0,0,0
D-FINE-M,2631,30,300,20,15,5,3,11,0,0,1
D-FINE-M,2632,19,300,19,15,4,0,1,1,0,2
D-FINE-M,2633,14,300,14,10,4,0,2,0,0,2
D-FINE-M,2634,16,300,16,12,4,0,4,0,0,0
D-FINE-M,2635,5,300,5,5,0,0,0,0,0,0
D-FINE-M,2636,21,300,19,15,4,0,5,0,0,1
D-FINE-M,2637,7,300,8,6,2,0,0,0,0,1
D-FINE-M,2638,17,300,19,14,5,0,3,0,0,0
D-FINE-M,2639,16,300,10,8,2,0,8,0,0,0
D-FINE-M,2640,16,300,14,13,1,1,2,0,0,0
D-FINE-M,2641,16,300,12,10,2,0,6,0,0,0
D-FINE-M,2642,13,300,20,12,8,0,0,0,0,1
D-FINE-M,2643,28,300,30,22,8,0,6,0,0,0
D-FINE-M,2644,11,300,10,8,2,0,1,0,0,2
D-FINE-M,2645,15,300,15,12,3,0,3,0,0,0
D-FINE-M,2646,10,300,7,5,2,0,5,0,0,0
D-FINE-M,2647,5,300,3,2,1,0,2,0,0,1
D-FINE-M,2648,15,300,13,13,0,0,2,0,0,0
D-FINE-M,2649,15,300,14,11,3,1,2,0,0,1
D-FINE-M,2650,23,300,20,14,6,0,6,1,0,2
D-FINE-M,2651,24,300,23,20,3,1,3,0,0,0
D-FINE-M,2652,24,300,22,17,5,0,6,0,0,1
D-FINE-M,2653,24,300,25,19,6,0,4,0,0,1
D-FINE-M,2654,17,300,16,11,5,1,4,0,0,1
D-FINE-M,2655,32,300,29,22,7,0,10,0,0,0
D-FINE-M,2656,15,300,11,10,1,0,5,0,0,0
D-FINE-M,2657,12,300,10,9,1,0,2,0,0,1
D-FINE-M,2658,27,300,26,20,6,3,3,0,0,1
D-FINE-M,2659,31,300,20,15,5,2,13,0,0,1
D-FINE-M,2660,16,300,15,15,0,0,1,0,0,0
D-FINE-M,2661,28,300,25,22,3,0,6,0,0,0
D-FINE-M,2662,23,300,13,10,3,2,9,0,0,2
D-FINE-M,2663,4,300,4,1,3,0,3,0,0,0
D-FINE-M,2664,12,300,10,8,2,0,4,0,0,0
D-FINE-M,2665,10,300,11,8,3,0,1,1,0,0
D-FINE-M,2666,20,300,18,14,4,0,5,0,0,1
D-FINE-M,2667,31,300,26,20,6,2,9,0,0,0
D-FINE-M,2668,18,300,24,13,11,0,5,0,0,0
D-FINE-M,2669,11,300,11,7,4,0,3,0,0,1
D-FINE-M,2670,15,300,14,11,3,2,2,0,0,0
D-FINE-M,2671,12,300,12,8,4,0,4,0,0,0
D-FINE-M,2672,11,300,11,11,0,0,0,0,0,0
D-FINE-M,2673,28,300,28,23,5,0,5,0,0,0
D-FINE-M,2674,13,300,15,11,4,0,2,0,0,0
D-FINE-M,2675,20,300,15,14,1,1,5,0,0,0
D-FINE-M,2676,36,300,27,23,4,6,7,0,0,0
D-FINE-M,2677,14,300,10,7,3,2,4,0,0,1
D-FINE-M,2678,27,300,23,14,9,3,9,0,0,1
D-FINE-M,2679,8,300,7,5,2,0,2,0,0,1
D-FINE-M,2680,5,300,6,5,1,0,0,0,0,0
D-FINE-M,2681,16,300,20,13,7,0,2,0,0,1
D-FINE-M,2682,13,300,17,10,7,1,0,0,0,2
D-FINE-M,2683,15,300,20,12,8,0,2,0,0,1
D-FINE-M,2684,8,300,12,7,5,0,1,0,0,0
D-FINE-M,2685,14,300,15,12,3,0,2,0,0,0
D-FINE-M,2686,18,300,16,13,3,1,4,0,0,0
D-FINE-M,2687,27,300,23,18,5,3,5,0,0,1
D-FINE-M,2688,24,300,22,17,5,1,4,0,0,2
D-FINE-M,2689,34,300,25,20,5,6,6,0,0,2
D-FINE-M,2690,24,300,23,19,4,0,5,0,0,0
D-FINE-M,2691,21,300,19,13,6,1,7,0,0,0
D-FINE-M,2692,21,300,18,17,1,0,4,0,0,0
D-FINE-M,2693,14,300,9,9,0,1,4,0,0,0
D-FINE-M,2694,5,300,6,2,4,1,2,0,0,0
D-FINE-M,2695,17,300,24,16,8,0,1,0,0,0
D-FINE-M,2696,19,300,17,12,5,1,6,0,0,0
D-FINE-M,2697,41,300,26,26,0,4,10,0,0,1
D-FINE-M,2698,21,300,21,18,3,0,2,0,0,1
D-FINE-M,2699,33,300,32,28,4,0,5,0,0,0
D-FINE-M,2700,19,300,16,14,2,0,4,0,0,1
D-FINE-M,2701,32,300,20,18,2,4,8,0,0,2
D-FINE-M,2702,17,300,14,14,0,1,2,0,0,0
D-FINE-M,2703,10,300,12,9,3,0,1,0,0,0
D-FINE-M,2704,14,300,13,11,2,0,2,0,0,1
D-FINE-M,2705,39,300,28,21,7,1,14,1,0,2
D-FINE-M,2706,37,300,36,26,10,2,7,0,0,2
D-FINE-M,2707,23,300,20,18,2,0,4,1,0,0
D-FINE-M,2708,14,300,13,12,1,0,2,0,0,0
D-FINE-M,2709,14,300,17,12,5,0,2,0,0,0
D-FINE-M,2710,29,300,29,23,6,0,6,0,0,0
D-FINE-M,2711,23,300,23,17,6,0,5,0,0,1
D-FINE-M,2712,28,300,26,21,5,0,7,0,0,0
D-FINE-M,2713,28,300,26,23,3,0,3,1,0,1
D-FINE-M,2714,13,300,15,13,2,0,0,0,0,0
D-FINE-M,2715,10,300,11,9,2,0,1,0,0,0
D-FINE-M,2716,9,300,8,6,2,0,3,0,0,0
D-FINE-M,2717,33,300,32,24,8,0,9,0,0,0
D-FINE-M,2718,12,300,12,10,2,0,2,0,0,0
D-FINE-M,2719,30,300,15,14,1,4,11,0,0,1
D-FINE-M,2720,28,300,23,20,3,0,7,0,0,1
D-FINE-M,2721,20,300,20,16,4,0,4,0,0,0
D-FINE-M,2722,9,300,10,5,5,0,3,0,0,1
D-FINE-M,2723,12,300,12,12,0,0,0,0,0,0
D-FINE-M,2724,13,300,11,10,1,1,2,0,0,0
D-FINE-M,2725,7,300,8,7,1,0,0,0,0,0
D-FINE-M,2726,9,300,9,8,1,0,1,0,0,0
D-FINE-M,2727,10,300,8,6,2,0,4,0,0,0
D-FINE-M,2728,17,300,13,10,3,0,5,0,0,2
D-FINE-M,2729,42,300,28,25,3,3,13,0,0,1
D-FINE-M,2730,19,300,16,15,1,0,3,0,0,1
D-FINE-M,2731,12,300,13,9,4,0,3,0,0,0
D-FINE-M,2732,23,300,22,18,4,0,5,0,0,0
D-FINE-M,2733,12,300,10,8,2,2,1,0,0,1
D-FINE-M,2734,6,300,2,2,0,3,1,0,0,0
D-FINE-M,2735,39,300,30,22,8,1,12,0,0,4
D-FINE-M,2736,17,300,16,12,4,0,4,0,0,1
D-FINE-M,2737,9,300,10,8,2,0,1,0,0,0
D-FINE-M,2738,17,300,19,13,6,0,2,0,0,2
D-FINE-M,2739,37,300,28,23,5,2,10,0,0,2
D-FINE-M,2740,26,300,17,16,1,1,8,0,0,1
D-FINE-M,2741,20,300,21,18,3,0,2,0,0,0
D-FINE-M,2742,20,300,14,11,3,0,7,0,0,2
D-FINE-M,2743,8,300,11,7,4,0,1,0,0,0
D-FINE-M,2744,33,300,30,26,4,1,5,0,0,1
D-FINE-M,2745,21,300,20,15,5,1,3,0,0,2
D-FINE-M,2746,35,300,29,24,5,0,10,0,0,1
D-FINE-M,2747,18,300,23,16,7,0,1,0,0,1
D-FINE-M,2748,23,300,22,19,3,1,3,0,0,0
D-FINE-M,2749,18,300,15,14,1,0,4,0,0,0
D-FINE-M,2750,12,300,14,12,2,0,0,0,0,0
D-FINE-M,2751,24,300,25,22,3,0,2,0,0,0
D-FINE-M,2752,23,300,19,15,4,1,5,1,0,1
D-FINE-M,2753,12,300,12,11,1,0,0,0,0,1
D-FINE-M,2754,25,300,23,21,2,0,4,0,0,0
D-FINE-M,2755,23,300,25,18,7,0,3,0,0,2
D-FINE-M,2756,24,300,22,19,3,0,3,1,0,1
D-FINE-M,2757,18,300,17,14,3,0,4,0,0,0
D-FINE-M,2758,8,300,4,4,0,0,4,0,0,0
D-FINE-M,2759,25,300,23,16,7,1,4,0,0,4
D-FINE-M,2760,20,300,23,14,9,3,2,0,0,1
D-FINE-M,2761,23,300,17,13,4,0,9,0,0,1
D-FINE-M,2762,26,300,24,16,8,2,8,0,0,0
D-FINE-M,2763,23,300,27,17,10,1,3,0,0,2
D-FINE-M,2764,25,300,23,17,6,2,6,0,0,0
D-FINE-M,2765,35,300,34,27,7,0,7,0,0,1
D-FINE-M,2766,8,300,8,7,1,0,1,0,0,0
D-FINE-M,2767,10,300,14,8,6,0,2,0,0,0
D-FINE-M,2768,12,300,8,8,0,1,3,0,0,0
D-FINE-M,2769,7,300,8,6,2,0,1,0,0,0
D-FINE-M,2770,18,300,17,14,3,0,4,0,0,0
D-FINE-M,2771,6,300,4,4,0,0,1,0,0,1
D-FINE-M,2772,12,300,11,9,2,0,3,0,0,0
D-FINE-M,2773,13,300,15,13,2,0,0,0,0,0
D-FINE-M,2774,20,300,12,9,3,2,9,0,0,0
D-FINE-M,2775,20,300,19,16,3,1,3,0,0,0
D-FINE-M,2776,34,300,31,24,7,1,8,0,0,1
D-FINE-M,2777,15,300,18,13,5,1,1,0,0,0
D-FINE-M,2778,7,300,7,6,1,0,1,0,0,0
D-FINE-M,2779,33,300,29,20,9,2,6,0,0,5
D-FINE-M,2780,31,300,35,25,10,1,4,0,0,1
D-FINE-M,2781,20,300,20,18,2,1,1,0,0,0
D-FINE-M,2782,21,300,21,19,2,0,2,0,0,0
D-FINE-M,2783,20,300,23,16,7,1,3,0,0,0
D-FINE-M,2784,12,300,12,8,4,2,2,0,0,0
D-FINE-M,2785,28,300,25,24,1,2,2,0,0,0
D-FINE-M,2786,28,300,34,23,11,0,3,0,0,2
D-FINE-M,2787,40,300,35,28,7,1,7,1,0,3
D-FINE-M,2788,23,300,27,19,8,0,3,0,0,1
D-FINE-M,2789,20,300,12,11,1,2,7,0,0,0
D-FINE-M,2790,8,300,10,8,2,0,0,0,0,0
D-FINE-M,2791,19,300,19,16,3,0,3,0,0,0
D-FINE-M,2792,8,300,11,8,3,0,0,0,0,0
D-FINE-M,2793,22,300,19,16,3,0,5,0,0,1
D-FINE-M,2794,19,300,10,9,1,2,7,0,0,1
D-FINE-M,2795,16,300,16,12,4,0,4,0,0,0
D-FINE-M,2796,18,300,16,14,2,2,2,0,0,0
D-FINE-M,2797,10,300,8,7,1,0,3,0,0,0
D-FINE-M,2798,32,300,22,17,5,4,10,0,0,1
D-FINE-M,2799,6,300,7,3,4,0,2,0,0,1
D-FINE-M,2800,10,300,10,8,2,0,2,0,0,0
D-FINE-M,2801,19,300,17,12,5,1,6,0,0,0
D-FINE-M,2802,16,300,11,10,1,1,5,0,0,0
D-FINE-M,2803,25,300,21,15,6,0,8,0,0,2
D-FINE-M,2804,10,300,12,9,3,1,0,0,0,0
D-FINE-M,2805,5,300,4,4,0,0,1,0,0,0
D-FINE-M,2806,19,300,13,10,3,0,9,0,0,0
D-FINE-M,2807,13,300,11,10,1,0,3,0,0,0
D-FINE-M,2808,20,300,17,15,2,0,5,0,0,0
D-FINE-M,2809,22,300,18,15,3,1,4,1,0,1
D-FINE-M,2810,37,300,30,28,2,0,9,0,0,0
D-FINE-M,2811,22,300,25,21,4,0,1,0,0,0
D-FINE-M,2812,22,300,17,16,1,1,4,0,0,1
D-FINE-M,2813,4,300,4,3,1,0,1,0,0,0
D-FINE-M,2814,26,300,19,15,4,4,7,0,0,0
D-FINE-M,2815,32,300,28,25,3,0,5,0,0,2
D-FINE-M,2816,22,300,21,17,4,0,4,0,0,1
D-FINE-M,2817,26,300,22,20,2,1,5,0,0,0
D-FINE-M,2818,9,300,12,9,3,0,0,0,0,0
D-FINE-M,2819,17,300,8,7,1,4,4,0,0,2
D-FINE-M,2820,4,300,3,2,1,1,1,0,0,0
D-FINE-M,2821,17,300,18,14,4,0,2,0,0,1
D-FINE-M,2822,11,300,12,6,6,1,2,0,0,2
D-FINE-M,2823,14,300,9,9,0,2,3,0,0,0
D-FINE-M,2824,6,300,7,5,2,0,1,0,0,0
D-FINE-M,2825,22,300,20,17,3,1,2,0,0,2
D-FINE-M,2826,7,300,5,4,1,1,2,0,0,0
D-FINE-M,2827,11,300,7,7,0,0,4,0,0,0
D-FINE-M,2828,21,300,21,20,1,0,1,0,0,0
D-FINE-M,2829,12,300,12,10,2,0,0,0,0,2
D-FINE-M,2830,11,300,6,5,1,3,3,0,0,0
D-FINE-M,2831,9,300,11,9,2,0,0,0,0,0
D-FINE-M,2832,41,300,30,25,5,4,12,0,0,0
D-FINE-M,2833,16,300,12,9,3,0,6,0,0,1
D-FINE-M,2834,5,300,5,4,1,0,1,0,0,0
D-FINE-M,2835,9,300,9,6,3,0,3,0,0,0
D-FINE-M,2836,10,300,10,9,1,0,1,0,0,0
D-FINE-M,2837,4,300,4,4,0,0,0,0,0,0
D-FINE-M,2838,13,300,13,10,3,0,3,0,0,0
D-FINE-M,2839,14,300,13,13,0,0,1,0,0,0
D-FINE-M,2840,43,300,27,23,4,4,14,0,0,2
D-FINE-M,2841,26,300,18,12,6,0,9,1,0,4
D-FINE-M,2842,18,300,25,17,8,0,1,0,0,0
D-FINE-M,2843,16,300,16,13,3,0,3,0,0,0
D-FINE-M,2844,5,300,5,5,0,0,0,0,0,0
D-FINE-M,2845,20,300,27,16,11,0,3,0,0,1
D-FINE-M,2846,27,300,28,24,4,1,2,0,0,0
D-FINE-M,2847,12,300,12,10,2,0,2,0,0,0
D-FINE-M,2848,12,300,15,12,3,0,0,0,0,0
D-FINE-M,2849,17,300,12,10,2,3,3,0,0,1
D-FINE-M,2850,28,300,21,19,2,2,5,1,0,1
D-FINE-M,2851,28,300,25,18,7,0,6,0,0,4
D-FINE-M,2852,8,300,7,6,1,0,2,0,0,0
D-FINE-M,2853,15,300,14,12,2,0,2,0,0,1
D-FINE-M,2854,12,300,17,10,7,0,2,0,0,0
D-FINE-M,2855,9,300,9,8,1,0,1,0,0,0
D-FINE-M,2856,25,300,22,16,6,0,8,0,0,1
D-FINE-M,2857,8,300,7,7,0,0,1,0,0,0
D-FINE-M,2858,5,300,6,3,3,0,2,0,0,0
D-FINE-M,2859,6,300,5,4,1,0,1,0,0,1
D-FINE-M,2860,34,300,27,19,8,5,8,1,0,1
D-FINE-M,2861,20,300,21,17,4,0,3,0,0,0
D-FINE-M,2862,11,300,12,9,3,0,2,0,0,0
D-FINE-M,2863,36,300,36,32,4,0,4,0,0,0
D-FINE-M,2864,22,300,15,13,2,5,3,0,0,1
D-FINE-M,2865,19,300,13,12,1,0,7,0,0,0
D-FINE-M,2866,18,300,21,15,6,0,2,0,0,1
D-FINE-M,2867,11,300,11,10,1,0,1,0,0,0
D-FINE-M,2868,17,300,20,14,6,0,3,0,0,0
D-FINE-M,2869,25,300,20,14,6,1,10,0,0,0
D-FINE-M,2870,42,300,31,29,2,6,7,0,0,0
D-FINE-M,2871,27,300,28,23,5,0,4,0,0,0
D-FINE-M,2872,26,300,27,17,10,0,6,1,0,2
D-FINE-M,2873,26,300,20,15,5,1,9,0,0,1
D-FINE-M,2874,26,300,22,16,6,0,9,0,0,1
D-FINE-M,2875,21,300,19,14,5,3,4,0,0,0
D-FINE-M,2876,29,300,24,22,2,1,5,1,0,0
D-FINE-M,2877,33,300,31,26,5,0,7,0,0,0
D-FINE-M,2878,30,300,28,24,4,0,6,0,0,0
D-FINE-M,2879,13,300,11,9,2,0,3,0,0,1
D-FINE-M,2880,12,300,10,9,1,0,3,0,0,0
D-FINE-M,2881,10,300,14,10,4,0,0,0,0,0
D-FINE-M,2882,6,300,8,4,4,1,1,0,0,0
D-FINE-M,2883,15,300,15,12,3,0,2,0,0,1
D-FINE-M,2884,21,300,16,14,2,1,6,0,0,0
D-FINE-M,2885,31,300,32,22,10,0,8,0,0,1
D-FINE-M,2886,4,300,3,3,0,0,1,0,0,0
D-FINE-M,2887,5,300,2,2,0,0,3,0,0,0
D-FINE-M,2888,11,300,13,11,2,0,0,0,0,0
D-FINE-M,2889,14,300,11,7,4,1,5,0,0,1
D-FINE-M,2890,19,300,19,16,3,0,3,0,0,0
D-FINE-M,2891,18,300,17,15,2,0,3,0,0,0
D-FINE-M,2892,37,300,29,23,6,2,12,0,0,0
D-FINE-M,2893,9,300,13,9,4,0,0,0,0,0
D-FINE-M,2894,17,300,14,13,1,1,3,0,0,0
D-FINE-M,2895,12,300,14,12,2,0,0,0,0,0
D-FINE-M,2896,20,300,15,15,0,2,3,0,0,0
D-FINE-M,2897,33,300,27,26,1,3,4,0,0,0
D-FINE-M,2898,31,300,27,24,3,0,7,0,0,0
D-FINE-M,2899,11,300,8,8,0,0,3,0,0,0
D-FINE-M,2900,10,300,9,8,1,0,2,0,0,0
D-FINE-M,2901,5,300,3,3,0,0,2,0,0,0
D-FINE-M,2902,8,300,4,3,1,0,4,0,0,1
D-FINE-M,2903,9,300,5,3,2,2,4,0,0,0
D-FINE-M,2904,23,300,15,14,1,1,7,0,0,1
D-FINE-M,2905,25,300,26,21,5,0,3,0,0,1
D-FINE-M,2906,11,300,12,9,3,0,2,0,0,0
D-FINE-M,2907,30,300,17,13,4,1,12,0,1,3
D-FINE-M,2908,28,300,22,19,3,1,5,2,0,1
D-FINE-M,2909,25,300,12,10,2,1,10,2,0,2
D-FINE-M,2910,15,300,13,11,2,1,3,0,0,0
D-FINE-M,2911,14,300,15,10,5,0,4,0,0,0
D-FINE-M,2912,14,300,16,11,5,0,2,0,0,1
D-FINE-M,2913,11,300,13,9,4,0,2,0,0,0
D-FINE-M,2914,7,300,7,6,1,0,0,0,0,1
D-FINE-M,2915,25,300,13,8,5,3,11,0,0,3
D-FINE-M,2916,24,300,17,15,2,1,6,0,0,2
D-FINE-M,2917,21,300,19,18,1,1,2,0,0,0
D-FINE-M,2918,7,300,6,6,0,0,1,0,0,0
D-FINE-M,2919,19,300,17,12,5,1,5,0,0,1
D-FINE-M,2920,16,300,15,14,1,0,2,0,0,0
D-FINE-M,2921,27,300,23,14,9,2,10,0,0,1
D-FINE-M,2922,17,300,14,10,4,1,5,0,0,1
D-FINE-M,2923,38,300,26,22,4,2,12,0,0,2
D-FINE-M,2924,6,300,5,4,1,0,2,0,0,0
D-FINE-M,2925,14,300,13,9,4,0,5,0,0,0
D-FINE-M,2926,31,300,32,26,6,0,4,0,0,1
D-FINE-M,2927,15,300,19,13,6,0,2,0,0,0
D-FINE-M,2928,27,300,32,22,10,0,5,0,0,0
D-FINE-M,2929,8,300,6,4,2,1,3,0,0,0
D-FINE-M,2930,11,300,14,8,6,0,0,0,0,3
D-FINE-M,2931,8,300,7,5,2,0,3,0,0,0
D-FINE-M,2932,19,300,12,9,3,0,9,0,0,1
D-FINE-M,2933,21,300,16,15,1,0,6,0,0,0
D-FINE-M,2934,22,300,18,14,4,2,5,0,0,1
D-FINE-M,2935,8,300,8,7,1,0,1,0,0,0
D-FINE-M,2936,15,300,13,12,1,0,2,0,0,1
D-FINE-M,2937,23,300,15,15,0,0,8,0,0,0
D-FINE-M,2938,27,300,25,20,5,1,5,0,0,1
D-FINE-M,2939,5,300,5,5,0,0,0,0,0,0
D-FINE-M,2940,16,300,15,12,3,1,2,0,0,1
D-FINE-M,2941,4,300,4,4,0,0,0,0,0,0
D-FINE-M,2942,26,300,24,21,3,1,4,0,0,0
D-FINE-M,2943,25,300,26,22,4,0,0,1,0,2
D-FINE-M,2944,20,300,19,15,4,1,4,0,0,0
D-FINE-M,2945,24,300,22,13,9,1,5,0,0,5
D-FINE-M,2946,11,300,13,10,3,0,1,0,0,0
D-FINE-M,2947,33,300,29,21,8,3,7,0,0,2
D-FINE-M,2948,7,300,7,5,2,0,1,0,0,1
D-FINE-M,2949,7,300,6,3,3,0,4,0,0,0
D-FINE-M,2950,8,300,7,7,0,0,1,0,0,0
D-FINE-M,2951,48,300,27,21,6,4,19,0,0,4
D-FINE-M,2952,42,300,38,27,11,1,12,0,0,2
D-FINE-M,2953,33,300,30,25,5,2,6,0,0,0
D-FINE-M,2954,12,300,8,6,2,2,3,0,0,1
D-FINE-M,2955,22,300,29,19,10,1,2,0,0,0
D-FINE-M,2956,14,300,12,11,1,0,1,0,0,2
D-FINE-M,2957,15,300,19,13,6,0,1,0,0,1
D-FINE-M,2958,32,300,28,25,3,0,6,0,0,1
D-FINE-M,2959,17,300,19,13,6,0,4,0,0,0
D-FINE-M,2960,7,300,6,5,1,1,1,0,0,0
D-FINE-M,2961,26,300,29,22,7,1,3,0,0,0
D-FINE-M,2962,8,300,7,7,0,0,1,0,0,0
D-FINE-M,2963,23,300,18,18,0,0,5,0,0,0
D-FINE-M,2964,13,300,9,9,0,0,4,0,0,0
D-FINE-M,2965,26,300,25,17,8,0,8,0,0,1
D-FINE-M,2966,8,300,5,4,1,0,2,0,0,2
D-FINE-M,2967,38,300,21,17,4,8,12,0,0,1
D-FINE-M,2968,16,300,16,12,4,0,2,1,0,1
D-FINE-M,2969,11,300,11,8,3,0,3,0,0,0
D-FINE-M,2970,11,300,7,7,0,0,4,0,0,0
D-FINE-M,2971,8,300,8,7,1,1,0,0,0,0
D-FINE-M,2972,19,300,19,14,5,0,4,1,0,0
D-FINE-M,2973,12,300,15,11,4,0,1,0,0,0
D-FINE-M,2974,15,300,10,9,1,0,4,0,0,2
D-FINE-M,2975,24,300,22,17,5,1,4,0,0,2
D-FINE-M,2976,24,300,25,17,8,1,6,0,0,0
D-FINE-M,2977,28,300,25,20,5,0,8,0,0,0
D-FINE-M,2978,36,300,35,27,8,1,5,0,0,3
D-FINE-M,2979,4,300,6,2,4,0,2,0,0,0
D-FINE-M,2980,18,300,15,9,6,0,8,0,0,1
D-FINE-M,2981,21,300,23,15,8,0,3,0,0,3
D-FINE-M,2982,21,300,20,14,6,1,3,0,0,3
D-FINE-M,2983,16,300,14,11,3,1,1,1,0,2
D-FINE-M,2984,10,300,12,9,3,0,1,0,0,0
D-FINE-M,2985,4,300,8,3,5,0,1,0,0,0
D-FINE-M,2986,39,300,29,24,5,2,13,0,0,0
D-FINE-M,2987,41,300,28,25,3,7,9,0,0,0
D-FINE-M,2988,21,300,17,12,5,1,7,0,0,1
D-FINE-M,2989,25,300,26,19,7,2,2,0,0,2
D-FINE-M,2990,9,300,9,7,2,0,1,0,0,1
D-FINE-M,2991,8,300,8,6,2,0,2,0,0,0
D-FINE-M,2992,16,300,11,9,2,2,5,0,0,0
D-FINE-M,2993,14,300,6,5,1,0,9,0,0,0
D-FINE-M,2994,19,300,16,14,2,1,4,0,0,0
D-FINE-M,2995,9,300,8,6,2,0,3,0,0,0
D-FINE-M,2996,40,300,29,25,4,1,12,0,0,2
D-FINE-M,2997,22,300,17,16,1,0,4,1,0,1
D-FINE-M,2998,7,300,7,4,3,0,3,0,0,0
D-FINE-M,2999,13,300,16,12,4,0,0,0,0,1
D-FINE-M,3000,22,300,24,17,7,0,4,0,0,1
D-FINE-M,3001,26,300,25,20,5,0,5,0,0,1
D-FINE-M,3002,9,300,11,8,3,0,1,0,0,0
D-FINE-M,3003,11,300,11,8,3,0,3,0,0,0
D-FINE-M,3004,17,300,13,12,1,1,3,0,0,1
D-FINE-M,3005,32,300,31,25,6,0,7,0,0,0
D-FINE-M,3006,28,300,31,23,8,0,5,0,0,0
D-FINE-M,3007,18,300,13,11,2,3,4,0,0,0
D-FINE-M,3008,9,300,4,2,2,2,3,0,0,2
D-FINE-M,3009,19,300,18,14,4,0,4,0,0,1
D-FINE-M,3010,19,300,16,14,2,1,4,0,0,0
D-FINE-M,3011,20,300,17,12,5,0,6,0,0,2
D-FINE-M,3012,33,300,34,28,6,1,4,0,0,0
D-FINE-M,3013,23,300,16,14,2,1,7,0,1,0
D-FINE-M,3014,14,300,9,7,2,0,5,0,0,2
D-FINE-M,3015,27,300,22,19,3,2,6,0,0,0
D-FINE-M,3016,13,300,15,12,3,1,0,0,0,0
D-FINE-M,3017,10,300,9,8,1,0,2,0,0,0
D-FINE-M,3018,11,300,19,10,9,0,1,0,0,0
D-FINE-M,3019,11,300,5,3,2,1,7,0,0,0
D-FINE-M,3020,18,300,16,16,0,0,2,0,0,0
D-FINE-M,3021,22,300,23,17,6,2,3,0,0,0
D-FINE-M,3022,23,300,24,16,8,1,4,0,0,2
D-FINE-M,3023,39,300,22,18,4,6,14,0,0,1
D-FINE-M,3024,13,300,10,7,3,1,5,0,0,0
D-FINE-M,3025,21,300,15,12,3,1,8,0,0,0
D-FINE-M,3026,12,300,14,7,7,2,3,0,0,0
D-FINE-M,3027,12,300,9,5,4,0,7,0,0,0
D-FINE-M,3028,34,300,29,23,6,1,7,0,0,3
D-FINE-M,3029,14,300,14,13,1,0,1,0,0,0
D-FINE-M,3030,14,300,15,9,6,0,3,0,0,2
D-FINE-M,3031,28,300,34,21,13,0,7,0,0,0
D-FINE-M,3032,27,300,14,13,1,1,13,0,0,0
D-FINE-M,3033,18,300,17,14,3,0,3,0,0,1
D-FINE-M,3034,25,300,21,17,4,0,7,0,0,1
D-FINE-M,3035,18,300,12,12,0,2,4,0,0,0
D-FINE-M,3036,15,300,17,14,3,0,1,0,0,0
D-FINE-M,3037,14,300,12,8,4,0,6,0,0,0
D-FINE-M,3038,8,300,17,8,9,0,0,0,0,0
D-FINE-M,3039,8,300,11,6,5,0,1,0,0,1
D-FINE-M,3040,18,300,18,13,5,0,3,0,0,2
D-FINE-M,3041,6,300,6,6,0,0,0,0,0,0
D-FINE-M,3042,10,300,9,7,2,1,1,1,0,0
D-FINE-M,3043,8,300,8,7,1,0,1,0,0,0
D-FINE-M,3044,7,300,8,7,1,0,0,0,0,0
D-FINE-M,3045,20,300,23,16,7,0,1,1,0,2
D-FINE-M,3046,9,300,6,5,1,0,4,0,0,0
D-FINE-M,3047,26,300,25,20,5,0,5,0,0,1
D-FINE-M,3048,13,300,17,12,5,0,1,0,0,0
D-FINE-M,3049,17,300,14,13,1,2,1,0,0,1
D-FINE-M,3050,4,300,5,4,1,0,0,0,0,0
D-FINE-M,3051,11,300,11,7,4,0,4,0,0,0
D-FINE-M,3052,47,300,32,29,3,5,13,0,0,0
D-FINE-M,3053,15,300,16,13,3,0,2,0,0,0
D-FINE-M,3054,10,300,11,9,2,0,0,0,0,1
D-FINE-M,3055,23,300,21,19,2,0,3,0,1,0
D-FINE-M,3056,21,300,18,18,0,0,3,0,0,0
D-FINE-M,3057,18,300,20,15,5,0,2,0,0,1
D-FINE-M,3058,12,300,11,11,0,0,1,0,0,0
D-FINE-M,3059,10,300,10,9,1,0,1,0,0,0
D-FINE-M,3060,8,300,8,7,1,0,1,0,0,0
D-FINE-M,3061,23,300,31,20,11,0,1,0,0,2
D-FINE-M,3062,20,300,24,14,10,1,5,0,0,0
D-FINE-M,3063,17,300,16,14,2,0,2,0,0,1
D-FINE-M,3064,11,300,11,10,1,0,1,0,0,0
D-FINE-M,3065,14,300,13,9,4,0,4,0,0,1
D-FINE-M,3066,32,300,25,20,5,1,7,0,0,4
D-FINE-M,3067,10,300,8,8,0,0,2,0,0,0
D-FINE-M,3068,15,300,19,15,4,0,0,0,0,0
D-FINE-M,3069,24,300,20,17,3,2,4,0,0,1
D-FINE-M,3070,36,300,21,18,3,6,10,0,0,2
D-FINE-M,3071,13,300,16,11,5,0,1,0,0,1
D-FINE-M,3072,10,300,12,9,3,0,1,0,0,0
D-FINE-M,3073,12,300,10,7,3,0,4,0,0,1
D-FINE-M,3074,16,300,16,12,4,0,2,0,0,2
D-FINE-M,3075,27,300,23,16,7,5,5,0,0,1
D-FINE-M,3076,13,300,13,13,0,0,0,0,0,0
D-FINE-M,3077,13,300,13,10,3,0,3,0,0,0
D-FINE-M,3078,14,300,11,9,2,1,4,0,0,0
D-FINE-M,3079,23,300,19,16,3,0,7,0,0,0
D-FINE-M,3080,23,300,19,19,0,0,4,0,0,0
D-FINE-M,3081,10,300,11,9,2,0,1,0,0,0
D-FINE-M,3082,27,300,15,13,2,8,4,0,0,2
D-FINE-M,3083,26,300,22,20,2,0,6,0,0,0
D-FINE-M,3084,14,300,11,9,2,0,5,0,0,0
D-FINE-M,3085,13,300,12,10,2,1,1,0,0,1
D-FINE-M,3086,10,300,10,7,3,0,3,0,0,0
D-FINE-M,3087,9,300,11,8,3,0,1,0,0,0
D-FINE-M,3088,12,300,10,10,0,0,2,0,0,0
D-FINE-M,3089,18,300,17,12,5,1,4,0,0,1
D-FINE-M,3090,6,300,6,6,0,0,0,0,0,0
D-FINE-M,3091,14,300,17,12,5,0,1,0,0,1
D-FINE-M,3092,24,300,25,21,4,0,3,0,0,0
D-FINE-M,3093,21,300,18,17,1,1,3,0,0,0
D-FINE-M,3094,18,300,9,7,2,3,7,0,0,1
D-FINE-M,3095,23,300,21,20,1,0,3,0,0,0
D-FINE-M,3096,15,300,12,11,1,0,4,0,0,0
D-FINE-M,3097,14,300,14,11,3,0,2,0,0,1
D-FINE-M,3098,7,300,6,6,0,0,1,0,0,0
D-FINE-M,3099,27,300,26,22,4,0,4,0,0,1
D-FINE-M,3100,5,300,8,2,6,0,3,0,0,0
D-FINE-M,3101,24,300,26,19,7,2,2,0,0,1
D-FINE-M,3102,18,300,14,10,4,0,8,0,0,0
D-FINE-M,3103,16,300,11,9,2,0,6,0,0,1
D-FINE-M,3104,12,300,10,10,0,0,2,0,0,0
D-FINE-M,3105,30,300,21,10,11,5,5,0,0,10
D-FINE-M,3106,32,300,21,15,6,6,8,0,0,3
D-FINE-M,3107,45,300,42,29,13,4,6,0,3,3
D-FINE-M,3108,16,300,14,11,3,1,4,0,0,0
D-FINE-M,3109,4,300,4,3,1,0,1,0,0,0
D-FINE-M,3110,12,300,12,11,1,0,1,0,0,0
D-FINE-M,3111,6,300,6,6,0,0,0,0,0,0
D-FINE-M,3112,17,300,16,13,3,1,2,1,0,0
D-FINE-M,3113,27,300,25,21,4,2,3,0,0,1
D-FINE-M,3114,21,300,17,15,2,0,6,0,0,0
D-FINE-M,3115,25,300,24,19,5,0,4,0,0,2
D-FINE-M,3116,36,300,35,25,10,1,9,0,0,1
D-FINE-M,3117,25,300,22,20,2,0,4,0,0,1
D-FINE-M,3118,7,300,7,7,0,0,0,0,0,0
D-FINE-M,3119,8,300,10,8,2,0,0,0,0,0
D-FINE-M,3120,21,300,17,15,2,0,6,0,0,0
D-FINE-M,3121,32,300,25,22,3,0,10,0,0,0
D-FINE-M,3122,25,300,24,20,4,0,5,0,0,0
D-FINE-M,3123,21,300,16,13,3,2,4,0,0,2
D-FINE-M,3124,7,300,8,5,3,1,1,0,0,0
D-FINE-M,3125,7,300,5,5,0,0,2,0,0,0
D-FINE-M,3126,20,300,19,14,5,0,3,0,0,3
D-FINE-M,3127,14,300,11,8,3,1,5,0,0,0
D-FINE-M,3128,7,300,7,7,0,0,0,0,0,0
D-FINE-M,3129,12,300,15,12,3,0,0,0,0,0
D-FINE-M,3130,26,300,24,20,4,0,5,0,0,1
D-FINE-M,3131,22,300,20,16,4,0,5,0,0,1
D-FINE-M,3132,8,300,7,7,0,0,1,0,0,0
D-FINE-M,3133,11,300,10,9,1,0,2,0,0,0
D-FINE-M,3134,12,300,16,12,4,0,0,0,0,0
D-FINE-M,3135,6,300,5,4,1,0,2,0,0,0
D-FINE-M,3136,16,300,15,11,4,0,4,0,0,1
D-FINE-M,3137,14,300,15,13,2,0,1,0,0,0
D-FINE-M,3138,22,300,21,16,5,1,5,0,0,0
D-FINE-M,3139,23,300,22,18,4,1,4,0,0,0
D-FINE-M,3140,17,300,20,14,6,0,3,0,0,0
D-FINE-M,3141,12,300,10,9,1,1,2,0,0,0
D-FINE-M,3142,15,300,12,8,4,0,7,0,0,0
D-FINE-M,3143,21,300,20,18,2,0,3,0,0,0
D-FINE-M,3144,32,300,30,27,3,0,4,0,0,1
D-FINE-M,3145,20,300,18,13,5,0,7,0,0,0
D-FINE-M,3146,20,300,23,14,9,0,4,0,0,2
D-FINE-M,3147,26,300,25,22,3,0,3,0,0,1
D-FINE-M,3148,21,300,18,16,2,1,4,0,0,0
D-FINE-M,3149,29,300,23,22,1,0,7,0,0,0
D-FINE-M,3150,29,300,24,19,5,2,7,0,0,1
D-FINE-M,3151,21,300,18,17,1,0,4,0,0,0
D-FINE-M,3152,29,300,30,19,11,2,4,0,0,4
D-FINE-M,3153,33,300,28,21,7,0,12,0,0,0
D-FINE-M,3154,25,300,31,21,10,0,2,0,0,2
D-FINE-M,3155,15,300,12,10,2,0,4,0,0,1
D-FINE-M,3156,16,300,19,13,6,0,3,0,0,0
D-FINE-M,3157,4,300,3,3,0,0,1,0,0,0
D-FINE-M,3158,33,300,23,16,7,0,14,0,0,3
D-FINE-M,3159,24,300,19,15,4,4,4,0,0,1
D-FINE-M,3160,13,300,9,9,0,4,0,0,0,0
D-FINE-M,3161,29,300,22,15,7,3,8,0,0,3
D-FINE-M,3162,15,300,10,9,1,0,6,0,0,0
D-FINE-M,3163,28,300,21,16,5,1,11,0,0,0
D-FINE-M,3164,16,300,16,14,2,0,2,0,0,0
D-FINE-M,3165,10,300,12,9,3,0,0,0,0,1
D-FINE-M,3166,21,300,20,15,5,0,4,0,0,2
D-FINE-M,3167,30,300,26,21,5,2,6,0,0,1
D-FINE-M,3168,15,300,15,14,1,0,1,0,0,0
D-FINE-M,3169,28,300,29,25,4,0,3,0,0,0
D-FINE-M,3170,14,300,14,12,2,0,2,0,0,0
D-FINE-M,3171,32,300,32,24,8,0,5,0,0,3
D-FINE-M,3172,24,300,25,21,4,0,3,0,0,0
D-FINE-M,3173,11,300,10,8,2,0,2,0,0,1
D-FINE-M,3174,23,300,21,14,7,0,4,0,0,5
D-FINE-M,3175,42,300,28,27,1,1,14,0,0,0
D-FINE-M,3176,15,300,14,14,0,0,1,0,0,0
D-FINE-M,3177,16,300,17,12,5,0,2,0,0,2
D-FINE-M,3178,16,300,18,15,3,0,1,0,0,0
D-FINE-M,3179,33,300,34,27,7,1,4,1,0,0
D-FINE-M,3180,26,300,25,15,10,1,7,0,0,3
D-FINE-M,3181,46,300,33,24,9,2,15,0,0,5
D-FINE-M,3182,41,300,32,28,4,6,7,0,0,0
D-FINE-M,3183,11,300,11,10,1,0,1,0,0,0
D-FINE-M,3184,31,300,18,11,7,4,13,0,1,2
D-FINE-M,3185,17,300,18,16,2,0,0,1,0,0
D-FINE-M,3186,27,300,25,22,3,0,4,1,0,0
D-FINE-M,3187,12,300,11,9,2,0,2,0,0,1
D-FINE-M,3188,14,300,15,13,2,0,1,0,0,0
D-FINE-M,3189,15,300,21,10,11,2,2,0,0,1
D-FINE-M,3190,14,300,8,5,3,0,8,0,0,1
D-FINE-M,3191,31,300,20,17,3,3,8,0,0,3
D-FINE-M,3192,14,300,9,9,0,0,5,0,0,0
D-FINE-M,3193,14,300,17,11,6,0,2,0,0,1
D-FINE-M,3194,7,300,7,5,2,2,0,0,0,0
D-FINE-M,3195,11,300,10,10,0,0,1,0,0,0
D-FINE-M,3196,6,300,7,5,2,0,0,0,0,1
D-FINE-M,3197,44,300,21,20,1,7,16,0,0,1
D-FINE-M,3198,16,300,19,15,4,0,0,0,0,1
D-FINE-M,3199,20,300,23,16,7,0,3,0,0,1
D-FINE-M,3200,16,300,23,14,9,0,2,0,0,0
D-FINE-M,3201,10,300,13,9,4,0,1,0,0,0
D-FINE-M,3202,11,300,12,8,4,0,2,0,0,1
D-FINE-M,3203,22,300,17,16,1,0,5,0,0,1
D-FINE-M,3204,8,300,10,5,5,1,2,0,0,0
D-FINE-M,3205,24,300,24,17,7,1,5,0,0,1
D-FINE-M,3206,23,300,22,17,5,1,2,1,0,2
D-FINE-M,3207,10,300,10,8,2,1,1,0,0,0
D-FINE-M,3208,19,300,14,14,0,1,4,0,0,0
D-FINE-M,3209,28,300,27,21,6,2,3,1,0,1
D-FINE-M,3210,5,300,6,4,2,0,0,0,0,1
D-FINE-M,3211,37,300,33,25,8,2,6,0,0,4
D-FINE-M,3212,20,300,18,16,2,1,2,0,0,1
D-FINE-M,3213,12,300,12,8,4,0,4,0,0,0
D-FINE-M,3214,23,300,25,20,5,1,1,0,0,1
D-FINE-M,3215,8,300,6,4,2,0,4,0,0,0
D-FINE-M,3216,9,300,9,8,1,0,0,0,0,1
D-FINE-M,3217,24,300,19,17,2,1,4,2,0,0
D-FINE-M,3218,25,300,25,21,4,0,2,0,0,2
D-FINE-M,3219,19,300,20,18,2,0,1,0,0,0
D-FINE-M,3220,11,300,10,10,0,0,1,0,0,0
D-FINE-M,3221,4,300,3,2,1,0,2,0,0,0
D-FINE-M,3222,21,300,20,15,5,1,2,0,0,3
D-FINE-M,3223,14,300,9,8,1,0,6,0,0,0
D-FINE-M,3224,21,300,18,17,1,0,4,0,0,0
D-FINE-M,3225,25,300,17,15,2,0,9,0,0,1
D-FINE-M,3226,19,300,17,17,0,0,2,0,0,0
D-FINE-M,3227,4,300,3,1,2,0,3,0,0,0
D-FINE-M,3228,45,300,36,26,10,1,14,0,0,4
D-FINE-M,3229,25,300,22,18,4,2,2,1,0,2
D-FINE-M,3230,16,300,15,13,2,1,2,0,0,0
D-FINE-M,3231,19,300,18,16,2,0,2,0,0,1
D-FINE-M,3232,18,300,19,13,6,0,3,0,0,2
D-FINE-M,3233,25,300,17,12,5,3,9,0,0,1
D-FINE-M,3234,18,300,17,14,3,1,2,0,0,1
D-FINE-M,3235,60,300,50,33,17,5,13,0,9,0
D-FINE-M,3236,35,300,22,18,4,3,10,0,0,4
D-FINE-M,3237,22,300,24,18,6,0,4,0,0,0
D-FINE-M,3238,6,300,5,4,1,0,2,0,0,0
D-FINE-M,3239,7,300,6,4,2,0,3,0,0,0
D-FINE-M,3240,11,300,12,8,4,0,2,0,0,1
D-FINE-M,3241,43,300,41,26,15,6,8,0,1,2
D-FINE-M,3242,37,300,33,26,7,1,8,0,0,2
D-FINE-M,3243,28,300,33,26,7,0,2,0,0,0
D-FINE-M,3244,16,300,12,12,0,2,2,0,0,0
D-FINE-M,3245,19,300,16,14,2,0,5,0,0,0
D-FINE-M,3246,6,300,9,4,5,0,1,0,0,1
D-FINE-M,3247,20,300,18,16,2,1,3,0,0,0
D-FINE-M,3248,14,300,11,9,2,0,4,0,0,1
D-FINE-M,3249,11,300,13,10,3,0,1,0,0,0
D-FINE-M,3250,16,300,19,14,5,1,0,0,0,1
D-FINE-M,3251,14,300,11,10,1,0,2,0,0,2
D-FINE-M,3252,12,300,12,11,1,0,1,0,0,0
D-FINE-M,3253,26,300,29,22,7,2,0,1,0,1
D-FINE-M,3254,12,300,16,9,7,1,2,0,0,0
D-FINE-M,3255,18,300,19,13,6,0,3,0,0,2
D-FINE-M,3256,22,300,24,17,7,0,4,0,0,1
D-FINE-M,3257,12,300,12,12,0,0,0,0,0,0
D-FINE-M,3258,7,300,5,5,0,0,2,0,0,0
D-FINE-M,3259,13,300,10,9,1,0,2,0,0,2
D-FINE-M,3260,8,300,12,8,4,0,0,0,0,0
D-FINE-M,3261,13,300,12,10,2,0,3,0,0,0
D-FINE-M,3262,18,300,9,8,1,0,10,0,0,0
D-FINE-M,3263,16,300,14,12,2,0,4,0,0,0
D-FINE-M,3264,27,300,15,14,1,9,3,1,0,0
D-FINE-M,3265,9,300,13,9,4,0,0,0,0,0
D-FINE-M,3266,10,300,11,10,1,0,0,0,0,0
D-FINE-M,3267,50,300,38,31,7,5,12,0,0,2
D-FINE-M,3268,8,300,9,7,2,0,1,0,0,0
D-FINE-M,3269,6,300,6,6,0,0,0,0,0,0
D-FINE-M,3270,41,300,36,29,7,3,6,0,0,3
D-FINE-M,3271,13,300,9,8,1,1,3,0,0,1
D-FINE-M,3272,9,300,8,6,2,1,2,0,0,0
D-FINE-M,3273,26,300,20,15,5,0,9,0,0,2
D-FINE-M,3274,17,300,14,11,3,1,4,0,1,0
D-FINE-M,3275,12,300,8,8,0,0,2,1,0,1
D-FINE-M,3276,17,300,15,14,1,0,2,0,0,1
D-FINE-M,3277,18,300,16,13,3,0,4,0,0,1
D-FINE-M,3278,9,300,8,7,1,0,2,0,0,0
D-FINE-M,3279,19,300,17,13,4,0,6,0,0,0
D-FINE-M,3280,15,300,18,11,7,0,3,0,0,1
D-FINE-M,3281,9,300,8,7,1,0,2,0,0,0
D-FINE-M,3282,31,300,33,24,9,0,5,1,0,1
D-FINE-M,3283,7,300,6,5,1,0,2,0,0,0
D-FINE-M,3284,21,300,12,11,1,0,10,0,0,0
D-FINE-M,3285,14,300,16,12,4,1,1,0,0,0
D-FINE-M,3286,21,300,14,13,1,3,4,0,0,1
D-FINE-M,3287,12,300,13,12,1,0,0,0,0,0
D-FINE-M,3288,10,300,8,8,0,0,2,0,0,0
D-FINE-M,3289,31,300,29,22,7,3,6,0,0,0
D-FINE-M,3290,34,300,24,20,4,1,11,0,0,2
D-FINE-M,3291,11,300,11,9,2,1,1,0,0,0
D-FINE-M,3292,6,300,6,5,1,1,0,0,0,0
D-FINE-M,3293,20,300,16,16,0,1,3,0,0,0
D-FINE-M,3294,16,300,13,11,2,0,5,0,0,0
D-FINE-M,3295,10,300,10,10,0,0,0,0,0,0
D-FINE-M,3296,7,300,12,5,7,0,2,0,0,0
D-FINE-M,3297,26,300,19,14,5,6,6,0,0,0
D-FINE-M,3298,29,300,21,20,1,2,7,0,0,0
D-FINE-M,3299,25,300,26,24,2,0,1,0,0,0
D-FINE-M,3300,17,300,14,12,2,1,4,0,0,0
D-FINE-M,3301,28,300,26,24,2,1,3,0,0,0
D-FINE-M,3302,15,300,11,10,1,0,5,0,0,0
D-FINE-M,3303,12,300,11,11,0,0,1,0,0,0
D-FINE-M,3304,8,300,10,7,3,0,1,0,0,0
D-FINE-M,3305,33,300,29,21,8,0,11,0,0,1
D-FINE-M,3306,10,300,6,6,0,1,3,0,0,0
D-FINE-M,3307,41,300,27,23,4,2,14,0,0,2
D-FINE-M,3308,18,300,13,13,0,2,3,0,0,0
D-FINE-M,3309,10,300,6,5,1,1,2,0,0,2
D-FINE-M,3310,17,300,8,5,3,3,8,0,0,1
D-FINE-M,3311,27,300,27,23,4,1,3,0,0,0
D-FINE-M,3312,30,300,19,16,3,1,13,0,0,0
D-FINE-M,3313,29,300,23,20,3,2,7,0,0,0
D-FINE-M,3314,24,300,16,12,4,1,11,0,0,0
D-FINE-M,3315,21,300,19,19,0,1,1,0,0,0
D-FINE-M,3316,15,300,11,10,1,4,1,0,0,0
D-FINE-M,3317,18,300,15,12,3,1,5,0,0,0
D-FINE-M,3318,19,300,13,12,1,1,6,0,0,0
D-FINE-M,3319,26,300,24,20,4,2,3,0,0,1
D-FINE-M,3320,26,300,23,21,2,0,4,0,0,1
D-FINE-M,3321,16,300,10,9,1,0,6,0,0,1
D-FINE-M,3322,16,300,17,8,9,0,3,0,0,5
D-FINE-M,3323,13,300,12,12,0,0,1,0,0,0
D-FINE-M,3324,23,300,17,13,4,3,7,0,0,0
D-FINE-M,3325,14,300,16,13,3,0,1,0,0,0
D-FINE-M,3326,19,300,24,14,10,0,2,0,0,3
D-FINE-M,3327,17,300,16,13,3,1,3,0,0,0
D-FINE-M,3328,9,300,13,7,6,0,1,0,0,1
D-FINE-M,3329,6,300,3,3,0,1,2,0,0,0
D-FINE-M,3330,19,300,18,16,2,1,2,0,0,0
D-FINE-M,3331,35,300,24,17,7,1,16,0,0,1
D-FINE-M,3332,14,300,14,13,1,0,1,0,0,0
D-FINE-M,3333,14,300,12,10,2,0,4,0,0,0
D-FINE-M,3334,30,300,31,28,3,0,2,0,0,0
D-FINE-M,3335,6,300,5,5,0,0,0,0,0,1
D-FINE-M,3336,19,300,18,14,4,0,4,1,0,0
D-FINE-M,3337,6,300,6,6,0,0,0,0,0,0
D-FINE-M,3338,29,300,23,21,2,1,7,0,0,0
D-FINE-M,3339,20,300,22,18,4,0,2,0,0,0
D-FINE-M,3340,15,300,10,9,1,3,2,0,0,1
D-FINE-M,3341,33,300,28,23,5,0,10,0,0,0
D-FINE-M,3342,19,300,19,15,4,2,2,0,0,0
D-FINE-M,3343,15,300,16,13,3,0,2,0,0,0
D-FINE-M,3344,11,300,8,7,1,0,4,0,0,0
D-FINE-M,3345,32,300,23,19,4,4,5,3,0,1
D-FINE-M,3346,24,300,20,18,2,0,5,0,0,1
D-FINE-M,3347,18,300,14,12,2,1,5,0,0,0
D-FINE-M,3348,8,300,6,6,0,0,2,0,0,0
D-FINE-M,3349,20,300,17,14,3,0,4,0,0,2
D-FINE-M,3350,29,300,28,21,7,2,5,0,0,1
D-FINE-M,3351,10,300,11,9,2,0,1,0,0,0
D-FINE-M,3352,33,300,27,23,4,2,5,0,0,3
D-FINE-M,3353,14,300,15,12,3,2,0,0,0,0
D-FINE-M,3354,25,300,22,18,4,0,6,1,0,0
D-FINE-M,3355,25,300,19,14,5,1,9,1,0,0
D-FINE-M,3356,10,300,10,9,1,0,1,0,0,0
D-FINE-M,3357,8,300,3,3,0,1,4,0,0,0
D-FINE-M,3358,20,300,16,13,3,1,6,0,0,0
D-FINE-M,3359,13,300,14,12,2,0,1,0,0,0
D-FINE-M,3360,34,300,26,19,7,2,11,0,0,2
D-FINE-M,3361,19,300,14,10,4,2,3,2,0,2
D-FINE-M,3362,19,300,22,18,4,0,1,0,0,0
D-FINE-M,3363,28,300,27,20,7,0,5,1,0,2
D-FINE-M,3364,7,300,6,4,2,1,1,0,0,1
D-FINE-M,3365,19,300,17,11,6,1,7,0,0,0
D-FINE-M,3366,15,300,16,14,2,0,1,0,0,0
D-FINE-M,3367,33,300,32,30,2,1,1,0,0,1
D-FINE-M,3368,20,300,21,19,2,1,0,0,0,0
D-FINE-M,3369,6,300,7,2,5,0,4,0,0,0
D-FINE-M,3370,20,300,17,16,1,0,3,0,0,1
D-FINE-M,3371,51,300,35,27,8,7,15,0,0,2
D-FINE-M,3372,21,300,25,16,9,1,3,0,0,1
D-FINE-M,3373,25,300,21,17,4,2,6,0,0,0
D-FINE-M,3374,16,300,10,10,0,0,6,0,0,0
D-FINE-M,3375,15,300,11,9,2,1,4,1,0,0
D-FINE-M,3376,7,300,8,3,5,0,4,0,0,0
D-FINE-M,3377,8,300,10,7,3,0,1,0,0,0
D-FINE-M,3378,11,300,12,7,5,0,3,0,0,1
D-FINE-M,3379,9,300,8,8,0,0,1,0,0,0
D-FINE-M,3380,18,300,15,13,2,0,5,0,0,0
D-FINE-M,3381,11,300,12,10,2,1,0,0,0,0
D-FINE-M,3382,6,300,3,3,0,0,3,0,0,0
D-FINE-M,3383,19,300,18,16,2,0,2,0,0,1
D-FINE-M,3384,7,300,7,7,0,0,0,0,0,0
D-FINE-M,3385,13,300,7,6,1,0,7,0,0,0
D-FINE-M,3386,34,300,32,23,9,1,9,0,1,0
D-FINE-M,3387,9,300,8,5,3,0,2,0,0,2
D-FINE-M,3388,21,300,21,15,6,1,3,0,0,2
D-FINE-M,3389,10,300,10,9,1,0,1,0,0,0
D-FINE-M,3390,28,300,29,23,6,0,4,0,0,1
D-FINE-M,3391,31,300,25,21,4,0,6,0,0,4
D-FINE-M,3392,30,300,25,20,5,5,5,0,0,0
D-FINE-M,3393,15,300,15,11,4,0,4,0,0,0
D-FINE-M,3394,20,300,18,14,4,1,5,0,0,0
D-FINE-M,3395,8,300,6,6,0,0,2,0,0,0
D-FINE-M,3396,17,300,15,11,4,0,5,0,0,1
D-FINE-M,3397,22,300,22,17,5,0,4,0,0,1
D-FINE-M,3398,17,300,15,15,0,0,2,0,0,0
D-FINE-M,3399,21,300,16,15,1,1,5,0,0,0
D-FINE-M,3400,27,300,23,19,4,4,1,0,0,3
D-FINE-M,3401,39,300,27,23,4,3,12,1,0,0
D-FINE-M,3402,21,300,23,15,8,0,4,0,0,2
D-FINE-M,3403,13,300,7,7,0,1,5,0,0,0
D-FINE-M,3404,19,300,18,14,4,1,4,0,0,0
D-FINE-M,3405,27,300,24,21,3,1,5,0,0,0
D-FINE-M,3406,23,300,20,18,2,0,5,0,0,0
D-FINE-M,3407,14,300,10,8,2,0,5,0,0,1
D-FINE-M,3408,17,300,17,13,4,1,3,0,0,0
D-FINE-M,3409,9,300,7,6,1,0,3,0,0,0
D-FINE-M,3410,15,300,18,11,7,0,3,0,0,1
D-FINE-M,3411,13,300,9,6,3,0,5,0,0,2
D-FINE-M,3412,33,300,20,17,3,2,13,0,0,1
D-FINE-M,3413,26,300,23,21,2,1,4,0,0,0
D-FINE-M,3414,14,300,16,13,3,0,1,0,0,0
D-FINE-M,3415,13,300,9,9,0,1,3,0,0,0
D-FINE-M,3416,11,300,11,7,4,1,3,0,0,0
D-FINE-M,3417,23,300,19,15,4,0,7,0,0,1
D-FINE-M,3418,34,300,36,30,6,2,2,0,0,0
D-FINE-M,3419,9,300,10,7,3,0,2,0,0,0
D-FINE-M,3420,16,300,7,5,2,2,7,0,0,2
D-FINE-M,3421,27,300,21,20,1,1,6,0,0,0
D-FINE-M,3422,6,300,5,4,1,0,2,0,0,0
D-FINE-M,3423,5,300,4,4,0,0,1,0,0,0
D-FINE-M,3424,20,300,17,13,4,0,7,0,0,0
D-FINE-M,3425,31,300,29,27,2,0,4,0,0,0
D-FINE-M,3426,44,300,27,17,10,2,18,0,0,7
D-FINE-M,3427,25,300,19,18,1,1,4,0,0,2
D-FINE-M,3428,25,300,25,17,8,1,6,0,0,1
D-FINE-M,3429,6,300,3,3,0,1,2,0,0,0
D-FINE-M,3430,16,300,17,13,4,0,2,0,0,1
D-FINE-M,3431,11,300,11,10,1,0,1,0,0,0
D-FINE-M,3432,29,300,23,17,6,2,10,0,0,0
D-FINE-M,3433,19,300,14,9,5,0,8,0,0,2
D-FINE-M,3434,4,300,4,3,1,0,1,0,0,0
D-FINE-M,3435,29,300,25,22,3,0,6,0,0,1
D-FINE-M,3436,7,300,5,3,2,0,4,0,0,0
D-FINE-M,3437,14,300,9,7,2,1,6,0,0,0
D-FINE-M,3438,15,300,18,13,5,0,0,0,0,2
D-FINE-M,3439,22,300,21,18,3,1,2,0,0,1
D-FINE-M,3440,12,300,7,4,3,0,8,0,0,0
D-FINE-M,3441,18,300,18,12,6,0,5,0,0,1
D-FINE-M,3442,17,300,16,15,1,0,2,0,0,0
D-FINE-M,3443,7,300,8,6,2,0,1,0,0,0
D-FINE-M,3444,33,300,27,23,4,4,4,0,0,2
D-FINE-M,3445,18,300,15,11,4,0,4,3,0,0
D-FINE-M,3446,13,300,12,10,2,1,1,0,0,1
D-FINE-M,3447,32,300,31,21,10,0,10,0,0,1
D-FINE-M,3448,32,300,16,11,5,8,10,0,0,3
D-FINE-M,3449,16,300,13,12,1,1,3,0,0,0
D-FINE-M,3450,17,300,14,11,3,1,5,0,0,0
D-FINE-M,3451,19,300,16,14,2,0,5,0,0,0
D-FINE-M,3452,16,300,13,12,1,2,2,0,0,0
D-FINE-M,3453,12,300,12,8,4,0,4,0,0,0
D-FINE-M,3454,37,300,28,28,0,0,8,1,0,0
D-FINE-M,3455,7,300,7,6,1,0,1,0,0,0
D-FINE-M,3456,19,300,17,14,3,1,4,0,0,0
D-FINE-M,3457,8,300,4,3,1,0,5,0,0,0
D-FINE-M,3458,7,300,11,7,4,0,0,0,0,0
D-FINE-M,3459,21,300,16,14,2,1,6,0,0,0
D-FINE-M,3460,21,300,18,17,1,1,3,0,0,0
D-FINE-M,3461,26,300,27,22,5,0,3,0,0,1
D-FINE-M,3462,7,300,11,7,4,0,0,0,0,0
D-FINE-M,3463,15,300,15,11,4,1,3,0,0,0
D-FINE-M,3464,25,300,18,16,2,3,3,0,0,3
D-FINE-M,3465,4,300,5,4,1,0,0,0,0,0
D-FINE-M,3466,14,300,13,10,3,2,2,0,0,0
D-FINE-M,3467,6,300,11,3,8,0,0,0,0,3
D-FINE-M,3468,33,300,22,22,0,1,8,0,0,2
D-FINE-M,3469,14,300,15,13,2,0,0,0,0,1
D-FINE-M,3470,22,300,29,20,9,0,2,0,0,0
D-FINE-M,3471,14,300,16,13,3,0,1,0,0,0
D-FINE-M,3472,18,300,22,17,5,0,1,0,0,0
D-FINE-M,3473,19,300,20,15,5,2,1,0,0,1
D-FINE-M,3474,15,300,10,9,1,3,2,0,0,1
D-FINE-M,3475,23,300,23,20,3,0,1,2,0,0
D-FINE-M,3476,38,300,24,22,2,3,10,2,0,1
D-FINE-M,3477,25,300,16,13,3,3,9,0,0,0
D-FINE-M,3478,14,300,15,13,2,0,1,0,0,0
D-FINE-M,3479,16,300,12,10,2,0,6,0,0,0
D-FINE-M,3480,28,300,29,23,6,0,3,0,0,2
D-FINE-M,3481,52,300,34,24,10,10,16,0,0,2
D-FINE-M,3482,43,300,36,31,5,2,9,1,0,0
D-FINE-M,3483,20,300,16,14,2,1,3,0,0,2
D-FINE-M,3484,13,300,11,11,0,0,2,0,0,0
D-FINE-M,3485,6,300,10,5,5,0,1,0,0,0
D-FINE-M,3486,14,300,16,11,5,0,2,0,0,1
D-FINE-M,3487,18,300,17,16,1,0,2,0,0,0
D-FINE-M,3488,12,300,10,10,0,0,2,0,0,0
D-FINE-M,3489,18,300,16,13,3,1,4,0,0,0
D-FINE-M,3490,20,300,14,10,4,1,9,0,0,0
D-FINE-M,3491,29,300,22,21,1,2,5,0,0,1
D-FINE-M,3492,34,300,27,18,9,1,14,0,0,1
D-FINE-M,3493,25,300,21,18,3,1,4,0,0,2
D-FINE-M,3494,5,300,5,5,0,0,0,0,0,0
D-FINE-M,3495,18,300,19,16,3,0,1,0,0,1
D-FINE-M,3496,25,300,22,19,3,1,4,0,0,1
D-FINE-M,3497,18,300,16,14,2,1,3,0,0,0
D-FINE-M,3498,35,300,34,28,6,1,4,0,0,2
D-FINE-M,3499,26,300,25,21,4,0,3,0,0,2
D-FINE-M,3500,5,300,4,4,0,0,1,0,0,0
D-FINE-M,3501,17,300,20,12,8,0,2,0,0,3
D-FINE-M,3502,25,300,26,16,10,0,4,0,0,5
D-FINE-M,3503,21,300,14,13,1,2,5,0,0,1
D-FINE-M,3504,16,300,17,13,4,0,3,0,0,0
D-FINE-M,3505,28,300,28,21,7,4,2,0,0,1
D-FINE-M,3506,23,300,22,21,1,0,2,0,0,0
D-FINE-M,3507,28,300,18,16,2,5,7,0,0,0
D-FINE-M,3508,11,300,8,6,2,1,4,0,0,0
D-FINE-M,3509,55,300,47,28,19,5,15,0,0,7
D-FINE-M,3510,11,300,10,9,1,0,2,0,0,0
D-FINE-M,3511,11,300,13,6,7,0,5,0,0,0
D-FINE-M,3512,23,300,19,13,6,2,7,0,0,1
D-FINE-M,3513,9,300,10,9,1,0,0,0,0,0
D-FINE-M,3514,10,300,12,10,2,0,0,0,0,0
D-FINE-M,3515,16,300,15,12,3,0,4,0,0,0
D-FINE-M,3516,18,300,22,17,5,0,1,0,0,0
D-FINE-M,3517,13,300,13,13,0,0,0,0,0,0
D-FINE-M,3518,24,300,25,20,5,0,4,0,0,0
D-FINE-M,3519,18,300,16,16,0,0,2,0,0,0
D-FINE-M,3520,10,300,12,6,6,0,2,0,0,2
D-FINE-M,3521,23,300,24,19,5,0,2,0,0,2
D-FINE-M,3522,15,300,14,11,3,0,4,0,0,0
D-FINE-M,3523,23,300,19,14,5,0,7,0,0,2
D-FINE-M,3524,23,300,19,19,0,0,2,0,0,2
D-FINE-M,3525,21,300,18,17,1,0,4,0,0,0
D-FINE-M,3526,20,300,23,14,9,0,6,0,0,0
D-FINE-M,3527,14,300,10,7,3,1,6,0,0,0
D-FINE-M,3528,13,300,13,12,1,0,1,0,0,0
D-FINE-M,3529,11,300,7,7,0,1,3,0,0,0
D-FINE-M,3530,8,300,10,7,3,0,1,0,0,0
D-FINE-M,3531,11,300,10,9,1,0,2,0,0,0
D-FINE-M,3532,5,300,8,5,3,0,0,0,0,0
D-FINE-M,3533,6,300,4,4,0,0,2,0,0,0
D-FINE-M,3534,13,300,15,10,5,0,2,0,0,1
D-FINE-M,3535,24,300,21,15,6,3,4,1,0,1
D-FINE-M,3536,6,300,6,6,0,0,0,0,0,0
D-FINE-M,3537,9,300,3,3,0,3,3,0,0,0
D-FINE-M,3538,19,300,14,11,3,1,5,0,0,2
D-FINE-M,3539,24,300,26,20,6,1,0,0,0,3
D-FINE-M,3540,16,300,17,14,3,0,1,0,0,1
D-FINE-M,3541,14,300,18,11,7,0,2,0,0,1
D-FINE-M,3542,12,300,11,10,1,0,2,0,0,0
D-FINE-M,3543,23,300,22,20,2,0,2,1,0,0
D-FINE-M,3544,28,300,26,17,9,1,8,2,0,0
D-FINE-M,3545,26,300,24,17,7,0,8,0,0,1
D-FINE-M,3546,10,300,7,6,1,0,4,0,0,0
D-FINE-M,3547,34,300,33,28,5,1,4,0,0,1
D-FINE-M,3548,10,300,9,7,2,0,3,0,0,0
D-FINE-M,3549,23,300,23,17,6,1,3,0,0,2
D-FINE-M,3550,24,300,25,19,6,0,4,0,0,1
D-FINE-M,3551,27,300,20,11,9,0,9,0,1,6
D-FINE-M,3552,9,300,7,7,0,0,2,0,0,0
D-FINE-M,3553,31,300,25,23,2,0,8,0,0,0
D-FINE-M,3554,24,300,27,23,4,0,1,0,0,0
D-FINE-M,3555,27,300,28,24,4,0,3,0,0,0
D-FINE-M,3556,14,300,17,13,4,0,1,0,0,0
D-FINE-M,3557,45,300,29,21,8,6,16,0,0,2
D-FINE-M,3558,19,300,11,10,1,1,7,0,0,1
D-FINE-M,3559,20,300,20,14,6,0,3,0,0,3
D-FINE-M,3560,14,300,14,10,4,1,3,0,0,0
D-FINE-M,3561,20,300,20,17,3,0,3,0,0,0
D-FINE-M,3562,30,300,22,20,2,1,8,1,0,0
D-FINE-M,3563,21,300,20,17,3,0,4,0,0,0
D-FINE-M,3564,7,300,5,4,1,0,3,0,0,0
D-FINE-M,3565,23,300,21,17,4,1,4,0,0,1
D-FINE-M,3566,33,300,31,26,5,1,5,0,0,1
D-FINE-M,3567,12,300,11,11,0,0,1,0,0,0
D-FINE-M,3568,8,300,10,8,2,0,0,0,0,0
D-FINE-M,3569,22,300,16,14,2,2,6,0,0,0
D-FINE-M,3570,11,300,10,10,0,0,1,0,0,0
D-FINE-M,3571,23,300,20,15,5,1,6,0,0,1
D-FINE-M,3572,9,300,8,7,1,0,1,0,0,1
D-FINE-M,3573,21,300,22,19,3,1,1,0,0,0
D-FINE-M,3574,23,300,26,14,12,2,6,0,0,1
D-FINE-M,3575,15,300,17,12,5,0,3,0,0,0
D-FINE-M,3576,9,300,8,8,0,0,1,0,0,0
D-FINE-M,3577,27,300,25,18,7,1,7,0,0,1
D-FINE-M,3578,10,300,10,6,4,0,2,0,0,2
D-FINE-M,3579,10,300,13,10,3,0,0,0,0,0
D-FINE-M,3580,4,300,4,4,0,0,0,0,0,0
D-FINE-M,3581,20,300,16,9,7,2,5,0,0,4
D-FINE-M,3582,22,300,11,8,3,4,9,0,0,1
D-FINE-M,3583,19,300,18,17,1,0,2,0,0,0
D-FINE-M,3584,8,300,7,6,1,0,2,0,0,0
D-FINE-M,3585,14,300,17,13,4,0,1,0,0,0
D-FINE-M,3586,11,300,9,9,0,0,2,0,0,0
D-FINE-M,3587,19,300,18,9,9,1,7,0,0,2
D-FINE-M,3588,12,300,15,9,6,0,2,0,0,1
D-FINE-M,3589,26,300,20,18,2,1,5,0,0,2
D-FINE-M,3590,21,300,9,1,8,7,9,0,0,4
D-FINE-M,3591,14,300,10,8,2,1,4,0,0,1
D-FINE-M,3592,6,300,6,3,3,2,1,0,0,0
D-FINE-M,3593,19,300,18,17,1,0,1,1,0,0
D-FINE-M,3594,6,300,6,5,1,0,0,0,0,1
D-FINE-M,3595,16,300,10,10,0,1,5,0,0,0
D-FINE-M,3596,46,300,36,28,8,2,16,0,0,0
D-FINE-M,3597,14,300,16,11,5,0,3,0,0,0
D-FINE-M,3598,19,300,17,14,3,1,3,0,0,1
D-FINE-M,3599,12,300,14,9,5,0,2,0,0,1
D-FINE-M,3600,7,300,6,5,1,0,2,0,0,0
D-FINE-M,3601,22,300,15,14,1,1,7,0,0,0
D-FINE-M,3602,45,300,40,33,7,3,9,0,0,0
D-FINE-M,3603,17,300,14,13,1,1,2,0,0,1
D-FINE-M,3604,19,300,22,16,6,0,2,0,0,1
D-FINE-M,3605,12,300,12,9,3,2,1,0,0,0
D-FINE-M,3606,23,300,20,18,2,0,4,0,0,1
D-FINE-M,3607,35,300,28,22,6,1,11,0,0,1
D-FINE-M,3608,14,300,12,9,3,0,4,0,0,1
D-FINE-M,3609,17,300,13,12,1,0,4,0,0,1
D-FINE-M,3610,19,300,18,13,5,0,5,0,0,1
D-FINE-M,3611,26,300,21,16,5,4,6,0,0,0
D-FINE-M,3612,32,300,32,25,7,0,4,0,0,3
D-FINE-M,3613,29,300,26,22,4,2,4,0,0,1
D-FINE-M,3614,15,300,16,14,2,0,0,1,0,0
D-FINE-M,3615,15,300,13,7,6,0,6,0,0,2
D-FINE-M,3616,13,300,13,9,4,0,2,0,0,2
D-FINE-M,3617,27,300,16,9,7,4,10,0,0,4
D-FINE-M,3618,24,300,24,21,3,0,2,0,0,1
D-FINE-M,3619,26,300,19,13,6,3,8,0,0,2
D-FINE-M,3620,27,300,32,25,7,0,2,0,0,0
D-FINE-M,3621,22,300,21,17,4,0,4,0,0,1
D-FINE-M,3622,15,300,14,10,4,1,3,0,0,1
D-FINE-M,3623,13,300,9,8,1,0,5,0,0,0
D-FINE-M,3624,18,300,15,12,3,0,3,0,0,3
D-FINE-M,3625,4,300,5,3,2,0,1,0,0,0
D-FINE-M,3626,35,300,26,23,3,1,9,0,0,2
D-FINE-M,3627,8,300,7,7,0,0,1,0,0,0
D-FINE-M,3628,13,300,10,10,0,0,3,0,0,0
D-FINE-M,3629,11,300,11,9,2,0,1,0,0,1
D-FINE-M,3630,21,300,26,19,7,0,0,0,0,2
D-FINE-M,3631,26,300,26,18,8,1,5,0,1,1
D-FINE-M,3632,14,300,12,11,1,0,3,0,0,0
D-FINE-M,3633,17,300,18,13,5,0,4,0,0,0
D-FINE-M,3634,4,300,1,1,0,0,3,0,0,0
D-FINE-M,3635,18,300,14,13,1,1,4,0,0,0
D-FINE-M,3636,25,300,27,24,3,0,1,0,0,0
D-FINE-M,3637,6,300,3,3,0,0,3,0,0,0
D-FINE-M,3638,14,300,13,4,9,0,7,0,0,3
D-FINE-M,3639,27,300,27,17,10,1,6,0,0,3
D-FINE-M,3640,33,300,25,20,5,2,9,0,0,2
D-FINE-M,3641,5,300,5,3,2,0,2,0,0,0
D-FINE-M,3642,35,300,28,19,9,8,2,0,0,6
D-FINE-M,3643,15,300,17,10,7,0,2,0,0,3
D-FINE-M,3644,31,300,23,20,3,0,11,0,0,0
D-FINE-M,3645,7,300,5,4,1,2,1,0,0,0
D-FINE-M,3646,10,300,11,7,4,0,3,0,0,0
D-FINE-M,3647,28,300,32,24,8,0,4,0,0,0
D-FINE-M,3648,21,300,18,14,4,0,6,0,0,1
D-FINE-M,3649,7,300,7,6,1,0,0,0,0,1
D-FINE-M,3650,16,300,16,12,4,1,2,0,0,1
D-FINE-M,3651,28,300,26,19,7,1,6,0,0,2
D-FINE-M,3652,11,300,11,6,5,0,4,0,0,1
D-FINE-M,3653,14,300,18,12,6,0,1,0,0,1
D-FINE-M,3654,19,300,20,14,6,0,2,0,0,3
D-FINE-M,3655,10,300,10,7,3,0,3,0,0,0
D-FINE-M,3656,30,300,25,18,7,1,9,0,0,2
D-FINE-M,3657,24,300,16,12,4,0,11,0,0,1
D-FINE-M,3658,14,300,15,9,6,0,5,0,0,0
D-FINE-M,3659,18,300,13,11,2,1,6,0,0,0
D-FINE-M,3660,26,300,6,5,1,7,12,1,0,1
D-FINE-M,3661,4,300,5,2,3,0,2,0,0,0
D-FINE-M,3662,5,300,8,4,4,0,1,0,0,0
D-FINE-M,3663,27,300,26,22,4,1,3,0,0,1
D-FINE-M,3664,23,300,23,22,1,0,0,0,0,1
D-FINE-M,3665,31,300,16,15,1,1,15,0,0,0
D-FINE-M,3666,32,300,31,28,3,0,3,1,0,0
D-FINE-M,3667,7,300,7,3,4,0,3,0,0,1
D-FINE-M,3668,13,300,13,12,1,1,0,0,0,0
D-FINE-M,3669,28,300,29,22,7,1,2,0,0,3
D-FINE-M,3670,14,300,15,13,2,0,1,0,0,0
D-FINE-M,3671,34,300,26,20,6,3,9,0,0,2
D-FINE-M,3672,27,300,23,16,7,4,4,0,0,3
D-FINE-M,3673,41,300,23,10,13,5,21,0,0,5
D-FINE-M,3674,29,300,16,9,7,8,10,0,0,2
D-FINE-M,3675,27,300,27,22,5,0,3,0,0,2
D-FINE-M,3676,8,300,7,5,2,0,3,0,0,0
D-FINE-M,3677,9,300,9,8,1,0,1,0,0,0
D-FINE-M,3678,16,300,15,15,0,0,1,0,0,0
D-FINE-M,3679,38,300,31,28,3,1,8,0,0,1
D-FINE-M,3680,12,300,12,10,2,1,1,0,0,0
D-FINE-M,3681,15,300,11,8,3,2,5,0,0,0
D-FINE-M,3682,5,300,6,5,1,0,0,0,0,0
D-FINE-M,3683,20,300,18,16,2,0,4,0,0,0
D-FINE-M,3684,17,300,13,10,3,2,4,0,0,1
D-FINE-M,3685,8,300,5,5,0,0,3,0,0,0
D-FINE-M,3686,7,300,5,4,1,0,3,0,0,0
D-FINE-M,3687,28,300,22,19,3,0,8,1,0,0
D-FINE-M,3688,30,300,22,17,5,4,7,0,0,2
D-FINE-M,3689,6,300,5,5,0,0,1,0,0,0
D-FINE-M,3690,12,300,11,7,4,2,3,0,0,0
D-FINE-M,3691,16,300,14,11,3,0,4,0,0,1
D-FINE-M,3692,27,300,13,12,1,8,7,0,0,0
D-FINE-M,3693,27,300,26,23,3,3,1,0,0,0
D-FINE-M,3694,14,300,13,11,2,0,2,0,0,1
D-FINE-M,3695,9,300,8,7,1,1,1,0,0,0
D-FINE-M,3696,30,300,25,21,4,1,5,0,0,3
D-FINE-M,3697,30,300,27,25,2,0,4,0,0,1
D-FINE-M,3698,28,300,18,16,2,2,10,0,0,0
D-FINE-M,3699,20,300,20,17,3,0,2,0,0,1
D-FINE-M,3700,35,300,32,17,15,2,7,1,0,8
D-FINE-M,3701,9,300,13,6,7,0,3,0,0,0
D-FINE-M,3702,27,300,17,15,2,0,12,0,0,0
D-FINE-M,3703,19,300,13,12,1,1,6,0,0,0
D-FINE-M,3704,20,300,15,12,3,2,3,0,0,3
D-FINE-M,3705,18,300,18,12,6,0,5,0,0,1
D-FINE-M,3706,21,300,24,18,6,0,2,1,0,0
D-FINE-M,3707,4,300,5,4,1,0,0,0,0,0
D-FINE-M,3708,11,300,12,11,1,0,0,0,0,0
D-FINE-M,3709,18,300,19,13,6,0,3,0,0,2
D-FINE-M,3710,16,300,16,9,7,0,7,0,0,0
D-FINE-M,3711,24,300,22,21,1,0,2,0,0,1
D-FINE-M,3712,30,300,24,22,2,1,7,0,0,0
D-FINE-M,3713,14,300,12,9,3,0,5,0,0,0
D-FINE-M,3714,10,300,15,10,5,0,0,0,0,0
D-FINE-M,3715,22,300,22,16,6,2,1,0,0,3
D-FINE-M,3716,9,300,9,7,2,0,1,0,0,1
D-FINE-M,3717,6,300,12,5,7,0,0,0,0,1
D-FINE-M,3718,11,300,10,8,2,0,3,0,0,0
D-FINE-M,3719,15,300,15,11,4,0,4,0,0,0
D-FINE-M,3720,30,300,21,16,5,6,7,0,0,1
D-FINE-M,3721,42,300,26,23,3,4,12,1,0,2
D-FINE-M,3722,28,300,22,21,1,0,7,0,0,0
D-FINE-M,3723,23,300,23,21,2,0,2,0,0,0
D-FINE-M,3724,29,300,22,18,4,1,7,0,0,3
D-FINE-M,3725,23,300,20,13,7,1,9,0,0,0
D-FINE-M,3726,9,300,12,7,5,0,2,0,0,0
D-FINE-M,3727,25,300,15,14,1,4,7,0,0,0
D-FINE-M,3728,25,300,16,11,5,1,10,0,0,3
D-FINE-M,3729,14,300,15,10,5,0,1,0,0,3
D-FINE-M,3730,26,300,25,13,12,1,10,0,0,2
D-FINE-M,3731,5,300,7,3,4,0,2,0,0,0
D-FINE-M,3732,6,300,6,4,2,0,2,0,0,0
D-FINE-M,3733,48,300,38,28,10,7,12,0,0,1
D-FINE-M,3734,32,300,21,19,2,1,10,1,0,1
D-FINE-M,3735,21,300,22,19,3,1,1,0,0,0
D-FINE-M,3736,4,300,2,2,0,1,1,0,0,0
D-FINE-M,3737,28,300,35,26,9,1,1,0,0,0
D-FINE-M,3738,66,300,36,28,8,16,16,1,0,5
D-FINE-M,3739,16,300,14,11,3,1,3,0,0,1
D-FINE-M,3740,34,300,32,26,6,0,8,0,0,0
D-FINE-M,3741,36,300,30,20,10,7,8,0,0,1
D-FINE-M,3742,15,300,15,10,5,0,4,0,0,1
D-FINE-M,3743,10,300,6,5,1,1,4,0,0,0
D-FINE-M,3744,10,300,9,7,2,0,3,0,0,0
D-FINE-M,3745,18,300,19,13,6,1,4,0,0,0
D-FINE-M,3746,19,300,22,18,4,0,0,0,0,1
D-FINE-M,3747,33,300,25,19,6,2,9,0,0,3
D-FINE-M,3748,27,300,17,15,2,1,11,0,0,0
D-FINE-M,3749,15,300,7,5,2,1,9,0,0,0
D-FINE-M,3750,16,300,16,16,0,0,0,0,0,0
D-FINE-M,3751,15,300,15,9,6,0,4,0,0,2
D-FINE-M,3752,61,300,37,30,7,12,14,0,0,5
D-FINE-M,3753,29,300,28,22,6,2,4,1,0,0
D-FINE-M,3754,15,300,12,8,4,1,3,0,0,3
D-FINE-M,3755,17,300,17,15,2,0,2,0,0,0
D-FINE-M,3756,10,300,11,7,4,0,2,0,0,1
D-FINE-M,3757,16,300,18,14,4,0,2,0,0,0
D-FINE-M,3758,4,300,3,3,0,0,1,0,0,0
D-FINE-M,3759,11,300,14,9,5,0,2,0,0,0
D-FINE-M,3760,10,300,7,4,3,1,5,0,0,0
D-FINE-M,3761,10,300,6,6,0,0,4,0,0,0
D-FINE-M,3762,9,300,11,9,2,0,0,0,0,0
D-FINE-M,3763,22,300,22,21,1,0,1,0,0,0
D-FINE-M,3764,25,300,32,14,18,0,6,1,0,4
D-FINE-M,3765,23,300,23,18,5,0,4,0,0,1
D-FINE-M,3766,13,300,13,10,3,1,2,0,0,0
D-FINE-M,3767,6,300,5,5,0,0,1,0,0,0
D-FINE-M,3768,6,300,5,5,0,0,1,0,0,0
D-FINE-M,3769,28,300,16,12,4,2,13,0,0,1
D-FINE-M,3770,9,300,11,8,3,0,1,0,0,0
D-FINE-M,3771,14,300,14,10,4,1,2,0,0,1
D-FINE-M,3772,18,300,21,13,8,0,5,0,0,0
D-FINE-M,3773,11,300,10,7,3,0,3,0,1,0
D-FINE-M,3774,23,300,22,17,5,0,3,1,0,2
D-FINE-M,3775,17,300,10,7,3,3,6,0,0,1
D-FINE-M,3776,16,300,21,16,5,0,0,0,0,0
D-FINE-M,3777,20,300,9,7,2,2,10,0,0,1
D-FINE-M,3778,15,300,12,6,6,0,6,0,0,3
D-FINE-M,3779,18,300,17,15,2,0,2,0,0,1
D-FINE-M,3780,24,300,17,16,1,3,5,0,0,0
D-FINE-M,3781,17,300,16,12,4,0,5,0,0,0
D-FINE-M,3782,13,300,17,13,4,0,0,0,0,0
D-FINE-M,3783,21,300,16,10,6,3,8,0,0,0
D-FINE-M,3784,20,300,20,15,5,0,2,3,0,0
D-FINE-M,3785,14,300,13,12,1,0,2,0,0,0
D-FINE-M,3786,23,300,23,13,10,1,6,0,0,3
D-FINE-M,3787,13,300,10,10,0,2,1,0,0,0
D-FINE-M,3788,40,300,38,29,9,1,10,0,0,0
D-FINE-M,3789,14,300,13,13,0,0,1,0,0,0
D-FINE-M,3790,26,300,22,18,4,0,8,0,0,0
D-FINE-M,3791,38,300,32,30,2,2,4,0,0,2
D-FINE-M,3792,18,300,18,12,6,0,5,0,0,1
D-FINE-M,3793,12,300,11,9,2,0,3,0,0,0
D-FINE-M,3794,22,300,15,13,2,2,5,0,0,2
D-FINE-M,3795,14,300,12,9,3,2,2,0,0,1
D-FINE-M,3796,15,300,15,13,2,0,1,0,0,1
D-FINE-M,3797,26,300,27,22,5,0,3,0,0,1
D-FINE-M,3798,10,300,11,10,1,0,0,0,0,0
D-FINE-M,3799,51,300,54,45,9,0,4,0,0,2
D-FINE-M,3800,28,300,26,20,6,0,4,0,0,4
D-FINE-M,3801,16,300,15,12,3,1,3,0,0,0
D-FINE-M,3802,10,300,8,5,3,1,3,0,0,1
D-FINE-M,3803,36,300,32,25,7,2,4,0,0,5
D-FINE-M,3804,11,300,8,6,2,0,5,0,0,0
D-FINE-M,3805,4,300,5,4,1,0,0,0,0,0
D-FINE-M,3806,28,300,19,16,3,3,5,0,0,4
D-FINE-M,3807,20,300,25,18,7,0,1,0,0,1
D-FINE-M,3808,38,300,24,21,3,7,8,0,0,2
D-FINE-M,3809,13,300,9,9,0,0,4,0,0,0
D-FINE-M,3810,17,300,16,9,7,0,8,0,0,0
D-FINE-M,3811,23,300,24,15,9,2,5,0,0,1
D-FINE-M,3812,16,300,15,10,5,1,4,0,0,1
D-FINE-M,3813,12,300,11,10,1,1,1,0,0,0
D-FINE-M,3814,10,300,11,9,2,0,0,0,0,1
D-FINE-M,3815,37,300,22,18,4,0,16,1,0,2
D-FINE-M,3816,9,300,15,8,7,0,0,0,0,1
D-FINE-M,3817,8,300,11,7,4,0,1,0,0,0
D-FINE-M,3818,31,300,38,25,13,0,3,0,0,3
D-FINE-M,3819,20,300,21,17,4,1,1,0,0,1
D-FINE-M,3820,21,300,22,17,5,1,3,0,0,0
D-FINE-M,3821,36,300,26,26,0,1,9,0,0,0
D-FINE-M,3822,19,300,16,13,3,3,3,0,0,0
D-FINE-M,3823,22,300,15,10,5,1,10,0,0,1
D-FINE-M,3824,11,300,11,11,0,0,0,0,0,0
D-FINE-M,3825,9,300,11,9,2,0,0,0,0,0
D-FINE-M,3826,7,300,5,4,1,0,3,0,0,0
D-FINE-M,3827,11,300,9,8,1,0,3,0,0,0
D-FINE-M,3828,4,300,4,4,0,0,0,0,0,0
D-FINE-M,3829,5,300,4,4,0,1,0,0,0,0
D-FINE-M,3830,26,300,22,18,4,0,7,0,0,1
D-FINE-M,3831,28,300,13,12,1,4,12,0,0,0
D-FINE-M,3832,10,300,10,9,1,0,0,0,0,1
D-FINE-M,3833,16,300,18,15,3,0,0,0,0,1
D-FINE-M,3834,23,300,24,19,5,0,2,0,0,2
D-FINE-M,3835,9,300,14,8,6,0,1,0,0,0
D-FINE-M,3836,32,300,35,29,6,0,2,0,0,1
D-FINE-M,3837,13,300,14,9,5,1,3,0,0,0
D-FINE-M,3838,33,300,30,24,6,3,5,0,0,1
D-FINE-M,3839,6,300,7,4,3,0,1,0,0,1
D-FINE-M,3840,13,300,12,11,1,0,2,0,0,0
D-FINE-M,3841,18,300,18,16,2,0,2,0,0,0
D-FINE-M,3842,16,300,19,15,4,0,1,0,0,0
D-FINE-M,3843,26,300,18,17,1,1,7,0,0,1
D-FINE-M,3844,37,300,23,19,4,8,8,1,0,1
D-FINE-M,3845,31,300,23,22,1,1,7,0,0,1
D-FINE-M,3846,14,300,13,10,3,0,4,0,0,0
D-FINE-M,3847,8,300,7,6,1,0,2,0,0,0
D-FINE-M,3848,18,300,18,17,1,1,0,0,0,0
D-FINE-M,3849,6,300,6,2,4,0,4,0,0,0
D-FINE-M,3850,21,300,21,20,1,0,0,0,0,1
D-FINE-M,3851,24,300,19,15,4,0,8,0,0,1
D-FINE-M,3852,11,300,8,8,0,0,3,0,0,0
D-FINE-M,3853,12,300,11,7,4,1,3,0,0,1
D-FINE-M,3854,22,300,11,9,2,1,12,0,0,0
D-FINE-M,3855,29,300,30,23,7,0,6,0,0,0
D-FINE-M,3856,20,300,20,19,1,0,0,0,1,0
D-FINE-M,3857,43,300,20,19,1,10,14,0,0,0
D-FINE-M,3858,25,300,25,21,4,0,4,0,0,0
D-FINE-M,3859,25,300,26,21,5,0,3,0,0,1
D-FINE-M,3860,24,300,20,15,5,0,9,0,0,0
D-FINE-M,3861,14,300,18,14,4,0,0,0,0,0
D-FINE-M,3862,19,300,19,15,4,1,3,0,0,0
D-FINE-M,3863,34,300,33,28,5,0,5,0,0,1
D-FINE-M,3864,5,300,7,3,4,0,1,0,0,1
D-FINE-M,3865,23,300,19,15,4,0,3,3,0,2
D-FINE-M,3866,28,300,24,16,8,0,9,0,0,3
D-FINE-M,3867,10,300,8,7,1,0,3,0,0,0
D-FINE-M,3868,9,300,8,6,2,0,3,0,0,0
D-FINE-M,3869,9,300,9,8,1,0,1,0,0,0
D-FINE-M,3870,15,300,16,13,3,0,1,0,0,1
D-FINE-M,3871,22,300,14,11,3,0,7,0,0,4
D-FINE-M,3872,29,300,35,22,13,1,4,0,0,2
D-FINE-M,3873,20,300,11,11,0,1,8,0,0,0
D-FINE-M,3874,23,300,18,15,3,0,7,0,1,0
D-FINE-M,3875,5,300,5,2,3,0,2,0,0,1
D-FINE-M,3876,26,300,24,20,4,0,5,0,0,1
D-FINE-M,3877,17,300,18,15,3,0,2,0,0,0
D-FINE-M,3878,23,300,19,15,4,2,5,0,0,1
D-FINE-M,3879,22,300,20,16,4,0,6,0,0,0
D-FINE-M,3880,19,300,20,16,4,0,2,0,0,1
D-FINE-M,3881,16,300,21,15,6,0,1,0,0,0
D-FINE-M,3882,19,300,19,16,3,0,3,0,0,0
D-FINE-M,3883,29,300,19,11,8,2,14,0,0,2
D-FINE-M,3884,8,300,11,8,3,0,0,0,0,0
D-FINE-M,3885,11,300,12,11,1,0,0,0,0,0
D-FINE-M,3886,8,300,8,8,0,0,0,0,0,0
D-FINE-M,3887,7,300,7,6,1,0,1,0,0,0
D-FINE-M,3888,17,300,17,13,4,0,4,0,0,0
D-FINE-M,3889,13,300,10,8,2,0,5,0,0,0
D-FINE-M,3890,20,300,18,17,1,0,3,0,0,0
D-FINE-M,3891,13,300,7,6,1,2,4,0,0,1
D-FINE-M,3892,11,300,12,11,1,0,0,0,0,0
D-FINE-M,3893,19,300,25,18,7,1,0,0,0,0
D-FINE-M,3894,10,300,10,10,0,0,0,0,0,0
D-FINE-M,3895,56,300,39,29,10,11,12,0,0,4
D-FINE-M,3896,26,300,21,15,6,1,9,0,0,1
D-FINE-M,3897,32,300,29,20,9,2,10,0,0,0
D-FINE-M,3898,13,300,14,12,2,0,1,0,0,0
D-FINE-M,3899,18,300,16,16,0,0,2,0,0,0
D-FINE-M,3900,26,300,16,14,2,2,9,0,0,1
D-FINE-M,3901,13,300,14,8,6,0,5,0,0,0
D-FINE-M,3902,24,300,25,17,8,2,3,0,0,2
D-FINE-M,3903,17,300,12,11,1,0,5,0,0,1
D-FINE-M,3904,39,300,53,35,18,1,1,0,0,2
D-FINE-M,3905,52,300,43,38,5,0,9,4,0,1
D-FINE-M,3906,21,300,18,16,2,0,4,0,0,1
D-FINE-M,3907,23,300,23,20,3,0,2,0,0,1
D-FINE-M,3908,9,300,7,6,1,2,1,0,0,0
D-FINE-M,3909,20,300,15,12,3,3,3,0,0,2
D-FINE-M,3910,22,300,21,19,2,0,3,0,0,0
D-FINE-M,3911,21,300,16,11,5,1,8,0,0,1
D-FINE-M,3912,13,300,15,12,3,0,1,0,0,0
D-FINE-M,3913,4,300,4,1,3,1,2,0,0,0
D-FINE-M,3914,29,300,33,25,8,0,3,0,0,1
D-FINE-M,3915,17,300,14,13,1,0,3,0,0,1
D-FINE-M,3916,22,300,19,14,5,2,4,0,0,2
D-FINE-M,3917,15,300,15,14,1,0,1,0,0,0
D-FINE-M,3918,36,300,30,28,2,1,7,0,0,0
D-FINE-M,3919,32,300,25,24,1,2,6,0,0,0
D-FINE-M,3920,14,300,10,9,1,0,4,0,0,1
D-FINE-M,3921,32,300,29,24,5,1,7,0,0,0
D-FINE-M,3922,16,300,17,13,4,1,2,0,0,0
D-FINE-M,3923,23,300,15,14,1,0,7,0,0,2
D-FINE-M,3924,5,300,7,5,2,0,0,0,0,0
D-FINE-M,3925,22,300,24,18,6,0,4,0,0,0
D-FINE-M,3926,8,300,7,7,0,0,1,0,0,0
D-FINE-M,3927,9,300,12,8,4,0,1,0,0,0
D-FINE-M,3928,34,300,24,19,5,5,10,0,0,0
D-FINE-M,3929,13,300,14,11,3,0,2,0,0,0
D-FINE-M,3930,22,300,17,16,1,1,5,0,0,0
D-FINE-M,3931,31,300,33,22,11,1,4,0,0,4
D-FINE-M,3932,31,300,19,14,5,6,7,0,0,4
D-FINE-M,3933,12,300,7,4,3,2,6,0,0,0
D-FINE-M,3934,17,300,13,9,4,1,1,0,0,6
D-FINE-M,3935,15,300,18,15,3,0,0,0,0,0
D-FINE-M,3936,14,300,15,11,4,0,3,0,0,0
D-FINE-M,3937,15,300,15,9,6,3,2,0,0,1
D-FINE-M,3938,20,300,18,13,5,0,5,0,0,2
D-FINE-M,3939,22,300,25,17,8,1,2,0,0,2
D-FINE-M,3940,38,300,43,32,11,0,6,0,0,0
D-FINE-M,3941,22,300,21,15,6,1,5,0,0,1
D-FINE-M,3942,36,300,35,29,6,2,5,0,0,0
D-FINE-M,3943,36,300,33,28,5,0,5,0,0,3
D-FINE-M,3944,15,300,14,10,4,0,4,0,0,1
D-FINE-M,3945,12,300,10,9,1,0,2,0,0,1
D-FINE-M,3946,16,300,16,14,2,0,2,0,0,0
D-FINE-M,3947,13,300,8,7,1,0,6,0,0,0
D-FINE-M,3948,9,300,9,5,4,0,3,0,0,1
D-FINE-M,3949,13,300,18,12,6,0,1,0,0,0
D-FINE-M,3950,4,300,3,3,0,0,1,0,0,0
D-FINE-M,3951,27,300,20,17,3,0,10,0,0,0
D-FINE-M,3952,13,300,12,8,4,0,4,0,0,1
D-FINE-M,3953,18,300,17,16,1,0,1,0,0,1
D-FINE-M,3954,28,300,30,24,6,0,4,0,0,0
D-FINE-M,3955,7,300,7,7,0,0,0,0,0,0
D-FINE-M,3956,24,300,27,22,5,0,2,0,0,0
D-FINE-M,3957,8,300,8,7,1,0,1,0,0,0
D-FINE-M,3958,27,300,24,19,5,0,4,0,0,4
D-FINE-M,3959,35,300,29,23,6,0,8,0,0,4
D-FINE-M,3960,20,300,25,15,10,2,1,0,0,2
D-FINE-M,3961,43,300,49,36,13,0,5,0,0,2
D-FINE-M,3962,35,300,29,26,3,2,5,1,0,1
D-FINE-M,3963,7,300,7,6,1,0,1,0,0,0
D-FINE-M,3964,8,300,8,6,2,0,2,0,0,0
D-FINE-M,3965,7,300,6,6,0,0,1,0,0,0
D-FINE-M,3966,16,300,14,13,1,0,3,0,0,0
D-FINE-M,3967,26,300,21,17,4,4,5,0,0,0
D-FINE-M,3968,12,300,8,8,0,1,3,0,0,0
D-FINE-M,3969,15,300,12,12,0,1,2,0,0,0
D-FINE-M,3970,17,300,15,13,2,0,2,0,0,2
D-FINE-M,3971,23,300,19,16,3,1,5,0,0,1
D-FINE-M,3972,10,300,11,5,6,1,3,0,0,1
D-FINE-M,3973,6,300,4,4,0,0,1,0,0,1
D-FINE-M,3974,16,300,19,16,3,0,0,0,0,0
D-FINE-M,3975,14,300,16,9,7,0,4,0,0,1
D-FINE-M,3976,18,300,23,15,8,0,3,0,0,0
D-FINE-M,3977,10,300,9,7,2,1,2,0,0,0
D-FINE-M,3978,9,300,12,8,4,0,1,0,0,0
D-FINE-M,3979,17,300,17,15,2,0,2,0,0,0
D-FINE-M,3980,22,300,30,21,9,0,1,0,0,0
D-FINE-M,3981,11,300,14,10,4,0,1,0,0,0
D-FINE-M,3982,13,300,9,8,1,1,2,1,0,1
D-FINE-M,3983,29,300,26,23,3,0,5,0,0,1
D-FINE-M,3984,38,300,38,29,9,1,6,0,0,2
D-FINE-M,3985,24,300,21,17,4,0,6,0,0,1
D-FINE-M,3986,29,300,30,23,7,1,5,0,0,0
D-FINE-M,3987,23,300,22,15,7,1,5,0,0,2
D-FINE-M,3988,7,300,6,5,1,0,2,0,0,0
D-FINE-M,3989,23,300,21,17,4,0,6,0,0,0
D-FINE-M,3990,30,300,28,28,0,0,1,1,0,0
D-FINE-M,3991,13,300,14,9,5,0,4,0,0,0
D-FINE-M,3992,33,300,24,21,3,0,9,1,0,2
D-FINE-M,3993,14,300,17,14,3,0,0,0,0,0
D-FINE-M,3994,22,300,8,7,1,4,11,0,0,0
D-FINE-M,3995,13,300,11,10,1,0,3,0,0,0
D-FINE-M,3996,15,300,17,14,3,0,1,0,0,0
D-FINE-M,3997,44,300,44,34,10,1,8,1,0,0
D-FINE-M,3998,5,300,8,4,4,0,1,0,0,0
D-FINE-M,3999,9,300,10,6,4,0,2,0,0,1
D-FINE-M,4000,8,300,8,6,2,1,1,0,0,0
D-FINE-M,4001,8,300,3,3,0,1,4,0,0,0
D-FINE-M,4002,11,300,12,9,3,0,2,0,0,0
D-FINE-M,4003,24,300,21,18,3,1,1,1,0,3
D-FINE-M,4004,6,300,4,3,1,1,2,0,0,0
D-FINE-M,4005,10,300,6,6,0,0,4,0,0,0
D-FINE-M,4006,26,300,9,8,1,4,14,0,0,0
D-FINE-M,4007,27,300,23,21,2,0,6,0,0,0
D-FINE-M,4008,15,300,7,7,0,3,5,0,0,0
D-FINE-M,4009,24,300,23,20,3,1,1,0,0,2
D-FINE-M,4010,26,300,18,17,1,0,8,0,0,1
D-FINE-M,4011,18,300,20,14,6,0,1,0,0,3
D-FINE-M,4012,16,300,18,14,4,0,1,0,0,1
D-FINE-M,4013,24,300,23,9,14,2,12,0,0,1
D-FINE-M,4014,30,300,32,25,7,1,4,0,0,0
D-FINE-M,4015,22,300,25,18,7,1,3,0,0,0
D-FINE-M,4016,12,300,15,8,7,0,4,0,0,0
D-FINE-M,4017,23,300,27,19,8,0,4,0,0,0
D-FINE-M,4018,21,300,25,13,12,0,8,0,0,0
D-FINE-M,4019,29,300,29,25,4,0,4,0,0,0
D-FINE-M,4020,24,300,26,20,6,0,4,0,0,0
D-FINE-M,4021,17,300,18,14,4,0,3,0,0,0
D-FINE-M,4022,25,300,25,20,5,0,4,0,0,1
D-FINE-M,4023,17,300,15,13,2,1,3,0,0,0
D-FINE-M,4024,17,300,19,17,2,0,0,0,0,0
D-FINE-M,4025,9,300,10,9,1,0,0,0,0,0
D-FINE-M,4026,33,300,17,13,4,2,18,0,0,0
D-FINE-M,4027,6,300,5,3,2,0,3,0,0,0
D-FINE-M,4028,40,300,30,23,7,3,13,0,0,1
D-FINE-M,4029,17,300,18,15,3,0,2,0,0,0
D-FINE-M,4030,23,300,22,18,4,0,5,0,0,0
D-FINE-M,4031,14,300,19,14,5,0,0,0,0,0
D-FINE-M,4032,15,300,14,12,2,0,3,0,0,0
D-FINE-M,4033,9,300,13,7,6,0,2,0,0,0
D-FINE-M,4034,27,300,19,16,3,1,10,0,0,0
D-FINE-M,4035,18,300,14,12,2,0,6,0,0,0
D-FINE-M,4036,33,300,25,22,3,0,10,0,0,1
D-FINE-M,4037,28,300,20,15,5,6,6,0,0,1
D-FINE-M,4038,39,300,25,20,5,1,17,0,0,1
D-FINE-M,4039,9,300,13,8,5,0,1,0,0,0
D-FINE-M,4040,14,300,13,11,2,2,1,0,0,0
D-FINE-M,4041,20,300,18,14,4,0,6,0,0,0
D-FINE-M,4042,22,300,22,21,1,0,1,0,0,0
D-FINE-M,4043,17,300,18,14,4,0,3,0,0,0
D-FINE-M,4044,7,300,7,5,2,0,2,0,0,0
D-FINE-M,4045,14,300,14,12,2,0,2,0,0,0
D-FINE-M,4046,26,300,19,17,2,0,9,0,0,0
D-FINE-M,4047,18,300,15,12,3,0,6,0,0,0
D-FINE-M,4048,27,300,23,21,2,0,6,0,0,0
D-FINE-M,4049,24,300,29,22,7,0,1,0,0,1
D-FINE-M,4050,36,300,28,23,5,5,6,0,0,2
D-FINE-M,4051,5,300,5,4,1,0,1,0,0,0
D-FINE-M,4052,13,300,14,11,3,0,2,0,0,0
D-FINE-M,4053,23,300,20,18,2,2,3,0,0,0
D-FINE-M,4054,37,300,25,21,4,1,14,0,0,1
D-FINE-M,4055,23,300,20,18,2,1,4,0,0,0
D-FINE-M,4056,8,300,7,6,1,0,2,0,0,0
D-FINE-M,4057,10,300,6,5,1,1,3,0,0,1
D-FINE-M,4058,10,300,9,7,2,0,3,0,0,0
D-FINE-M,4059,10,300,9,7,2,0,3,0,0,0
D-FINE-M,4060,9,300,7,6,1,0,3,0,0,0
D-FINE-M,4061,8,300,14,6,8,0,2,0,0,0
D-FINE-M,4062,37,300,31,22,9,5,8,0,0,2
D-FINE-M,4063,16,300,18,13,5,1,2,0,0,0
D-FINE-M,4064,31,300,26,24,2,0,7,0,0,0
D-FINE-M,4065,12,300,8,7,1,0,5,0,0,0
D-FINE-M,4066,16,300,16,13,3,1,1,0,0,1
D-FINE-M,4067,10,300,11,9,2,0,1,0,0,0
D-FINE-M,4068,21,300,17,16,1,3,2,0,0,0
D-FINE-M,4069,32,300,27,23,4,1,8,0,0,0
D-FINE-M,4070,19,300,17,13,4,3,3,0,0,0
D-FINE-M,4071,24,300,28,22,6,0,2,0,0,0
D-FINE-M,4072,21,300,22,14,8,0,6,0,0,1
D-FINE-M,4073,19,300,11,9,2,2,8,0,0,0
D-FINE-M,4074,12,300,7,4,3,2,4,0,0,2
D-FINE-M,4075,19,300,20,16,4,0,3,0,0,0
D-FINE-M,4076,30,300,28,24,4,1,3,0,0,2
D-FINE-M,4077,21,300,23,17,6,0,3,0,0,1
D-FINE-M,4078,27,300,20,16,4,1,5,3,0,2
D-FINE-M,4079,12,300,15,11,4,0,0,0,0,1
D-FINE-M,4080,23,300,25,18,7,0,2,0,0,3
D-FINE-M,4081,20,300,23,15,8,0,3,0,0,2
D-FINE-M,4082,13,300,12,10,2,1,2,0,0,0
D-FINE-M,4083,11,300,14,11,3,0,0,0,0,0
D-FINE-M,4084,24,300,22,20,2,0,3,1,0,0
D-FINE-M,4085,12,300,13,10,3,0,2,0,0,0
D-FINE-M,4086,15,300,12,6,6,2,5,0,0,2
D-FINE-M,4087,16,300,13,12,1,0,4,0,0,0
D-FINE-M,4088,15,300,15,11,4,1,2,0,0,1
D-FINE-M,4089,30,300,29,23,6,1,5,1,0,0
D-FINE-M,4090,21,300,21,18,3,2,1,0,0,0
D-FINE-M,4091,12,300,8,6,2,0,5,0,0,1
D-FINE-M,4092,4,300,6,3,3,0,1,0,0,0
D-FINE-M,4093,33,300,30,24,6,0,9,0,0,0
D-FINE-M,4094,15,300,18,14,4,0,1,0,0,0
D-FINE-M,4095,33,300,28,19,9,4,8,0,0,2
D-FINE-M,4096,19,300,17,14,3,0,5,0,0,0
D-FINE-M,4097,13,300,21,10,11,0,1,0,0,2
D-FINE-M,4098,14,300,12,11,1,0,3,0,0,0
D-FINE-M,4099,17,300,13,9,4,2,5,0,0,1
D-FINE-M,4100,9,300,9,8,1,0,1,0,0,0
D-FINE-M,4101,14,300,13,7,6,2,3,0,0,2
D-FINE-M,4102,23,300,26,18,8,0,5,0,0,0
D-FINE-M,4103,16,300,14,9,5,0,6,0,0,1
D-FINE-M,4104,20,300,17,15,2,0,5,0,0,0
D-FINE-M,4105,17,300,13,8,5,2,6,0,0,1
D-FINE-M,4106,20,300,22,18,4,0,1,0,0,1
D-FINE-M,4107,10,300,14,8,6,0,1,0,0,1
D-FINE-M,4108,27,300,20,17,3,0,10,0,0,0
D-FINE-M,4109,12,300,7,4,3,0,7,0,0,1
D-FINE-M,4110,6,300,7,6,1,0,0,0,0,0
D-FINE-M,4111,47,300,17,12,5,14,17,0,0,4
D-FINE-M,4112,19,300,19,16,3,0,3,0,0,0
D-FINE-M,4113,20,300,19,12,7,0,5,0,0,3
D-FINE-M,4114,8,300,10,3,7,0,4,0,0,1
D-FINE-M,4115,20,300,15,14,1,0,3,2,0,1
D-FINE-M,4116,28,300,29,24,5,1,2,1,0,0
D-FINE-M,4117,12,300,11,8,3,0,4,0,0,0
D-FINE-M,4118,17,300,14,10,4,0,5,0,0,2
D-FINE-M,4119,10,300,11,9,2,0,1,0,0,0
D-FINE-M,4120,30,300,23,15,8,4,9,0,0,2
D-FINE-M,4121,17,300,19,14,5,0,3,0,0,0
D-FINE-M,4122,35,300,31,29,2,0,6,0,0,0
D-FINE-M,4123,22,300,25,14,11,0,6,0,0,2
D-FINE-M,4124,8,300,8,6,2,0,2,0,0,0
D-FINE-M,4125,14,300,13,5,8,0,9,0,0,0
D-FINE-M,4126,26,300,26,18,8,1,6,0,0,1
D-FINE-M,4127,4,300,5,3,2,0,0,0,0,1
D-FINE-M,4128,25,300,20,17,3,2,6,0,0,0
D-FINE-M,4129,11,300,8,7,1,0,4,0,0,0
D-FINE-M,4130,47,300,30,27,3,7,12,0,0,1
D-FINE-M,4131,34,300,36,27,9,1,3,0,1,2
D-FINE-M,4132,38,300,23,21,2,5,12,0,0,0
D-FINE-M,4133,17,300,18,14,4,0,3,0,0,0
D-FINE-M,4134,20,300,18,15,3,1,4,0,0,0
D-FINE-M,4135,21,300,18,13,5,4,3,1,0,0
D-FINE-M,4136,19,300,18,14,4,0,5,0,0,0
D-FINE-M,4137,27,300,17,16,1,2,7,1,0,1
D-FINE-M,4138,35,300,32,25,7,1,8,0,0,1
D-FINE-M,4139,13,300,13,11,2,0,2,0,0,0
D-FINE-M,4140,18,300,15,13,2,1,4,0,0,0
D-FINE-M,4141,31,300,24,16,8,4,7,0,0,4
D-FINE-M,4142,15,300,12,10,2,0,2,0,0,3
D-FINE-M,4143,32,300,22,18,4,2,11,1,0,0
D-FINE-M,4144,21,300,18,12,6,0,9,0,0,0
D-FINE-M,4145,26,300,28,20,8,2,1,0,0,3
D-FINE-M,4146,21,300,14,10,4,0,7,0,0,4
D-FINE-M,4147,27,300,23,16,7,4,5,0,0,2
D-FINE-M,4148,10,300,11,9,2,0,0,1,0,0
D-FINE-M,4149,10,300,11,10,1,0,0,0,0,0
D-FINE-M,4150,11,300,11,10,1,0,1,0,0,0
D-FINE-M,4151,22,300,22,18,4,0,4,0,0,0
D-FINE-M,4152,58,300,39,31,8,1,24,0,0,2
D-FINE-M,4153,7,300,7,5,2,0,2,0,0,0
D-FINE-M,4154,26,300,20,19,1,0,7,0,0,0
D-FINE-M,4155,12,300,11,9,2,1,2,0,0,0
D-FINE-M,4156,11,300,13,11,2,0,0,0,0,0
D-FINE-M,4157,20,300,16,13,3,1,5,0,0,1
D-FINE-M,4158,30,300,26,14,12,1,7,0,0,8
D-FINE-M,4159,25,300,21,16,5,0,7,0,0,2
D-FINE-M,4160,16,300,14,12,2,0,4,0,0,0
D-FINE-M,4161,17,300,17,12,5,0,5,0,0,0
D-FINE-M,4162,14,300,12,7,5,1,6,0,0,0
D-FINE-M,4163,22,300,20,19,1,1,2,0,0,0
D-FINE-M,4164,20,300,15,11,4,2,6,0,0,1
D-FINE-M,4165,17,300,18,11,7,1,3,0,0,2
D-FINE-M,4166,25,300,17,11,6,1,7,0,0,6
D-FINE-M,4167,43,300,29,21,8,10,9,0,0,3
D-FINE-M,4168,37,300,31,28,3,3,5,0,0,1
D-FINE-M,4169,19,300,20,15,5,0,3,0,0,1
D-FINE-M,4170,16,300,17,16,1,0,0,0,0,0
D-FINE-M,4171,14,300,14,12,2,0,2,0,0,0
D-FINE-M,4172,13,300,9,9,0,1,2,0,0,1
D-FINE-M,4173,28,300,24,20,4,0,7,0,0,1
D-FINE-M,4174,19,300,19,14,5,1,4,0,0,0
D-FINE-M,4175,9,300,9,6,3,0,3,0,0,0
D-FINE-M,4176,15,300,15,11,4,2,2,0,0,0
D-FINE-M,4177,37,300,39,28,11,2,4,1,0,2
D-FINE-M,4178,11,300,9,8,1,1,1,0,0,1
D-FINE-M,4179,14,300,12,11,1,0,2,0,0,1
D-FINE-M,4180,32,300,23,17,6,4,10,0,0,1
D-FINE-M,4181,17,300,18,14,4,0,3,0,0,0
D-FINE-M,4182,31,300,28,23,5,0,5,0,0,3
D-FINE-M,4183,39,300,39,36,3,1,1,0,0,1
D-FINE-M,4184,11,300,7,3,4,2,6,0,0,0
D-FINE-M,4185,28,300,26,23,3,3,2,0,0,0
D-FINE-M,4186,24,300,18,16,2,2,4,0,0,2
D-FINE-M,4187,16,300,16,14,2,0,2,0,0,0
D-FINE-M,4188,17,300,13,10,3,0,7,0,0,0
D-FINE-M,4189,29,300,20,17,3,3,9,0,0,0
D-FINE-M,4190,18,300,15,12,3,1,5,0,0,0
D-FINE-M,4191,22,300,16,13,3,3,6,0,0,0
D-FINE-M,4192,19,300,22,17,5,0,1,0,0,1
D-FINE-M,4193,31,300,26,19,7,1,8,1,0,2
D-FINE-M,4194,6,300,6,6,0,0,0,0,0,0
D-FINE-M,4195,38,300,29,26,3,1,10,0,0,1
D-FINE-M,4196,31,300,36,26,10,0,4,0,0,1
D-FINE-M,4197,25,300,26,21,5,0,4,0,0,0
D-FINE-M,4198,19,300,20,16,4,0,3,0,0,0
D-FINE-M,4199,10,300,23,10,13,0,0,0,0,0
D-FINE-M,4200,14,300,11,9,2,1,3,1,0,0
D-FINE-M,4201,28,300,30,23,7,0,5,0,0,0
D-FINE-M,4202,25,300,26,22,4,0,2,0,0,1
D-FINE-M,4203,17,300,13,10,3,1,5,1,0,0
D-FINE-M,4204,18,300,17,11,6,0,6,0,0,1
D-FINE-M,4205,13,300,13,12,1,0,1,0,0,0
D-FINE-M,4206,4,300,3,2,1,0,2,0,0,0
D-FINE-M,4207,30,300,33,28,5,1,1,0,0,0
D-FINE-M,4208,11,300,13,10,3,0,1,0,0,0
D-FINE-M,4209,17,300,12,9,3,1,6,0,0,1
D-FINE-M,4210,30,300,33,25,8,0,3,0,0,2
D-FINE-M,4211,24,300,27,18,9,1,4,0,0,1
D-FINE-M,4212,17,300,19,16,3,0,0,0,0,1
D-FINE-M,4213,31,300,30,25,5,0,6,0,0,0
D-FINE-M,4214,6,300,8,5,3,0,1,0,0,0
D-FINE-M,4215,19,300,20,16,4,0,1,1,0,1
D-FINE-M,4216,7,300,9,5,4,0,1,0,0,1
D-FINE-M,4217,7,300,9,4,5,1,1,0,0,1
D-FINE-M,4218,36,300,29,21,8,1,13,0,0,1
D-FINE-M,4219,26,300,17,15,2,3,8,0,0,0
D-FINE-M,4220,16,300,15,10,5,1,5,0,0,0
D-FINE-M,4221,12,300,13,11,2,0,1,0,0,0
D-FINE-M,4222,27,300,32,25,7,0,2,0,0,0
D-FINE-M,4223,8,300,7,7,0,0,1,0,0,0
D-FINE-M,4224,10,300,10,8,2,1,1,0,0,0
D-FINE-M,4225,10,300,13,5,8,0,4,0,0,1
D-FINE-M,4226,16,300,14,10,4,0,4,0,0,2
D-FINE-M,4227,13,300,14,12,2,0,1,0,0,0
D-FINE-M,4228,12,300,10,7,3,0,4,0,0,1
D-FINE-M,4229,22,300,14,9,5,2,9,0,0,2
D-FINE-M,4230,30,300,23,18,5,0,12,0,0,0
D-FINE-M,4231,7,300,4,3,1,0,3,0,0,1
D-FINE-M,4232,8,300,9,8,1,0,0,0,0,0
D-FINE-M,4233,12,300,13,12,1,0,0,0,0,0
D-FINE-M,4234,7,300,8,6,2,0,1,0,0,0
D-FINE-M,4235,23,300,17,12,5,5,4,0,1,1
D-FINE-M,4236,16,300,15,11,4,4,1,0,0,0
D-FINE-M,4237,8,300,3,2,1,0,5,0,0,1
D-FINE-M,4238,12,300,10,8,2,0,2,0,0,2
D-FINE-M,4239,17,300,14,12,2,0,5,0,0,0
D-FINE-M,4240,14,300,15,12,3,0,1,0,0,1
D-FINE-M,4241,18,300,16,12,4,2,4,0,0,0
D-FINE-M,4242,6,300,8,5,3,0,1,0,0,0
D-FINE-M,4243,13,300,9,9,0,0,3,1,0,0
D-FINE-M,4244,8,300,4,3,1,1,3,0,0,1
D-FINE-M,4245,14,300,13,11,2,0,3,0,0,0
D-FINE-M,4246,6,300,3,2,1,1,3,0,0,0
D-FINE-M,4247,15,300,11,5,6,0,8,0,0,2
D-FINE-M,4248,17,300,13,6,7,0,10,0,0,1
D-FINE-M,4249,4,300,4,2,2,0,2,0,0,0
D-FINE-M,4250,18,300,16,11,5,0,7,0,0,0
D-FINE-M,4251,23,300,20,16,4,1,5,0,0,1
D-FINE-M,4252,26,300,29,22,7,0,2,0,0,2
D-FINE-M,4253,44,300,24,19,5,13,11,0,0,1
D-FINE-M,4254,17,300,17,10,7,2,5,0,0,0
D-FINE-M,4255,19,300,22,15,7,0,4,0,0,0
D-FINE-M,4256,18,300,17,14,3,0,3,0,0,1
D-FINE-M,4257,8,300,6,6,0,0,2,0,0,0
D-FINE-M,4258,23,300,21,18,3,1,2,0,0,2
D-FINE-M,4259,53,300,38,29,9,5,18,0,0,1
D-FINE-M,4260,23,300,23,18,5,1,4,0,0,0
D-FINE-M,4261,34,300,28,23,5,2,8,0,1,0
D-FINE-M,4262,11,300,13,11,2,0,0,0,0,0
D-FINE-M,4263,19,300,17,9,8,1,5,0,0,4
D-FINE-M,4264,12,300,6,6,0,1,5,0,0,0
D-FINE-M,4265,15,300,17,15,2,0,0,0,0,0
D-FINE-M,4266,25,300,26,17,9,1,2,0,0,5
D-FINE-M,4267,24,300,20,17,3,0,6,0,0,1
D-FINE-M,4268,39,300,27,21,6,2,13,0,0,3
D-FINE-M,4269,20,300,19,17,2,1,2,0,0,0
D-FINE-M,4270,18,300,15,14,1,1,3,0,0,0
D-FINE-M,4271,8,300,5,5,0,0,2,1,0,0
D-FINE-M,4272,23,300,17,15,2,1,6,0,0,1
D-FINE-M,4273,11,300,10,8,2,0,2,0,0,1
D-FINE-M,4274,24,300,26,23,3,0,1,0,0,0
D-FINE-M,4275,23,300,20,16,4,0,6,0,0,1
D-FINE-M,4276,17,300,18,15,3,0,2,0,0,0
D-FINE-M,4277,23,300,18,16,2,1,6,0,0,0
D-FINE-M,4278,10,300,11,8,3,0,2,0,0,0
D-FINE-M,4279,15,300,17,8,9,0,4,0,0,3
D-FINE-M,4280,14,300,15,9,6,2,2,1,0,0
D-FINE-M,4281,17,300,18,15,3,0,2,0,0,0
D-FINE-M,4282,4,300,5,3,2,0,1,0,0,0
D-FINE-M,4283,6,300,8,6,2,0,0,0,0,0
D-FINE-M,4284,17,300,16,11,5,0,5,0,0,1
D-FINE-M,4285,31,300,27,24,3,0,6,0,0,1
D-FINE-M,4286,27,300,23,18,5,2,6,0,0,1
D-FINE-M,4287,30,300,25,20,5,2,6,0,0,2
D-FINE-M,4288,9,300,11,6,5,0,3,0,0,0
D-FINE-M,4289,25,300,26,21,5,0,3,0,0,1
D-FINE-M,4290,14,300,13,12,1,0,2,0,0,0
D-FINE-M,4291,15,300,16,14,2,1,0,0,0,0
D-FINE-M,4292,9,300,8,8,0,0,1,0,0,0
D-FINE-M,4293,7,300,5,3,2,0,4,0,0,0
D-FINE-M,4294,19,300,19,16,3,0,2,0,0,1
D-FINE-M,4295,15,300,13,10,3,1,4,0,0,0
D-FINE-M,4296,29,300,24,19,5,1,5,0,0,4
D-FINE-M,4297,24,300,17,11,6,3,6,0,0,4
D-FINE-M,4298,25,300,16,14,2,6,4,0,0,1
D-FINE-M,4299,13,300,15,11,4,0,1,0,0,1
D-FINE-M,4300,29,300,21,19,2,0,8,1,0,1
D-FINE-M,4301,19,300,17,13,4,0,2,0,0,4
D-FINE-M,4302,30,300,27,24,3,0,4,2,0,0
D-FINE-M,4303,43,300,40,25,15,2,11,0,2,3
D-FINE-M,4304,9,300,10,8,2,0,1,0,0,0
D-FINE-M,4305,20,300,19,16,3,0,4,0,0,0
D-FINE-M,4306,15,300,15,15,0,0,0,0,0,0
D-FINE-M,4307,29,300,27,24,3,0,2,0,0,3
D-FINE-M,4308,17,300,16,11,5,0,6,0,0,0
D-FINE-M,4309,37,300,27,24,3,2,9,0,0,2
D-FINE-M,4310,35,300,36,27,9,0,7,0,0,1
D-FINE-M,4311,23,300,24,22,2,1,0,0,0,0
D-FINE-M,4312,9,300,13,7,6,0,2,0,0,0
D-FINE-M,4313,39,300,33,26,7,3,6,1,0,3
D-FINE-M,4314,17,300,15,12,3,0,5,0,0,0
D-FINE-M,4315,18,300,14,12,2,0,5,0,0,1
D-FINE-M,4316,14,300,14,10,4,0,4,0,0,0
D-FINE-M,4317,26,300,20,16,4,2,6,0,0,2
D-FINE-M,4318,27,300,33,20,13,0,5,0,0,2
D-FINE-M,4319,24,300,28,19,9,1,3,0,0,1
D-FINE-M,4320,28,300,34,22,12,1,4,0,0,1
D-FINE-M,4321,13,300,9,8,1,0,5,0,0,0
D-FINE-M,4322,30,300,26,19,7,1,9,0,0,1
D-FINE-M,4323,23,300,26,18,8,1,3,0,0,1
D-FINE-M,4324,23,300,16,13,3,1,8,0,0,1
D-FINE-M,4325,24,300,18,17,1,0,7,0,0,0
D-FINE-M,4326,18,300,18,12,6,0,3,0,0,3
D-FINE-M,4327,9,300,9,9,0,0,0,0,0,0
D-FINE-M,4328,37,300,33,23,10,3,6,0,0,5
D-FINE-M,4329,28,300,28,25,3,0,3,0,0,0
D-FINE-M,4330,32,300,20,20,0,0,10,2,0,0
D-FINE-M,4331,25,300,19,16,3,2,7,0,0,0
D-FINE-M,4332,15,300,12,6,6,1,8,0,0,0
D-FINE-M,4333,27,300,28,17,11,2,5,0,0,3
D-FINE-M,4334,32,300,22,19,3,2,10,0,0,1
D-FINE-M,4335,16,300,10,9,1,6,1,0,0,0
D-FINE-M,4336,16,300,15,12,3,0,4,0,0,0
D-FINE-M,4337,10,300,8,8,0,1,1,0,0,0
D-FINE-M,4338,21,300,20,17,3,1,3,0,0,0
D-FINE-M,4339,5,300,5,5,0,0,0,0,0,0
D-FINE-M,4340,27,300,28,17,11,1,7,0,1,1
D-FINE-M,4341,15,300,15,12,3,1,2,0,0,0
D-FINE-M,4342,6,300,7,4,3,0,1,0,0,1
D-FINE-M,4343,13,300,10,9,1,0,3,0,0,1
D-FINE-M,4344,13,300,8,8,0,0,5,0,0,0
D-FINE-M,4345,14,300,13,13,0,0,1,0,0,0
D-FINE-M,4346,12,300,14,11,3,0,0,0,0,1
D-FINE-M,4347,25,300,19,14,5,1,10,0,0,0
D-FINE-M,4348,24,300,23,18,5,0,5,1,0,0
D-FINE-M,4349,14,300,22,12,10,1,1,0,0,0
D-FINE-M,4350,19,300,20,19,1,0,0,0,0,0
D-FINE-M,4351,23,300,25,19,6,0,4,0,0,0
D-FINE-M,4352,6,300,7,6,1,0,0,0,0,0
D-FINE-M,4353,14,300,12,10,2,0,3,0,0,1
D-FINE-M,4354,20,300,23,19,4,0,1,0,0,0
D-FINE-M,4355,24,300,23,17,6,0,7,0,0,0
D-FINE-M,4356,17,300,17,16,1,0,1,0,0,0
D-FINE-M,4357,31,300,28,22,6,3,4,1,0,1
D-FINE-M,4358,10,300,9,6,3,2,1,0,0,1
D-FINE-M,4359,28,300,24,20,4,3,5,0,0,0
D-FINE-M,4360,40,300,36,31,5,2,6,0,0,1
D-FINE-M,4361,33,300,32,26,6,0,7,0,0,0
D-FINE-M,4362,31,300,27,25,2,0,6,0,0,0
D-FINE-M,4363,28,300,27,26,1,1,1,0,0,0
D-FINE-M,4364,16,300,9,4,5,3,7,0,0,2
D-FINE-M,4365,47,300,42,33,9,2,10,2,0,0
D-FINE-M,4366,14,300,15,12,3,0,2,0,0,0
D-FINE-M,4367,17,300,12,8,4,0,9,0,0,0
D-FINE-M,4368,15,300,14,12,2,0,2,0,0,1
D-FINE-M,4369,6,300,6,6,0,0,0,0,0,0
D-FINE-M,4370,13,300,9,5,4,1,6,0,0,1
D-FINE-M,4371,16,300,16,11,5,0,3,0,0,2
D-FINE-M,4372,24,300,15,9,6,0,11,0,0,4
D-FINE-M,4373,22,300,22,16,6,1,5,0,0,0
D-FINE-M,4374,21,300,18,18,0,0,2,0,0,1
D-FINE-M,4375,50,300,35,32,3,4,12,0,0,2
D-FINE-M,4376,27,300,23,21,2,2,4,0,0,0
D-FINE-M,4377,7,300,3,3,0,0,4,0,0,0
D-FINE-M,4378,5,300,4,4,0,0,1,0,0,0
D-FINE-M,4379,39,300,32,28,4,0,9,0,0,2
D-FINE-M,4380,9,300,8,7,1,1,1,0,0,0
D-FINE-M,4381,7,300,6,5,1,0,2,0,0,0
D-FINE-M,4382,16,300,14,12,2,2,2,0,0,0
D-FINE-M,4383,29,300,21,18,3,3,7,0,0,1
D-FINE-M,4384,13,300,11,11,0,0,2,0,0,0
D-FINE-M,4385,19,300,16,10,6,2,6,0,0,1
D-FINE-M,4386,6,300,6,6,0,0,0,0,0,0
D-FINE-M,4387,24,300,26,20,6,1,2,1,0,0
D-FINE-M,4388,4,300,2,2,0,0,2,0,0,0
D-FINE-M,4389,34,300,29,29,0,0,5,0,0,0
D-FINE-M,4390,20,300,19,15,4,0,5,0,0,0
D-FINE-M,4391,30,300,29,25,4,0,5,0,0,0
D-FINE-M,4392,28,300,22,18,4,2,8,0,0,0
D-FINE-M,4393,36,300,27,22,5,0,10,0,0,4
D-FINE-M,4394,7,300,6,4,2,1,2,0,0,0
D-FINE-M,4395,18,300,14,14,0,0,4,0,0,0
D-FINE-M,4396,16,300,14,12,2,0,3,0,0,1
D-FINE-M,4397,10,300,7,7,0,0,3,0,0,0
D-FINE-M,4398,28,300,29,24,5,0,4,0,0,0
D-FINE-M,4399,13,300,12,11,1,1,1,0,0,0
D-FINE-M,4400,27,300,20,19,1,0,5,0,0,3
D-FINE-M,4401,28,300,20,18,2,3,4,2,0,1
D-FINE-M,4402,5,300,5,4,1,0,1,0,0,0
D-FINE-M,4403,25,300,21,17,4,2,6,0,0,0
D-FINE-M,4404,26,300,26,21,5,0,5,0,0,0
D-FINE-M,4405,20,300,22,18,4,0,2,0,0,0
D-FINE-M,4406,6,300,6,6,0,0,0,0,0,0
D-FINE-M,4407,18,300,14,13,1,1,4,0,0,0
D-FINE-M,4408,7,300,6,6,0,0,1,0,0,0
D-FINE-M,4409,20,300,20,17,3,1,2,0,0,0
D-FINE-M,4410,15,300,15,9,6,1,4,0,0,1
D-FINE-M,4411,15,300,11,10,1,0,4,1,0,0
D-FINE-M,4412,6,300,5,5,0,0,1,0,0,0
D-FINE-M,4413,6,300,3,2,1,0,4,0,0,0
D-FINE-M,4414,14,300,15,13,2,0,0,0,0,1
D-FINE-M,4415,24,300,21,15,6,1,6,0,0,2
D-FINE-M,4416,17,300,17,16,1,0,1,0,0,0
D-FINE-M,4417,37,300,31,27,4,1,8,0,0,1
D-FINE-M,4418,5,300,5,5,0,0,0,0,0,0
D-FINE-M,4419,27,300,27,24,3,0,2,0,0,1
D-FINE-M,4420,19,300,19,12,7,1,4,0,0,2
D-FINE-M,4421,16,300,17,13,4,1,0,0,0,2
D-FINE-M,4422,25,300,23,16,7,0,7,0,0,2
D-FINE-M,4423,37,300,30,23,7,1,12,0,0,1
D-FINE-M,4424,12,300,14,9,5,0,2,0,0,1
D-FINE-M,4425,14,300,14,11,3,0,3,0,0,0
D-FINE-M,4426,8,300,9,5,4,2,1,0,0,0
D-FINE-M,4427,14,300,12,11,1,1,1,0,0,1
D-FINE-M,4428,6,300,8,6,2,0,0,0,0,0
D-FINE-M,4429,15,300,13,11,2,1,3,0,0,0
D-FINE-M,4430,24,300,22,20,2,0,4,0,0,0
D-FINE-M,4431,5,300,7,5,2,0,0,0,0,0
D-FINE-M,4432,33,300,26,22,4,1,9,0,0,1
D-FINE-M,4433,25,300,21,15,6,1,8,0,0,1
D-FINE-M,4434,19,300,22,14,8,0,2,1,0,2
D-FINE-M,4435,6,300,5,5,0,0,1,0,0,0
D-FINE-M,4436,22,300,24,19,5,0,2,0,0,1
D-FINE-M,4437,18,300,18,10,8,0,5,1,0,2
D-FINE-M,4438,12,300,14,11,3,0,0,0,0,1
D-FINE-M,4439,25,300,22,18,4,0,7,0,0,0
D-FINE-M,4440,12,300,10,9,1,0,2,0,0,1
D-FINE-M,4441,27,300,29,20,9,0,4,0,0,3
D-FINE-M,4442,18,300,27,15,12,0,2,0,0,1
D-FINE-M,4443,26,300,21,21,0,0,5,0,0,0
D-FINE-M,4444,9,300,7,6,1,1,2,0,0,0
D-FINE-M,4445,8,300,11,8,3,0,0,0,0,0
D-FINE-M,4446,25,300,31,19,12,0,4,2,0,0
D-FINE-M,4447,23,300,19,16,3,2,5,0,0,0
D-FINE-M,4448,20,300,19,16,3,0,3,0,0,1
D-FINE-M,4449,12,300,7,6,1,1,5,0,0,0
D-FINE-M,4450,21,300,20,18,2,0,2,0,0,1
D-FINE-M,4451,21,300,19,14,5,0,5,0,0,2
D-FINE-M,4452,22,300,18,14,4,1,6,0,0,1
D-FINE-M,4453,13,300,15,6,9,0,4,0,0,3
D-FINE-M,4454,13,300,10,8,2,0,5,0,0,0
D-FINE-M,4455,11,300,10,10,0,0,1,0,0,0
D-FINE-M,4456,9,300,10,8,2,0,1,0,0,0
D-FINE-M,4457,7,300,7,4,3,0,3,0,0,0
D-FINE-M,4458,7,300,7,7,0,0,0,0,0,0
D-FINE-M,4459,35,300,28,21,7,4,9,1,0,0
D-FINE-M,4460,22,300,16,13,3,0,8,1,0,0
D-FINE-M,4461,26,300,28,23,5,0,3,0,0,0
D-FINE-M,4462,19,300,17,14,3,2,3,0,0,0
D-FINE-M,4463,28,300,19,16,3,0,11,0,0,1
D-FINE-M,4464,28,300,32,21,11,0,5,0,0,2
D-FINE-M,4465,5,300,5,4,1,0,1,0,0,0
D-FINE-M,4466,23,300,18,14,4,0,5,0,0,4
D-FINE-M,4467,27,300,25,21,4,0,2,0,0,4
D-FINE-M,4468,17,300,18,11,7,0,6,0,0,0
D-FINE-M,4469,22,300,19,10,9,3,7,0,0,2
D-FINE-M,4470,12,300,14,8,6,0,3,0,0,1
D-FINE-M,4471,25,300,27,15,12,1,3,0,0,6
D-FINE-M,4472,20,300,20,15,5,1,1,0,0,3
D-FINE-M,4473,45,300,18,17,1,9,18,0,0,1
D-FINE-M,4474,14,300,15,10,5,1,2,0,0,1
D-FINE-M,4475,18,300,19,16,3,0,1,0,0,1
D-FINE-M,4476,20,300,16,14,2,0,5,0,0,1
D-FINE-M,4477,9,300,11,6,5,1,2,0,0,0
D-FINE-M,4478,26,300,19,14,5,2,5,0,0,5
D-FINE-M,4479,31,300,34,25,9,2,3,0,0,1
D-FINE-M,4480,18,300,16,14,2,2,2,0,0,0
D-FINE-M,4481,11,300,9,8,1,0,3,0,0,0
D-FINE-M,4482,24,300,21,17,4,0,6,0,0,1
D-FINE-M,4483,10,300,7,7,0,0,3,0,0,0
D-FINE-M,4484,16,300,13,13,0,1,2,0,0,0
D-FINE-M,4485,10,300,11,7,4,0,2,0,0,1
D-FINE-M,4486,6,300,6,4,2,0,2,0,0,0
D-FINE-M,4487,9,300,8,7,1,1,1,0,0,0
D-FINE-M,4488,11,300,15,11,4,0,0,0,0,0
D-FINE-M,4489,22,300,23,17,6,0,3,0,0,2
D-FINE-M,4490,9,300,9,8,1,0,1,0,0,0
D-FINE-M,4491,15,300,17,13,4,0,2,0,0,0
D-FINE-M,4492,7,300,6,6,0,0,1,0,0,0
D-FINE-M,4493,37,300,39,30,9,1,4,0,0,2
D-FINE-M,4494,24,300,19,18,1,0,4,2,0,0
D-FINE-M,4495,23,300,19,19,0,1,3,0,0,0
D-FINE-M,4496,6,300,5,5,0,1,0,0,0,0
D-FINE-M,4497,19,300,16,15,1,1,3,0,0,0
D-FINE-M,4498,4,300,4,2,2,0,2,0,0,0
D-FINE-M,4499,26,300,17,10,7,4,11,0,0,1
D-FINE-M,4500,22,300,11,11,0,2,9,0,0,0
D-FINE-M,4501,24,300,16,15,1,1,7,0,0,1
D-FINE-M,4502,12,300,16,11,5,0,1,0,0,0
D-FINE-M,4503,6,300,8,6,2,0,0,0,0,0
D-FINE-M,4504,15,300,14,13,1,0,2,0,0,0
D-FINE-M,4505,8,300,7,6,1,0,2,0,0,0
D-FINE-M,4506,5,300,5,4,1,0,1,0,0,0
D-FINE-M,4507,17,300,19,13,6,0,4,0,0,0
D-FINE-M,4508,4,300,3,2,1,1,1,0,0,0
D-FINE-M,4509,23,300,21,18,3,0,4,0,0,1
D-FINE-M,4510,31,300,23,19,4,3,9,0,0,0
D-FINE-M,4511,30,300,24,20,4,0,10,0,0,0
D-FINE-M,4512,15,300,13,11,2,0,4,0,0,0
D-FINE-M,4513,16,300,23,16,7,0,0,0,0,0
D-FINE-M,4514,13,300,14,9,5,1,2,0,0,1
D-FINE-M,4515,18,300,17,14,3,0,4,0,0,0
D-FINE-M,4516,6,300,7,5,2,0,1,0,0,0
D-FINE-M,4517,9,300,11,7,4,0,1,0,0,1
D-FINE-M,4518,22,300,18,16,2,0,4,0,0,2
D-FINE-M,4519,28,300,25,19,6,1,5,0,0,3
D-FINE-M,4520,6,300,6,5,1,0,1,0,0,0
D-FINE-M,4521,21,300,19,14,5,3,2,0,0,2
D-FINE-M,4522,9,300,7,6,1,0,2,0,0,1
D-FINE-M,4523,17,300,16,15,1,0,2,0,0,0
D-FINE-M,4524,8,300,12,6,6,0,1,0,0,1
D-FINE-M,4525,15,300,15,12,3,0,2,0,0,1
D-FINE-M,4526,6,300,5,5,0,0,1,0,0,0
D-FINE-M,4527,11,300,18,9,9,0,0,0,1,1
D-FINE-M,4528,6,300,4,3,1,1,2,0,0,0
D-FINE-M,4529,19,300,20,13,7,2,3,0,0,1
D-FINE-M,4530,15,300,11,7,4,1,4,0,0,3
D-FINE-M,4531,15,300,13,8,5,0,7,0,0,0
D-FINE-M,4532,9,300,6,5,1,2,1,0,0,1
D-FINE-M,4533,16,300,13,9,4,2,3,0,0,2
D-FINE-M,4534,19,300,19,17,2,0,2,0,0,0
D-FINE-M,4535,4,300,3,3,0,0,1,0,0,0
D-FINE-M,4536,23,300,22,17,5,2,2,0,0,2
D-FINE-M,4537,17,300,17,10,7,0,5,0,0,2
D-FINE-M,4538,13,300,10,8,2,1,4,0,0,0
D-FINE-M,4539,23,300,19,17,2,1,3,0,0,2
D-FINE-M,4540,20,300,17,14,3,2,4,0,0,0
D-FINE-M,4541,16,300,16,14,2,0,1,1,0,0
D-FINE-M,4542,6,300,6,5,1,0,1,0,0,0
D-FINE-M,4543,22,300,17,16,1,3,3,0,0,0
D-FINE-M,4544,6,300,8,5,3,0,0,0,0,1
D-FINE-M,4545,20,300,13,11,2,0,9,0,0,0
D-FINE-M,4546,14,300,15,9,6,1,3,0,0,1
D-FINE-M,4547,5,300,5,3,2,0,2,0,0,0
D-FINE-M,4548,11,300,9,7,2,2,2,0,0,0
D-FINE-M,4549,11,300,10,8,2,0,3,0,0,0
D-FINE-M,4550,16,300,11,11,0,0,4,1,0,0
D-FINE-M,4551,12,300,10,7,3,2,3,0,0,0
D-FINE-M,4552,21,300,20,18,2,1,2,0,0,0
D-FINE-M,4553,12,300,9,7,2,0,5,0,0,0
D-FINE-M,4554,22,300,17,15,2,1,6,0,0,0
D-FINE-M,4555,7,300,2,2,0,0,5,0,0,0
D-FINE-M,4556,16,300,13,10,3,0,5,0,0,1
D-FINE-M,4557,19,300,14,13,1,0,5,0,0,1
D-FINE-M,4558,37,300,30,28,2,1,7,0,0,1
D-FINE-M,4559,10,300,9,9,0,0,1,0,0,0
D-FINE-M,4560,8,300,6,6,0,0,2,0,0,0
D-FINE-M,4561,43,300,30,23,7,4,12,0,0,4
D-FINE-M,4562,18,300,15,14,1,1,3,0,0,0
D-FINE-M,4563,24,300,30,21,9,0,3,0,0,0
D-FINE-M,4564,28,300,15,13,2,2,12,0,0,1
D-FINE-M,4565,22,300,21,16,5,0,5,0,0,1
D-FINE-M,4566,6,300,6,5,1,0,1,0,0,0
D-FINE-M,4567,11,300,14,7,7,0,3,0,0,1
D-FINE-M,4568,11,300,11,9,2,0,2,0,0,0
D-FINE-M,4569,11,300,12,10,2,0,1,0,0,0
D-FINE-M,4570,6,300,8,6,2,0,0,0,0,0
D-FINE-M,4571,10,300,12,10,2,0,0,0,0,0
D-FINE-M,4572,24,300,23,21,2,0,3,0,0,0
D-FINE-M,4573,24,300,23,20,3,1,3,0,0,0
D-FINE-M,4574,19,300,17,14,3,0,5,0,0,0
D-FINE-M,4575,25,300,25,22,3,1,2,0,0,0
D-FINE-M,4576,12,300,12,8,4,0,3,0,0,1
D-FINE-M,4577,21,300,24,19,5,0,1,1,0,0
D-FINE-M,4578,14,300,12,10,2,0,4,0,0,0
D-FINE-M,4579,5,300,6,5,1,0,0,0,0,0
D-FINE-M,4580,9,300,12,8,4,0,1,0,0,0
D-FINE-M,4581,24,300,22,19,3,0,3,0,0,2
D-FINE-M,4582,22,300,16,12,4,0,8,0,0,2
D-FINE-M,4583,18,300,14,12,2,0,6,0,0,0
D-FINE-M,4584,11,300,12,10,2,0,1,0,0,0
D-FINE-M,4585,20,300,24,16,8,0,3,0,0,1
D-FINE-M,4586,9,300,8,8,0,0,1,0,0,0
D-FINE-M,4587,22,300,19,15,4,0,7,0,0,0
D-FINE-M,4588,26,300,24,21,3,0,5,0,0,0
D-FINE-M,4589,5,300,4,3,1,0,2,0,0,0
D-FINE-M,4590,16,300,16,14,2,1,1,0,0,0
D-FINE-M,4591,6,300,8,6,2,0,0,0,0,0
D-FINE-M,4592,4,300,6,4,2,0,0,0,0,0
D-FINE-M,4593,37,300,30,24,6,2,11,0,0,0
D-FINE-M,4594,10,300,10,9,1,0,1,0,0,0
D-FINE-M,4595,12,300,13,12,1,0,0,0,0,0
D-FINE-M,4596,15,300,15,12,3,0,3,0,0,0
D-FINE-M,4597,26,300,13,12,1,8,6,0,0,0
D-FINE-M,4598,8,300,4,4,0,2,1,0,0,1
D-FINE-M,4599,19,300,8,8,0,4,7,0,0,0
D-FINE-M,4600,19,300,16,14,2,1,3,0,0,1
D-FINE-M,4601,24,300,24,21,3,0,3,0,0,0
D-FINE-M,4602,10,300,11,8,3,0,2,0,0,0
D-FINE-M,4603,8,300,6,4,2,0,4,0,0,0
D-FINE-M,4604,22,300,14,13,1,3,6,0,0,0
D-FINE-M,4605,21,300,21,15,6,0,5,0,0,1
D-FINE-M,4606,27,300,25,19,6,1,6,0,0,1
D-FINE-M,4607,5,300,4,3,1,1,1,0,0,0
D-FINE-M,4608,9,300,11,8,3,1,0,0,0,0
D-FINE-M,4609,57,300,44,37,7,4,12,1,0,3
D-FINE-M,4610,14,300,20,13,7,0,1,0,0,0
D-FINE-M,4611,28,300,15,10,5,4,11,0,0,3
D-FINE-M,4612,21,300,19,15,4,1,4,0,0,1
D-FINE-M,4613,16,300,9,8,1,3,5,0,0,0
D-FINE-M,4614,18,300,14,13,1,1,3,0,0,1
D-FINE-M,4615,12,300,12,9,3,0,3,0,0,0
D-FINE-M,4616,19,300,20,14,6,0,4,0,0,1
D-FINE-M,4617,7,300,9,6,3,0,0,1,0,0
D-FINE-M,4618,10,300,7,7,0,1,2,0,0,0
D-FINE-M,4619,21,300,26,16,10,1,2,0,0,2
D-FINE-M,4620,8,300,3,3,0,0,5,0,0,0
D-FINE-M,4621,26,300,20,15,5,0,10,0,0,1
D-FINE-M,4622,4,300,5,4,1,0,0,0,0,0
D-FINE-M,4623,7,300,5,4,1,0,3,0,0,0
D-FINE-M,4624,14,300,6,4,2,1,9,0,0,0
D-FINE-M,4625,19,300,11,6,5,2,11,0,0,0
D-FINE-M,4626,10,300,11,7,4,0,3,0,0,0
D-FINE-M,4627,30,300,22,20,2,2,6,0,0,2
D-FINE-M,4628,11,300,9,8,1,2,0,0,0,1
D-FINE-M,4629,9,300,11,8,3,0,1,0,0,0
D-FINE-M,4630,7,300,7,6,1,0,1,0,0,0
D-FINE-M,4631,22,300,17,16,1,0,6,0,0,0
D-FINE-M,4632,34,300,23,21,2,3,8,0,0,2
D-FINE-M,4633,18,300,21,16,5,0,0,0,0,2
D-FINE-M,4634,15,300,17,13,4,1,1,0,0,0
D-FINE-M,4635,6,300,12,4,8,0,2,0,0,0
D-FINE-M,4636,18,300,18,14,4,1,2,0,0,1
D-FINE-M,4637,11,300,8,8,0,1,2,0,0,0
D-FINE-M,4638,9,300,8,5,3,0,4,0,0,0
D-FINE-M,4639,10,300,11,9,2,1,0,0,0,0
D-FINE-M,4640,11,300,10,7,3,0,2,0,0,2
D-FINE-M,4641,11,300,11,8,3,0,2,0,0,1
D-FINE-M,4642,12,300,16,9,7,0,2,0,0,1
D-FINE-M,4643,17,300,17,14,3,0,2,0,0,1
D-FINE-M,4644,16,300,14,9,5,0,3,0,0,4
D-FINE-M,4645,23,300,24,20,4,1,2,0,0,0
D-FINE-M,4646,20,300,14,13,1,1,5,0,0,1
D-FINE-M,4647,6,300,8,6,2,0,0,0,0,0
D-FINE-M,4648,38,300,26,19,7,4,15,0,0,0
D-FINE-M,4649,23,300,18,13,5,4,4,0,0,2
D-FINE-M,4650,10,300,11,9,2,0,1,0,0,0
D-FINE-M,4651,19,300,14,14,0,1,4,0,0,0
D-FINE-M,4652,31,300,34,25,9,2,0,0,0,4
D-FINE-M,4653,14,300,13,11,2,0,3,0,0,0
D-FINE-M,4654,21,300,20,18,2,1,2,0,0,0
D-FINE-M,4655,15,300,12,10,2,0,5,0,0,0
D-FINE-M,4656,13,300,11,11,0,0,2,0,0,0
D-FINE-M,4657,14,300,19,11,8,0,3,0,0,0
D-FINE-M,4658,24,300,19,18,1,3,2,1,0,0
D-FINE-M,4659,15,300,14,11,3,0,2,0,0,2
D-FINE-M,4660,18,300,13,8,5,2,8,0,0,0
D-FINE-M,4661,13,300,11,10,1,0,2,0,0,1
D-FINE-M,4662,11,300,9,8,1,0,3,0,0,0
D-FINE-M,4663,11,300,9,8,1,1,2,0,0,0
D-FINE-M,4664,18,300,22,17,5,0,1,0,0,0
D-FINE-M,4665,26,300,22,18,4,1,6,0,0,1
D-FINE-M,4666,19,300,16,13,3,1,4,0,0,1
D-FINE-M,4667,10,300,7,7,0,0,3,0,0,0
D-FINE-M,4668,32,300,22,16,6,6,10,0,0,0
D-FINE-M,4669,7,300,5,5,0,0,2,0,0,0
D-FINE-M,4670,25,300,18,16,2,4,5,0,0,0
D-FINE-M,4671,10,300,10,7,3,0,2,0,0,1
D-FINE-M,4672,18,300,17,11,6,1,4,0,0,2
D-FINE-M,4673,20,300,15,14,1,2,4,0,0,0
D-FINE-M,4674,16,300,18,16,2,0,0,0,0,0
D-FINE-M,4675,17,300,23,16,7,0,1,0,0,0
D-FINE-M,4676,17,300,18,16,2,0,1,0,0,0
D-FINE-M,4677,4,300,5,4,1,0,0,0,0,0
D-FINE-M,4678,14,300,12,10,2,0,4,0,0,0
D-FINE-M,4679,20,300,14,12,2,1,6,0,0,1
D-FINE-M,4680,6,300,8,5,3,0,1,0,0,0
D-FINE-M,4681,4,300,5,4,1,0,0,0,0,0
D-FINE-M,4682,5,300,3,1,2,0,4,0,0,0
D-FINE-M,4683,4,300,4,4,0,0,0,0,0,0
D-FINE-M,4684,14,300,11,7,4,0,7,0,0,0
D-FINE-M,4685,34,300,26,21,5,1,10,0,0,2
D-FINE-M,4686,5,300,6,5,1,0,0,0,0,0
D-FINE-M,4687,6,300,4,2,2,0,4,0,0,0
D-FINE-M,4688,18,300,13,10,3,1,5,0,0,2
D-FINE-M,4689,35,300,31,22,9,1,7,1,0,4
D-FINE-M,4690,24,300,19,16,3,1,6,0,0,1
D-FINE-M,4691,7,300,8,5,3,0,2,0,0,0
D-FINE-M,4692,17,300,25,11,14,1,4,0,0,1
D-FINE-M,4693,6,300,7,4,3,0,2,0,0,0
D-FINE-M,4694,9,300,8,5,3,0,4,0,0,0
D-FINE-M,4695,18,300,14,12,2,1,5,0,0,0
D-FINE-M,4696,22,300,24,18,6,0,4,0,0,0
D-FINE-M,4697,16,300,18,15,3,0,1,0,0,0
D-FINE-M,4698,13,300,10,6,4,2,5,0,0,0
D-FINE-M,4699,12,300,15,9,6,0,3,0,0,0
D-FINE-M,4700,14,300,10,10,0,1,3,0,0,0
D-FINE-M,4701,14,300,10,10,0,2,2,0,0,0
D-FINE-M,4702,13,300,14,10,4,0,3,0,0,0
D-FINE-M,4703,16,300,14,12,2,1,2,1,0,0
D-FINE-M,4704,26,300,23,17,6,2,3,0,0,4
D-FINE-M,4705,17,300,21,14,7,0,3,0,0,0
D-FINE-M,4706,14,300,14,11,3,0,2,0,0,1
D-FINE-M,4707,34,300,31,22,9,1,8,0,0,3
D-FINE-M,4708,25,300,12,8,4,4,12,0,0,1
D-FINE-M,4709,15,300,11,11,0,0,4,0,0,0
D-FINE-M,4710,12,300,16,8,8,0,3,0,0,1
D-FINE-M,4711,10,300,9,7,2,0,3,0,0,0
D-FINE-M,4712,8,300,7,5,2,0,3,0,0,0
D-FINE-M,4713,23,300,23,18,5,1,4,0,0,0
D-FINE-M,4714,17,300,15,9,6,0,4,0,0,4
D-FINE-M,4715,55,300,47,38,9,4,11,0,0,2
D-FINE-M,4716,17,300,18,13,5,0,4,0,0,0
D-FINE-M,4717,18,300,7,4,3,4,9,0,0,1
D-FINE-M,4718,5,300,5,3,2,0,2,0,0,0
D-FINE-M,4719,11,300,14,10,4,0,0,0,0,1
D-FINE-M,4720,5,300,5,4,1,0,1,0,0,0
D-FINE-M,4721,16,300,14,13,1,1,2,0,0,0
D-FINE-M,4722,5,300,5,5,0,0,0,0,0,0
D-FINE-M,4723,10,300,9,8,1,0,1,0,0,1
D-FINE-M,4724,22,300,22,18,4,1,3,0,0,0
D-FINE-M,4725,13,300,19,13,6,0,0,0,0,0
D-FINE-M,4726,13,300,9,8,1,2,3,0,0,0
D-FINE-M,4727,25,300,26,18,8,0,6,0,0,1
D-FINE-M,4728,12,300,10,9,1,0,3,0,0,0
D-FINE-M,4729,21,300,16,13,3,2,6,0,0,0
D-FINE-M,4730,12,300,10,9,1,0,3,0,0,0
D-FINE-M,4731,26,300,24,24,0,0,2,0,0,0
D-FINE-M,4732,25,300,19,15,4,2,4,0,0,4
D-FINE-M,4733,17,300,15,10,5,0,4,1,0,2
D-FINE-M,4734,23,300,30,21,9,0,1,0,0,1
D-FINE-M,4735,19,300,22,16,6,0,1,0,0,2
D-FINE-M,4736,33,300,27,27,0,0,6,0,0,0
D-FINE-M,4737,21,300,24,19,5,0,1,0,0,1
D-FINE-M,4738,17,300,20,14,6,1,2,0,0,0
D-FINE-M,4739,18,300,18,13,5,0,4,0,0,1
D-FINE-M,4740,25,300,18,16,2,0,8,0,0,1
D-FINE-M,4741,27,300,26,18,8,1,7,0,0,1
D-FINE-M,4742,51,300,43,36,7,4,9,0,0,2
D-FINE-M,4743,18,300,16,12,4,0,6,0,0,0
D-FINE-M,4744,20,300,15,13,2,2,4,0,0,1
D-FINE-M,4745,28,300,26,23,3,0,3,0,0,2
D-FINE-M,4746,19,300,22,16,6,1,1,0,0,1
D-FINE-M,4747,24,300,16,14,2,2,8,0,0,0
D-FINE-M,4748,17,300,18,12,6,0,4,0,0,1
D-FINE-M,4749,23,300,20,15,5,1,7,0,0,0
D-FINE-M,4750,28,300,30,24,6,0,2,0,0,2
D-FINE-M,4751,32,300,21,16,5,1,15,0,0,0
D-FINE-M,4752,37,300,35,25,10,0,8,0,0,4
D-FINE-M,4753,19,300,18,13,5,0,6,0,0,0
D-FINE-M,4754,13,300,18,10,8,0,2,1,0,0
D-FINE-M,4755,28,300,28,23,5,1,4,0,0,0
D-FINE-M,4756,16,300,20,15,5,0,1,0,0,0
D-FINE-M,4757,5,300,5,4,1,0,1,0,0,0
D-FINE-M,4758,4,300,8,4,4,0,0,0,0,0
D-FINE-M,4759,8,300,14,8,6,0,0,0,0,0
D-FINE-M,4760,36,300,21,15,6,2,17,0,0,2
D-FINE-M,4761,23,300,21,19,2,0,4,0,0,0
D-FINE-M,4762,21,300,22,19,3,0,2,0,0,0
D-FINE-M,4763,16,300,10,9,1,2,4,0,0,1
D-FINE-M,4764,27,300,27,20,7,2,3,0,0,2
D-FINE-M,4765,27,300,28,24,4,0,3,0,0,0
D-FINE-M,4766,16,300,11,10,1,0,4,0,0,2
D-FINE-M,4767,29,300,23,20,3,0,9,0,0,0
D-FINE-M,4768,15,300,16,13,3,0,1,0,0,1
D-FINE-M,4769,11,300,7,6,1,1,4,0,0,0
D-FINE-M,4770,31,300,30,26,4,1,3,0,0,1
D-FINE-M,4771,13,300,11,9,2,0,4,0,0,0
D-FINE-M,4772,29,300,22,20,2,1,8,0,0,0
D-FINE-M,4773,40,300,25,24,1,5,11,0,0,0
D-FINE-M,4774,23,300,16,15,1,1,6,0,0,1
D-FINE-M,4775,27,300,23,20,3,3,4,0,0,0
D-FINE-M,4776,15,300,13,13,0,0,2,0,0,0
D-FINE-M,4777,31,300,30,26,4,0,5,0,0,0
D-FINE-M,4778,11,300,13,10,3,0,1,0,0,0
D-FINE-M,4779,14,300,19,9,10,0,5,0,0,0
D-FINE-M,4780,19,300,17,15,2,0,3,0,0,1
D-FINE-M,4781,13,300,13,11,2,0,2,0,0,0
D-FINE-M,4782,15,300,15,9,6,1,4,0,0,1
D-FINE-M,4783,13,300,12,12,0,0,1,0,0,0
D-FINE-M,4784,10,300,11,9,2,1,0,0,0,0
D-FINE-M,4785,25,300,18,17,1,0,7,0,0,1
D-FINE-M,4786,14,300,14,10,4,0,3,0,0,1
D-FINE-M,4787,25,300,18,14,4,1,10,0,0,0
D-FINE-M,4788,17,300,21,14,7,0,3,0,0,0
D-FINE-M,4789,36,300,38,33,5,0,3,0,0,0
D-FINE-M,4790,27,300,30,22,8,1,4,0,0,0
D-FINE-M,4791,20,300,17,16,1,0,4,0,0,0
D-FINE-M,4792,4,300,4,2,2,0,2,0,0,0
D-FINE-M,4793,41,300,34,30,4,0,6,1,0,4
D-FINE-M,4794,6,300,7,6,1,0,0,0,0,0
D-FINE-M,4795,24,300,21,12,9,1,10,0,0,1
D-FINE-M,4796,11,300,11,7,4,0,3,0,0,1
D-FINE-M,4797,16,300,23,13,10,1,0,0,0,2
D-FINE-M,4798,20,300,19,13,6,0,7,0,0,0
D-FINE-M,4799,6,300,6,6,0,0,0,0,0,0
D-FINE-M,4800,32,300,30,25,5,1,4,1,0,1
D-FINE-M,4801,18,300,24,16,8,0,2,0,0,0
D-FINE-M,4802,24,300,22,19,3,0,4,0,0,1
D-FINE-M,4803,16,300,13,13,0,0,3,0,0,0
D-FINE-M,4804,28,300,29,20,9,0,7,0,0,1
D-FINE-M,4805,25,300,21,17,4,2,4,0,0,2
D-FINE-M,4806,16,300,18,15,3,0,1,0,0,0
D-FINE-M,4807,19,300,16,12,4,1,6,0,0,0
D-FINE-M,4808,39,300,40,28,12,0,10,1,0,0
D-FINE-M,4809,9,300,8,7,1,0,2,0,0,0
D-FINE-M,4810,23,300,26,16,10,1,5,0,0,1
D-FINE-M,4811,16,300,17,15,2,0,0,0,0,1
D-FINE-M,4812,9,300,11,6,5,0,1,0,0,2
D-FINE-M,4813,20,300,22,18,4,0,1,0,0,1
D-FINE-M,4814,18,300,16,14,2,0,2,0,0,2
D-FINE-M,4815,12,300,9,8,1,0,4,0,0,0
D-FINE-M,4816,9,300,7,6,1,0,2,1,0,0
D-FINE-M,4817,24,300,21,19,2,2,3,0,0,0
D-FINE-M,4818,32,300,24,21,3,5,5,0,0,1
D-FINE-M,4819,23,300,25,20,5,1,2,0,0,0
D-FINE-M,4820,10,300,8,6,2,1,3,0,0,0
D-FINE-M,4821,19,300,17,14,3,0,4,0,0,1
D-FINE-M,4822,11,300,14,9,5,0,0,0,0,2
D-FINE-M,4823,28,300,22,14,8,0,12,0,0,2
D-FINE-M,4824,28,300,20,16,4,3,9,0,0,0
D-FINE-M,4825,12,300,10,9,1,0,3,0,0,0
D-FINE-M,4826,16,300,18,10,8,0,5,0,0,1
D-FINE-M,4827,15,300,11,10,1,1,3,1,0,0
D-FINE-M,4828,5,300,4,4,0,1,0,0,0,0
D-FINE-M,4829,14,300,9,9,0,1,4,0,0,0
D-FINE-M,4830,9,300,8,6,2,0,2,0,0,1
D-FINE-M,4831,25,300,20,17,3,0,6,0,0,2
D-FINE-M,4832,15,300,14,12,2,1,2,0,0,0
D-FINE-M,4833,20,300,15,13,2,0,7,0,0,0
D-FINE-M,4834,12,300,14,11,3,0,1,0,0,0
D-FINE-M,4835,14,300,12,9,3,1,2,0,0,2
D-FINE-M,4836,28,300,29,19,10,0,5,0,0,4
D-FINE-M,4837,16,300,16,13,3,0,3,0,0,0
D-FINE-M,4838,13,300,8,6,2,2,5,0,0,0
D-FINE-M,4839,30,300,19,16,3,2,8,0,0,4
D-FINE-M,4840,16,300,15,13,2,0,2,0,0,1
D-FINE-M,4841,25,300,25,16,9,0,8,0,0,1
D-FINE-M,4842,19,300,19,12,7,1,6,0,0,0
D-FINE-M,4843,21,300,19,16,3,0,5,0,0,0
D-FINE-M,4844,35,300,15,13,2,8,14,0,0,0
D-FINE-M,4845,24,300,25,23,2,0,1,0,0,0
D-FINE-M,4846,9,300,10,9,1,0,0,0,0,0
D-FINE-M,4847,24,300,18,12,6,2,7,0,0,3
D-FINE-M,4848,24,300,24,19,5,0,5,0,0,0
D-FINE-M,4849,23,300,20,19,1,0,4,0,0,0
D-FINE-M,4850,23,300,25,15,10,1,2,0,0,5
D-FINE-M,4851,14,300,17,13,4,0,1,0,0,0
D-FINE-M,4852,14,300,18,13,5,0,1,0,0,0
D-FINE-M,4853,11,300,12,6,6,0,2,0,0,3
D-FINE-M,4854,20,300,16,13,3,0,7,0,0,0
D-FINE-M,4855,53,300,35,30,5,6,14,1,0,2
D-FINE-M,4856,21,300,17,12,5,1,6,0,0,2
D-FINE-M,4857,8,300,8,7,1,0,1,0,0,0
D-FINE-M,4858,11,300,11,10,1,0,1,0,0,0
D-FINE-M,4859,7,300,8,6,2,0,1,0,0,0
D-FINE-M,4860,23,300,17,10,7,2,8,0,0,3
D-FINE-M,4861,35,300,31,28,3,2,5,0,0,0
D-FINE-M,4862,24,300,27,22,5,0,2,0,0,0
D-FINE-M,4863,23,300,15,14,1,2,7,0,0,0
D-FINE-M,4864,26,300,26,22,4,0,4,0,0,0
D-FINE-M,4865,39,300,27,21,6,3,15,0,0,0
D-FINE-M,4866,14,300,15,13,2,0,1,0,0,0
D-FINE-M,4867,10,300,11,9,2,0,0,0,0,1
D-FINE-M,4868,6,300,7,6,1,0,0,0,0,0
D-FINE-M,4869,16,300,17,14,3,0,2,0,0,0
D-FINE-M,4870,8,300,7,5,2,0,3,0,0,0
D-FINE-M,4871,19,300,16,15,1,0,3,0,0,1
D-FINE-M,4872,26,300,26,19,7,0,5,1,0,1
D-FINE-M,4873,50,300,28,23,5,8,15,1,0,3
D-FINE-M,4874,13,300,9,5,4,1,7,0,0,0
D-FINE-M,4875,10,300,11,6,5,0,3,0,0,1
D-FINE-M,4876,34,300,30,27,3,0,7,0,0,0
D-FINE-M,4877,11,300,13,11,2,0,0,0,0,0
D-FINE-M,4878,4,300,5,4,1,0,0,0,0,0
D-FINE-M,4879,22,300,16,16,0,1,5,0,0,0
D-FINE-M,4880,36,300,29,26,3,2,8,0,0,0
D-FINE-M,4881,16,300,17,15,2,0,1,0,0,0
D-FINE-M,4882,13,300,12,11,1,0,2,0,0,0
D-FINE-M,4883,40,300,35,32,3,3,3,0,0,2
D-FINE-M,4884,23,300,20,16,4,2,5,0,0,0
D-FINE-M,4885,13,300,14,11,3,0,1,0,0,1
D-FINE-M,4886,24,300,28,21,7,0,3,0,0,0
D-FINE-M,4887,15,300,10,8,2,0,7,0,0,0
D-FINE-M,4888,16,300,15,14,1,0,2,0,0,0
D-FINE-M,4889,13,300,7,6,1,3,4,0,0,0
D-FINE-M,4890,10,300,10,9,1,0,1,0,0,0
D-FINE-M,4891,23,300,21,20,1,0,3,0,0,0
D-FINE-M,4892,8,300,9,8,1,0,0,0,0,0
D-FINE-M,4893,27,300,18,15,3,2,9,0,0,1
D-FINE-M,4894,5,300,5,3,2,0,2,0,0,0
D-FINE-M,4895,16,300,16,14,2,0,2,0,0,0
D-FINE-M,4896,11,300,12,10,2,0,1,0,0,0
D-FINE-M,4897,20,300,11,8,3,3,9,0,0,0
D-FINE-M,4898,37,300,31,26,5,1,10,0,0,0
D-FINE-M,4899,15,300,14,10,4,0,3,0,0,2
D-FINE-M,4900,4,300,10,4,6,0,0,0,0,0
D-FINE-M,4901,22,300,25,22,3,0,0,0,0,0
D-FINE-M,4902,19,300,20,13,7,0,3,0,0,3
D-FINE-M,4903,18,300,24,16,8,0,2,0,0,0
D-FINE-M,4904,7,300,9,6,3,0,1,0,0,0
D-FINE-M,4905,10,300,5,5,0,0,5,0,0,0
D-FINE-M,4906,4,300,3,3,0,0,1,0,0,0
D-FINE-M,4907,11,300,11,11,0,0,0,0,0,0
D-FINE-M,4908,19,300,15,9,6,2,8,0,0,0
D-FINE-M,4909,12,300,4,3,1,1,7,0,0,1
D-FINE-M,4910,6,300,8,5,3,0,1,0,0,0
D-FINE-M,4911,34,300,20,15,5,6,13,0,0,0
D-FINE-M,4912,10,300,8,3,5,3,4,0,0,0
D-FINE-M,4913,22,300,25,19,6,0,3,0,0,0
D-FINE-M,4914,20,300,20,16,4,0,3,0,0,1
D-FINE-M,4915,16,300,17,10,7,1,0,2,0,3
D-FINE-M,4916,13,300,9,7,2,1,5,0,0,0
D-FINE-M,4917,9,300,10,8,2,0,1,0,0,0
D-FINE-M,4918,5,300,3,3,0,0,2,0,0,0
D-FINE-M,4919,24,300,12,9,3,4,9,0,0,2
D-FINE-M,4920,24,300,16,14,2,5,4,0,0,1
D-FINE-M,4921,16,300,18,11,7,1,4,0,0,0
D-FINE-M,4922,21,300,12,9,3,2,9,0,0,1
D-FINE-M,4923,12,300,11,8,3,0,3,0,0,1
D-FINE-M,4924,12,300,13,10,3,0,1,0,0,1
D-FINE-M,4925,17,300,16,14,2,0,3,0,0,0
D-FINE-M,4926,16,300,16,12,4,0,4,0,0,0
D-FINE-M,4927,29,300,23,20,3,0,6,1,0,2
D-FINE-M,4928,16,300,14,10,4,1,3,0,0,2
D-FINE-M,4929,16,300,16,14,2,0,2,0,0,0
D-FINE-M,4930,17,300,16,13,3,0,3,0,0,1
D-FINE-M,4931,22,300,22,16,6,0,4,0,0,2
D-FINE-M,4932,23,300,17,13,4,2,6,0,0,2
D-FINE-M,4933,39,300,26,17,9,5,17,0,0,0
D-FINE-M,4934,20,300,19,14,5,0,6,0,0,0
D-FINE-M,4935,20,300,7,5,2,7,8,0,0,0
D-FINE-M,4936,17,300,10,8,2,2,7,0,0,0
D-FINE-M,4937,23,300,24,19,5,0,3,0,0,1
D-FINE-M,4938,31,300,28,26,2,0,4,0,0,1
D-FINE-M,4939,36,300,18,17,1,6,12,0,0,1
D-FINE-M,4940,37,300,28,21,7,2,12,0,0,2
D-FINE-M,4941,16,300,13,11,2,0,4,0,0,1
D-FINE-M,4942,17,300,14,13,1,0,4,0,0,0
D-FINE-M,4943,17,300,17,14,3,0,3,0,0,0
D-FINE-M,4944,12,300,14,11,3,0,1,0,0,0
D-FINE-M,4945,18,300,18,15,3,0,3,0,0,0
D-FINE-M,4946,18,300,23,15,8,0,2,0,0,1
D-FINE-M,4947,9,300,10,9,1,0,0,0,0,0
D-FINE-M,4948,26,300,24,21,3,0,5,0,0,0
D-FINE-M,4949,8,300,9,8,1,0,0,0,0,0
D-FINE-M,4950,15,300,9,8,1,0,7,0,0,0
D-FINE-M,4951,29,300,27,22,5,1,5,0,0,1
D-FINE-M,4952,28,300,32,18,14,1,8,0,0,1
D-FINE-M,4953,32,300,33,28,5,0,4,0,0,0
D-FINE-M,4954,9,300,7,7,0,1,1,0,0,0
D-FINE-M,4955,8,300,11,7,4,0,1,0,0,0
D-FINE-M,4956,4,300,2,1,1,0,3,0,0,0
D-FINE-M,4957,12,300,11,9,2,1,2,0,0,0
D-FINE-M,4958,28,300,24,21,3,0,7,0,0,0
D-FINE-M,4959,47,300,39,37,2,1,7,0,0,2
D-FINE-M,4960,5,300,4,3,1,1,1,0,0,0
D-FINE-M,4961,10,300,11,9,2,0,0,0,0,1
D-FINE-M,4962,14,300,14,12,2,0,2,0,0,0
D-FINE-M,4963,9,300,7,5,2,0,3,0,0,1
D-FINE-M,4964,15,300,16,12,4,0,3,0,0,0
D-FINE-M,4965,11,300,6,6,0,0,5,0,0,0
D-FINE-M,4966,23,300,24,20,4,0,3,0,0,0
D-FINE-M,4967,19,300,12,10,2,1,8,0,0,0
D-FINE-M,4968,26,300,27,22,5,0,3,0,0,1
D-FINE-M,4969,12,300,14,12,2,0,0,0,0,0
D-FINE-M,4970,21,300,15,13,2,2,5,0,0,1
D-FINE-M,4971,39,300,40,32,8,0,7,0,0,0
D-FINE-M,4972,16,300,17,16,1,0,0,0,0,0
D-FINE-M,4973,4,300,6,4,2,0,0,0,0,0
D-FINE-M,4974,10,300,10,9,1,1,0,0,0,0
D-FINE-M,4975,8,300,14,8,6,0,0,0,0,0
D-FINE-M,4976,7,300,6,6,0,0,1,0,0,0
D-FINE-M,4977,38,300,20,18,2,2,17,0,0,1
D-FINE-M,4978,4,300,1,1,0,0,3,0,0,0
D-FINE-M,4979,7,300,9,6,3,0,1,0,0,0
D-FINE-M,4980,16,300,8,7,1,1,8,0,0,0
D-FINE-M,4981,15,300,14,12,2,1,2,0,0,0
D-FINE-M,4982,13,300,12,10,2,0,1,0,0,2
D-FINE-M,4983,10,300,12,8,4,0,2,0,0,0
D-FINE-M,4984,22,300,20,16,4,0,5,0,0,1
D-FINE-M,4985,13,300,14,11,3,0,2,0,0,0
D-FINE-M,4986,10,300,8,7,1,0,3,0,0,0
D-FINE-M,4987,9,300,9,9,0,0,0,0,0,0
D-FINE-M,4988,24,300,21,16,5,2,5,0,0,1
D-FINE-M,4989,28,300,22,18,4,4,6,0,0,0
D-FINE-M,4990,18,300,11,7,4,0,10,0,0,1
D-FINE-M,4991,20,300,18,17,1,0,3,0,0,0
D-FINE-M,4992,25,300,19,15,4,1,8,0,0,1
D-FINE-M,4993,5,300,3,3,0,0,2,0,0,0
D-FINE-M,4994,34,300,30,19,11,1,11,0,0,3
D-FINE-M,4995,4,300,4,3,1,0,0,0,0,1
D-FINE-M,4996,18,300,16,12,4,1,5,0,0,0
D-FINE-M,4997,6,300,7,6,1,0,0,0,0,0
D-FINE-M,4998,11,300,12,9,3,0,2,0,0,0
D-FINE-M,4999,25,300,16,15,1,0,8,0,0,2
D-FINE-M,5000,10,300,10,8,2,0,2,0,0,0
D-FINE-M,5001,35,300,29,27,2,2,5,0,0,1
D-FINE-M,5002,13,300,20,13,7,0,0,0,0,0
D-FINE-M,5003,10,300,12,9,3,0,1,0,0,0
D-FINE-M,5004,26,300,20,18,2,3,5,0,0,0
D-FINE-M,5005,21,300,17,15,2,1,3,0,0,2
D-FINE-M,5006,14,300,16,10,6,0,4,0,0,0
D-FINE-M,5007,21,300,20,17,3,0,3,0,0,1
D-FINE-M,5008,24,300,19,16,3,0,7,0,0,1
D-FINE-M,5009,7,300,9,5,4,0,1,0,0,1
D-FINE-M,5010,20,300,24,18,6,0,2,0,0,0
D-FINE-M,5011,32,300,23,22,1,2,8,0,0,0
D-FINE-M,5012,37,300,26,22,4,1,12,0,0,2
D-FINE-M,5013,16,300,7,7,0,2,7,0,0,0
D-FINE-M,5014,13,300,8,6,2,2,5,0,0,0
D-FINE-M,5015,12,300,5,4,1,1,6,0,0,1
D-FINE-M,5016,8,300,10,5,5,0,2,0,0,1
D-FINE-M,5017,24,300,22,18,4,1,4,0,0,1
D-FINE-M,5018,16,300,14,10,4,1,4,0,0,1
D-FINE-M,5019,15,300,15,15,0,0,0,0,0,0
D-FINE-M,5020,15,300,16,12,4,0,2,0,0,1
D-FINE-M,5021,15,300,16,14,2,0,1,0,0,0
D-FINE-M,5022,29,300,28,25,3,0,3,0,0,1
D-FINE-M,5023,17,300,20,16,4,0,1,0,0,0
D-FINE-M,5024,18,300,18,17,1,0,1,0,0,0
D-FINE-M,5025,16,300,16,11,5,3,2,0,0,0
D-FINE-M,5026,25,300,20,18,2,1,6,0,0,0
D-FINE-M,5027,30,300,18,11,7,4,12,0,0,3
D-FINE-M,5028,8,300,7,4,3,0,3,0,0,1
D-FINE-M,5029,30,300,25,23,2,1,6,0,0,0
D-FINE-M,5030,25,300,20,17,3,1,7,0,0,0
D-FINE-M,5031,31,300,23,16,7,4,11,0,0,0
D-FINE-M,5032,26,300,24,22,2,0,3,1,0,0
D-FINE-M,5033,17,300,18,15,3,2,0,0,0,0
D-FINE-M,5034,24,300,21,18,3,2,3,0,0,1
D-FINE-M,5035,6,300,5,4,1,0,2,0,0,0
D-FINE-M,5036,23,300,19,18,1,0,5,0,0,0
D-FINE-M,5037,20,300,15,9,6,6,3,0,0,2
D-FINE-M,5038,7,300,5,5,0,0,2,0,0,0
D-FINE-M,5039,11,300,12,9,3,0,1,0,0,1
D-FINE-M,5040,9,300,12,7,5,0,1,0,0,1
D-FINE-M,5041,36,300,30,20,10,1,11,0,0,4
D-FINE-M,5042,18,300,16,14,2,1,3,0,0,0
D-FINE-M,5043,6,300,4,4,0,0,2,0,0,0
D-FINE-M,5044,9,300,11,7,4,0,2,0,0,0
D-FINE-M,5045,23,300,24,19,5,0,1,0,0,3
D-FINE-M,5046,16,300,13,12,1,2,1,0,0,1
D-FINE-M,5047,15,300,17,15,2,0,0,0,0,0
D-FINE-M,5048,7,300,6,5,1,0,2,0,0,0
D-FINE-M,5049,5,300,5,4,1,0,1,0,0,0
D-FINE-M,5050,12,300,13,10,3,0,2,0,0,0
D-FINE-M,5051,9,300,9,7,2,1,1,0,0,0
D-FINE-M,5052,4,300,6,3,3,0,1,0,0,0
D-FINE-M,5053,8,300,12,6,6,0,2,0,0,0
D-FINE-M,5054,27,300,21,16,5,0,9,0,0,2
D-FINE-M,5055,8,300,8,6,2,0,2,0,0,0
D-FINE-M,5056,15,300,13,13,0,0,2,0,0,0
D-FINE-M,5057,8,300,7,6,1,0,1,1,0,0
D-FINE-M,5058,15,300,17,11,6,0,4,0,0,0
D-FINE-M,5059,29,300,21,14,7,3,4,0,0,8
D-FINE-M,5060,11,300,12,10,2,0,0,1,0,0
D-FINE-M,5061,9,300,7,5,2,0,3,0,0,1
D-FINE-M,5062,10,300,8,6,2,1,3,0,0,0
D-FINE-M,5063,15,300,16,11,5,0,2,0,0,2
D-FINE-M,5064,27,300,17,10,7,2,15,0,0,0
D-FINE-M,5065,34,300,29,25,4,1,4,0,0,4
D-FINE-M,5066,14,300,10,10,0,1,3,0,0,0
D-FINE-M,5067,14,300,21,12,9,1,1,0,0,0
D-FINE-M,5068,30,300,31,22,9,0,6,0,0,2
D-FINE-M,5069,12,300,13,7,6,1,3,0,0,1
D-FINE-M,5070,5,300,5,5,0,0,0,0,0,0
D-FINE-M,5071,20,300,25,14,11,2,3,0,0,1
D-FINE-M,5072,9,300,9,6,3,0,3,0,0,0
D-FINE-M,5073,19,300,11,10,1,0,8,0,0,1
D-FINE-M,5074,10,300,7,5,2,0,4,0,0,1
D-FINE-M,5075,10,300,13,9,4,0,0,0,0,1
D-FINE-M,5076,28,300,25,21,4,0,4,0,0,3
D-FINE-M,5077,21,300,15,13,2,4,4,0,0,0
D-FINE-M,5078,10,300,9,9,0,0,1,0,0,0
D-FINE-M,5079,46,300,38,34,4,3,9,0,0,0
D-FINE-M,5080,42,300,29,25,4,0,17,0,0,0
D-FINE-M,5081,27,300,26,20,6,0,6,0,0,1
D-FINE-M,5082,10,300,9,7,2,0,1,0,0,2
D-FINE-M,5083,30,300,30,24,6,0,5,0,0,1
D-FINE-M,5084,18,300,16,15,1,0,3,0,0,0
D-FINE-M,5085,55,300,32,29,3,8,14,3,0,1
D-FINE-M,5086,26,300,23,23,0,0,3,0,0,0
D-FINE-M,5087,7,300,9,7,2,0,0,0,0,0
D-FINE-M,5088,7,300,6,5,1,0,2,0,0,0
D-FINE-M,5089,4,300,5,4,1,0,0,0,0,0
D-FINE-M,5090,40,300,39,22,17,6,11,0,0,1
D-FINE-M,5091,26,300,21,16,5,0,9,0,0,1
D-FINE-M,5092,6,300,6,5,1,0,1,0,0,0
D-FINE-M,5093,23,300,24,20,4,1,1,0,0,1
D-FINE-M,5094,19,300,16,12,4,0,5,0,0,2
D-FINE-M,5095,14,300,19,10,9,0,3,0,0,1
D-FINE-M,5096,21,300,21,20,1,0,0,0,0,1
D-FINE-M,5097,15,300,18,14,4,0,1,0,0,0
D-FINE-M,5098,19,300,14,12,2,4,3,0,0,0
D-FINE-M,5099,9,300,12,9,3,0,0,0,0,0
D-FINE-M,5100,21,300,17,14,3,0,6,0,0,1
D-FINE-M,5101,8,300,6,6,0,0,2,0,0,0
D-FINE-M,5102,8,300,6,6,0,1,1,0,0,0
D-FINE-M,5103,9,300,15,9,6,0,0,0,0,0
D-FINE-M,5104,15,300,16,13,3,0,2,0,0,0
D-FINE-M,5105,36,300,33,30,3,0,4,0,0,2
D-FINE-M,5106,19,300,17,17,0,0,2,0,0,0
D-FINE-M,5107,24,300,21,16,5,0,6,0,0,2
D-FINE-M,5108,22,300,21,17,4,1,1,0,0,3
D-FINE-M,5109,19,300,22,12,10,1,4,0,0,2
D-FINE-M,5110,34,300,38,28,10,0,4,0,0,2
D-FINE-M,5111,13,300,11,9,2,2,2,0,0,0
D-FINE-M,5112,25,300,27,17,10,0,3,1,0,4
D-FINE-M,5113,15,300,15,9,6,0,5,0,0,1
D-FINE-M,5114,29,300,23,19,4,3,6,1,0,0
D-FINE-M,5115,32,300,31,22,9,4,4,0,0,2
D-FINE-M,5116,16,300,16,14,2,0,2,0,0,0
D-FINE-M,5117,24,300,28,22,6,0,2,0,0,0
D-FINE-M,5118,23,300,20,15,5,1,5,0,0,2
D-FINE-M,5119,9,300,13,9,4,0,0,0,0,0
D-FINE-M,5120,24,300,20,16,4,4,4,0,0,0
D-FINE-M,5121,13,300,15,11,4,0,2,0,0,0
D-FINE-M,5122,4,300,4,4,0,0,0,0,0,0
D-FINE-M,5123,12,300,9,8,1,0,3,0,0,1
D-FINE-M,5124,6,300,8,6,2,0,0,0,0,0
D-FINE-M,5125,11,300,10,10,0,0,1,0,0,0
D-FINE-M,5126,33,300,30,25,5,1,6,0,0,1
D-FINE-M,5127,16,300,20,14,6,1,0,0,0,1
D-FINE-M,5128,7,300,8,6,2,1,0,0,0,0
D-FINE-M,5129,21,300,15,14,1,0,7,0,0,0
D-FINE-M,5130,10,300,10,6,4,1,2,0,0,1
D-FINE-M,5131,11,300,7,6,1,0,5,0,0,0
D-FINE-M,5132,21,300,22,15,7,0,5,0,0,1
D-FINE-M,5133,23,300,24,17,7,0,6,0,0,0
D-FINE-M,5134,27,300,28,20,8,1,5,0,0,1
D-FINE-M,5135,26,300,24,20,4,1,4,1,0,0
D-FINE-M,5136,10,300,12,10,2,0,0,0,0,0
D-FINE-M,5137,15,300,13,12,1,0,2,0,0,1
D-FINE-M,5138,18,300,16,11,5,0,7,0,0,0
D-FINE-M,5139,27,300,18,15,3,6,4,0,0,2
D-FINE-M,5140,9,300,8,6,2,0,3,0,0,0
D-FINE-M,5141,26,300,13,9,4,2,14,0,0,1
D-FINE-M,5142,15,300,13,12,1,0,3,0,0,0
D-FINE-M,5143,16,300,9,8,1,2,5,0,0,1
D-FINE-M,5144,8,300,7,7,0,0,1,0,0,0
D-FINE-M,5145,20,300,19,18,1,0,2,0,0,0
D-FINE-M,5146,12,300,7,6,1,0,6,0,0,0
D-FINE-M,5147,14,300,14,9,5,1,4,0,0,0
D-FINE-M,5148,23,300,20,17,3,1,5,0,0,0
D-FINE-M,5149,15,300,14,12,2,0,3,0,0,0
D-FINE-M,5150,20,300,22,17,5,0,3,0,0,0
D-FINE-M,5151,15,300,13,12,1,0,3,0,0,0
D-FINE-M,5152,6,300,9,5,4,0,1,0,0,0
D-FINE-M,5153,14,300,13,11,2,0,3,0,0,0
D-FINE-M,5154,24,300,25,20,5,0,3,0,0,1
D-FINE-M,5155,22,300,17,14,3,0,7,0,0,1
D-FINE-M,5156,21,300,19,15,4,0,5,0,0,1
D-FINE-M,5157,13,300,13,5,8,2,5,0,0,1
D-FINE-M,5158,10,300,11,8,3,0,2,0,0,0
D-FINE-M,5159,21,300,23,19,4,0,0,1,0,1
D-FINE-M,5160,6,300,7,5,2,0,0,0,0,1
D-FINE-M,5161,25,300,21,19,2,2,3,0,0,1
D-FINE-M,5162,27,300,23,20,3,1,5,0,0,1
D-FINE-M,5163,4,300,8,4,4,0,0,0,0,0
D-FINE-M,5164,29,300,27,24,3,0,4,0,0,1
D-FINE-M,5165,7,300,10,3,7,0,2,0,0,2
D-FINE-M,5166,18,300,14,9,5,3,3,0,0,3
D-FINE-M,5167,10,300,10,10,0,0,0,0,0,0
D-FINE-M,5168,21,300,19,13,6,1,6,0,0,1
D-FINE-M,5169,8,300,4,4,0,1,3,0,0,0
D-FINE-M,5170,30,300,25,21,4,1,8,0,0,0
D-FINE-M,5171,19,300,19,16,3,0,3,0,0,0
D-FINE-M,5172,14,300,13,10,3,1,3,0,0,0
D-FINE-M,5173,4,300,3,3,0,0,1,0,0,0
D-FINE-M,5174,5,300,4,4,0,0,1,0,0,0
D-FINE-M,5175,8,300,10,7,3,0,0,0,0,1
D-FINE-M,5176,11,300,8,8,0,0,3,0,0,0
D-FINE-M,5177,21,300,27,19,8,0,1,0,0,1
D-FINE-M,5178,11,300,10,10,0,0,1,0,0,0
D-FINE-M,5179,6,300,7,6,1,0,0,0,0,0
D-FINE-M,5180,6,300,8,5,3,0,1,0,0,0
D-FINE-M,5181,38,300,38,34,4,0,4,0,0,0
D-FINE-M,5182,15,300,16,7,9,0,8,0,0,0
D-FINE-M,5183,7,300,6,5,1,0,2,0,0,0
D-FINE-M,5184,27,300,17,15,2,4,8,0,0,0
D-FINE-M,5185,16,300,17,10,7,1,4,0,0,1
D-FINE-M,5186,16,300,19,14,5,0,2,0,0,0
D-FINE-M,5187,8,300,7,2,5,3,1,0,0,2
D-FINE-M,5188,25,300,26,17,9,0,7,0,0,1
D-FINE-M,5189,12,300,13,12,1,0,0,0,0,0
D-FINE-M,5190,12,300,10,4,6,1,4,0,0,3
D-FINE-M,5191,9,300,9,6,3,0,3,0,0,0
D-FINE-M,5192,18,300,15,15,0,0,2,0,0,1
D-FINE-M,5193,22,300,19,16,3,1,5,0,0,0
D-FINE-M,5194,16,300,17,11,6,0,5,0,0,0
D-FINE-M,5195,17,300,8,4,4,1,11,0,0,1
D-FINE-M,5196,22,300,18,14,4,0,8,0,0,0
D-FINE-M,5197,22,300,19,14,5,1,4,0,0,3
D-FINE-M,5198,26,300,22,18,4,1,5,0,0,2
D-FINE-M,5199,16,300,18,12,6,1,2,0,0,1
D-FINE-M,5200,15,300,16,10,6,1,3,0,0,1
D-FINE-M,5201,5,300,7,5,2,0,0,0,0,0
D-FINE-M,5202,18,300,22,15,7,0,3,0,0,0
D-FINE-M,5203,12,300,10,6,4,0,3,0,0,3
D-FINE-M,5204,19,300,16,13,3,0,4,0,0,2
D-FINE-M,5205,23,300,13,11,2,1,9,0,0,2
D-FINE-M,5206,28,300,29,21,8,0,7,0,0,0
D-FINE-M,5207,12,300,12,11,1,0,1,0,0,0
D-FINE-M,5208,24,300,21,19,2,0,5,0,0,0
D-FINE-M,5209,21,300,18,17,1,1,3,0,0,0
D-FINE-M,5210,14,300,14,13,1,0,1,0,0,0
D-FINE-M,5211,20,300,22,14,8,0,5,0,0,1
D-FINE-M,5212,25,300,22,19,3,0,5,0,0,1
D-FINE-M,5213,19,300,17,15,2,0,4,0,0,0
D-FINE-M,5214,24,300,18,16,2,0,7,0,0,1
D-FINE-M,5215,21,300,25,17,8,1,3,0,0,0
D-FINE-M,5216,24,300,30,17,13,3,1,0,0,3
D-FINE-M,5217,25,300,21,13,8,4,7,0,0,1
D-FINE-M,5218,12,300,13,9,4,0,2,0,0,1
D-FINE-M,5219,15,300,18,11,7,0,3,0,0,1
D-FINE-M,5220,5,300,8,4,4,0,1,0,0,0
D-FINE-M,5221,7,300,8,7,1,0,0,0,0,0
D-FINE-M,5222,21,300,20,19,1,0,2,0,0,0
D-FINE-M,5223,49,300,26,23,3,7,18,0,0,1
D-FINE-M,5224,10,300,8,8,0,1,1,0,0,0
D-FINE-M,5225,4,300,7,4,3,0,0,0,0,0
D-FINE-M,5226,26,300,26,24,2,0,2,0,0,0
D-FINE-M,5227,4,300,5,4,1,0,0,0,0,0
D-FINE-M,5228,22,300,22,18,4,0,4,0,0,0
D-FINE-M,5229,16,300,13,9,4,0,7,0,0,0
D-FINE-M,5230,38,300,37,28,9,1,9,0,0,0
D-FINE-M,5231,30,300,30,23,7,0,6,0,0,1
D-FINE-M,5232,19,300,19,15,4,0,4,0,0,0
D-FINE-M,5233,7,300,8,6,2,0,1,0,0,0
D-FINE-M,5234,22,300,21,10,11,0,8,0,0,4
D-FINE-M,5235,22,300,21,17,4,0,5,0,0,0
D-FINE-M,5236,25,300,19,19,0,1,4,1,0,0
D-FINE-M,5237,36,300,24,21,3,3,9,0,0,3
D-FINE-M,5238,27,300,19,16,3,1,9,0,0,1
D-FINE-M,5239,16,300,15,9,6,1,6,0,0,0
D-FINE-M,5240,22,300,20,18,2,0,1,0,0,3
D-FINE-M,5241,14,300,13,11,2,0,3,0,0,0
D-FINE-M,5242,17,300,15,12,3,1,4,0,0,0
D-FINE-M,5243,32,300,20,14,6,3,11,0,0,4
D-FINE-M,5244,29,300,28,23,5,1,4,0,0,1
D-FINE-M,5245,10,300,9,7,2,0,3,0,0,0
D-FINE-M,5246,11,300,9,9,0,0,2,0,0,0
D-FINE-M,5247,6,300,6,5,1,0,1,0,0,0
D-FINE-M,5248,12,300,11,6,5,2,4,0,0,0
D-FINE-M,5249,16,300,17,15,2,0,1,0,0,0
D-FINE-M,5250,29,300,10,9,1,4,15,0,0,1
D-FINE-M,5251,21,300,14,13,1,1,6,0,0,1
D-FINE-M,5252,20,300,22,16,6,0,4,0,0,0
D-FINE-M,5253,27,300,24,22,2,0,5,0,0,0
D-FINE-M,5254,12,300,10,9,1,0,2,0,0,1
D-FINE-M,5255,15,300,10,8,2,0,7,0,0,0
D-FINE-M,5256,24,300,20,11,9,0,11,0,0,2
D-FINE-M,5257,26,300,17,15,2,3,6,0,0,2
D-FINE-M,5258,7,300,6,5,1,0,2,0,0,0
D-FINE-M,5259,37,300,24,22,2,3,12,0,0,0
D-FINE-M,5260,25,300,27,20,7,0,4,0,0,1
D-FINE-M,5261,26,300,22,19,3,0,4,2,0,1
D-FINE-M,5262,22,300,14,11,3,2,8,0,0,1
D-FINE-M,5263,21,300,24,13,11,1,5,0,0,2
D-FINE-M,5264,11,300,10,6,4,0,0,0,0,5
D-FINE-M,5265,15,300,11,10,1,2,3,0,0,0
D-FINE-M,5266,6,300,3,2,1,3,1,0,0,0
D-FINE-M,5267,51,300,41,33,8,6,9,0,0,3
D-FINE-M,5268,20,300,19,15,4,1,3,0,0,1
D-FINE-M,5269,5,300,5,4,1,0,1,0,0,0
D-FINE-M,5270,27,300,25,18,7,1,6,0,0,2
D-FINE-M,5271,23,300,25,20,5,0,3,0,0,0
D-FINE-M,5272,22,300,17,15,2,0,6,0,0,1
D-FINE-M,5273,28,300,22,17,5,2,7,0,0,2
D-FINE-M,5274,19,300,13,12,1,3,2,0,0,2
D-FINE-M,5275,12,300,10,6,4,2,4,0,0,0
D-FINE-M,5276,10,300,12,7,5,0,3,0,0,0
D-FINE-M,5277,25,300,20,15,5,2,7,0,0,1
D-FINE-M,5278,15,300,12,12,0,0,3,0,0,0
D-FINE-M,5279,8,300,9,7,2,0,1,0,0,0
D-FINE-M,5280,20,300,22,12,10,1,4,0,0,3
D-FINE-M,5281,4,300,4,3,1,0,1,0,0,0
D-FINE-M,5282,25,300,19,15,4,2,4,0,0,4
D-FINE-M,5283,17,300,17,11,6,0,6,0,0,0
D-FINE-M,5284,23,300,23,18,5,0,5,0,0,0
D-FINE-M,5285,33,300,21,16,5,4,10,0,1,2
D-FINE-M,5286,6,300,6,5,1,1,0,0,0,0
D-FINE-M,5287,20,300,19,15,4,0,3,0,0,2
D-FINE-M,5288,27,300,20,14,6,2,8,1,0,2
D-FINE-M,5289,14,300,14,8,6,1,3,0,0,2
D-FINE-M,5290,26,300,23,16,7,2,7,0,0,1
D-FINE-M,5291,9,300,7,7,0,1,1,0,0,0
D-FINE-M,5292,37,300,19,14,5,6,11,0,0,6
D-FINE-M,5293,19,300,12,10,2,1,7,0,0,1
D-FINE-M,5294,8,300,9,5,4,0,2,0,0,1
D-FINE-M,5295,22,300,12,11,1,3,8,0,0,0
D-FINE-M,5296,18,300,17,13,4,0,4,0,0,1
D-FINE-M,5297,15,300,15,11,4,0,4,0,0,0
D-FINE-M,5298,33,300,26,19,7,4,10,0,0,0
D-FINE-M,5299,26,300,30,19,11,0,7,0,0,0
D-FINE-M,5300,36,300,41,31,10,1,4,0,0,0
D-FINE-M,5301,20,300,28,16,12,1,2,0,0,1
D-FINE-M,5302,33,300,15,11,4,7,13,0,0,2
D-FINE-M,5303,9,300,13,8,5,0,1,0,0,0
D-FINE-M,5304,16,300,13,11,2,1,4,0,0,0
D-FINE-M,5305,19,300,19,17,2,0,2,0,0,0
D-FINE-M,5306,26,300,21,16,5,0,7,0,0,3
D-FINE-M,5307,25,300,21,18,3,0,6,0,0,1
D-FINE-M,5308,13,300,13,12,1,1,0,0,0,0
D-FINE-M,5309,25,300,10,10,0,3,12,0,0,0
D-FINE-M,5310,16,300,9,7,2,0,9,0,0,0
D-FINE-M,5311,29,300,31,25,6,0,3,0,0,1
D-FINE-M,5312,15,300,17,14,3,0,0,0,0,1
D-FINE-M,5313,26,300,24,23,1,0,3,0,0,0
D-FINE-M,5314,21,300,20,15,5,1,4,0,0,1
D-FINE-M,5315,20,300,16,11,5,2,7,0,0,0
D-FINE-M,5316,16,300,18,14,4,0,2,0,0,0
D-FINE-M,5317,5,300,7,5,2,0,0,0,0,0
D-FINE-M,5318,12,300,10,9,1,0,3,0,0,0
D-FINE-M,5319,20,300,21,14,7,3,3,0,0,0
D-FINE-M,5320,18,300,19,16,3,0,2,0,0,0
D-FINE-M,5321,11,300,10,10,0,0,1,0,0,0
D-FINE-M,5322,16,300,16,12,4,2,0,0,0,2
D-FINE-M,5323,5,300,6,5,1,0,0,0,0,0
D-FINE-M,5324,30,300,13,11,2,7,12,0,0,0
D-FINE-M,5325,18,300,16,12,4,0,5,0,0,1
D-FINE-M,5326,10,300,7,7,0,0,3,0,0,0
D-FINE-M,5327,14,300,15,13,2,0,1,0,0,0
D-FINE-M,5328,10,300,11,9,2,0,0,1,0,0
D-FINE-M,5329,16,300,14,9,5,2,5,0,0,0
D-FINE-M,5330,20,300,17,16,1,0,4,0,0,0
D-FINE-M,5331,19,300,16,14,2,2,3,0,0,0
D-FINE-M,5332,25,300,26,22,4,0,3,0,0,0
D-FINE-M,5333,19,300,21,13,8,1,5,0,0,0
D-FINE-M,5334,12,300,9,9,0,0,3,0,0,0
D-FINE-M,5335,12,300,12,8,4,0,4,0,0,0
D-FINE-M,5336,9,300,9,8,1,0,1,0,0,0
D-FINE-M,5337,6,300,6,2,4,0,4,0,0,0
D-FINE-M,5338,22,300,16,14,2,0,7,1,0,0
D-FINE-M,5339,5,300,4,3,1,0,2,0,0,0
D-FINE-M,5340,10,300,10,9,1,0,1,0,0,0
D-FINE-M,5341,32,300,29,26,3,0,5,0,0,1
D-FINE-M,5342,16,300,14,12,2,1,2,0,0,1
D-FINE-M,5343,19,300,14,14,0,1,4,0,0,0
D-FINE-M,5344,15,300,11,9,2,0,4,0,0,2
D-FINE-M,5345,14,300,16,10,6,0,2,0,2,0
D-FINE-M,5346,4,300,5,2,3,0,1,0,0,1
D-FINE-M,5347,21,300,22,18,4,1,2,0,0,0
D-FINE-M,5348,14,300,12,9,3,0,5,0,0,0
D-FINE-M,5349,6,300,9,5,4,0,1,0,0,0
D-FINE-M,5350,25,300,21,18,3,1,4,0,0,2
D-FINE-M,5351,37,300,29,24,5,4,7,0,0,2
D-FINE-M,5352,8,300,6,6,0,0,2,0,0,0
D-FINE-M,5353,49,300,25,18,7,11,15,0,0,5
D-FINE-M,5354,15,300,11,10,1,2,2,0,0,1
D-FINE-M,5355,16,300,17,14,3,0,2,0,0,0
D-FINE-M,5356,32,300,30,24,6,1,6,0,0,1
D-FINE-M,5357,32,300,27,19,8,7,5,0,0,1
D-FINE-M,5358,25,300,24,20,4,1,4,0,0,0
D-FINE-M,5359,11,300,8,8,0,0,3,0,0,0
D-FINE-M,5360,25,300,23,22,1,0,2,0,0,1
D-FINE-M,5361,32,300,32,25,7,2,3,0,0,2
D-FINE-M,5362,19,300,20,17,3,0,1,0,0,1
D-FINE-M,5363,29,300,24,19,5,2,7,0,0,1
D-FINE-M,5364,8,300,5,3,2,4,0,0,0,1
D-FINE-M,5365,18,300,17,15,2,0,3,0,0,0
D-FINE-M,5366,34,300,33,26,7,1,4,1,0,2
D-FINE-M,5367,11,300,9,8,1,0,3,0,0,0
D-FINE-M,5368,20,300,20,16,4,0,4,0,0,0
D-FINE-M,5369,20,300,15,10,5,0,6,0,0,4
D-FINE-M,5370,13,300,14,12,2,0,1,0,0,0
D-FINE-M,5371,23,300,21,14,7,1,6,0,0,2
D-FINE-M,5372,13,300,15,12,3,0,1,0,0,0
D-FINE-M,5373,24,300,20,20,0,0,4,0,0,0
D-FINE-M,5374,24,300,24,21,3,2,0,1,0,0
D-FINE-M,5375,17,300,13,10,3,3,3,0,0,1
D-FINE-M,5376,18,300,19,15,4,1,1,0,0,1
D-FINE-M,5377,5,300,5,3,2,0,2,0,0,0
D-FINE-M,5378,12,300,10,10,0,0,2,0,0,0
D-FINE-M,5379,11,300,9,7,2,1,3,0,0,0
D-FINE-M,5380,24,300,23,18,5,0,3,0,0,3
D-FINE-M,5381,15,300,9,8,1,4,3,0,0,0
D-FINE-M,5382,9,300,13,7,6,1,1,0,0,0
D-FINE-M,5383,19,300,23,18,5,0,1,0,0,0
D-FINE-M,5384,20,300,15,10,5,0,8,0,0,2
D-FINE-M,5385,22,300,10,10,0,2,10,0,0,0
D-FINE-M,5386,24,300,22,18,4,0,5,0,0,1
D-FINE-M,5387,20,300,19,15,4,1,3,0,0,1
D-FINE-M,5388,28,300,26,23,3,0,3,0,0,2
D-FINE-M,5389,14,300,14,10,4,1,3,0,0,0
D-FINE-M,5390,20,300,21,16,5,0,4,0,0,0
D-FINE-M,5391,8,300,7,6,1,0,1,0,0,1
D-FINE-M,5392,10,300,6,6,0,0,4,0,0,0
D-FINE-M,5393,9,300,10,5,5,0,3,0,0,1
D-FINE-M,5394,24,300,21,18,3,1,5,0,0,0
D-FINE-M,5395,20,300,21,16,5,0,4,0,0,0
D-FINE-M,5396,13,300,7,6,1,0,7,0,0,0
D-FINE-M,5397,9,300,12,9,3,0,0,0,0,0
D-FINE-M,5398,8,300,6,4,2,0,4,0,0,0
D-FINE-M,5399,6,300,4,3,1,0,3,0,0,0
D-FINE-M,5400,4,300,5,4,1,0,0,0,0,0
D-FINE-M,5401,19,300,14,12,2,0,5,0,0,2
D-FINE-M,5402,8,300,9,5,4,0,3,0,0,0
D-FINE-M,5403,16,300,15,13,2,0,3,0,0,0
D-FINE-M,5404,13,300,7,7,0,0,5,0,0,1
D-FINE-M,5405,14,300,18,11,7,0,0,0,0,3
D-FINE-M,5406,14,300,12,11,1,0,3,0,0,0
D-FINE-M,5407,9,300,9,7,2,0,0,0,0,2
D-FINE-M,5408,15,300,9,8,1,2,5,0,0,0
D-FINE-M,5409,14,300,15,13,2,0,1,0,0,0
D-FINE-M,5410,10,300,9,7,2,0,3,0,0,0
D-FINE-M,5411,21,300,19,15,4,0,6,0,0,0
D-FINE-M,5412,29,300,26,25,1,0,4,0,0,0
D-FINE-M,5413,37,300,31,23,8,3,8,0,0,3
D-FINE-M,5414,5,300,1,1,0,1,3,0,0,0
D-FINE-M,5415,23,300,22,14,8,0,7,0,0,2
D-FINE-M,5416,10,300,11,8,3,0,2,0,0,0
D-FINE-M,5417,21,300,18,16,2,0,4,1,0,0
D-FINE-M,5418,22,300,22,20,2,0,2,0,0,0
D-FINE-M,5419,24,300,21,19,2,0,5,0,0,0
D-FINE-M,5420,21,300,19,16,3,0,4,0,0,1
D-FINE-M,5421,19,300,19,18,1,0,1,0,0,0
D-FINE-M,5422,14,300,14,11,3,3,0,0,0,0
D-FINE-M,5423,21,300,23,17,6,0,4,0,0,0
D-FINE-M,5424,20,300,23,18,5,0,2,0,0,0
D-FINE-M,5425,4,300,3,2,1,0,2,0,0,0
D-FINE-M,5426,5,300,2,1,1,1,3,0,0,0
D-FINE-M,5427,5,300,2,1,1,0,4,0,0,0
D-FINE-M,5428,36,300,30,21,9,5,8,0,0,2
D-FINE-M,5429,54,300,50,40,10,6,7,0,0,1
D-FINE-M,5430,6,300,6,5,1,0,1,0,0,0
D-FINE-M,5431,36,300,29,27,2,0,9,0,0,0
D-FINE-M,5432,20,300,19,16,3,1,2,0,0,1
D-FINE-M,5433,40,300,25,22,3,7,10,0,0,1
D-FINE-M,5434,22,300,23,19,4,0,2,0,0,1
D-FINE-M,5435,19,300,26,15,11,0,3,0,0,1
D-FINE-M,5436,22,300,19,15,4,0,7,0,0,0
D-FINE-M,5437,8,300,6,4,2,0,4,0,0,0
D-FINE-M,5438,14,300,15,12,3,1,1,0,0,0
D-FINE-M,5439,11,300,9,7,2,2,2,0,0,0
D-FINE-M,5440,6,300,6,6,0,0,0,0,0,0
D-FINE-M,5441,55,300,41,31,10,1,19,0,0,4
D-FINE-M,5442,16,300,16,12,4,3,0,0,0,1
D-FINE-M,5443,14,300,14,11,3,1,1,0,0,1
D-FINE-M,5444,10,300,12,6,6,1,1,0,0,2
D-FINE-M,5445,32,300,30,21,9,2,5,0,0,4
D-FINE-M,5446,10,300,8,7,1,0,3,0,0,0
D-FINE-M,5447,24,300,20,16,4,1,6,0,0,1
D-FINE-M,5448,10,300,12,8,4,0,1,0,0,1
D-FINE-M,5449,31,300,23,19,4,1,10,0,0,1
D-FINE-M,5450,23,300,15,12,3,3,8,0,0,0
D-FINE-M,5451,22,300,23,18,5,0,4,0,0,0
D-FINE-M,5452,11,300,10,10,0,0,1,0,0,0
D-FINE-M,5453,7,300,5,4,1,0,3,0,0,0
D-FINE-M,5454,21,300,21,16,5,2,3,0,0,0
D-FINE-M,5455,26,300,17,15,2,4,6,1,0,0
D-FINE-M,5456,6,300,3,2,1,1,3,0,0,0
D-FINE-M,5457,6,300,6,4,2,1,1,0,0,0
D-FINE-M,5458,9,300,11,6,5,0,2,0,0,1
D-FINE-M,5459,21,300,17,14,3,0,6,0,0,1
D-FINE-M,5460,32,300,31,26,5,3,3,0,0,0
D-FINE-M,5461,22,300,16,13,3,0,8,0,0,1
D-FINE-M,5462,8,300,9,7,2,0,1,0,0,0
D-FINE-M,5463,4,300,4,3,1,0,1,0,0,0
D-FINE-M,5464,16,300,11,7,4,2,7,0,0,0
D-FINE-M,5465,13,300,14,10,4,2,1,0,0,0
D-FINE-M,5466,16,300,17,14,3,0,2,0,0,0
D-FINE-M,5467,14,300,10,7,3,1,6,0,0,0
D-FINE-M,5468,29,300,27,23,4,1,4,0,0,1
D-FINE-M,5469,15,300,10,7,3,1,7,0,0,0
D-FINE-M,5470,18,300,17,12,5,0,6,0,0,0
D-FINE-M,5471,22,300,20,16,4,2,4,0,0,0
D-FINE-M,5472,10,300,10,8,2,1,1,0,0,0
D-FINE-M,5473,23,300,20,17,3,2,4,0,0,0
D-FINE-M,5474,5,300,5,5,0,0,0,0,0,0
D-FINE-M,5475,7,300,7,6,1,0,0,0,0,1
D-FINE-M,5476,15,300,20,11,9,1,0,0,0,3
D-FINE-M,5477,42,300,28,24,4,4,14,0,0,0
D-FINE-M,5478,4,300,5,4,1,0,0,0,0,0
D-FINE-M,5479,17,300,18,13,5,0,4,0,0,0
D-FINE-M,5480,11,300,8,3,5,0,5,0,0,3
D-FINE-M,5481,16,300,14,11,3,0,5,0,0,0
D-FINE-M,5482,25,300,23,18,5,0,4,0,0,3
D-FINE-M,5483,5,300,7,5,2,0,0,0,0,0
D-FINE-M,5484,6,300,13,5,8,0,1,0,0,0
D-FINE-M,5485,12,300,13,11,2,0,0,0,0,1
D-FINE-M,5486,17,300,5,5,0,2,9,0,0,1
D-FINE-M,5487,8,300,7,4,3,0,3,0,0,1
D-FINE-M,5488,10,300,8,7,1,0,3,0,0,0
D-FINE-M,5489,21,300,18,17,1,0,3,0,0,1
D-FINE-M,5490,20,300,21,15,6,1,3,0,0,1
D-FINE-M,5491,5,300,6,4,2,0,1,0,0,0
D-FINE-M,5492,8,300,6,5,1,0,3,0,0,0
D-FINE-M,5493,4,300,3,3,0,0,1,0,0,0
D-FINE-M,5494,7,300,7,7,0,0,0,0,0,0
D-FINE-M,5495,28,300,24,20,4,0,7,0,0,1
D-FINE-M,5496,40,300,24,21,3,6,12,0,0,1
D-FINE-M,5497,20,300,19,11,8,0,4,0,0,5
D-FINE-M,5498,18,300,17,15,2,0,3,0,0,0
D-FINE-M,5499,22,300,16,10,6,1,8,0,0,3
D-FINE-M,5500,17,300,14,11,3,0,5,0,0,1
D-FINE-M,5501,7,300,6,6,0,1,0,0,0,0
D-FINE-M,5502,12,300,13,11,2,0,1,0,0,0
D-FINE-M,5503,27,300,27,21,6,0,6,0,0,0
D-FINE-M,5504,15,300,9,8,1,0,7,0,0,0
D-FINE-M,5505,13,300,11,10,1,1,1,0,0,1
D-FINE-M,5506,15,300,19,10,9,0,3,0,0,2
D-FINE-M,5507,28,300,27,22,5,0,6,0,0,0
D-FINE-M,5508,20,300,21,13,8,0,4,0,0,3
D-FINE-M,5509,11,300,15,8,7,0,3,0,0,0
D-FINE-M,5510,32,300,26,23,3,1,7,0,0,1
D-FINE-M,5511,22,300,16,14,2,2,6,0,0,0
D-FINE-M,5512,17,300,22,15,7,1,1,0,0,0
D-FINE-M,5513,22,300,19,17,2,3,1,0,0,1
D-FINE-M,5514,21,300,22,21,1,0,0,0,0,0
D-FINE-M,5515,14,300,15,12,3,1,1,0,0,0
D-FINE-M,5516,58,300,38,28,10,4,19,2,1,4
D-FINE-M,5517,42,300,42,35,7,0,6,0,0,1
D-FINE-M,5518,14,300,11,8,3,0,6,0,0,0
D-FINE-M,5519,13,300,15,8,7,1,2,0,0,2
D-FINE-M,5520,21,300,18,15,3,1,5,0,0,0
D-FINE-M,5521,14,300,20,12,8,0,2,0,0,0
D-FINE-M,5522,18,300,14,13,1,0,4,1,0,0
D-FINE-M,5523,20,300,17,15,2,0,3,0,0,2
D-FINE-M,5524,21,300,20,11,9,1,6,0,0,3
D-FINE-M,5525,15,300,16,13,3,0,2,0,0,0
D-FINE-M,5526,7,300,7,7,0,0,0,0,0,0
D-FINE-M,5527,16,300,17,13,4,1,2,0,0,0
D-FINE-M,5528,18,300,15,8,7,1,9,0,0,0
D-FINE-M,5529,31,300,30,21,9,0,9,0,0,1
D-FINE-M,5530,14,300,17,14,3,0,0,0,0,0
D-FINE-M,5531,19,300,18,17,1,1,1,0,0,0
D-FINE-M,5532,22,300,18,16,2,0,5,0,0,1
D-FINE-M,5533,7,300,9,7,2,0,0,0,0,0
D-FINE-M,5534,31,300,19,18,1,1,12,0,0,0
D-FINE-M,5535,11,300,10,7,3,1,3,0,0,0
D-FINE-M,5536,20,300,20,18,2,0,2,0,0,0
D-FINE-M,5537,22,300,20,16,4,2,4,0,0,0
D-FINE-M,5538,20,300,23,17,6,0,3,0,0,0
D-FINE-M,5539,28,300,27,21,6,0,7,0,0,0
D-FINE-M,5540,19,300,16,14,2,3,2,0,0,0
D-FINE-M,5541,41,300,30,22,8,6,9,0,0,4
D-FINE-M,5542,35,300,32,26,6,1,4,1,0,3
D-FINE-M,5543,5,300,4,4,0,0,1,0,0,0
D-FINE-M,5544,31,300,19,17,2,1,13,0,0,0
D-FINE-M,5545,29,300,27,21,6,0,6,0,0,2
D-FINE-M,5546,10,300,19,9,10,0,1,0,0,0
D-FINE-M,5547,20,300,15,13,2,0,7,0,0,0
D-FINE-M,5548,23,300,22,19,3,0,3,1,0,0
D-FINE-M,5549,25,300,21,16,5,2,7,0,0,0
D-FINE-M,5550,34,300,31,29,2,0,5,0,0,0
D-FINE-M,5551,4,300,5,4,1,0,0,0,0,0
D-FINE-M,5552,26,300,25,19,6,0,6,0,0,1
D-FINE-M,5553,12,300,11,11,0,0,1,0,0,0
D-FINE-M,5554,39,300,17,15,2,9,14,0,0,1
D-FINE-M,5555,7,300,8,6,2,0,1,0,0,0
D-FINE-M,5556,21,300,20,17,3,0,1,1,0,2
D-FINE-M,5557,26,300,22,20,2,3,2,1,0,0
D-FINE-M,5558,21,300,19,16,3,0,5,0,0,0
D-FINE-M,5559,32,300,22,17,5,5,8,0,0,2
D-FINE-M,5560,20,300,17,14,3,1,4,0,0,1
D-FINE-M,5561,11,300,9,8,1,0,3,0,0,0
D-FINE-M,5562,13,300,11,10,1,0,3,0,0,0
D-FINE-M,5563,36,300,21,16,5,4,13,0,0,3
D-FINE-M,5564,13,300,14,11,3,1,1,0,0,0
D-FINE-M,5565,4,300,3,3,0,0,1,0,0,0
D-FINE-M,5566,14,300,15,10,5,0,3,0,1,0
D-FINE-M,5567,22,300,21,20,1,0,2,0,0,0
D-FINE-M,5568,17,300,22,17,5,0,0,0,0,0
D-FINE-M,5569,13,300,14,11,3,0,2,0,0,0
D-FINE-M,5570,22,300,21,15,6,0,7,0,0,0
D-FINE-M,5571,10,300,10,8,2,0,2,0,0,0
D-FINE-M,5572,15,300,20,11,9,1,3,0,0,0
D-FINE-M,5573,5,300,3,3,0,0,2,0,0,0
D-FINE-M,5574,7,300,5,5,0,1,1,0,0,0
D-FINE-M,5575,6,300,7,5,2,0,1,0,0,0
D-FINE-M,5576,24,300,22,17,5,2,5,0,0,0
D-FINE-M,5577,22,300,22,19,3,0,1,0,0,2
D-FINE-M,5578,5,300,7,3,4,0,2,0,0,0
D-FINE-M,5579,15,300,14,13,1,0,2,0,0,0
D-FINE-M,5580,20,300,24,17,7,0,3,0,0,0
D-FINE-M,5581,14,300,14,10,4,0,3,0,0,1
D-FINE-M,5582,32,300,34,24,10,1,5,1,0,1
D-FINE-M,5583,18,300,15,12,3,1,4,0,0,1
D-FINE-M,5584,4,300,4,4,0,0,0,0,0,0
D-FINE-M,5585,6,300,6,5,1,0,1,0,0,0
D-FINE-M,5586,19,300,19,17,2,0,2,0,0,0
D-FINE-M,5587,21,300,19,17,2,0,1,1,0,2
D-FINE-M,5588,39,300,32,29,3,2,7,0,0,1
D-FINE-M,5589,16,300,16,13,3,0,3,0,0,0
D-FINE-M,5590,22,300,23,19,4,1,1,0,0,1
D-FINE-M,5591,20,300,17,13,4,0,3,0,0,4
D-FINE-M,5592,12,300,11,10,1,1,1,0,0,0
D-FINE-M,5593,4,300,5,3,2,1,0,0,0,0
D-FINE-M,5594,45,300,43,25,18,5,11,0,0,4
D-FINE-M,5595,15,300,12,11,1,1,3,0,0,0
D-FINE-M,5596,30,300,26,22,4,0,6,2,0,0
D-FINE-M,5597,21,300,23,21,2,0,0,0,0,0
D-FINE-M,5598,13,300,14,10,4,0,3,0,0,0
D-FINE-M,5599,17,300,12,10,2,4,2,0,0,1
D-FINE-M,5600,5,300,5,4,1,0,1,0,0,0
D-FINE-M,5601,30,300,33,23,10,0,6,1,0,0
D-FINE-M,5602,7,300,13,6,7,0,1,0,0,0
D-FINE-M,5603,6,300,7,6,1,0,0,0,0,0
D-FINE-M,5604,25,300,21,19,2,1,3,1,0,1
D-FINE-M,5605,33,300,30,24,6,0,7,1,0,1
D-FINE-M,5606,30,300,26,21,5,2,7,0,0,0
D-FINE-M,5607,4,300,3,3,0,0,1,0,0,0
D-FINE-M,5608,14,300,13,11,2,0,2,0,0,1
D-FINE-M,5609,31,300,20,19,1,4,7,1,0,0
D-FINE-M,5610,5,300,6,5,1,0,0,0,0,0
D-FINE-M,5611,11,300,13,11,2,0,0,0,0,0
D-FINE-M,5612,39,300,21,20,1,3,16,0,0,0
D-FINE-M,5613,12,300,9,9,0,0,3,0,0,0
D-FINE-M,5614,9,300,11,8,3,0,1,0,0,0
D-FINE-M,5615,18,300,17,13,4,0,5,0,0,0
D-FINE-M,5616,13,300,10,8,2,0,5,0,0,0
D-FINE-M,5617,17,300,11,9,2,2,5,0,0,1
D-FINE-M,5618,19,300,20,17,3,0,1,0,0,1
D-FINE-M,5619,20,300,25,16,9,0,2,0,0,2
D-FINE-M,5620,15,300,15,12,3,0,2,0,0,1
D-FINE-M,5621,24,300,25,16,9,1,5,0,0,2
D-FINE-M,5622,29,300,24,21,3,2,5,0,0,1
D-FINE-M,5623,17,300,14,13,1,1,3,0,0,0
D-FINE-M,5624,18,300,21,17,4,0,0,0,0,1
D-FINE-M,5625,44,300,43,35,8,1,7,0,0,1
D-FINE-M,5626,54,300,52,42,10,1,8,0,0,3
D-FINE-M,5627,24,300,20,18,2,1,5,0,0,0
D-FINE-M,5628,26,300,27,17,10,2,6,0,0,1
D-FINE-M,5629,6,300,7,5,2,0,1,0,0,0
D-FINE-M,5630,4,300,5,4,1,0,0,0,0,0
D-FINE-M,5631,17,300,18,14,4,0,2,0,0,1
D-FINE-M,5632,10,300,9,8,1,0,2,0,0,0
D-FINE-M,5633,19,300,17,15,2,1,3,0,0,0
D-FINE-M,5634,31,300,22,18,4,8,5,0,0,0
D-FINE-M,5635,11,300,14,10,4,0,1,0,0,0
D-FINE-M,5636,37,300,23,21,2,1,15,0,0,0
D-FINE-M,5637,4,300,7,3,4,0,1,0,0,0
D-FINE-M,5638,6,300,6,6,0,0,0,0,0,0
D-FINE-M,5639,17,300,19,15,4,0,2,0,0,0
D-FINE-M,5640,8,300,6,5,1,2,1,0,0,0
D-FINE-M,5641,27,300,28,16,12,0,9,0,0,2
D-FINE-M,5642,19,300,15,13,2,0,4,0,0,2
D-FINE-M,5643,51,300,41,36,5,3,10,0,0,2
D-FINE-M,5644,15,300,20,12,8,0,2,0,0,1
D-FINE-M,5645,22,300,20,18,2,0,4,0,0,0
D-FINE-M,5646,21,300,21,18,3,0,2,1,0,0
D-FINE-M,5647,26,300,24,24,0,1,1,0,0,0
D-FINE-M,5648,30,300,35,26,9,0,2,1,0,1
D-FINE-M,5649,25,300,20,17,3,1,7,0,0,0
D-FINE-M,5650,15,300,16,14,2,0,1,0,0,0
D-FINE-M,5651,29,300,24,21,3,3,5,0,0,0
D-FINE-M,5652,24,300,23,20,3,0,2,0,0,2
D-FINE-M,5653,13,300,12,9,3,0,1,0,0,3
D-FINE-M,5654,16,300,16,11,5,1,3,0,0,1
D-FINE-M,5655,23,300,21,18,3,1,4,0,0,0
D-FINE-M,5656,11,300,11,8,3,0,2,0,0,1
D-FINE-M,5657,13,300,15,10,5,0,3,0,0,0
D-FINE-M,5658,4,300,4,4,0,0,0,0,0,0
D-FINE-M,5659,9,300,9,6,3,0,3,0,0,0
D-FINE-M,5660,36,300,29,23,6,1,10,0,0,2
D-FINE-M,5661,7,300,6,6,0,1,0,0,0,0
D-FINE-M,5662,12,300,12,4,8,3,2,0,0,3
D-FINE-M,5663,21,300,15,8,7,4,2,0,0,7
D-FINE-M,5664,8,300,6,4,2,0,4,0,0,0
D-FINE-M,5665,15,300,18,14,4,0,0,0,0,1
D-FINE-M,5666,21,300,17,15,2,0,6,0,0,0
D-FINE-M,5667,15,300,16,10,6,0,3,0,0,2
D-FINE-M,5668,10,300,11,6,5,0,3,0,0,1
D-FINE-M,5669,26,300,26,22,4,0,4,0,0,0
D-FINE-M,5670,26,300,26,23,3,1,2,0,0,0
D-FINE-M,5671,10,300,13,10,3,0,0,0,0,0
D-FINE-M,5672,28,300,23,21,2,0,7,0,0,0
D-FINE-M,5673,28,300,23,20,3,0,7,0,0,1
D-FINE-M,5674,19,300,19,10,9,1,7,0,0,1
D-FINE-M,5675,4,300,8,4,4,0,0,0,0,0
D-FINE-M,5676,11,300,11,9,2,0,2,0,0,0
D-FINE-M,5677,29,300,21,16,5,5,8,0,0,0
D-FINE-M,5678,35,300,27,24,3,0,11,0,0,0
D-FINE-M,5679,5,300,1,1,0,0,4,0,0,0
D-FINE-M,5680,7,300,8,6,2,0,1,0,0,0
D-FINE-M,5681,6,300,4,3,1,0,3,0,0,0
D-FINE-M,5682,19,300,21,15,6,1,3,0,0,0
D-FINE-M,5683,35,300,35,26,9,1,7,0,0,1
D-FINE-M,5684,20,300,18,14,4,0,5,0,0,1
D-FINE-M,5685,20,300,22,19,3,0,1,0,0,0
D-FINE-M,5686,20,300,16,10,6,1,9,0,0,0
D-FINE-M,5687,20,300,17,13,4,1,5,1,0,0
D-FINE-M,5688,24,300,21,15,6,3,5,0,0,1
D-FINE-M,5689,37,300,33,22,11,3,9,1,0,2
D-FINE-M,5690,17,300,14,11,3,0,4,0,0,2
D-FINE-M,5691,7,300,4,4,0,2,1,0,0,0
D-FINE-M,5692,29,300,25,23,2,0,5,0,0,1
D-FINE-M,5693,4,300,4,4,0,0,0,0,0,0
D-FINE-M,5694,28,300,28,24,4,1,3,0,0,0
D-FINE-M,5695,33,300,26,22,4,4,7,0,0,0
D-FINE-M,5696,18,300,18,12,6,0,6,0,0,0
D-FINE-M,5697,53,300,31,25,6,13,11,0,0,4
D-FINE-M,5698,18,300,13,12,1,2,2,1,0,1
D-FINE-M,5699,22,300,24,22,2,0,0,0,0,0
D-FINE-M,5700,5,300,8,4,4,0,1,0,0,0
D-FINE-M,5701,12,300,12,9,3,0,3,0,0,0
D-FINE-M,5702,8,300,3,3,0,1,2,0,0,2
D-FINE-M,5703,4,300,4,4,0,0,0,0,0,0
D-FINE-M,5704,9,300,10,7,3,0,2,0,0,0
D-FINE-M,5705,12,300,8,7,1,1,3,0,0,1
D-FINE-M,5706,16,300,16,15,1,1,0,0,0,0
D-FINE-M,5707,11,300,3,2,1,1,7,0,0,1
D-FINE-M,5708,24,300,28,22,6,0,2,0,0,0
D-FINE-M,5709,10,300,13,9,4,0,1,0,0,0
D-FINE-M,5710,29,300,31,23,8,1,3,1,0,1
D-FINE-M,5711,4,300,4,3,1,0,1,0,0,0
D-FINE-M,5712,29,300,19,16,3,2,11,0,0,0
D-FINE-M,5713,17,300,7,4,3,3,9,0,0,1
D-FINE-M,5714,21,300,18,13,5,1,6,0,0,1
D-FINE-M,5715,11,300,8,6,2,0,3,0,0,2
D-FINE-M,5716,9,300,10,8,2,0,1,0,0,0
D-FINE-M,5717,14,300,12,9,3,0,5,0,0,0
D-FINE-M,5718,6,300,9,6,3,0,0,0,0,0
D-FINE-M,5719,21,300,24,14,10,0,5,0,0,2
D-FINE-M,5720,5,300,9,3,6,1,0,0,0,1
D-FINE-M,5721,6,300,5,4,1,1,1,0,0,0
D-FINE-M,5722,8,300,9,8,1,0,0,0,0,0
D-FINE-M,5723,25,300,30,22,8,1,2,0,0,0
D-FINE-M,5724,14,300,9,8,1,1,5,0,0,0
D-FINE-M,5725,21,300,25,17,8,1,3,0,0,0
D-FINE-M,5726,26,300,16,7,9,3,14,0,0,2
D-FINE-M,5727,18,300,18,14,4,1,3,0,0,0
D-FINE-M,5728,21,300,20,16,4,0,3,0,0,2
D-FINE-M,5729,17,300,19,15,4,0,2,0,0,0
D-FINE-M,5730,8,300,10,7,3,1,0,0,0,0
D-FINE-M,5731,10,300,7,5,2,0,4,0,0,1
D-FINE-M,5732,12,300,7,6,1,1,4,0,0,1
D-FINE-M,5733,4,300,7,3,4,0,1,0,0,0
D-FINE-M,5734,16,300,16,10,6,1,5,0,0,0
D-FINE-M,5735,19,300,22,14,8,0,2,0,0,3
D-FINE-M,5736,14,300,9,7,2,1,6,0,0,0
D-FINE-M,5737,27,300,24,19,5,1,6,0,0,1
D-FINE-M,5738,14,300,12,12,0,0,2,0,0,0
D-FINE-M,5739,30,300,24,23,1,0,6,1,0,0
D-FINE-M,5740,14,300,14,11,3,1,2,0,0,0
D-FINE-M,5741,20,300,21,16,5,0,4,0,0,0
D-FINE-M,5742,31,300,26,22,4,0,8,0,0,1
D-FINE-M,5743,18,300,17,16,1,0,2,0,0,0
D-FINE-M,5744,18,300,17,13,4,0,5,0,0,0
D-FINE-M,5745,22,300,24,16,8,0,3,0,0,3
D-FINE-M,5746,11,300,12,9,3,1,0,0,0,1
D-FINE-M,5747,23,300,23,22,1,0,1,0,0,0
D-FINE-M,5748,34,300,26,22,4,3,8,0,0,1
D-FINE-M,5749,33,300,26,18,8,7,2,0,0,6
D-FINE-M,5750,10,300,11,9,2,0,1,0,0,0
D-FINE-M,5751,26,300,24,19,5,0,5,0,0,2
D-FINE-M,5752,23,300,29,22,7,0,1,0,0,0
D-FINE-M,5753,29,300,23,18,5,3,6,0,0,2
D-FINE-M,5754,25,300,29,19,10,0,5,0,0,1
D-FINE-M,5755,13,300,14,12,2,0,0,0,0,1
D-FINE-M,5756,29,300,24,21,3,2,6,0,0,0
D-FINE-M,5757,6,300,5,4,1,1,1,0,0,0
D-FINE-M,5758,22,300,19,16,3,0,4,1,0,1
D-FINE-M,5759,15,300,15,14,1,0,1,0,0,0
D-FINE-M,5760,9,300,8,8,0,0,1,0,0,0
D-FINE-M,5761,38,300,32,29,3,2,5,1,0,1
D-FINE-M,5762,8,300,7,6,1,0,2,0,0,0
D-FINE-M,5763,26,300,24,15,9,1,7,0,0,3
D-FINE-M,5764,26,300,26,20,6,0,4,0,0,2
D-FINE-M,5765,9,300,14,9,5,0,0,0,0,0
D-FINE-M,5766,21,300,15,15,0,2,4,0,0,0
D-FINE-M,5767,17,300,19,15,4,0,2,0,0,0
D-FINE-M,5768,16,300,17,15,2,0,1,0,0,0
D-FINE-M,5769,18,300,24,17,7,0,1,0,0,0
D-FINE-M,5770,18,300,13,11,2,1,6,0,0,0
D-FINE-M,5771,15,300,15,13,2,0,2,0,0,0
D-FINE-M,5772,13,300,12,11,1,0,2,0,0,0
D-FINE-M,5773,11,300,11,11,0,0,0,0,0,0
D-FINE-M,5774,18,300,16,12,4,0,6,0,0,0
D-FINE-M,5775,20,300,17,16,1,1,3,0,0,0
D-FINE-M,5776,8,300,9,8,1,0,0,0,0,0
D-FINE-M,5777,10,300,12,9,3,0,1,0,0,0
D-FINE-M,5778,19,300,22,17,5,0,1,0,0,1
D-FINE-M,5779,13,300,11,8,3,0,4,0,0,1
D-FINE-M,5780,21,300,24,13,11,0,7,0,0,1
D-FINE-M,5781,25,300,23,18,5,1,4,1,0,1
D-FINE-M,5782,17,300,24,17,7,0,0,0,0,0
D-FINE-M,5783,23,300,16,13,3,2,6,0,0,2
D-FINE-M,5784,21,300,15,10,5,3,8,0,0,0
D-FINE-M,5785,20,300,14,11,3,4,3,0,0,2
D-FINE-M,5786,17,300,19,13,6,1,2,0,0,1
D-FINE-M,5787,26,300,28,24,4,0,2,0,0,0
D-FINE-M,5788,22,300,17,16,1,0,6,0,0,0
D-FINE-M,5789,8,300,13,6,7,0,1,0,0,1
D-FINE-M,5790,20,300,19,15,4,1,2,0,0,2
D-FINE-M,5791,26,300,22,10,12,5,7,0,0,4
D-FINE-M,5792,36,300,21,19,2,4,12,0,0,1
D-FINE-M,5793,24,300,27,16,11,1,5,0,0,2
D-FINE-M,5794,30,300,24,20,4,4,3,0,0,3
D-FINE-M,5795,13,300,14,13,1,0,0,0,0,0
D-FINE-M,5796,26,300,23,16,7,0,6,1,0,3
D-FINE-M,5797,22,300,21,19,2,0,2,0,0,1
D-FINE-M,5798,17,300,10,7,3,1,9,0,0,0
D-FINE-M,5799,23,300,21,19,2,0,4,0,0,0
D-FINE-M,5800,8,300,9,8,1,0,0,0,0,0
D-FINE-M,5801,15,300,16,12,4,0,3,0,0,0
D-FINE-M,5802,16,300,20,12,8,0,4,0,0,0
D-FINE-M,5803,17,300,15,10,5,0,6,0,0,1
D-FINE-M,5804,16,300,16,14,2,0,2,0,0,0
D-FINE-M,5805,17,300,20,14,6,1,2,0,0,0
D-FINE-M,5806,9,300,6,5,1,0,4,0,0,0
D-FINE-M,5807,17,300,12,11,1,2,3,0,0,1
D-FINE-M,5808,13,300,9,9,0,0,4,0,0,0
D-FINE-M,5809,15,300,11,11,0,0,4,0,0,0
D-FINE-M,5810,21,300,19,18,1,0,3,0,0,0
D-FINE-M,5811,11,300,7,3,4,2,4,0,0,2
D-FINE-M,5812,8,300,9,8,1,0,0,0,0,0
D-FINE-M,5813,14,300,9,9,0,1,3,0,0,1
D-FINE-M,5814,15,300,10,6,4,1,7,0,1,0
D-FINE-M,5815,20,300,16,14,2,0,6,0,0,0
D-FINE-M,5816,25,300,15,13,2,3,9,0,0,0
D-FINE-M,5817,24,300,17,16,1,3,5,0,0,0
D-FINE-M,5818,25,300,21,19,2,1,5,0,0,0
D-FINE-M,5819,20,300,17,11,6,1,7,0,0,1
D-FINE-M,5820,20,300,20,15,5,0,4,0,0,1
D-FINE-M,5821,12,300,9,8,1,1,3,0,0,0
D-FINE-M,5822,45,300,35,32,3,1,11,0,0,1
D-FINE-M,5823,25,300,21,13,8,0,11,0,0,1
D-FINE-M,5824,21,300,17,16,1,0,5,0,0,0
D-FINE-M,5825,22,300,18,15,3,1,6,0,0,0
D-FINE-M,5826,22,300,14,11,3,0,7,2,0,2
D-FINE-M,5827,33,300,29,24,5,3,5,0,0,1
D-FINE-M,5828,23,300,21,18,3,0,4,0,0,1
D-FINE-M,5829,13,300,14,9,5,0,2,1,0,1
D-FINE-M,5830,15,300,14,11,3,0,4,0,0,0
D-FINE-M,5831,24,300,19,17,2,0,6,0,0,1
D-FINE-M,5832,23,300,19,17,2,0,5,0,0,1
D-FINE-M,5833,6,300,6,6,0,0,0,0,0,0
D-FINE-M,5834,22,300,19,17,2,0,3,0,0,2
D-FINE-M,5835,24,300,27,21,6,0,3,0,0,0
D-FINE-M,5836,13,300,15,11,4,0,1,0,0,1
D-FINE-M,5837,9,300,6,6,0,2,1,0,0,0
D-FINE-M,5838,18,300,15,12,3,1,4,0,0,1
D-FINE-M,5839,4,300,8,3,5,0,1,0,0,0
D-FINE-M,5840,25,300,25,20,5,1,4,0,0,0
D-FINE-M,5841,15,300,13,13,0,0,2,0,0,0
D-FINE-M,5842,41,300,43,29,14,2,5,0,0,5
D-FINE-M,5843,8,300,10,6,4,0,2,0,0,0
D-FINE-M,5844,28,300,27,20,7,0,5,0,0,3
D-FINE-M,5845,12,300,15,10,5,0,2,0,0,0
D-FINE-M,5846,18,300,17,11,6,0,6,0,0,1
D-FINE-M,5847,35,300,31,25,6,5,4,0,0,1
D-FINE-M,5848,23,300,27,19,8,0,2,0,0,2
D-FINE-M,5849,35,300,28,21,7,2,6,1,0,5
D-FINE-M,5850,24,300,18,11,7,2,9,0,0,2
D-FINE-M,5851,12,300,5,3,2,4,4,0,0,1
D-FINE-M,5852,10,300,9,4,5,1,4,1,0,0
D-FINE-M,5853,12,300,16,11,5,0,1,0,0,0
D-FINE-M,5854,7,300,4,4,0,2,1,0,0,0
D-FINE-M,5855,25,300,25,22,3,1,2,0,0,0
D-FINE-M,5856,29,300,26,20,6,1,6,0,0,2
D-FINE-M,5857,13,300,13,10,3,0,2,0,0,1
D-FINE-M,5858,17,300,20,15,5,0,2,0,0,0
D-FINE-M,5859,6,300,4,4,0,0,2,0,0,0
D-FINE-M,5860,7,300,9,7,2,0,0,0,0,0
D-FINE-M,5861,6,300,2,1,1,0,3,0,0,2
D-FINE-M,5862,4,300,4,2,2,0,2,0,0,0
D-FINE-M,5863,15,300,16,14,2,0,1,0,0,0
D-FINE-M,5864,21,300,21,19,2,0,2,0,0,0
D-FINE-M,5865,5,300,3,2,1,1,2,0,0,0
D-FINE-M,5866,17,300,16,12,4,0,4,0,0,1
D-FINE-M,5867,19,300,17,15,2,0,4,0,0,0
D-FINE-M,5868,17,300,15,13,2,0,4,0,0,0
D-FINE-M,5869,10,300,13,8,5,0,1,0,0,1
D-FINE-M,5870,9,300,6,5,1,0,4,0,0,0
D-FINE-M,5871,31,300,29,22,7,3,5,0,0,1
D-FINE-M,5872,35,300,19,13,6,8,13,0,0,1
D-FINE-M,5873,26,300,26,19,7,1,4,0,0,2
D-FINE-M,5874,18,300,17,13,4,1,4,0,0,0
D-FINE-M,5875,23,300,22,17,5,1,5,0,0,0
D-FINE-M,5876,16,300,13,12,1,1,2,0,0,1
D-FINE-M,5877,25,300,22,21,1,0,2,0,0,2
D-FINE-M,5878,21,300,19,18,1,0,3,0,0,0
D-FINE-M,5879,9,300,11,8,3,0,1,0,0,0
D-FINE-M,5880,41,300,31,26,5,2,10,0,0,3
D-FINE-M,5881,9,300,7,6,1,0,3,0,0,0
D-FINE-M,5882,9,300,9,8,1,0,1,0,0,0
D-FINE-M,5883,18,300,15,11,4,0,7,0,0,0
D-FINE-M,5884,21,300,19,18,1,0,3,0,0,0
D-FINE-M,5885,39,300,26,23,3,3,13,0,0,0
D-FINE-M,5886,10,300,10,10,0,0,0,0,0,0
D-FINE-M,5887,22,300,23,21,2,0,1,0,0,0
D-FINE-M,5888,33,300,37,25,12,0,5,0,0,3
D-FINE-M,5889,20,300,25,20,5,0,0,0,0,0
D-FINE-M,5890,9,300,7,7,0,0,2,0,0,0
D-FINE-M,5891,17,300,20,15,5,1,1,0,0,0
D-FINE-M,5892,23,300,17,15,2,1,6,0,0,1
D-FINE-M,5893,33,300,29,25,4,0,7,0,0,1
D-FINE-M,5894,15,300,18,15,3,0,0,0,0,0
D-FINE-M,5895,16,300,16,10,6,0,5,0,0,1
D-FINE-M,5896,13,300,13,7,6,1,4,0,0,1
D-FINE-M,5897,35,300,34,21,13,4,6,1,0,3
D-FINE-M,5898,29,300,25,21,4,0,5,1,0,2
D-FINE-M,5899,15,300,17,13,4,0,2,0,0,0
D-FINE-M,5900,19,300,19,17,2,1,1,0,0,0
D-FINE-M,5901,49,300,36,34,2,5,5,0,0,5
D-FINE-M,5902,31,300,27,22,5,1,6,0,0,2
D-FINE-M,5903,40,300,33,21,12,4,12,0,0,3
D-FINE-M,5904,24,300,24,19,5,1,3,1,0,0
D-FINE-M,5905,12,300,10,10,0,0,2,0,0,0
D-FINE-M,5906,18,300,21,16,5,0,2,0,0,0
D-FINE-M,5907,18,300,12,10,2,2,5,0,0,1
D-FINE-M,5908,40,300,30,26,4,1,12,0,0,1
D-FINE-M,5909,18,300,19,17,2,0,1,0,0,0
D-FINE-M,5910,35,300,27,24,3,0,11,0,0,0
D-FINE-M,5911,11,300,10,8,2,1,1,0,0,1
D-FINE-M,5912,12,300,16,8,8,1,0,0,0,3
D-FINE-M,5913,25,300,22,20,2,0,5,0,0,0
D-FINE-M,5914,41,300,23,19,4,4,16,0,0,2
D-FINE-M,5915,10,300,7,7,0,0,3,0,0,0
D-FINE-M,5916,17,300,15,12,3,2,2,0,0,1
D-FINE-M,5917,17,300,11,10,1,0,7,0,0,0
D-FINE-M,5918,5,300,5,5,0,0,0,0,0,0
D-FINE-M,5919,4,300,12,4,8,0,0,0,0,0
D-FINE-M,5920,5,300,7,5,2,0,0,0,0,0
D-FINE-M,5921,18,300,16,11,5,0,7,0,0,0
D-FINE-M,5922,21,300,17,14,3,0,6,0,0,1
D-FINE-M,5923,42,300,32,21,11,4,10,0,0,7
D-FINE-M,5924,9,300,9,9,0,0,0,0,0,0
D-FINE-M,5925,16,300,13,10,3,2,3,0,0,1
D-FINE-M,5926,4,300,4,4,0,0,0,0,0,0
D-FINE-M,5927,39,300,38,27,11,0,12,0,0,0
D-FINE-M,5928,19,300,18,16,2,0,3,0,0,0
D-FINE-M,5929,21,300,20,17,3,1,2,0,0,1
D-FINE-M,5930,23,300,21,17,4,3,3,0,0,0
D-FINE-M,5931,23,300,29,22,7,0,1,0,0,0
D-FINE-M,5932,17,300,20,14,6,0,3,0,0,0
D-FINE-M,5933,9,300,8,7,1,0,2,0,0,0
D-FINE-M,5934,13,300,15,7,8,1,2,0,0,3
D-FINE-M,5935,39,300,28,19,9,3,17,0,0,0
D-FINE-M,5936,11,300,10,8,2,1,1,0,0,1
D-FINE-M,5937,7,300,7,3,4,0,3,0,0,1
D-FINE-M,5938,18,300,15,13,2,2,3,0,0,0
D-FINE-M,5939,12,300,10,9,1,0,2,0,0,1
D-FINE-M,5940,13,300,12,8,4,1,4,0,0,0
D-FINE-M,5941,21,300,18,13,5,0,5,0,0,3
D-FINE-M,5942,18,300,20,16,4,0,2,0,0,0
D-FINE-M,5943,12,300,11,10,1,0,1,0,0,1
D-FINE-M,5944,25,300,23,12,11,3,8,0,0,2
D-FINE-M,5945,16,300,17,13,4,0,3,0,0,0
D-FINE-M,5946,30,300,31,28,3,1,0,0,0,1
D-FINE-M,5947,12,300,11,8,3,0,4,0,0,0
D-FINE-M,5948,10,300,5,3,2,2,3,0,0,2
D-FINE-M,5949,19,300,19,12,7,0,5,0,0,2
D-FINE-M,5950,21,300,18,17,1,0,4,0,0,0
D-FINE-M,5951,17,300,18,14,4,0,2,0,0,1
D-FINE-M,5952,17,300,11,10,1,1,6,0,0,0
D-FINE-M,5953,28,300,21,19,2,0,8,0,0,1
D-FINE-M,5954,21,300,22,14,8,2,5,0,0,0
D-FINE-M,5955,6,300,7,5,2,0,1,0,0,0
D-FINE-M,5956,6,300,7,5,2,1,0,0,0,0
D-FINE-M,5957,9,300,14,9,5,0,0,0,0,0
D-FINE-M,5958,8,300,8,4,4,0,2,0,0,2
D-FINE-M,5959,35,300,29,24,5,2,7,0,0,2
D-FINE-M,5960,14,300,16,14,2,0,0,0,0,0
D-FINE-M,5961,9,300,6,5,1,1,3,0,0,0
D-FINE-M,5962,11,300,11,9,2,0,2,0,0,0
D-FINE-M,5963,7,300,9,5,4,0,1,1,0,0
D-FINE-M,5964,12,300,14,12,2,0,0,0,0,0
D-FINE-M,5965,19,300,15,15,0,0,4,0,0,0
D-FINE-M,5966,26,300,24,10,14,6,3,0,0,7
D-FINE-M,5967,23,300,12,10,2,3,10,0,0,0
D-FINE-M,5968,10,300,11,9,2,0,0,0,0,1
D-FINE-M,5969,24,300,23,14,9,0,9,0,0,1
D-FINE-M,5970,27,300,22,17,5,0,5,0,0,5
D-FINE-M,5971,5,300,9,4,5,0,1,0,0,0
D-FINE-M,5972,17,300,20,13,7,0,3,0,0,1
D-FINE-M,5973,32,300,30,25,5,0,4,0,0,3
D-FINE-M,5974,24,300,27,19,8,0,4,0,0,1
D-FINE-M,5975,14,300,9,8,1,0,5,0,0,1
D-FINE-M,5976,7,300,8,7,1,0,0,0,0,0
D-FINE-M,5977,13,300,6,5,1,0,8,0,0,0
D-FINE-M,5978,22,300,19,18,1,0,3,0,0,1
D-FINE-M,5979,36,300,42,29,13,1,5,0,0,1
D-FINE-M,5980,12,300,15,11,4,0,1,0,0,0
D-FINE-M,5981,28,300,27,19,8,1,5,0,0,3
D-FINE-M,5982,22,300,22,19,3,0,2,1,0,0
D-FINE-M,5983,18,300,19,13,6,1,4,0,0,0
D-FINE-M,5984,24,300,23,21,2,1,2,0,0,0
D-FINE-M,5985,24,300,24,21,3,0,2,0,0,1
D-FINE-M,5986,27,300,25,16,9,1,5,0,0,5
D-FINE-M,5987,15,300,11,10,1,0,3,0,0,2
D-FINE-M,5988,18,300,22,13,9,1,3,0,0,1
D-FINE-M,5989,52,300,39,29,10,4,15,0,0,4
D-FINE-M,5990,48,300,41,29,12,7,8,0,0,4
D-FINE-M,5991,5,300,5,4,1,0,1,0,0,0
D-FINE-M,5992,16,300,14,12,2,0,4,0,0,0
D-FINE-M,5993,15,300,15,14,1,0,1,0,0,0
D-FINE-M,5994,8,300,9,7,2,0,1,0,0,0
D-FINE-M,5995,6,300,6,6,0,0,0,0,0,0
D-FINE-M,5996,5,300,4,4,0,0,1,0,0,0
D-FINE-M,5997,18,300,18,16,2,1,1,0,0,0
D-FINE-M,5998,9,300,9,5,4,0,4,0,0,0
D-FINE-M,5999,15,300,15,11,4,1,3,0,0,0
D-FINE-M,6000,23,300,21,16,5,0,6,0,0,1
D-FINE-M,6001,23,300,20,14,6,2,4,0,0,3
D-FINE-M,6002,5,300,7,5,2,0,0,0,0,0
D-FINE-M,6003,24,300,20,18,2,0,4,0,0,2
D-FINE-M,6004,28,300,29,20,9,4,3,1,0,0
D-FINE-M,6005,23,300,17,14,3,0,9,0,0,0
D-FINE-M,6006,16,300,22,15,7,0,1,0,0,0
D-FINE-M,6007,19,300,17,10,7,2,7,0,0,0
D-FINE-M,6008,4,300,4,3,1,1,0,0,0,0
D-FINE-M,6009,11,300,10,6,4,1,3,0,0,1
D-FINE-M,6010,10,300,9,7,2,0,2,0,0,1
D-FINE-M,6011,19,300,11,9,2,3,7,0,0,0
D-FINE-M,6012,14,300,14,12,2,0,2,0,0,0
D-FINE-M,6013,10,300,10,9,1,0,1,0,0,0
D-FINE-M,6014,25,300,21,19,2,0,6,0,0,0
D-FINE-M,6015,13,300,12,9,3,0,4,0,0,0
D-FINE-M,6016,18,300,16,12,4,1,4,0,0,1
D-FINE-M,6017,17,300,11,9,2,1,7,0,0,0
D-FINE-M,6018,22,300,18,17,1,2,1,1,0,1
D-FINE-M,6019,26,300,28,18,10,0,6,0,0,2
D-FINE-M,6020,9,300,10,9,1,0,0,0,0,0
D-FINE-M,6021,9,300,7,6,1,0,3,0,0,0
D-FINE-M,6022,19,300,18,14,4,0,4,0,0,1
D-FINE-M,6023,12,300,8,6,2,0,6,0,0,0
D-FINE-M,6024,13,300,8,7,1,0,5,0,0,1
D-FINE-M,6025,17,300,21,14,7,0,2,0,0,1
D-FINE-M,6026,50,300,39,33,6,1,12,0,0,4
D-FINE-M,6027,33,300,26,19,7,3,9,0,0,2
D-FINE-M,6028,8,300,14,7,7,0,1,0,0,0
D-FINE-M,6029,24,300,24,15,9,1,7,0,0,1
D-FINE-M,6030,23,300,16,15,1,3,4,0,0,1
D-FINE-M,6031,12,300,9,8,1,2,2,0,0,0
D-FINE-M,6032,7,300,7,6,1,0,1,0,0,0
D-FINE-M,6033,8,300,10,7,3,0,1,0,0,0
D-FINE-M,6034,14,300,13,12,1,0,2,0,0,0
D-FINE-M,6035,6,300,8,5,3,0,0,1,0,0
D-FINE-M,6036,15,300,18,14,4,0,1,0,0,0
D-FINE-M,6037,24,300,23,16,7,1,7,0,0,0
D-FINE-M,6038,4,300,6,4,2,0,0,0,0,0
D-FINE-M,6039,16,300,15,9,6,1,6,0,0,0
D-FINE-M,6040,9,300,10,7,3,0,2,0,0,0
D-FINE-M,6041,21,300,19,15,4,1,5,0,0,0
D-FINE-M,6042,39,300,42,27,15,4,5,0,0,3
D-FINE-M,6043,59,300,41,32,9,8,15,0,1,3
D-FINE-M,6044,9,300,10,4,6,0,3,0,0,2
D-FINE-M,6045,30,300,22,21,1,2,6,0,0,1
D-FINE-M,6046,12,300,7,6,1,0,6,0,0,0
D-FINE-M,6047,21,300,17,15,2,2,3,0,0,1
D-FINE-M,6048,26,300,8,8,0,3,14,0,0,1
D-FINE-M,6049,6,300,7,5,2,0,1,0,0,0
D-FINE-M,6050,28,300,26,20,6,1,5,0,0,2
D-FINE-M,6051,32,300,32,27,5,0,5,0,0,0
D-FINE-M,6052,12,300,13,11,2,0,1,0,0,0
D-FINE-M,6053,14,300,13,11,2,0,3,0,0,0
D-FINE-M,6054,31,300,33,27,6,1,2,0,0,1
D-FINE-M,6055,6,300,6,6,0,0,0,0,0,0
D-FINE-M,6056,19,300,22,16,6,0,2,0,0,1
D-FINE-M,6057,20,300,19,18,1,0,2,0,0,0
D-FINE-M,6058,7,300,7,5,2,0,2,0,0,0
D-FINE-M,6059,22,300,19,18,1,0,4,0,0,0
D-FINE-M,6060,21,300,18,16,2,1,3,0,0,1
D-FINE-M,6061,11,300,13,10,3,0,1,0,0,0
D-FINE-M,6062,9,300,9,8,1,0,0,0,0,1
D-FINE-M,6063,25,300,25,20,5,2,3,0,0,0
D-FINE-M,6064,39,300,32,20,12,4,10,0,0,5
D-FINE-M,6065,7,300,8,6,2,0,1,0,0,0
D-FINE-M,6066,8,300,17,7,10,0,1,0,0,0
D-FINE-M,6067,19,300,14,13,1,0,5,0,0,1
D-FINE-M,6068,18,300,14,13,1,0,5,0,0,0
D-FINE-M,6069,14,300,11,10,1,1,3,0,0,0
D-FINE-M,6070,12,300,11,8,3,2,2,0,0,0
D-FINE-M,6071,11,300,14,9,5,0,1,0,0,1
D-FINE-M,6072,12,300,13,12,1,0,0,0,0,0
D-FINE-M,6073,17,300,15,10,5,2,5,0,0,0
D-FINE-M,6074,4,300,6,4,2,0,0,0,0,0
D-FINE-M,6075,37,300,31,24,7,2,11,0,0,0
D-FINE-M,6076,10,300,10,8,2,1,1,0,0,0
D-FINE-M,6077,22,300,21,17,4,0,5,0,0,0
D-FINE-M,6078,13,300,8,5,3,0,8,0,0,0
D-FINE-M,6079,5,300,6,5,1,0,0,0,0,0
D-FINE-M,6080,21,300,19,16,3,0,4,0,0,1
D-FINE-M,6081,15,300,13,12,1,0,3,0,0,0
D-FINE-M,6082,14,300,12,12,0,0,2,0,0,0
D-FINE-M,6083,8,300,11,8,3,0,0,0,0,0
D-FINE-M,6084,29,300,18,15,3,2,11,1,0,0
D-FINE-M,6085,8,300,6,6,0,0,2,0,0,0
D-FINE-M,6086,7,300,6,6,0,0,1,0,0,0
D-FINE-M,6087,7,300,2,2,0,1,4,0,0,0
D-FINE-M,6088,7,300,7,6,1,0,1,0,0,0
D-FINE-M,6089,24,300,12,12,0,4,8,0,0,0
D-FINE-M,6090,13,300,13,12,1,1,0,0,0,0
D-FINE-M,6091,22,300,19,14,5,0,8,0,0,0
D-FINE-M,6092,22,300,18,18,0,1,3,0,0,0
D-FINE-M,6093,23,300,19,17,2,2,4,0,0,0
D-FINE-M,6094,19,300,22,15,7,0,3,0,0,1
D-FINE-M,6095,14,300,17,13,4,0,1,0,0,0
D-FINE-M,6096,6,300,7,4,3,0,2,0,0,0
D-FINE-M,6097,14,300,10,8,2,3,3,0,0,0
D-FINE-M,6098,17,300,15,12,3,0,3,0,0,2
D-FINE-M,6099,6,300,6,6,0,0,0,0,0,0
D-FINE-M,6100,6,300,5,4,1,0,1,0,0,1
D-FINE-M,6101,27,300,23,19,4,0,8,0,0,0
D-FINE-M,6102,25,300,22,19,3,1,5,0,0,0
D-FINE-M,6103,11,300,12,10,2,0,0,0,0,1
D-FINE-M,6104,17,300,23,17,6,0,0,0,0,0
D-FINE-M,6105,14,300,10,10,0,0,4,0,0,0
D-FINE-M,6106,11,300,12,10,2,0,1,0,0,0
D-FINE-M,6107,25,300,23,18,5,0,6,0,0,1
D-FINE-M,6108,18,300,13,12,1,0,5,0,0,1
D-FINE-M,6109,22,300,24,16,8,0,5,0,0,1
D-FINE-M,6110,23,300,25,17,8,0,3,0,0,3
D-FINE-M,6111,15,300,16,14,2,0,1,0,0,0
D-FINE-M,6112,16,300,14,10,4,1,5,0,0,0
D-FINE-M,6113,4,300,5,4,1,0,0,0,0,0
D-FINE-M,6114,22,300,21,14,7,2,6,0,0,0
D-FINE-M,6115,4,300,3,2,1,0,2,0,0,0
D-FINE-M,6116,26,300,27,22,5,0,4,0,0,0
D-FINE-M,6117,8,300,10,8,2,0,0,0,0,0
D-FINE-M,6118,26,300,22,18,4,1,7,0,0,0
D-FINE-M,6119,28,300,29,25,4,0,2,0,0,1
D-FINE-M,6120,31,300,20,16,4,3,8,0,0,4
D-FINE-M,6121,24,300,20,16,4,2,4,0,0,2
D-FINE-M,6122,9,300,9,8,1,0,1,0,0,0
D-FINE-M,6123,19,300,20,17,3,0,2,0,0,0
D-FINE-M,6124,30,300,29,21,8,1,7,0,0,1
D-FINE-M,6125,23,300,27,20,7,0,2,0,0,1
D-FINE-M,6126,20,300,24,14,10,1,4,0,0,1
D-FINE-M,6127,18,300,20,17,3,0,1,0,0,0
D-FINE-M,6128,5,300,5,4,1,0,1,0,0,0
D-FINE-M,6129,25,300,17,13,4,2,10,0,0,0
D-FINE-M,6130,16,300,22,15,7,0,1,0,0,0
D-FINE-M,6131,11,300,11,9,2,1,1,0,0,0
D-FINE-M,6132,4,300,2,2,0,0,2,0,0,0
D-FINE-M,6133,22,300,18,14,4,0,7,0,0,1
D-FINE-M,6134,7,300,5,5,0,0,2,0,0,0
D-FINE-M,6135,14,300,15,14,1,0,0,0,0,0
D-FINE-M,6136,11,300,14,9,5,0,2,0,0,0
D-FINE-M,6137,36,300,28,24,4,0,9,0,0,3
D-FINE-M,6138,8,300,12,6,6,0,0,0,0,2
D-FINE-M,6139,14,300,16,11,5,0,3,0,0,0
D-FINE-M,6140,16,300,13,12,1,1,3,0,0,0
D-FINE-M,6141,20,300,14,10,4,1,7,0,0,2
D-FINE-M,6142,4,300,4,3,1,0,0,0,0,1
D-FINE-M,6143,16,300,12,9,3,1,6,0,0,0
D-FINE-M,6144,11,300,5,2,3,1,6,0,0,2
D-FINE-M,6145,22,300,22,16,6,0,5,0,0,1
D-FINE-M,6146,20,300,18,16,2,1,3,0,0,0
D-FINE-M,6147,20,300,19,13,6,1,5,1,0,0
D-FINE-M,6148,15,300,13,9,4,0,4,0,0,2
D-FINE-M,6149,13,300,10,9,1,2,1,0,0,1
D-FINE-M,6150,28,300,26,23,3,0,4,0,0,1
D-FINE-M,6151,28,300,16,12,4,3,10,0,0,3
D-FINE-M,6152,26,300,16,12,4,3,11,0,0,0
D-FINE-M,6153,11,300,9,6,3,1,3,0,0,1
D-FINE-M,6154,32,300,26,23,3,1,8,0,0,0
D-FINE-M,6155,27,300,28,18,10,2,6,0,0,1
D-FINE-M,6156,9,300,9,7,2,0,2,0,0,0
D-FINE-M,6157,9,300,14,8,6,0,1,0,0,0
D-FINE-M,6158,20,300,16,15,1,0,5,0,0,0
D-FINE-M,6159,30,300,18,15,3,5,10,0,0,0
D-FINE-M,6160,14,300,13,12,1,0,2,0,0,0
D-FINE-M,6161,4,300,4,4,0,0,0,0,0,0
D-FINE-M,6162,17,300,19,14,5,0,3,0,0,0
D-FINE-M,6163,34,300,24,20,4,4,10,0,0,0
D-FINE-M,6164,19,300,15,12,3,3,4,0,0,0
D-FINE-M,6165,17,300,16,14,2,2,1,0,0,0
D-FINE-M,6166,11,300,10,8,2,0,2,0,0,1
D-FINE-M,6167,25,300,27,23,4,0,1,0,0,1
D-FINE-M,6168,28,300,23,20,3,0,8,0,0,0
D-FINE-M,6169,16,300,15,11,4,1,4,0,0,0
D-FINE-M,6170,29,300,21,19,2,2,7,0,0,1
D-FINE-M,6171,7,300,8,7,1,0,0,0,0,0
D-FINE-M,6172,10,300,14,9,5,0,1,0,0,0
D-FINE-M,6173,20,300,17,15,2,0,4,0,0,1
D-FINE-M,6174,9,300,9,4,5,2,3,0,0,0
D-FINE-M,6175,53,300,40,37,3,3,12,1,0,0
D-FINE-M,6176,23,300,20,16,4,1,5,0,0,1
D-FINE-M,6177,21,300,20,18,2,0,2,0,0,1
D-FINE-M,6178,20,300,17,11,6,1,5,1,0,2
D-FINE-M,6179,8,300,7,6,1,0,2,0,0,0
D-FINE-M,6180,23,300,19,13,6,0,7,0,0,3
D-FINE-M,6181,14,300,12,9,3,2,2,0,0,1
D-FINE-M,6182,11,300,12,9,3,0,2,0,0,0
D-FINE-M,6183,6,300,5,4,1,0,2,0,0,0
D-FINE-M,6184,29,300,25,21,4,0,7,0,0,1
D-FINE-M,6185,21,300,23,16,7,0,4,0,0,1
D-FINE-M,6186,18,300,11,7,4,4,7,0,0,0
D-FINE-M,6187,19,300,11,8,3,1,10,0,0,0
D-FINE-M,6188,6,300,7,5,2,0,0,0,0,1
D-FINE-M,6189,10,300,10,9,1,0,1,0,0,0
D-FINE-M,6190,13,300,14,12,2,0,1,0,0,0
D-FINE-M,6191,22,300,24,18,6,0,3,0,0,1
D-FINE-M,6192,10,300,16,8,8,1,1,0,0,0
D-FINE-M,6193,18,300,13,11,2,2,4,0,0,1
D-FINE-M,6194,43,300,36,28,8,3,9,0,0,3
D-FINE-M,6195,18,300,13,11,2,1,5,0,0,1
D-FINE-M,6196,27,300,24,15,9,0,6,0,0,6
D-FINE-M,6197,13,300,16,12,4,0,0,0,1,0
D-FINE-M,6198,18,300,15,13,2,0,4,0,0,1
D-FINE-M,6199,32,300,33,25,8,0,4,0,0,3
D-FINE-M,6200,13,300,18,13,5,0,0,0,0,0
D-FINE-M,6201,10,300,6,4,2,0,5,0,0,1
D-FINE-M,6202,43,300,36,30,6,5,7,0,0,1
D-FINE-M,6203,12,300,11,10,1,0,2,0,0,0
D-FINE-M,6204,11,300,10,9,1,0,2,0,0,0
D-FINE-M,6205,17,300,10,10,0,3,4,0,0,0
D-FINE-M,6206,25,300,24,16,8,0,5,1,0,3
D-FINE-M,6207,36,300,16,12,4,14,8,0,0,2
D-FINE-M,6208,15,300,16,13,3,0,2,0,0,0
D-FINE-M,6209,11,300,10,8,2,2,1,0,0,0
D-FINE-M,6210,9,300,10,5,5,0,4,0,0,0
D-FINE-M,6211,8,300,10,5,5,0,3,0,0,0
D-FINE-M,6212,15,300,15,14,1,0,0,0,0,1
D-FINE-M,6213,15,300,15,12,3,0,3,0,0,0
D-FINE-M,6214,28,300,31,25,6,0,3,0,0,0
D-FINE-M,6215,4,300,3,2,1,0,1,0,0,1
D-FINE-M,6216,11,300,7,7,0,0,4,0,0,0
D-FINE-M,6217,10,300,8,5,3,0,4,0,0,1
D-FINE-M,6218,5,300,7,3,4,1,1,0,0,0
D-FINE-M,6219,4,300,4,3,1,0,1,0,0,0
D-FINE-M,6220,19,300,17,12,5,1,2,0,0,4
D-FINE-M,6221,31,300,21,18,3,3,10,0,0,0
D-FINE-M,6222,19,300,18,16,2,0,2,1,0,0
D-FINE-M,6223,28,300,29,24,5,0,3,0,1,0
D-FINE-M,6224,7,300,4,3,1,0,4,0,0,0
D-FINE-M,6225,17,300,19,10,9,1,6,0,0,0
D-FINE-M,6226,28,300,26,24,2,0,4,0,0,0
D-FINE-M,6227,20,300,18,15,3,0,2,0,0,3
D-FINE-M,6228,18,300,18,13,5,0,5,0,0,0
D-FINE-M,6229,36,300,38,29,9,0,7,0,0,0
D-FINE-M,6230,19,300,21,15,6,1,3,0,0,0
D-FINE-M,6231,12,300,16,12,4,0,0,0,0,0
D-FINE-M,6232,33,300,28,24,4,0,9,0,0,0
D-FINE-M,6233,13,300,10,8,2,0,5,0,0,0
D-FINE-M,6234,6,300,6,5,1,0,1,0,0,0
D-FINE-M,6235,31,300,24,19,5,1,9,0,0,2
D-FINE-M,6236,14,300,14,11,3,0,3,0,0,0
D-FINE-M,6237,28,300,23,17,6,1,8,0,0,2
D-FINE-M,6238,25,300,18,17,1,4,3,0,0,1
D-FINE-M,6239,25,300,17,14,3,3,8,0,0,0
D-FINE-M,6240,19,300,16,15,1,1,3,0,0,0
D-FINE-M,6241,24,300,22,20,2,0,4,0,0,0
D-FINE-M,6242,30,300,21,17,4,2,10,0,0,1
D-FINE-M,6243,19,300,16,12,4,0,5,0,0,2
D-FINE-M,6244,7,300,4,4,0,0,3,0,0,0
D-FINE-M,6245,17,300,15,11,4,1,5,0,0,0
D-FINE-M,6246,5,300,4,3,1,0,2,0,0,0
D-FINE-M,6247,6,300,5,5,0,0,1,0,0,0
D-FINE-M,6248,13,300,12,10,2,0,3,0,0,0
D-FINE-M,6249,4,300,3,3,0,0,1,0,0,0
D-FINE-M,6250,25,300,23,19,4,1,3,1,0,1
D-FINE-M,6251,10,300,13,7,6,0,1,0,0,2
D-FINE-M,6252,8,300,11,7,4,0,1,0,0,0
D-FINE-M,6253,15,300,12,10,2,0,3,1,0,1
D-FINE-M,6254,7,300,10,7,3,0,0,0,0,0
D-FINE-M,6255,11,300,9,8,1,0,3,0,0,0
D-FINE-M,6256,10,300,10,8,2,0,2,0,0,0
D-FINE-M,6257,14,300,13,11,2,1,2,0,0,0
D-FINE-M,6258,6,300,5,5,0,0,1,0,0,0
D-FINE-M,6259,7,300,8,7,1,0,0,0,0,0
D-FINE-M,6260,15,300,9,8,1,2,5,0,0,0
D-FINE-M,6261,17,300,20,14,6,1,2,0,0,0
D-FINE-M,6262,18,300,17,15,2,0,3,0,0,0
D-FINE-M,6263,16,300,16,15,1,0,1,0,0,0
D-FINE-M,6264,5,300,6,4,2,0,1,0,0,0
D-FINE-M,6265,29,300,27,21,6,1,2,0,0,5
D-FINE-M,6266,12,300,13,9,4,0,3,0,0,0
D-FINE-M,6267,17,300,16,13,3,0,4,0,0,0
D-FINE-M,6268,15,300,14,11,3,0,4,0,0,0
D-FINE-M,6269,22,300,17,15,2,0,7,0,0,0
D-FINE-M,6270,6,300,7,4,3,0,1,0,0,1
D-FINE-M,6271,13,300,17,12,5,0,1,0,0,0
D-FINE-M,6272,26,300,26,18,8,0,7,0,0,1
D-FINE-M,6273,13,300,12,8,4,0,2,1,0,2
D-FINE-M,6274,5,300,7,4,3,0,1,0,0,0
D-FINE-M,6275,26,300,27,22,5,0,3,0,0,1
D-FINE-M,6276,27,300,25,19,6,0,6,1,0,1
D-FINE-M,6277,34,300,29,25,4,1,7,0,0,1
D-FINE-M,6278,15,300,13,12,1,0,3,0,0,0
D-FINE-M,6279,27,300,22,21,1,0,5,1,0,0
D-FINE-M,6280,11,300,12,9,3,0,2,0,0,0
D-FINE-M,6281,10,300,9,8,1,0,2,0,0,0
D-FINE-M,6282,4,300,9,4,5,0,0,0,0,0
D-FINE-M,6283,20,300,17,15,2,1,3,0,0,1
D-FINE-M,6284,9,300,8,8,0,0,1,0,0,0
D-FINE-M,6285,20,300,14,12,2,1,6,0,0,1
D-FINE-M,6286,5,300,5,5,0,0,0,0,0,0
D-FINE-M,6287,15,300,20,14,6,0,1,0,0,0
D-FINE-M,6288,19,300,20,10,10,1,7,0,0,1
D-FINE-M,6289,15,300,8,8,0,0,7,0,0,0
D-FINE-M,6290,7,300,6,6,0,0,1,0,0,0
D-FINE-M,6291,32,300,9,7,2,8,17,0,0,0
D-FINE-M,6292,9,300,8,7,1,0,2,0,0,0
D-FINE-M,6293,15,300,11,10,1,0,4,0,0,1
D-FINE-M,6294,24,300,26,18,8,2,4,0,0,0
D-FINE-M,6295,17,300,19,14,5,0,3,0,0,0
D-FINE-M,6296,32,300,29,23,6,1,8,0,0,0
D-FINE-M,6297,11,300,10,9,1,1,1,0,0,0
D-FINE-M,6298,4,300,4,4,0,0,0,0,0,0
D-FINE-M,6299,32,300,24,21,3,1,8,0,1,1
D-FINE-M,6300,29,300,23,20,3,1,8,0,0,0
D-FINE-M,6301,30,300,33,28,5,0,2,0,0,0
D-FINE-M,6302,11,300,12,8,4,0,3,0,0,0
D-FINE-M,6303,10,300,8,5,3,0,5,0,0,0
D-FINE-M,6304,10,300,7,6,1,1,3,0,0,0
D-FINE-M,6305,20,300,20,17,3,0,3,0,0,0
D-FINE-M,6306,39,300,32,30,2,3,6,0,0,0
D-FINE-M,6307,29,300,26,21,5,0,7,0,0,1
D-FINE-M,6308,19,300,20,19,1,0,0,0,0,0
D-FINE-M,6309,13,300,8,6,2,2,3,0,0,2
D-FINE-M,6310,11,300,8,6,2,0,5,0,0,0
D-FINE-M,6311,16,300,19,15,4,0,1,0,0,0
D-FINE-M,6312,15,300,14,12,2,0,3,0,0,0
D-FINE-M,6313,8,300,8,5,3,0,3,0,0,0
D-FINE-M,6314,13,300,13,11,2,0,1,0,0,1
D-FINE-M,6315,22,300,17,11,6,2,9,0,0,0
D-FINE-M,6316,11,300,10,9,1,0,2,0,0,0
D-FINE-M,6317,13,300,10,10,0,1,2,0,0,0
D-FINE-M,6318,4,300,2,1,1,0,3,0,0,0
D-FINE-M,6319,4,300,5,3,2,0,1,0,0,0
D-FINE-M,6320,17,300,21,16,5,0,1,0,0,0
D-FINE-M,6321,7,300,8,7,1,0,0,0,0,0
D-FINE-M,6322,15,300,14,9,5,1,5,0,0,0
D-FINE-M,6323,22,300,22,18,4,0,3,0,0,1
D-FINE-M,6324,24,300,26,23,3,0,1,0,0,0
D-FINE-M,6325,17,300,17,17,0,0,0,0,0,0
D-FINE-M,6326,17,300,13,12,1,1,4,0,0,0
D-FINE-M,6327,4,300,5,4,1,0,0,0,0,0
D-FINE-M,6328,6,300,7,5,2,0,0,0,0,1
D-FINE-M,6329,21,300,29,19,10,0,1,0,0,1
D-FINE-M,6330,40,300,27,22,5,4,13,0,0,1
D-FINE-M,6331,8,300,9,7,2,0,1,0,0,0
D-FINE-M,6332,13,300,11,10,1,0,3,0,0,0
D-FINE-M,6333,33,300,21,15,6,3,14,0,0,1
D-FINE-M,6334,30,300,29,23,6,0,4,0,0,3
D-FINE-M,6335,9,300,12,8,4,0,1,0,0,0
D-FINE-M,6336,21,300,18,14,4,1,4,0,0,2
D-FINE-M,6337,5,300,10,5,5,0,0,0,0,0
D-FINE-M,6338,14,300,14,10,4,0,3,0,0,1
D-FINE-M,6339,19,300,17,14,3,0,4,0,0,1
D-FINE-M,6340,15,300,20,9,11,0,3,0,0,3
D-FINE-M,6341,21,300,22,19,3,1,1,0,0,0
D-FINE-M,6342,14,300,11,9,2,1,4,0,0,0
D-FINE-M,6343,18,300,15,14,1,0,4,0,0,0
D-FINE-M,6344,20,300,15,10,5,6,2,0,0,2
D-FINE-M,6345,10,300,9,6,3,0,1,0,0,3
D-FINE-M,6346,7,300,7,7,0,0,0,0,0,0
D-FINE-M,6347,27,300,23,22,1,1,3,0,0,1
D-FINE-M,6348,15,300,19,14,5,0,1,0,0,0
D-FINE-M,6349,35,300,36,27,9,1,7,0,0,0
D-FINE-M,6350,20,300,15,12,3,1,6,0,0,1
D-FINE-M,6351,21,300,24,19,5,0,1,0,0,1
D-FINE-M,6352,21,300,13,13,0,0,8,0,0,0
D-FINE-M,6353,20,300,22,15,7,0,3,0,1,1
D-FINE-M,6354,9,300,7,5,2,0,3,0,0,1
D-FINE-M,6355,8,300,12,6,6,0,2,0,0,0
D-FINE-M,6356,13,300,11,7,4,0,6,0,0,0
D-FINE-M,6357,13,300,14,12,2,0,0,0,0,1
D-FINE-M,6358,12,300,10,7,3,0,4,0,0,1
D-FINE-M,6359,8,300,8,4,4,0,4,0,0,0
D-FINE-M,6360,32,300,30,23,7,1,6,0,0,2
D-FINE-M,6361,8,300,7,5,2,0,3,0,0,0
D-FINE-M,6362,15,300,12,11,1,0,4,0,0,0
D-FINE-M,6363,12,300,11,6,5,0,5,0,0,1
D-FINE-M,6364,14,300,11,10,1,0,4,0,0,0
D-FINE-M,6365,11,300,8,7,1,2,2,0,0,0
D-FINE-M,6366,15,300,15,10,5,1,4,0,0,0
D-FINE-M,6367,7,300,7,5,2,0,2,0,0,0
D-FINE-M,6368,18,300,15,11,4,1,6,0,0,0
D-FINE-M,6369,17,300,15,14,1,0,2,0,0,1
D-FINE-M,6370,18,300,19,13,6,0,3,0,0,2
D-FINE-M,6371,21,300,17,12,5,1,8,0,0,0
D-FINE-M,6372,26,300,18,14,4,2,10,0,0,0
D-FINE-M,6373,17,300,14,8,6,2,6,0,0,1
D-FINE-M,6374,32,300,25,21,4,1,10,0,0,0
D-FINE-M,6375,20,300,15,13,2,0,6,0,0,1
D-FINE-M,6376,7,300,6,5,1,0,2,0,0,0
D-FINE-M,6377,26,300,16,13,3,1,10,0,0,2
D-FINE-M,6378,9,300,8,5,3,0,4,0,0,0
D-FINE-M,6379,20,300,20,15,5,0,4,0,0,1
D-FINE-M,6380,24,300,23,20,3,1,3,0,0,0
D-FINE-M,6381,12,300,15,12,3,0,0,0,0,0
D-FINE-M,6382,22,300,26,20,6,0,2,0,0,0
D-FINE-M,6383,16,300,14,11,3,0,5,0,0,0
D-FINE-M,6384,17,300,17,15,2,1,1,0,0,0
D-FINE-M,6385,20,300,21,17,4,2,1,0,0,0
D-FINE-M,6386,20,300,24,17,7,0,3,0,0,0
D-FINE-M,6387,16,300,15,14,1,0,2,0,0,0
D-FINE-M,6388,28,300,22,15,7,5,8,0,0,0
D-FINE-M,6389,4,300,5,4,1,0,0,0,0,0
D-FINE-M,6390,4,300,6,4,2,0,0,0,0,0
D-FINE-M,6391,31,300,33,26,7,0,5,0,0,0
D-FINE-M,6392,26,300,20,17,3,1,7,0,0,1
D-FINE-M,6393,8,300,8,8,0,0,0,0,0,0
D-FINE-M,6394,19,300,15,14,1,0,5,0,0,0
D-FINE-M,6395,23,300,25,21,4,0,2,0,0,0
D-FINE-M,6396,15,300,11,10,1,3,2,0,0,0
D-FINE-M,6397,23,300,19,17,2,1,5,0,0,0
D-FINE-M,6398,23,300,19,16,3,0,2,1,0,4
D-FINE-M,6399,24,300,27,14,13,2,7,0,0,1
D-FINE-M,6400,36,300,32,27,5,3,5,0,0,1
D-FINE-M,6401,28,300,17,16,1,5,7,0,0,0
D-FINE-M,6402,22,300,12,12,0,1,9,0,0,0
D-FINE-M,6403,15,300,20,13,7,0,2,0,0,0
D-FINE-M,6404,23,300,26,19,7,1,3,0,0,0
D-FINE-M,6405,30,300,23,23,0,0,7,0,0,0
D-FINE-M,6406,8,300,14,7,7,1,0,0,0,0
D-FINE-M,6407,13,300,12,9,3,0,4,0,0,0
D-FINE-M,6408,9,300,13,7,6,0,2,0,0,0
D-FINE-M,6409,11,300,12,8,4,0,3,0,0,0
D-FINE-M,6410,13,300,13,9,4,1,3,0,0,0
D-FINE-M,6411,33,300,28,22,6,6,3,0,0,2
D-FINE-M,6412,47,300,43,35,8,1,8,1,0,2
D-FINE-M,6413,14,300,16,14,2,0,0,0,0,0
D-FINE-M,6414,12,300,17,12,5,0,0,0,0,0
D-FINE-M,6415,18,300,16,12,4,0,5,0,0,1
D-FINE-M,6416,13,300,13,12,1,1,0,0,0,0
D-FINE-M,6417,12,300,13,9,4,0,2,0,0,1
D-FINE-M,6418,14,300,9,9,0,2,3,0,0,0
D-FINE-M,6419,17,300,19,14,5,1,2,0,0,0
D-FINE-M,6420,10,300,6,1,5,1,8,0,0,0
D-FINE-M,6421,7,300,8,5,3,0,1,0,0,1
D-FINE-M,6422,27,300,20,16,4,4,6,0,0,1
D-FINE-M,6423,14,300,19,12,7,0,1,0,0,1
D-FINE-M,6424,17,300,20,14,6,0,3,0,0,0
D-FINE-M,6425,35,300,38,31,7,1,3,0,0,0
D-FINE-M,6426,10,300,8,4,4,2,3,0,0,1
D-FINE-M,6427,12,300,18,11,7,0,0,0,0,1
D-FINE-M,6428,19,300,17,14,3,0,5,0,0,0
D-FINE-M,6429,18,300,15,9,6,1,3,0,0,5
D-FINE-M,6430,22,300,15,15,0,3,2,0,0,2
D-FINE-M,6431,12,300,12,11,1,0,1,0,0,0
D-FINE-M,6432,9,300,10,7,3,0,2,0,0,0
D-FINE-M,6433,15,300,16,11,5,0,4,0,0,0
D-FINE-M,6434,8,300,8,6,2,0,2,0,0,0
D-FINE-M,6435,17,300,18,15,3,0,2,0,0,0
D-FINE-M,6436,20,300,17,14,3,1,3,0,0,2
D-FINE-M,6437,28,300,26,19,7,2,6,0,0,1
D-FINE-M,6438,7,300,9,6,3,1,0,0,0,0
D-FINE-M,6439,34,300,31,26,5,1,5,1,0,1
D-FINE-M,6440,32,300,31,22,9,0,5,0,0,5
D-FINE-M,6441,41,300,35,29,6,1,9,1,0,1
D-FINE-M,6442,39,300,33,29,4,1,9,0,0,0
D-FINE-M,6443,10,300,9,7,2,0,3,0,0,0
D-FINE-M,6444,16,300,19,14,5,0,2,0,0,0
D-FINE-M,6445,18,300,20,16,4,0,1,0,1,0
D-FINE-M,6446,4,300,5,2,3,0,2,0,0,0
D-FINE-M,6447,18,300,8,7,1,4,6,0,0,1
D-FINE-M,6448,31,300,26,21,5,2,7,1,0,0
D-FINE-M,6449,14,300,12,10,2,2,1,0,0,1
D-FINE-M,6450,19,300,20,19,1,0,0,0,0,0
D-FINE-M,6451,11,300,14,10,4,0,1,0,0,0
D-FINE-M,6452,8,300,9,4,5,0,4,0,0,0
D-FINE-M,6453,30,300,22,20,2,3,6,0,0,1
D-FINE-M,6454,20,300,20,20,0,0,0,0,0,0
D-FINE-M,6455,19,300,18,15,3,1,3,0,0,0
D-FINE-M,6456,9,300,8,6,2,0,3,0,0,0
D-FINE-M,6457,19,300,17,13,4,0,5,0,0,1
D-FINE-M,6458,16,300,13,9,4,0,6,0,0,1
D-FINE-M,6459,14,300,13,12,1,0,1,0,0,1
D-FINE-M,6460,28,300,21,17,4,2,6,0,0,3
D-FINE-M,6461,10,300,8,7,1,0,2,0,0,1
D-FINE-M,6462,28,300,7,5,2,6,17,0,0,0
D-FINE-M,6463,29,300,23,19,4,1,8,0,0,1
D-FINE-M,6464,11,300,8,8,0,1,2,0,0,0
D-FINE-M,6465,19,300,18,14,4,0,4,0,0,1
D-FINE-M,6466,20,300,16,12,4,2,4,1,0,1
D-FINE-M,6467,15,300,17,15,2,0,0,0,0,0
D-FINE-M,6468,19,300,20,18,2,0,1,0,0,0
D-FINE-M,6469,6,300,5,3,2,0,2,0,0,1
D-FINE-M,6470,24,300,22,17,5,0,6,1,0,0
D-FINE-M,6471,14,300,14,10,4,1,3,0,0,0
D-FINE-M,6472,31,300,26,22,4,3,2,0,0,4
D-FINE-M,6473,47,300,41,34,7,2,8,1,0,2
D-FINE-M,6474,10,300,9,8,1,0,2,0,0,0
D-FINE-M,6475,11,300,13,8,5,1,2,0,0,0
D-FINE-M,6476,18,300,17,11,6,0,7,0,0,0
D-FINE-M,6477,44,300,35,29,6,4,6,0,0,5
D-FINE-M,6478,17,300,14,11,3,0,6,0,0,0
D-FINE-M,6479,21,300,10,9,1,5,6,0,0,1
D-FINE-M,6480,37,300,34,30,4,1,4,1,0,1
D-FINE-M,6481,16,300,14,12,2,0,4,0,0,0
D-FINE-M,6482,34,300,30,24,6,0,8,0,0,2
D-FINE-M,6483,36,300,26,17,9,0,14,0,0,5
D-FINE-M,6484,12,300,12,10,2,0,2,0,0,0
D-FINE-M,6485,13,300,15,12,3,0,1,0,0,0
D-FINE-M,6486,21,300,21,17,4,2,0,0,0,2
D-FINE-M,6487,18,300,17,14,3,1,3,0,0,0
D-FINE-M,6488,10,300,10,9,1,0,1,0,0,0
D-FINE-M,6489,15,300,7,6,1,2,6,1,0,0
D-FINE-M,6490,17,300,23,11,12,0,4,0,0,2
D-FINE-M,6491,31,300,25,20,5,1,10,0,0,0
D-FINE-M,6492,7,300,8,6,2,0,0,0,0,1
D-FINE-M,6493,25,300,17,16,1,1,8,0,0,0
D-FINE-M,6494,8,300,7,6,1,0,1,0,0,1
D-FINE-M,6495,8,300,8,7,1,1,0,0,0,0
D-FINE-M,6496,9,300,10,7,3,0,2,0,0,0
D-FINE-M,6497,24,300,24,18,6,1,4,0,0,1
D-FINE-M,6498,11,300,9,6,3,1,3,0,0,1
D-FINE-M,6499,11,300,9,5,4,0,1,0,0,5
D-FINE-M,6500,12,300,11,10,1,0,2,0,0,0
D-FINE-M,6501,14,300,16,11,5,0,3,0,0,0
D-FINE-M,6502,21,300,21,15,6,1,4,0,0,1
D-FINE-M,6503,36,300,35,29,6,1,5,0,0,1
D-FINE-M,6504,33,300,32,26,6,0,6,0,0,1
D-FINE-M,6505,9,300,11,6,5,0,3,0,0,0
D-FINE-M,6506,20,300,19,18,1,0,2,0,0,0
D-FINE-M,6507,41,300,30,23,7,2,12,0,0,4
D-FINE-M,6508,20,300,19,17,2,0,3,0,0,0
D-FINE-M,6509,30,300,27,21,6,2,6,0,0,1
D-FINE-M,6510,16,300,15,11,4,1,3,0,0,1
D-FINE-M,6511,21,300,21,17,4,1,3,0,0,0
D-FINE-M,6512,20,300,20,16,4,0,4,0,0,0
D-FINE-M,6513,18,300,17,13,4,0,2,0,0,3
D-FINE-M,6514,18,300,17,14,3,0,1,1,0,2
D-FINE-M,6515,8,300,4,3,1,2,3,0,0,0
D-FINE-M,6516,16,300,15,14,1,0,1,0,0,1
D-FINE-M,6517,17,300,15,12,3,1,1,0,0,3
D-FINE-M,6518,8,300,7,5,2,0,3,0,0,0
D-FINE-M,6519,15,300,13,12,1,0,3,0,0,0
D-FINE-M,6520,6,300,6,4,2,0,1,0,0,1
D-FINE-M,6521,18,300,22,17,5,0,1,0,0,0
D-FINE-M,6522,9,300,10,4,6,0,4,0,0,1
D-FINE-M,6523,7,300,6,5,1,0,2,0,0,0
D-FINE-M,6524,7,300,8,4,4,0,3,0,0,0
D-FINE-M,6525,13,300,6,5,1,1,7,0,0,0
D-FINE-M,6526,6,300,6,4,2,0,2,0,0,0
D-FINE-M,6527,16,300,12,7,5,5,3,0,0,1
D-FINE-M,6528,12,300,10,8,2,0,4,0,0,0
D-FINE-M,6529,19,300,10,5,5,1,9,0,0,4
D-FINE-M,6530,18,300,15,11,4,0,5,0,0,2
D-FINE-M,6531,6,300,9,5,4,0,1,0,0,0
D-FINE-M,6532,8,300,8,6,2,0,2,0,0,0
D-FINE-M,6533,7,300,9,6,3,0,1,0,0,0
D-FINE-M,6534,20,300,19,18,1,0,2,0,0,0
D-FINE-M,6535,33,300,27,26,1,0,7,0,0,0
D-FINE-M,6536,16,300,21,10,11,0,5,0,0,1
D-FINE-M,6537,12,300,16,6,10,1,4,0,0,1
D-FINE-M,6538,13,300,11,7,4,1,5,0,0,0
D-FINE-M,6539,4,300,6,4,2,0,0,0,0,0
D-FINE-M,6540,20,300,19,17,2,0,3,0,0,0
D-FINE-M,6541,13,300,6,6,0,1,5,0,0,1
D-FINE-M,6542,6,300,5,2,3,0,4,0,0,0
D-FINE-M,6543,22,300,14,14,0,0,8,0,0,0
D-FINE-M,6544,4,300,5,4,1,0,0,0,0,0
D-FINE-M,6545,19,300,16,12,4,0,7,0,0,0
D-FINE-M,6546,27,300,29,22,7,0,2,0,0,3
D-FINE-M,6547,21,300,20,20,0,0,1,0,0,0
D-FINE-M,6548,25,300,22,21,1,0,4,0,0,0
D-FINE-M,6549,13,300,6,5,1,5,3,0,0,0
D-FINE-M,6550,11,300,13,10,3,0,1,0,0,0
D-FINE-M,6551,24,300,18,15,3,2,5,0,0,2
D-FINE-M,6552,16,300,14,12,2,1,2,0,0,1
D-FINE-M,6553,4,300,5,4,1,0,0,0,0,0
D-FINE-M,6554,12,300,12,10,2,0,2,0,0,0
D-FINE-M,6555,22,300,21,18,3,0,3,1,0,0
D-FINE-M,6556,21,300,23,19,4,1,1,0,0,0
D-FINE-M,6557,16,300,17,12,5,0,3,0,0,1
D-FINE-M,6558,30,300,25,16,9,3,10,0,0,1
D-FINE-M,6559,16,300,17,16,1,0,0,0,0,0
D-FINE-M,6560,18,300,9,7,2,3,8,0,0,0
D-FINE-M,6561,6,300,5,5,0,1,0,0,0,0
D-FINE-M,6562,22,300,13,13,0,0,6,2,0,1
D-FINE-M,6563,12,300,10,10,0,1,1,0,0,0
D-FINE-M,6564,17,300,14,12,2,0,3,2,0,0
D-FINE-M,6565,5,300,5,5,0,0,0,0,0,0
D-FINE-M,6566,15,300,24,11,13,0,2,0,0,2
D-FINE-M,6567,6,300,13,3,10,0,3,0,0,0
D-FINE-M,6568,28,300,23,17,6,2,7,0,0,2
D-FINE-M,6569,31,300,25,25,0,1,3,1,0,1
D-FINE-M,6570,18,300,19,16,3,0,1,0,0,1
D-FINE-M,6571,11,300,11,8,3,1,2,0,0,0
D-FINE-M,6572,11,300,11,10,1,0,1,0,0,0
D-FINE-M,6573,5,300,3,2,1,0,3,0,0,0
D-FINE-M,6574,14,300,14,8,6,0,6,0,0,0
D-FINE-M,6575,5,300,5,4,1,0,1,0,0,0
D-FINE-M,6576,15,300,9,8,1,0,6,0,0,1
D-FINE-M,6577,7,300,10,7,3,0,0,0,0,0
D-FINE-M,6578,13,300,7,5,2,0,8,0,0,0
D-FINE-M,6579,16,300,13,11,2,1,4,0,0,0
D-FINE-M,6580,12,300,11,8,3,0,4,0,0,0
D-FINE-M,6581,13,300,21,12,9,0,1,0,0,0
D-FINE-M,6582,4,300,5,4,1,0,0,0,0,0
D-FINE-M,6583,26,300,28,23,5,1,1,0,0,1
D-FINE-M,6584,10,300,7,5,2,2,3,0,0,0
D-FINE-M,6585,11,300,10,9,1,0,2,0,0,0
D-FINE-M,6586,29,300,16,14,2,5,10,0,0,0
D-FINE-M,6587,6,300,9,6,3,0,0,0,0,0
D-FINE-M,6588,15,300,15,13,2,0,2,0,0,0
D-FINE-M,6589,20,300,11,9,2,2,9,0,0,0
D-FINE-M,6590,16,300,13,10,3,1,5,0,0,0
D-FINE-M,6591,19,300,11,6,5,1,9,0,0,3
D-FINE-M,6592,11,300,15,8,7,0,0,0,0,3
D-FINE-M,6593,27,300,25,21,4,1,4,0,0,1
D-FINE-M,6594,4,300,6,3,3,0,1,0,0,0
D-FINE-M,6595,25,300,12,12,0,5,8,0,0,0
D-FINE-M,6596,10,300,18,9,9,0,1,0,0,0
D-FINE-M,6597,15,300,17,12,5,0,2,0,0,1
D-FINE-M,6598,19,300,20,13,7,0,6,0,0,0
D-FINE-M,6599,13,300,14,13,1,0,0,0,0,0
D-FINE-M,6600,15,300,16,12,4,0,1,0,0,2
D-FINE-M,6601,5,300,1,1,0,0,4,0,0,0
D-FINE-M,6602,17,300,22,14,8,0,2,0,0,1
D-FINE-M,6603,20,300,18,12,6,1,3,0,0,4
D-FINE-M,6604,22,300,23,19,4,0,3,0,0,0
D-FINE-M,6605,21,300,18,15,3,0,6,0,0,0
D-FINE-M,6606,12,300,9,7,2,1,4,0,0,0
D-FINE-M,6607,15,300,15,13,2,0,2,0,0,0
D-FINE-M,6608,11,300,8,7,1,0,3,1,0,0
D-FINE-M,6609,27,300,29,21,8,1,5,0,0,0
D-FINE-M,6610,27,300,26,19,7,0,5,0,0,3
D-FINE-M,6611,15,300,7,6,1,2,7,0,0,0
D-FINE-M,6612,7,300,12,4,8,0,3,0,0,0
D-FINE-M,6613,15,300,12,7,5,1,6,0,0,1
D-FINE-M,6614,7,300,8,6,2,0,0,0,0,1
D-FINE-M,6615,9,300,5,4,1,3,2,0,0,0
D-FINE-M,6616,15,300,16,14,2,0,1,0,0,0
D-FINE-M,6617,25,300,22,19,3,0,6,0,0,0
D-FINE-M,6618,29,300,25,25,0,2,1,1,0,0
D-FINE-M,6619,23,300,19,11,8,1,9,0,0,2
D-FINE-M,6620,4,300,6,3,3,0,1,0,0,0
D-FINE-M,6621,10,300,12,6,6,0,3,0,0,1
D-FINE-M,6622,6,300,10,6,4,0,0,0,0,0
D-FINE-M,6623,5,300,4,4,0,0,1,0,0,0
D-FINE-M,6624,4,300,5,4,1,0,0,0,0,0
D-FINE-M,6625,14,300,13,11,2,1,2,0,0,0
D-FINE-M,6626,12,300,13,10,3,1,1,0,0,0
D-FINE-M,6627,32,300,26,20,6,2,8,0,0,2
D-FINE-M,6628,11,300,11,9,2,0,2,0,0,0
D-FINE-M,6629,24,300,25,20,5,0,3,0,0,1
D-FINE-M,6630,25,300,23,17,6,2,3,0,0,3
D-FINE-M,6631,19,300,13,12,1,4,3,0,0,0
D-FINE-M,6632,29,300,23,20,3,2,4,0,0,3
D-FINE-M,6633,15,300,15,14,1,0,1,0,0,0
D-FINE-M,6634,21,300,24,16,8,0,3,0,0,2
D-FINE-M,6635,8,300,11,5,6,1,2,0,0,0
D-FINE-M,6636,9,300,9,8,1,0,1,0,0,0
D-FINE-M,6637,19,300,22,17,5,0,2,0,0,0
D-FINE-M,6638,25,300,21,18,3,0,7,0,0,0
D-FINE-M,6639,19,300,20,15,5,0,4,0,0,0
D-FINE-M,6640,12,300,13,10,3,0,1,0,0,1
D-FINE-M,6641,5,300,5,5,0,0,0,0,0,0
D-FINE-M,6642,19,300,22,13,9,0,3,0,0,3
D-FINE-M,6643,16,300,18,11,7,0,4,0,0,1
D-FINE-M,6644,5,300,5,4,1,1,0,0,0,0
D-FINE-M,6645,30,300,19,16,3,5,6,1,0,2
D-FINE-M,6646,9,300,8,8,0,0,1,0,0,0
D-FINE-M,6647,18,300,18,15,3,0,3,0,0,0
D-FINE-M,6648,8,300,11,6,5,0,2,0,0,0
D-FINE-M,6649,16,300,17,9,8,1,4,0,0,2
D-FINE-M,6650,15,300,14,11,3,0,4,0,0,0
D-FINE-M,6651,56,300,42,38,4,5,11,0,0,2
D-FINE-M,6652,33,300,22,19,3,2,11,1,0,0
D-FINE-M,6653,11,300,11,10,1,0,1,0,0,0
D-FINE-M,6654,29,300,15,14,1,1,14,0,0,0
D-FINE-M,6655,18,300,13,12,1,0,6,0,0,0
D-FINE-M,6656,13,300,12,9,3,2,2,0,0,0
D-FINE-M,6657,34,300,34,28,6,0,5,0,0,1
D-FINE-M,6658,40,300,49,30,19,4,6,0,0,0
D-FINE-M,6659,7,300,8,6,2,0,1,0,0,0
D-FINE-M,6660,16,300,16,12,4,2,2,0,0,0
D-FINE-M,6661,15,300,13,11,2,0,4,0,0,0
D-FINE-M,6662,40,300,33,29,4,2,8,1,0,0
D-FINE-M,6663,9,300,9,6,3,0,2,0,0,1
D-FINE-M,6664,5,300,4,4,0,0,1,0,0,0
D-FINE-M,6665,13,300,15,12,3,0,1,0,0,0
D-FINE-M,6666,22,300,20,14,6,1,6,0,0,1
D-FINE-M,6667,34,300,23,20,3,2,10,1,0,1
D-FINE-M,6668,25,300,25,20,5,0,5,0,0,0
D-FINE-M,6669,9,300,8,8,0,0,1,0,0,0
D-FINE-M,6670,5,300,5,4,1,0,1,0,0,0
D-FINE-M,6671,19,300,12,8,4,1,10,0,0,0
D-FINE-M,6672,4,300,3,2,1,0,2,0,0,0
D-FINE-M,6673,5,300,6,4,2,0,1,0,0,0
D-FINE-M,6674,7,300,8,4,4,1,2,0,0,0
D-FINE-M,6675,5,300,4,4,0,0,1,0,0,0
D-FINE-M,6676,21,300,20,15,5,1,5,0,0,0
D-FINE-M,6677,16,300,17,12,5,0,4,0,0,0
D-FINE-M,6678,12,300,10,9,1,0,3,0,0,0
D-FINE-M,6679,7,300,8,7,1,0,0,0,0,0
D-FINE-M,6680,7,300,8,7,1,0,0,0,0,0
D-FINE-M,6681,16,300,12,12,0,1,3,0,0,0
D-FINE-M,6682,15,300,17,15,2,0,0,0,0,0
D-FINE-M,6683,21,300,16,14,2,1,6,0,0,0
D-FINE-M,6684,16,300,15,10,5,0,6,0,0,0
D-FINE-M,6685,14,300,11,9,2,0,3,0,0,2
D-FINE-M,6686,13,300,14,9,5,0,4,0,0,0
D-FINE-M,6687,13,300,13,9,4,0,4,0,0,0
D-FINE-M,6688,24,300,18,14,4,0,8,0,0,2
D-FINE-M,6689,23,300,17,15,2,0,8,0,0,0
D-FINE-M,6690,13,300,11,9,2,0,4,0,0,0
D-FINE-M,6691,8,300,6,4,2,1,2,0,0,1
D-FINE-M,6692,15,300,11,11,0,1,3,0,0,0
D-FINE-M,6693,8,300,7,6,1,1,1,0,0,0
D-FINE-M,6694,31,300,33,20,13,1,9,0,0,1
D-FINE-M,6695,31,300,20,17,3,3,8,0,1,2
D-FINE-M,6696,19,300,19,16,3,0,3,0,0,0
D-FINE-M,6697,5,300,4,4,0,0,1,0,0,0
D-FINE-M,6698,14,300,18,13,5,0,1,0,0,0
D-FINE-M,6699,19,300,15,10,5,1,7,0,0,1
D-FINE-M,6700,35,300,31,24,7,0,11,0,0,0
D-FINE-M,6701,28,300,23,16,7,0,9,0,0,3
D-FINE-M,6702,13,300,11,9,2,0,4,0,0,0
D-FINE-M,6703,33,300,27,22,5,2,9,0,0,0
D-FINE-M,6704,15,300,18,13,5,0,2,0,0,0
D-FINE-M,6705,29,300,26,22,4,1,6,0,0,0
D-FINE-M,6706,23,300,16,13,3,2,6,0,0,2
D-FINE-M,6707,16,300,22,16,6,0,0,0,0,0
D-FINE-M,6708,6,300,6,5,1,0,0,1,0,0
D-FINE-M,6709,20,300,18,15,3,0,3,0,0,2
D-FINE-M,6710,32,300,26,22,4,3,5,0,0,2
D-FINE-M,6711,29,300,29,23,6,0,2,0,0,4
D-FINE-M,6712,11,300,11,8,3,0,2,0,0,1
D-FINE-M,6713,13,300,9,9,0,1,3,0,0,0
D-FINE-M,6714,25,300,25,21,4,0,4,0,0,0
D-FINE-M,6715,19,300,23,14,9,0,4,0,0,1
D-FINE-M,6716,5,300,7,5,2,0,0,0,0,0
D-FINE-M,6717,18,300,18,14,4,0,4,0,0,0
D-FINE-M,6718,20,300,18,17,1,0,3,0,0,0
D-FINE-M,6719,45,300,32,29,3,5,11,0,0,0
D-FINE-M,6720,17,300,18,10,8,0,6,0,0,1
D-FINE-M,6721,13,300,12,11,1,0,2,0,0,0
D-FINE-M,6722,16,300,16,11,5,1,4,0,0,0
D-FINE-M,6723,12,300,9,8,1,2,2,0,0,0
D-FINE-M,6724,16,300,15,12,3,0,3,0,0,1
D-FINE-M,6725,26,300,24,18,6,0,7,0,0,1
D-FINE-M,6726,54,300,49,35,14,5,9,0,1,4
D-FINE-M,6727,17,300,20,14,6,1,2,0,0,0
D-FINE-M,6728,23,300,23,21,2,0,1,1,0,0
D-FINE-M,6729,24,300,27,22,5,0,1,0,0,1
D-FINE-M,6730,31,300,24,21,3,4,6,0,0,0
D-FINE-M,6731,24,300,26,21,5,0,2,0,0,1
D-FINE-M,6732,21,300,21,18,3,0,2,0,0,1
D-FINE-M,6733,8,300,9,7,2,0,1,0,0,0
D-FINE-M,6734,20,300,18,18,0,0,2,0,0,0
D-FINE-M,6735,5,300,8,5,3,0,0,0,0,0
D-FINE-M,6736,7,300,7,5,2,1,1,0,0,0
D-FINE-M,6737,27,300,23,19,4,0,6,0,0,2
D-FINE-M,6738,34,300,23,19,4,3,10,0,0,2
D-FINE-M,6739,38,300,31,26,5,0,10,0,0,2
D-FINE-M,6740,40,300,18,16,2,3,20,1,0,0
D-FINE-M,6741,5,300,3,3,0,0,2,0,0,0
D-FINE-M,6742,36,300,30,22,8,1,11,1,0,1
D-FINE-M,6743,13,300,10,9,1,0,4,0,0,0
D-FINE-M,6744,28,300,25,22,3,3,3,0,0,0
D-FINE-M,6745,21,300,20,17,3,1,3,0,0,0
D-FINE-M,6746,17,300,17,14,3,0,3,0,0,0
D-FINE-M,6747,22,300,17,15,2,1,5,0,0,1
D-FINE-M,6748,19,300,19,17,2,0,2,0,0,0
D-FINE-M,6749,20,300,16,15,1,1,4,0,0,0
D-FINE-M,6750,40,300,35,21,14,3,9,0,0,7
D-FINE-M,6751,7,300,12,6,6,0,1,0,0,0
D-FINE-M,6752,11,300,6,5,1,2,3,0,0,1
D-FINE-M,6753,23,300,21,20,1,1,2,0,0,0
D-FINE-M,6754,37,300,32,22,10,4,11,0,0,0
D-FINE-M,6755,8,300,11,7,4,0,0,0,0,1
D-FINE-M,6756,4,300,3,3,0,0,1,0,0,0
D-FINE-M,6757,15,300,14,11,3,0,3,0,0,1
D-FINE-M,6758,12,300,10,8,2,0,4,0,0,0
D-FINE-M,6759,18,300,17,14,3,0,4,0,0,0
D-FINE-M,6760,4,300,3,2,1,0,2,0,0,0
D-FINE-M,6761,13,300,10,5,5,5,3,0,0,0
D-FINE-M,6762,6,300,7,5,2,0,1,0,0,0
D-FINE-M,6763,24,300,21,17,4,0,5,0,0,2
D-FINE-M,6764,41,300,39,30,9,2,8,0,0,1
D-FINE-M,6765,16,300,15,14,1,0,2,0,0,0
D-FINE-M,6766,27,300,27,20,7,0,6,0,0,1
D-FINE-M,6767,20,300,20,16,4,0,4,0,0,0
D-FINE-M,6768,27,300,30,26,4,0,1,0,0,0
D-FINE-M,6769,17,300,16,14,2,0,1,0,0,2
D-FINE-M,6770,23,300,12,9,3,3,9,0,0,2
D-FINE-M,6771,24,300,17,13,4,1,9,0,0,1
D-FINE-M,6772,17,300,18,17,1,0,0,0,0,0
D-FINE-M,6773,7,300,9,7,2,0,0,0,0,0
D-FINE-M,6774,29,300,23,21,2,2,5,1,0,0
D-FINE-M,6775,17,300,9,7,2,2,8,0,0,0
D-FINE-M,6776,19,300,12,10,2,4,5,0,0,0
D-FINE-M,6777,20,300,20,15,5,0,3,0,0,2
D-FINE-M,6778,33,300,27,22,5,2,7,0,0,2
D-FINE-M,6779,26,300,14,12,2,2,10,1,0,1
D-FINE-M,6780,13,300,13,10,3,0,3,0,0,0
D-FINE-M,6781,22,300,15,15,0,1,6,0,0,0
D-FINE-M,6782,12,300,11,11,0,0,1,0,0,0
D-FINE-M,6783,14,300,8,5,3,2,5,0,0,2
D-FINE-M,6784,25,300,20,14,6,0,8,0,0,3
D-FINE-M,6785,5,300,5,5,0,0,0,0,0,0
D-FINE-M,6786,34,300,23,20,3,5,8,0,0,1
D-FINE-M,6787,15,300,16,10,6,0,5,0,0,0
D-FINE-M,6788,30,300,30,21,9,0,5,0,0,4
D-FINE-M,6789,21,300,23,15,8,0,5,0,0,1
D-FINE-M,6790,17,300,15,13,2,1,3,0,0,0
D-FINE-M,6791,33,300,26,24,2,0,7,1,0,1
D-FINE-M,6792,13,300,14,10,4,0,3,0,0,0
D-FINE-M,6793,16,300,15,12,3,0,4,0,0,0
D-FINE-M,6794,27,300,31,26,5,0,1,0,0,0
D-FINE-M,6795,21,300,15,12,3,0,7,0,0,2
D-FINE-M,6796,20,300,16,12,4,2,6,0,0,0
D-FINE-M,6797,12,300,13,9,4,0,3,0,0,0
D-FINE-M,6798,6,300,4,4,0,0,2,0,0,0
D-FINE-M,6799,26,300,20,17,3,0,8,0,0,1
D-FINE-M,6800,27,300,20,19,1,0,8,0,0,0
D-FINE-M,6801,28,300,26,23,3,0,4,0,0,1
D-FINE-M,6802,39,300,34,23,11,5,9,0,0,2
D-FINE-M,6803,38,300,20,18,2,4,15,1,0,0
D-FINE-M,6804,16,300,17,11,6,1,4,0,0,0
D-FINE-M,6805,15,300,12,11,1,1,3,0,0,0
D-FINE-M,6806,7,300,7,5,2,0,1,0,0,1
D-FINE-M,6807,21,300,20,16,4,1,2,0,0,2
D-FINE-M,6808,20,300,12,8,4,1,10,0,0,1
D-FINE-M,6809,24,300,20,18,2,0,5,0,0,1
D-FINE-M,6810,5,300,6,4,2,0,1,0,0,0
D-FINE-M,6811,10,300,9,7,2,0,3,0,0,0
D-FINE-M,6812,16,300,16,10,6,1,3,0,0,2
D-FINE-M,6813,13,300,14,10,4,0,3,0,0,0
D-FINE-M,6814,19,300,14,12,2,1,5,0,0,1
D-FINE-M,6815,17,300,19,14,5,0,3,0,0,0
D-FINE-M,6816,5,300,5,3,2,0,2,0,0,0
D-FINE-M,6817,19,300,17,16,1,0,3,0,0,0
D-FINE-M,6818,8,300,10,7,3,0,1,0,0,0
D-FINE-M,6819,10,300,11,7,4,0,3,0,0,0
D-FINE-M,6820,24,300,23,19,4,0,4,0,0,1
D-FINE-M,6821,38,300,26,17,9,5,12,0,0,4
D-FINE-M,6822,23,300,19,16,3,0,7,0,0,0
D-FINE-M,6823,20,300,16,11,5,2,6,0,0,1
D-FINE-M,6824,13,300,12,11,1,0,2,0,0,0
D-FINE-M,6825,19,300,22,15,7,1,0,0,0,3
D-FINE-M,6826,23,300,21,20,1,0,2,1,0,0
D-FINE-M,6827,33,300,26,20,6,3,10,0,0,0
D-FINE-M,6828,26,300,28,24,4,1,0,1,0,0
D-FINE-M,6829,52,300,37,29,8,8,12,1,0,2
D-FINE-M,6830,18,300,16,14,2,1,3,0,0,0
D-FINE-M,6831,6,300,8,6,2,0,0,0,0,0
D-FINE-M,6832,33,300,33,20,13,0,8,0,0,5
D-FINE-M,6833,38,300,33,28,5,1,7,0,0,2
D-FINE-M,6834,32,300,23,21,2,0,11,0,0,0
D-FINE-M,6835,18,300,17,12,5,0,6,0,0,0
D-FINE-M,6836,16,300,18,11,7,0,4,1,0,0
D-FINE-M,6837,9,300,8,6,2,0,3,0,0,0
D-FINE-M,6838,8,300,8,6,2,0,2,0,0,0
D-FINE-M,6839,4,300,5,4,1,0,0,0,0,0
D-FINE-M,6840,8,300,8,7,1,0,1,0,0,0
D-FINE-M,6841,18,300,16,13,3,1,4,0,0,0
D-FINE-M,6842,27,300,23,22,1,1,2,0,0,2
D-FINE-M,6843,21,300,20,17,3,0,4,0,0,0
D-FINE-M,6844,22,300,21,17,4,1,4,0,0,0
D-FINE-M,6845,12,300,13,10,3,0,2,0,0,0
D-FINE-M,6846,27,300,24,21,3,2,3,0,0,1
D-FINE-M,6847,20,300,22,19,3,0,1,0,0,0
D-FINE-M,6848,19,300,17,15,2,2,1,0,0,1
D-FINE-M,6849,21,300,20,18,2,0,2,0,0,1
D-FINE-M,6850,15,300,15,11,4,1,3,0,0,0
D-FINE-M,6851,24,300,14,14,0,0,9,0,0,1
D-FINE-M,6852,40,300,33,25,8,0,12,1,0,2
D-FINE-M,6853,24,300,19,15,4,0,7,0,0,2
D-FINE-M,6854,18,300,16,12,4,0,6,0,0,0
D-FINE-M,6855,20,300,18,14,4,1,4,0,1,0
D-FINE-M,6856,22,300,18,13,5,2,5,0,1,1
D-FINE-M,6857,13,300,9,9,0,0,4,0,0,0
D-FINE-M,6858,26,300,24,19,5,2,5,0,0,0
D-FINE-M,6859,17,300,18,14,4,0,2,0,0,1
D-FINE-M,6860,28,300,25,20,5,2,5,0,0,1
D-FINE-M,6861,6,300,4,3,1,0,3,0,0,0
D-FINE-M,6862,8,300,2,1,1,2,4,0,0,1
D-FINE-M,6863,21,300,20,19,1,0,2,0,0,0
D-FINE-M,6864,19,300,16,13,3,1,4,0,0,1
D-FINE-M,6865,21,300,22,19,3,0,2,0,0,0
D-FINE-M,6866,36,300,28,25,3,3,8,0,0,0
D-FINE-M,6867,24,300,33,19,14,0,4,0,0,1
D-FINE-M,6868,17,300,12,11,1,2,4,0,0,0
D-FINE-M,6869,19,300,21,17,4,0,1,0,0,1
D-FINE-M,6870,17,300,16,15,1,0,2,0,0,0
D-FINE-M,6871,27,300,23,17,6,1,6,0,0,3
D-FINE-M,6872,14,300,18,13,5,0,0,0,0,1
D-FINE-M,6873,24,300,20,15,5,0,7,0,0,2
D-FINE-M,6874,16,300,16,15,1,0,1,0,0,0
D-FINE-M,6875,39,300,27,22,5,2,14,0,0,1
D-FINE-M,6876,32,300,11,10,1,8,12,0,0,2
D-FINE-M,6877,27,300,22,19,3,0,8,0,0,0
D-FINE-M,6878,16,300,15,6,9,1,7,0,0,2
D-FINE-M,6879,18,300,24,16,8,0,2,0,0,0
D-FINE-M,6880,6,300,7,5,2,0,1,0,0,0
D-FINE-M,6881,22,300,17,16,1,0,6,0,0,0
D-FINE-M,6882,16,300,15,14,1,0,2,0,0,0
D-FINE-M,6883,9,300,6,5,1,1,2,0,0,1
D-FINE-M,6884,19,300,23,18,5,0,1,0,0,0
D-FINE-M,6885,14,300,14,12,2,0,2,0,0,0
D-FINE-M,6886,15,300,14,11,3,1,3,0,0,0
D-FINE-M,6887,20,300,19,17,2,0,3,0,0,0
D-FINE-M,6888,8,300,9,8,1,0,0,0,0,0
D-FINE-M,6889,15,300,13,12,1,0,2,0,0,1
D-FINE-M,6890,6,300,9,6,3,0,0,0,0,0
D-FINE-M,6891,6,300,3,3,0,0,3,0,0,0
D-FINE-M,6892,25,300,16,13,3,2,7,0,0,3
D-FINE-M,6893,14,300,13,8,5,0,5,0,0,1
D-FINE-M,6894,5,300,5,5,0,0,0,0,0,0
D-FINE-M,6895,8,300,8,8,0,0,0,0,0,0
D-FINE-M,6896,27,300,26,19,7,0,6,0,0,2
D-FINE-M,6897,20,300,16,15,1,2,3,0,0,0
D-FINE-M,6898,19,300,12,8,4,4,5,0,0,2
D-FINE-M,6899,18,300,16,13,3,1,4,0,0,0
D-FINE-M,6900,17,300,18,13,5,0,3,0,0,1
D-FINE-M,6901,33,300,37,25,12,0,6,0,0,2
D-FINE-M,6902,15,300,17,13,4,0,2,0,0,0
D-FINE-M,6903,30,300,27,21,6,0,9,0,0,0
D-FINE-M,6904,31,300,25,23,2,1,6,0,0,1
D-FINE-M,6905,11,300,17,8,9,1,1,0,0,1
D-FINE-M,6906,14,300,15,12,3,0,2,0,0,0
D-FINE-M,6907,6,300,6,4,2,0,2,0,0,0
D-FINE-M,6908,22,300,20,15,5,2,4,0,0,1
D-FINE-M,6909,36,300,32,27,5,5,4,0,0,0
D-FINE-M,6910,31,300,28,26,2,0,5,0,0,0
D-FINE-M,6911,6,300,6,5,1,0,1,0,0,0
D-FINE-M,6912,29,300,23,18,5,2,7,0,0,2
D-FINE-M,6913,28,300,32,23,9,1,3,0,0,1
D-FINE-M,6914,20,300,22,7,15,0,6,0,0,7
D-FINE-M,6915,10,300,9,6,3,0,3,0,0,1
D-FINE-M,6916,4,300,5,4,1,0,0,0,0,0
D-FINE-M,6917,33,300,31,21,10,3,7,0,0,2
D-FINE-M,6918,20,300,18,15,3,2,3,0,0,0
D-FINE-M,6919,9,300,11,9,2,0,0,0,0,0
D-FINE-M,6920,14,300,13,12,1,0,2,0,0,0
D-FINE-M,6921,6,300,7,5,2,0,1,0,0,0
D-FINE-M,6922,21,300,17,15,2,2,2,0,0,2
D-FINE-M,6923,34,300,30,28,2,1,4,0,0,1
D-FINE-M,6924,31,300,25,23,2,1,6,0,0,1
D-FINE-M,6925,26,300,25,19,6,2,5,0,0,0
D-FINE-M,6926,8,300,1,1,0,2,5,0,0,0
D-FINE-M,6927,53,300,38,27,11,10,9,0,0,7
D-FINE-M,6928,23,300,6,4,2,8,10,0,0,1
D-FINE-M,6929,4,300,4,4,0,0,0,0,0,0
D-FINE-M,6930,15,300,13,11,2,0,4,0,0,0
D-FINE-M,6931,26,300,26,21,5,2,1,0,0,2
D-FINE-M,6932,14,300,12,10,2,0,4,0,0,0
D-FINE-M,6933,26,300,20,20,0,1,5,0,0,0
D-FINE-M,6934,5,300,6,3,3,0,2,0,0,0
D-FINE-M,6935,19,300,23,14,9,0,5,0,0,0
D-FINE-M,6936,11,300,8,6,2,1,3,0,0,1
D-FINE-M,6937,27,300,23,19,4,0,8,0,0,0
D-FINE-M,6938,16,300,17,15,2,0,1,0,0,0
D-FINE-M,6939,9,300,17,8,9,0,1,0,0,0
D-FINE-M,6940,8,300,7,7,0,0,1,0,0,0
D-FINE-M,6941,20,300,18,10,8,2,6,0,0,2
D-FINE-M,6942,10,300,8,8,0,1,1,0,0,0
D-FINE-M,6943,21,300,20,13,7,3,4,0,0,1
D-FINE-M,6944,18,300,13,12,1,0,6,0,0,0
D-FINE-M,6945,20,300,20,16,4,1,3,0,0,0
D-FINE-M,6946,31,300,32,24,8,1,4,0,0,2
D-FINE-M,6947,36,300,22,16,6,5,12,0,0,3
D-FINE-M,6948,28,300,26,21,5,2,3,0,0,2
D-FINE-M,6949,9,300,8,6,2,0,3,0,0,0
D-FINE-M,6950,31,300,24,17,7,2,6,0,0,6
D-FINE-M,6951,21,300,25,13,12,2,3,0,0,3
D-FINE-M,6952,7,300,6,3,3,1,3,0,0,0
D-FINE-M,6953,18,300,16,11,5,0,7,0,0,0
D-FINE-M,6954,8,300,9,8,1,0,0,0,0,0
D-FINE-M,6955,28,300,27,23,4,2,3,0,0,0
D-FINE-M,6956,25,300,21,20,1,1,3,0,0,1
D-FINE-M,6957,19,300,22,13,9,0,4,0,0,2
D-FINE-M,6958,16,300,15,13,2,0,3,0,0,0
D-FINE-M,6959,17,300,18,15,3,0,2,0,0,0
D-FINE-M,6960,20,300,16,14,2,1,4,0,0,1
D-FINE-M,6961,23,300,19,16,3,1,6,0,0,0
D-FINE-M,6962,18,300,15,15,0,0,3,0,0,0
D-FINE-M,6963,13,300,13,10,3,0,3,0,0,0
D-FINE-M,6964,28,300,26,22,4,3,2,0,0,1
D-FINE-M,6965,50,300,29,23,6,9,14,0,0,4
D-FINE-M,6966,14,300,14,11,3,0,3,0,0,0
D-FINE-M,6967,15,300,16,12,4,1,2,0,0,0
D-FINE-M,6968,47,300,24,18,6,13,12,0,0,4
D-FINE-M,6969,8,300,9,7,2,0,1,0,0,0
D-FINE-M,6970,17,300,12,9,3,1,7,0,0,0
D-FINE-M,6971,7,300,8,6,2,0,1,0,0,0
D-FINE-M,6972,12,300,10,8,2,0,3,0,0,1
D-FINE-M,6973,7,300,4,4,0,0,3,0,0,0
D-FINE-M,6974,27,300,13,10,3,0,17,0,0,0
D-FINE-M,6975,14,300,9,7,2,0,6,0,0,1
D-FINE-M,6976,11,300,6,4,2,4,2,0,0,1
D-FINE-M,6977,6,300,6,6,0,0,0,0,0,0
D-FINE-M,6978,21,300,16,15,1,4,2,0,0,0
D-FINE-M,6979,16,300,16,15,1,0,1,0,0,0
D-FINE-M,6980,5,300,5,5,0,0,0,0,0,0
D-FINE-M,6981,18,300,17,13,4,0,5,0,0,0
D-FINE-M,6982,15,300,11,7,4,0,6,0,0,2
D-FINE-M,6983,10,300,12,10,2,0,0,0,0,0
D-FINE-M,6984,7,300,7,7,0,0,0,0,0,0
D-FINE-M,6985,11,300,6,5,1,1,5,0,0,0
D-FINE-M,6986,17,300,14,12,2,0,4,0,0,1
D-FINE-M,6987,11,300,9,9,0,1,1,0,0,0
D-FINE-M,6988,4,300,7,3,4,0,1,0,0,0
D-FINE-M,6989,28,300,25,20,5,0,8,0,0,0
D-FINE-M,6990,21,300,13,12,1,5,4,0,0,0
D-FINE-M,6991,10,300,10,8,2,0,1,0,0,1
D-FINE-M,6992,16,300,16,12,4,0,2,0,0,2
D-FINE-M,6993,15,300,18,15,3,0,0,0,0,0
D-FINE-M,6994,27,300,17,15,2,4,7,0,0,1
D-FINE-M,6995,12,300,11,10,1,0,2,0,0,0
D-FINE-M,6996,15,300,17,10,7,3,1,0,0,1
D-FINE-M,6997,9,300,11,7,4,2,0,0,0,0
D-FINE-M,6998,14,300,15,12,3,0,2,0,0,0
D-FINE-M,6999,17,300,13,13,0,0,4,0,0,0
D-FINE-M,7000,17,300,15,10,5,2,5,0,0,0
D-FINE-M,7001,11,300,12,9,3,0,2,0,0,0
D-FINE-M,7002,22,300,26,20,6,1,0,0,0,1
D-FINE-M,7003,14,300,13,12,1,0,2,0,0,0
D-FINE-M,7004,34,300,35,27,8,1,6,0,0,0
D-FINE-M,7005,15,300,20,7,13,1,1,0,6,0
D-FINE-M,7006,28,300,25,21,4,1,5,0,0,1
D-FINE-M,7007,25,300,27,20,7,0,2,1,0,2
D-FINE-M,7008,17,300,15,11,4,0,3,3,0,0
D-FINE-M,7009,29,300,21,19,2,0,7,2,0,1
D-FINE-M,7010,13,300,21,12,9,0,1,0,0,0
D-FINE-M,7011,21,300,23,15,8,0,4,0,0,2
D-FINE-M,7012,28,300,21,16,5,4,7,0,0,1
D-FINE-M,7013,14,300,11,10,1,1,3,0,0,0
D-FINE-M,7014,26,300,26,15,11,3,5,0,0,3
D-FINE-M,7015,22,300,14,12,2,3,7,0,0,0
D-FINE-M,7016,18,300,17,13,4,1,4,0,0,0
D-FINE-M,7017,43,300,30,20,10,5,18,0,0,0
D-FINE-M,7018,8,300,7,5,2,0,3,0,0,0
D-FINE-M,7019,17,300,16,12,4,0,5,0,0,0
D-FINE-M,7020,31,300,28,22,6,3,4,0,0,2
D-FINE-M,7021,4,300,5,3,2,0,1,0,0,0
D-FINE-M,7022,11,300,10,10,0,0,1,0,0,0
D-FINE-M,7023,14,300,12,10,2,0,4,0,0,0
D-FINE-M,7024,5,300,4,4,0,0,1,0,0,0
D-FINE-M,7025,9,300,9,8,1,0,1,0,0,0
D-FINE-M,7026,24,300,16,14,2,0,10,0,0,0
D-FINE-M,7027,16,300,10,8,2,0,7,0,0,1
D-FINE-M,7028,24,300,21,19,2,0,4,0,0,1
D-FINE-M,7029,21,300,22,19,3,0,2,0,0,0
D-FINE-M,7030,14,300,14,10,4,0,4,0,0,0
D-FINE-M,7031,31,300,22,17,5,2,12,0,0,0
D-FINE-M,7032,19,300,21,15,6,0,3,0,0,1
D-FINE-M,7033,22,300,13,11,2,6,3,0,0,2
D-FINE-M,7034,37,300,25,22,3,8,4,0,0,3
D-FINE-M,7035,28,300,27,22,5,0,5,0,0,1
D-FINE-M,7036,4,300,3,3,0,1,0,0,0,0
D-FINE-M,7037,23,300,22,15,7,0,5,0,0,3
D-FINE-M,7038,14,300,14,12,2,0,2,0,0,0
D-FINE-M,7039,25,300,21,20,1,2,3,0,0,0
D-FINE-M,7040,26,300,24,23,1,1,0,1,0,1
D-FINE-M,7041,18,300,18,13,5,0,5,0,0,0
D-FINE-M,7042,21,300,24,16,8,0,5,0,0,0
D-FINE-M,7043,13,300,14,10,4,1,2,0,0,0
D-FINE-M,7044,14,300,11,8,3,1,4,0,0,1
D-FINE-M,7045,11,300,7,7,0,1,3,0,0,0
D-FINE-M,7046,17,300,15,13,2,0,3,0,0,1
D-FINE-M,7047,17,300,13,11,2,2,4,0,0,0
D-FINE-M,7048,8,300,11,7,4,0,0,0,0,1
D-FINE-M,7049,14,300,11,9,2,2,3,0,0,0
D-FINE-M,7050,28,300,21,17,4,0,10,0,0,1
D-FINE-M,7051,4,300,3,3,0,0,1,0,0,0
D-FINE-M,7052,16,300,15,11,4,0,5,0,0,0
D-FINE-M,7053,27,300,20,18,2,0,8,0,0,1
D-FINE-M,7054,9,300,10,8,2,0,1,0,0,0
D-FINE-M,7055,13,300,11,10,1,1,2,0,0,0
D-FINE-M,7056,9,300,8,6,2,0,3,0,0,0
D-FINE-M,7057,4,300,6,4,2,0,0,0,0,0
D-FINE-M,7058,13,300,10,8,2,0,5,0,0,0
D-FINE-M,7059,4,300,3,3,0,0,1,0,0,0
D-FINE-M,7060,15,300,9,8,1,0,7,0,0,0
D-FINE-M,7061,5,300,6,4,2,0,1,0,0,0
D-FINE-M,7062,9,300,8,8,0,0,1,0,0,0
D-FINE-M,7063,18,300,17,15,2,1,2,0,0,0
D-FINE-M,7064,19,300,18,12,6,3,2,0,0,2
D-FINE-M,7065,21,300,25,20,5,0,0,1,0,0
D-FINE-M,7066,17,300,10,8,2,4,2,0,0,3
D-FINE-M,7067,39,300,35,33,2,0,5,0,0,1
D-FINE-M,7068,17,300,15,15,0,0,2,0,0,0
D-FINE-M,7069,18,300,18,13,5,1,3,0,0,1
D-FINE-M,7070,13,300,13,8,5,4,1,0,0,0
D-FINE-M,7071,33,300,22,19,3,3,5,1,0,5
D-FINE-M,7072,14,300,12,12,0,1,1,0,0,0
D-FINE-M,7073,7,300,7,6,1,0,1,0,0,0
D-FINE-M,7074,28,300,23,19,4,2,6,0,0,1
D-FINE-M,7075,33,300,23,22,1,3,8,0,0,0
D-FINE-M,7076,11,300,16,10,6,0,1,0,0,0
D-FINE-M,7077,19,300,18,16,2,1,2,0,0,0
D-FINE-M,7078,8,300,8,8,0,0,0,0,0,0
D-FINE-M,7079,10,300,7,6,1,0,4,0,0,0
D-FINE-M,7080,13,300,14,11,3,0,2,0,0,0
D-FINE-M,7081,34,300,23,20,3,3,9,2,0,0
D-FINE-M,7082,13,300,10,8,2,1,4,0,0,0
D-FINE-M,7083,13,300,15,12,3,0,1,0,0,0
D-FINE-M,7084,25,300,24,15,9,2,6,0,0,2
D-FINE-M,7085,4,300,8,4,4,0,0,0,0,0
D-FINE-M,7086,21,300,19,17,2,0,4,0,0,0
D-FINE-M,7087,9,300,9,9,0,0,0,0,0,0
D-FINE-M,7088,20,300,18,14,4,2,1,0,0,3
D-FINE-M,7089,27,300,19,16,3,0,10,0,0,1
D-FINE-M,7090,15,300,16,15,1,0,0,0,0,0
D-FINE-M,7091,19,300,18,15,3,0,4,0,0,0
D-FINE-M,7092,17,300,19,17,2,0,0,0,0,0
D-FINE-M,7093,45,300,44,35,9,2,6,0,0,2
D-FINE-M,7094,12,300,12,11,1,0,1,0,0,0
D-FINE-M,7095,16,300,15,12,3,0,3,1,0,0
D-FINE-M,7096,10,300,10,9,1,0,1,0,0,0
D-FINE-M,7097,34,300,22,22,0,0,11,0,0,1
D-FINE-M,7098,19,300,20,18,2,0,1,0,0,0
D-FINE-M,7099,10,300,8,7,1,1,2,0,0,0
D-FINE-M,7100,29,300,23,19,4,4,6,0,0,0
D-FINE-M,7101,11,300,14,10,4,0,1,0,0,0
D-FINE-M,7102,16,300,17,14,3,0,1,0,0,1
D-FINE-M,7103,40,300,34,28,6,6,4,0,0,2
D-FINE-M,7104,45,300,40,30,10,0,10,0,0,5
D-FINE-M,7105,34,300,30,21,9,3,6,0,0,4
D-FINE-M,7106,35,300,35,25,10,0,5,1,0,4
D-FINE-M,7107,34,300,24,20,4,4,9,0,0,1
D-FINE-M,7108,12,300,13,10,3,0,2,0,0,0
D-FINE-M,7109,7,300,7,7,0,0,0,0,0,0
D-FINE-M,7110,5,300,7,3,4,0,2,0,0,0
D-FINE-M,7111,7,300,7,6,1,0,1,0,0,0
D-FINE-M,7112,11,300,9,7,2,0,4,0,0,0
D-FINE-M,7113,15,300,15,13,2,1,1,0,0,0
D-FINE-M,7114,8,300,8,6,2,0,2,0,0,0
D-FINE-M,7115,7,300,8,6,2,0,1,0,0,0
D-FINE-M,7116,11,300,3,3,0,3,5,0,0,0
D-FINE-M,7117,11,300,13,10,3,0,1,0,0,0
D-FINE-M,7118,21,300,17,16,1,0,5,0,0,0
D-FINE-M,7119,9,300,6,5,1,0,4,0,0,0
D-FINE-M,7120,4,300,22,4,18,0,0,0,0,0
D-FINE-M,7121,11,300,17,10,7,0,1,0,0,0
D-FINE-M,7122,9,300,6,6,0,0,3,0,0,0
D-FINE-M,7123,24,300,24,20,4,0,3,0,0,1
D-FINE-M,7124,12,300,10,10,0,0,1,0,0,1
D-FINE-M,7125,17,300,18,15,3,0,2,0,0,0
D-FINE-M,7126,35,300,26,23,3,1,10,0,0,1
D-FINE-M,7127,33,300,28,22,6,2,6,0,0,3
D-FINE-M,7128,27,300,20,16,4,2,9,0,0,0
D-FINE-M,7129,8,300,8,5,3,0,3,0,0,0
D-FINE-M,7130,8,300,6,5,1,0,3,0,0,0
D-FINE-M,7131,12,300,11,10,1,0,1,0,0,1
D-FINE-M,7132,8,300,8,8,0,0,0,0,0,0
D-FINE-M,7133,4,300,5,4,1,0,0,0,0,0
D-FINE-M,7134,10,300,13,8,5,0,1,0,0,1
D-FINE-M,7135,6,300,12,6,6,0,0,0,0,0
D-FINE-M,7136,24,300,27,20,7,2,0,1,0,1
D-FINE-M,7137,22,300,23,15,8,0,7,0,0,0
D-FINE-M,7138,28,300,22,17,5,3,6,1,0,1
D-FINE-M,7139,27,300,23,15,8,2,9,0,0,1
D-FINE-M,7140,29,300,26,21,5,1,7,0,0,0
D-FINE-M,7141,11,300,7,5,2,0,6,0,0,0
D-FINE-M,7142,19,300,16,13,3,0,5,0,0,1
D-FINE-M,7143,22,300,25,19,6,1,2,0,0,0
D-FINE-M,7144,12,300,11,10,1,1,0,0,0,1
D-FINE-M,7145,32,300,26,22,4,1,9,0,0,0
D-FINE-M,7146,16,300,17,12,5,0,3,0,0,1
D-FINE-M,7147,6,300,6,6,0,0,0,0,0,0
D-FINE-M,7148,19,300,20,17,3,0,1,0,0,1
D-FINE-M,7149,4,300,6,2,4,0,0,0,0,2
D-FINE-M,7150,5,300,5,3,2,1,1,0,0,0
D-FINE-M,7151,7,300,9,2,7,1,3,0,0,1
D-FINE-M,7152,22,300,20,16,4,2,3,0,0,1
D-FINE-M,7153,34,300,29,22,7,0,9,0,0,3
D-FINE-M,7154,13,300,15,12,3,0,1,0,0,0
D-FINE-M,7155,19,300,16,15,1,1,3,0,0,0
D-FINE-M,7156,33,300,30,28,2,0,4,0,0,1
D-FINE-M,7157,22,300,14,12,2,2,8,0,0,0
D-FINE-M,7158,31,300,31,20,11,2,6,0,1,2
D-FINE-M,7159,17,300,14,12,2,1,4,0,0,0
D-FINE-M,7160,15,300,19,14,5,0,1,0,0,0
D-FINE-M,7161,24,300,19,17,2,0,6,1,0,0
D-FINE-M,7162,22,300,17,13,4,0,9,0,0,0
D-FINE-M,7163,30,300,21,13,8,4,10,0,0,3
D-FINE-M,7164,4,300,5,3,2,0,1,0,0,0
D-FINE-M,7165,30,300,24,17,7,3,4,0,0,6
D-FINE-M,7166,29,300,21,18,3,4,5,0,0,2
D-FINE-M,7167,19,300,22,18,4,0,1,0,0,0
D-FINE-M,7168,6,300,7,4,3,0,2,0,0,0
D-FINE-M,7169,16,300,16,13,3,0,2,0,0,1
D-FINE-M,7170,25,300,24,22,2,0,3,0,0,0
D-FINE-M,7171,5,300,6,5,1,0,0,0,0,0
D-FINE-M,7172,44,300,28,28,0,3,13,0,0,0
D-FINE-M,7173,5,300,8,5,3,0,0,0,0,0
D-FINE-M,7174,28,300,34,24,10,1,0,0,0,3
D-FINE-M,7175,25,300,24,20,4,0,4,0,0,1
D-FINE-M,7176,27,300,29,23,6,0,3,0,0,1
D-FINE-M,7177,30,300,35,22,13,0,6,0,0,2
D-FINE-M,7178,13,300,16,13,3,0,0,0,0,0
D-FINE-M,7179,46,300,32,25,7,6,14,0,0,1
D-FINE-M,7180,22,300,18,15,3,1,3,0,0,3
D-FINE-M,7181,21,300,22,17,5,2,2,0,0,0
D-FINE-M,7182,8,300,10,7,3,0,1,0,0,0
D-FINE-M,7183,28,300,23,22,1,0,5,0,0,1
D-FINE-M,7184,11,300,7,4,3,0,6,0,0,1
D-FINE-M,7185,63,300,39,31,8,7,20,0,0,5
D-FINE-M,7186,19,300,25,14,11,0,1,0,0,4
D-FINE-M,7187,8,300,5,5,0,0,3,0,0,0
D-FINE-M,7188,21,300,17,16,1,0,5,0,0,0
D-FINE-M,7189,7,300,5,5,0,0,2,0,0,0
D-FINE-M,7190,19,300,18,16,2,2,1,0,0,0
D-FINE-M,7191,20,300,18,16,2,0,3,0,0,1
D-FINE-M,7192,4,300,7,4,3,0,0,0,0,0
D-FINE-M,7193,10,300,10,7,3,1,2,0,0,0
D-FINE-M,7194,16,300,16,15,1,0,1,0,0,0
D-FINE-M,7195,12,300,11,5,6,1,6,0,0,0
D-FINE-M,7196,4,300,4,3,1,0,1,0,0,0
D-FINE-M,7197,5,300,7,5,2,0,0,0,0,0
D-FINE-M,7198,22,300,17,16,1,0,6,0,0,0
D-FINE-M,7199,6,300,7,6,1,0,0,0,0,0
D-FINE-M,7200,9,300,14,8,6,1,0,0,0,0
D-FINE-M,7201,28,300,24,20,4,2,3,1,0,2
D-FINE-M,7202,7,300,7,7,0,0,0,0,0,0
D-FINE-M,7203,17,300,18,15,3,0,2,0,0,0
D-FINE-M,7204,14,300,14,11,3,0,2,1,0,0
D-FINE-M,7205,7,300,10,7,3,0,0,0,0,0
D-FINE-M,7206,13,300,12,7,5,0,6,0,0,0
D-FINE-M,7207,28,300,26,24,2,0,3,0,0,1
D-FINE-M,7208,21,300,21,20,1,0,1,0,0,0
D-FINE-M,7209,9,300,13,8,5,0,1,0,0,0
D-FINE-M,7210,16,300,12,11,1,0,4,1,0,0
D-FINE-M,7211,10,300,8,6,2,0,4,0,0,0
D-FINE-M,7212,18,300,17,13,4,0,4,0,0,1
D-FINE-M,7213,9,300,10,6,4,0,1,0,0,2
D-FINE-M,7214,19,300,19,16,3,0,3,0,0,0
D-FINE-M,7215,17,300,17,15,2,0,1,1,0,0
D-FINE-M,7216,27,300,23,21,2,2,3,0,0,1
D-FINE-M,7217,30,300,34,17,17,3,4,0,0,6
D-FINE-M,7218,9,300,5,4,1,1,4,0,0,0
D-FINE-M,7219,5,300,5,3,2,0,2,0,0,0
D-FINE-M,7220,26,300,15,15,0,6,4,0,0,1
D-FINE-M,7221,24,300,21,20,1,0,4,0,0,0
D-FINE-M,7222,23,300,22,19,3,0,2,1,0,1
D-FINE-M,7223,14,300,16,13,3,0,1,0,0,0
D-FINE-M,7224,18,300,15,13,2,1,4,0,0,0
D-FINE-M,7225,15,300,17,11,6,1,3,0,0,0
D-FINE-M,7226,15,300,15,14,1,1,0,0,0,0
D-FINE-M,7227,12,300,12,9,3,1,2,0,0,0
D-FINE-M,7228,17,300,20,15,5,0,2,0,0,0
D-FINE-M,7229,10,300,9,9,0,0,1,0,0,0
D-FINE-M,7230,14,300,14,10,4,0,4,0,0,0
D-FINE-M,7231,16,300,19,16,3,0,0,0,0,0
D-FINE-M,7232,11,300,14,9,5,0,2,0,0,0
D-FINE-M,7233,34,300,31,25,6,1,2,0,0,6
D-FINE-M,7234,6,300,7,5,2,0,1,0,0,0
D-FINE-M,7235,9,300,13,8,5,0,1,0,0,0
D-FINE-M,7236,18,300,19,17,2,0,1,0,0,0
D-FINE-M,7237,29,300,23,18,5,0,9,0,0,2
D-FINE-M,7238,28,300,24,19,5,0,8,0,0,1
D-FINE-M,7239,12,300,16,12,4,0,0,0,0,0
D-FINE-M,7240,16,300,15,12,3,0,3,0,0,1
D-FINE-M,7241,17,300,10,8,2,1,8,0,0,0
D-FINE-M,7242,33,300,23,22,1,5,6,0,0,0
D-FINE-M,7243,33,300,26,20,6,2,7,0,0,4
D-FINE-M,7244,10,300,12,8,4,0,2,0,0,0
D-FINE-M,7245,36,300,29,23,6,0,12,0,0,1
D-FINE-M,7246,18,300,23,16,7,0,0,0,0,2
D-FINE-M,7247,32,300,25,19,6,1,9,0,0,3
D-FINE-M,7248,39,300,42,30,12,1,6,0,0,2
D-FINE-M,7249,11,300,11,9,2,0,2,0,0,0
D-FINE-M,7250,21,300,18,16,2,0,4,0,0,1
D-FINE-M,7251,8,300,13,8,5,0,0,0,0,0
D-FINE-M,7252,28,300,23,19,4,1,8,0,0,0
D-FINE-M,7253,23,300,20,17,3,0,6,0,0,0
D-FINE-M,7254,10,300,11,8,3,0,2,0,0,0
D-FINE-M,7255,13,300,15,11,4,0,2,0,0,0
D-FINE-M,7256,17,300,17,13,4,0,3,0,0,1
D-FINE-M,7257,21,300,20,15,5,0,5,0,0,1
D-FINE-M,7258,22,300,19,14,5,3,5,0,0,0
D-FINE-M,7259,17,300,19,16,3,0,1,0,0,0
D-FINE-M,7260,16,300,17,14,3,0,2,0,0,0
D-FINE-M,7261,22,300,19,16,3,1,5,0,0,0
D-FINE-M,7262,28,300,27,21,6,0,7,0,0,0
D-FINE-M,7263,24,300,24,17,7,0,6,0,0,1
D-FINE-M,7264,5,300,5,3,2,2,0,0,0,0
D-FINE-M,7265,8,300,13,8,5,0,0,0,0,0
D-FINE-M,7266,5,300,6,4,2,0,1,0,0,0
D-FINE-M,7267,47,300,25,20,5,7,19,0,0,1
D-FINE-M,7268,20,300,17,15,2,1,3,0,0,1
D-FINE-M,7269,27,300,24,20,4,2,3,0,0,2
D-FINE-M,7270,14,300,14,11,3,0,2,0,0,1
D-FINE-M,7271,12,300,14,12,2,0,0,0,0,0
D-FINE-M,7272,9,300,10,9,1,0,0,0,0,0
D-FINE-M,7273,20,300,16,15,1,1,4,0,0,0
D-FINE-M,7274,15,300,14,13,1,2,0,0,0,0
D-FINE-M,7275,26,300,16,14,2,1,11,0,0,0
D-FINE-M,7276,30,300,29,26,3,0,3,0,0,1
D-FINE-M,7277,23,300,21,19,2,0,4,0,0,0
D-FINE-M,7278,18,300,15,15,0,0,3,0,0,0
D-FINE-M,7279,14,300,12,11,1,0,3,0,0,0
D-FINE-M,7280,31,300,21,19,2,1,9,1,0,1
D-FINE-M,7281,23,300,25,18,7,0,4,0,0,1
D-FINE-M,7282,12,300,8,7,1,1,3,0,0,1
D-FINE-M,7283,16,300,15,14,1,1,1,0,0,0
D-FINE-M,7284,9,300,7,7,0,0,2,0,0,0
D-FINE-M,7285,13,300,19,12,7,0,1,0,0,0
D-FINE-M,7286,22,300,18,16,2,0,5,0,0,1
D-FINE-M,7287,6,300,5,5,0,0,1,0,0,0
D-FINE-M,7288,31,300,27,23,4,0,7,0,0,1
D-FINE-M,7289,10,300,9,7,2,0,3,0,0,0
D-FINE-M,7290,22,300,20,17,3,0,4,1,0,0
D-FINE-M,7291,16,300,15,14,1,0,2,0,0,0
D-FINE-M,7292,5,300,5,5,0,0,0,0,0,0
D-FINE-M,7293,14,300,13,7,6,1,6,0,0,0
D-FINE-M,7294,9,300,9,8,1,0,1,0,0,0
D-FINE-M,7295,12,300,9,9,0,0,3,0,0,0
D-FINE-M,7296,7,300,9,7,2,0,0,0,0,0
D-FINE-M,7297,37,300,38,32,6,0,5,0,0,0
D-FINE-M,7298,10,300,8,7,1,0,3,0,0,0
D-FINE-M,7299,33,300,24,19,5,4,8,0,0,2
D-FINE-M,7300,10,300,10,8,2,0,2,0,0,0
D-FINE-M,7301,21,300,18,16,2,0,5,0,0,0
D-FINE-M,7302,17,300,15,13,2,1,2,0,0,1
D-FINE-M,7303,32,300,23,19,4,2,9,0,0,2
D-FINE-M,7304,23,300,24,18,6,0,4,0,0,1
D-FINE-M,7305,17,300,19,14,5,0,3,0,0,0
D-FINE-M,7306,20,300,15,12,3,2,4,0,0,2
D-FINE-M,7307,35,300,34,24,10,3,4,0,0,4
D-FINE-M,7308,23,300,25,19,6,0,3,0,0,1
D-FINE-M,7309,7,300,5,3,2,0,4,0,0,0
D-FINE-M,7310,25,300,21,18,3,1,6,0,0,0
D-FINE-M,7311,37,300,31,26,5,2,9,0,0,0
D-FINE-M,7312,22,300,21,17,4,0,5,0,0,0
D-FINE-M,7313,10,300,12,8,4,0,2,0,0,0
D-FINE-M,7314,31,300,31,27,4,0,4,0,0,0
D-FINE-M,7315,10,300,9,8,1,0,2,0,0,0
D-FINE-M,7316,15,300,13,12,1,1,0,2,0,0
D-FINE-M,7317,25,300,23,20,3,1,3,0,0,1
D-FINE-M,7318,31,300,33,27,6,0,4,0,0,0
D-FINE-M,7319,22,300,20,17,3,1,3,1,0,0
D-FINE-M,7320,45,300,32,27,5,3,13,2,0,0
D-FINE-M,7321,18,300,18,14,4,0,4,0,0,0
D-FINE-M,7322,17,300,13,11,2,0,6,0,0,0
D-FINE-M,7323,27,300,25,22,3,0,4,0,0,1
D-FINE-M,7324,13,300,11,9,2,0,4,0,0,0
D-FINE-M,7325,17,300,19,11,8,0,5,0,0,1
D-FINE-M,7326,10,300,10,9,1,0,1,0,0,0
D-FINE-M,7327,23,300,19,19,0,1,3,0,0,0
D-FINE-M,7328,5,300,5,5,0,0,0,0,0,0
D-FINE-M,7329,16,300,16,13,3,0,2,1,0,0
D-FINE-M,7330,23,300,18,14,4,1,8,0,0,0
D-FINE-M,7331,8,300,10,8,2,0,0,0,0,0
D-FINE-M,7332,21,300,17,15,2,0,5,0,0,1
D-FINE-M,7333,12,300,12,9,3,1,1,0,0,1
D-FINE-M,7334,29,300,30,21,9,2,6,0,0,0
D-FINE-M,7335,16,300,20,14,6,0,1,0,0,1
D-FINE-M,7336,14,300,11,10,1,0,3,0,0,1
D-FINE-M,7337,9,300,9,7,2,0,2,0,0,0
D-FINE-M,7338,20,300,23,18,5,0,1,1,0,0
D-FINE-M,7339,25,300,24,19,5,0,4,0,0,2
D-FINE-M,7340,10,300,12,10,2,0,0,0,0,0
D-FINE-M,7341,21,300,21,18,3,0,3,0,0,0
D-FINE-M,7342,26,300,16,13,3,3,9,0,0,1
D-FINE-M,7343,33,300,22,18,4,2,12,0,0,1
D-FINE-M,7344,33,300,27,20,7,2,10,0,0,1
D-FINE-M,7345,25,300,23,20,3,0,5,0,0,0
D-FINE-M,7346,24,300,17,15,2,0,9,0,0,0
D-FINE-M,7347,45,300,49,37,12,0,7,0,0,1
D-FINE-M,7348,4,300,7,4,3,0,0,0,0,0
D-FINE-M,7349,24,300,25,19,6,0,3,1,0,1
D-FINE-M,7350,10,300,7,7,0,1,2,0,0,0
D-FINE-M,7351,11,300,10,8,2,0,3,0,0,0
D-FINE-M,7352,12,300,9,8,1,0,4,0,0,0
D-FINE-M,7353,17,300,18,16,2,0,1,0,0,0
D-FINE-M,7354,20,300,18,15,3,0,5,0,0,0
D-FINE-M,7355,5,300,5,5,0,0,0,0,0,0
D-FINE-M,7356,7,300,3,3,0,1,3,0,0,0
D-FINE-M,7357,4,300,6,4,2,0,0,0,0,0
D-FINE-M,7358,23,300,18,16,2,0,5,0,0,2
D-FINE-M,7359,21,300,16,11,5,2,6,0,0,2
D-FINE-M,7360,9,300,10,7,3,1,1,0,0,0
D-FINE-M,7361,20,300,22,15,7,0,4,0,0,1
D-FINE-M,7362,7,300,10,7,3,0,0,0,0,0
D-FINE-M,7363,26,300,21,20,1,1,4,0,0,1
D-FINE-M,7364,32,300,32,21,11,1,8,0,0,2
D-FINE-M,7365,33,300,21,16,5,7,9,0,0,1
D-FINE-M,7366,19,300,18,15,3,1,3,0,0,0
D-FINE-M,7367,14,300,11,10,1,0,3,0,0,1
D-FINE-M,7368,22,300,22,20,2,1,1,0,0,0
D-FINE-M,7369,24,300,20,13,7,1,9,0,0,1
D-FINE-M,7370,25,300,24,11,13,0,2,0,0,12
D-FINE-M,7371,26,300,22,18,4,1,6,0,0,1
D-FINE-M,7372,26,300,21,17,4,0,8,0,0,1
D-FINE-M,7373,19,300,17,15,2,0,4,0,0,0
D-FINE-M,7374,18,300,20,16,4,0,2,0,0,0
D-FINE-M,7375,20,300,14,11,3,1,8,0,0,0
D-FINE-M,7376,27,300,25,20,5,2,5,0,0,0
D-FINE-M,7377,29,300,25,18,7,3,6,0,0,2
D-FINE-M,7378,22,300,26,21,5,0,0,1,0,0
D-FINE-M,7379,17,300,10,9,1,1,7,0,0,0
D-FINE-M,7380,34,300,24,22,2,1,11,0,0,0
D-FINE-M,7381,16,300,15,10,5,0,4,0,0,2
D-FINE-M,7382,21,300,22,17,5,0,3,0,0,1
D-FINE-M,7383,17,300,17,12,5,1,4,0,0,0
D-FINE-M,7384,28,300,23,20,3,1,5,0,0,2
D-FINE-M,7385,10,300,16,10,6,0,0,0,0,0
D-FINE-M,7386,15,300,15,14,1,0,1,0,0,0
D-FINE-M,7387,4,300,8,4,4,0,0,0,0,0
D-FINE-M,7388,30,300,29,26,3,0,4,0,0,0
D-FINE-M,7389,51,300,51,36,15,2,12,1,0,0
D-FINE-M,7390,20,300,19,16,3,1,3,0,0,0
D-FINE-M,7391,31,300,21,12,9,9,4,0,0,6
D-FINE-M,7392,17,300,18,16,2,1,0,0,0,0
D-FINE-M,7393,23,300,16,11,5,1,9,0,0,2
D-FINE-M,7394,9,300,8,7,1,0,2,0,0,0
D-FINE-M,7395,8,300,9,8,1,0,0,0,0,0
D-FINE-M,7396,21,300,22,19,3,0,1,0,0,1
D-FINE-M,7397,17,300,13,11,2,2,3,0,0,1
D-FINE-M,7398,10,300,12,9,3,0,1,0,0,0
D-FINE-M,7399,15,300,13,13,0,0,2,0,0,0
D-FINE-M,7400,26,300,22,18,4,2,2,0,0,4
D-FINE-M,7401,24,300,16,14,2,0,9,0,0,1
D-FINE-M,7402,14,300,17,12,5,0,2,0,0,0
D-FINE-M,7403,6,300,6,5,1,0,1,0,0,0
D-FINE-M,7404,6,300,7,6,1,0,0,0,0,0
D-FINE-M,7405,7,300,6,6,0,0,1,0,0,0
D-FINE-M,7406,15,300,10,10,0,2,3,0,0,0
D-FINE-M,7407,13,300,7,6,1,1,6,0,0,0
D-FINE-M,7408,33,300,29,25,4,2,5,0,0,1
D-FINE-M,7409,12,300,13,11,2,0,1,0,0,0
D-FINE-M,7410,21,300,18,16,2,0,3,0,0,2
D-FINE-M,7411,10,300,9,7,2,1,2,0,0,0
D-FINE-M,7412,31,300,30,26,4,0,5,0,0,0
D-FINE-M,7413,21,300,18,14,4,2,4,0,0,1
D-FINE-M,7414,31,300,25,19,6,6,1,1,0,4
D-FINE-M,7415,36,300,30,25,5,1,9,0,0,1
D-FINE-M,7416,30,300,28,22,6,0,6,0,0,2
D-FINE-M,7417,34,300,28,21,7,1,10,1,0,1
D-FINE-M,7418,15,300,14,12,2,0,3,0,0,0
D-FINE-M,7419,12,300,13,10,3,0,2,0,0,0
D-FINE-M,7420,44,300,21,14,7,5,23,0,0,2
D-FINE-M,7421,9,300,7,4,3,0,5,0,0,0
D-FINE-M,7422,6,300,7,5,2,0,1,0,0,0
D-FINE-M,7423,4,300,4,4,0,0,0,0,0,0
D-FINE-M,7424,28,300,27,20,7,2,6,0,0,0
D-FINE-M,7425,15,300,14,12,2,0,3,0,0,0
D-FINE-M,7426,4,300,5,4,1,0,0,0,0,0
D-FINE-M,7427,18,300,15,13,2,1,4,0,0,0
D-FINE-M,7428,23,300,24,19,5,0,4,0,0,0
D-FINE-M,7429,10,300,10,5,5,1,4,0,0,0
D-FINE-M,7430,21,300,14,12,2,0,9,0,0,0
D-FINE-M,7431,13,300,14,8,6,2,3,0,0,0
D-FINE-M,7432,12,300,13,11,2,0,1,0,0,0
D-FINE-M,7433,18,300,18,15,3,0,3,0,0,0
D-FINE-M,7434,16,300,16,12,4,0,3,0,0,1
D-FINE-M,7435,18,300,20,13,7,0,3,0,0,2
D-FINE-M,7436,24,300,21,15,6,2,6,0,0,1
D-FINE-M,7437,15,300,17,15,2,0,0,0,0,0
D-FINE-M,7438,34,300,28,21,7,3,10,0,0,0
D-FINE-M,7439,33,300,32,27,5,0,5,0,1,0
D-FINE-M,7440,22,300,18,17,1,2,2,0,0,1
D-FINE-M,7441,19,300,20,14,6,0,4,0,0,1
D-FINE-M,7442,10,300,11,9,2,0,1,0,0,0
D-FINE-M,7443,12,300,11,9,2,0,3,0,0,0
D-FINE-M,7444,12,300,16,11,5,0,1,0,0,0
D-FINE-M,7445,16,300,18,16,2,0,0,0,0,0
D-FINE-M,7446,21,300,23,19,4,1,1,0,0,0
D-FINE-M,7447,17,300,17,12,5,1,4,0,0,0
D-FINE-M,7448,19,300,18,12,6,1,4,0,0,2
D-FINE-M,7449,37,300,33,27,6,1,6,1,0,2
D-FINE-M,7450,22,300,26,19,7,0,3,0,0,0
D-FINE-M,7451,31,300,32,25,7,2,4,0,0,0
D-FINE-M,7452,35,300,32,26,6,1,6,0,0,2
D-FINE-M,7453,8,300,9,8,1,0,0,0,0,0
D-FINE-M,7454,11,300,7,7,0,2,2,0,0,0
D-FINE-M,7455,19,300,16,13,3,0,4,1,0,1
D-FINE-M,7456,12,300,15,9,6,0,2,0,0,1
D-FINE-M,7457,17,300,19,15,4,0,0,0,0,2
D-FINE-M,7458,22,300,18,14,4,1,6,0,0,1
D-FINE-M,7459,17,300,15,13,2,1,3,0,0,0
D-FINE-M,7460,5,300,5,5,0,0,0,0,0,0
D-FINE-M,7461,11,300,12,8,4,0,3,0,0,0
D-FINE-M,7462,37,300,30,24,6,3,5,3,1,1
D-FINE-M,7463,22,300,16,10,6,1,6,0,0,5
D-FINE-M,7464,18,300,20,14,6,0,4,0,0,0
D-FINE-M,7465,12,300,12,10,2,0,2,0,0,0
D-FINE-M,7466,30,300,34,26,8,0,3,0,0,1
D-FINE-M,7467,14,300,14,11,3,1,1,0,0,1
D-FINE-M,7468,11,300,10,8,2,0,3,0,0,0
D-FINE-M,7469,15,300,14,11,3,1,1,0,0,2
D-FINE-M,7470,22,300,21,20,1,0,0,1,0,1
D-FINE-M,7471,17,300,16,13,3,1,3,0,0,0
D-FINE-M,7472,16,300,14,12,2,0,4,0,0,0
D-FINE-M,7473,28,300,24,21,3,0,6,0,0,1
D-FINE-M,7474,19,300,14,13,1,0,6,0,0,0
D-FINE-M,7475,20,300,19,17,2,1,2,0,0,0
D-FINE-M,7476,23,300,28,14,14,2,5,0,0,2
D-FINE-M,7477,18,300,18,13,5,1,3,0,0,1
D-FINE-M,7478,29,300,20,17,3,0,11,0,0,1
D-FINE-M,7479,9,300,10,7,3,0,1,0,0,1
D-FINE-M,7480,18,300,13,10,3,0,8,0,0,0
D-FINE-M,7481,25,300,27,20,7,0,3,0,0,2
D-FINE-M,7482,15,300,10,9,1,1,5,0,0,0
D-FINE-M,7483,31,300,32,20,12,0,11,0,0,0
D-FINE-M,7484,8,300,11,8,3,0,0,0,0,0
D-FINE-M,7485,17,300,14,11,3,0,5,0,0,1
D-FINE-M,7486,11,300,12,6,6,0,5,0,0,0
D-FINE-M,7487,5,300,11,5,6,0,0,0,0,0
D-FINE-M,7488,28,300,20,17,3,3,7,0,0,1
D-FINE-M,7489,17,300,19,14,5,0,2,0,0,1
D-FINE-M,7490,20,300,16,13,3,0,7,0,0,0
D-FINE-M,7491,36,300,33,26,7,1,9,0,0,0
D-FINE-M,7492,14,300,15,12,3,0,1,0,0,1
D-FINE-M,7493,46,300,37,36,1,0,9,1,0,0
D-FINE-M,7494,11,300,11,6,5,1,4,0,0,0
D-FINE-M,7495,33,300,24,17,7,0,12,0,0,4
D-FINE-M,7496,21,300,17,15,2,1,3,0,0,2
D-FINE-M,7497,11,300,9,8,1,0,2,0,0,1
D-FINE-M,7498,4,300,8,1,7,0,3,0,0,0
D-FINE-M,7499,13,300,15,12,3,0,1,0,0,0
D-FINE-M,7500,17,300,15,12,3,0,2,0,0,3
D-FINE-M,7501,14,300,10,8,2,3,3,0,0,0
D-FINE-M,7502,16,300,17,16,1,0,0,0,0,0
D-FINE-M,7503,24,300,23,20,3,0,3,0,0,1
D-FINE-M,7504,22,300,18,12,6,0,9,0,0,1
D-FINE-M,7505,26,300,21,18,3,0,8,0,0,0
D-FINE-M,7506,16,300,12,10,2,0,5,0,0,1
D-FINE-M,7507,11,300,11,9,2,0,2,0,0,0
D-FINE-M,7508,5,300,5,4,1,0,1,0,0,0
D-FINE-M,7509,41,300,40,28,12,4,7,1,0,1
D-FINE-M,7510,46,300,44,30,14,2,9,0,1,4
D-FINE-M,7511,31,300,24,20,4,2,5,0,0,4
D-FINE-M,7512,20,300,26,15,11,2,2,0,0,1
D-FINE-M,7513,19,300,19,17,2,0,2,0,0,0
D-FINE-M,7514,25,300,22,17,5,3,5,0,0,0
D-FINE-M,7515,30,300,22,22,0,0,6,1,0,1
D-FINE-M,7516,15,300,14,10,4,0,4,0,0,1
D-FINE-M,7517,11,300,8,7,1,1,3,0,0,0
D-FINE-M,7518,19,300,17,12,5,4,3,0,0,0
D-FINE-M,7519,29,300,21,19,2,1,8,0,0,1
D-FINE-M,7520,14,300,12,9,3,0,5,0,0,0
D-FINE-M,7521,15,300,17,13,4,0,2,0,0,0
D-FINE-M,7522,14,300,16,9,7,1,3,0,0,1
D-FINE-M,7523,10,300,11,6,5,0,3,0,0,1
D-FINE-M,7524,26,300,25,19,6,1,5,0,0,1
D-FINE-M,7525,18,300,15,15,0,0,3,0,0,0
D-FINE-M,7526,6,300,4,2,2,0,2,0,0,2
D-FINE-M,7527,17,300,16,12,4,0,3,0,0,2
D-FINE-M,7528,30,300,30,25,5,0,3,0,0,2
D-FINE-M,7529,5,300,7,4,3,0,1,0,0,0
D-FINE-M,7530,10,300,6,6,0,1,2,0,0,1
D-FINE-M,7531,20,300,18,17,1,0,1,1,0,1
D-FINE-M,7532,29,300,25,23,2,1,4,0,0,1
D-FINE-M,7533,23,300,20,16,4,0,6,0,0,1
D-FINE-M,7534,30,300,29,21,8,2,3,1,0,3
D-FINE-M,7535,9,300,8,7,1,0,2,0,0,0
D-FINE-M,7536,29,300,28,19,9,0,8,0,1,1
D-FINE-M,7537,17,300,18,15,3,0,2,0,0,0
D-FINE-M,7538,14,300,14,12,2,0,1,1,0,0
D-FINE-M,7539,22,300,21,19,2,1,2,0,0,0
D-FINE-M,7540,14,300,14,10,4,1,3,0,0,0
D-FINE-M,7541,32,300,23,22,1,1,8,0,0,1
D-FINE-M,7542,11,300,10,10,0,0,1,0,0,0
D-FINE-M,7543,18,300,20,17,3,0,0,0,0,1
D-FINE-M,7544,7,300,7,5,2,0,2,0,0,0
D-FINE-M,7545,30,300,25,23,2,2,5,0,0,0
D-FINE-M,7546,32,300,23,21,2,1,9,0,0,1
D-FINE-M,7547,8,300,9,7,2,1,0,0,0,0
D-FINE-M,7548,10,300,10,6,4,1,3,0,0,0
D-FINE-M,7549,8,300,6,6,0,0,2,0,0,0
D-FINE-M,7550,26,300,19,17,2,1,8,0,0,0
D-FINE-M,7551,28,300,19,16,3,1,10,1,0,0
D-FINE-M,7552,10,300,11,9,2,0,1,0,0,0
D-FINE-M,7553,6,300,6,5,1,0,1,0,0,0
D-FINE-M,7554,10,300,9,5,4,0,5,0,0,0
D-FINE-M,7555,19,300,16,9,7,1,8,0,0,1
D-FINE-M,7556,27,300,24,15,9,0,12,0,0,0
D-FINE-M,7557,22,300,18,13,5,1,7,0,0,1
D-FINE-M,7558,8,300,3,3,0,0,4,0,0,1
D-FINE-M,7559,20,300,21,15,6,1,4,0,0,0
D-FINE-M,7560,4,300,5,4,1,0,0,0,0,0
D-FINE-M,7561,6,300,4,4,0,0,2,0,0,0
D-FINE-M,7562,20,300,11,9,2,7,4,0,0,0
D-FINE-M,7563,15,300,11,10,1,1,4,0,0,0
D-FINE-M,7564,9,300,8,6,2,0,3,0,0,0
D-FINE-M,7565,19,300,10,5,5,8,6,0,0,0
D-FINE-M,7566,51,300,40,31,9,4,15,1,0,0
D-FINE-M,7567,17,300,17,14,3,0,3,0,0,0
D-FINE-M,7568,7,300,6,5,1,0,2,0,0,0
D-FINE-M,7569,4,300,2,2,0,0,2,0,0,0
D-FINE-M,7570,22,300,25,14,11,0,6,0,0,2
D-FINE-M,7571,6,300,6,4,2,0,2,0,0,0
D-FINE-M,7572,21,300,18,14,4,1,5,0,0,1
D-FINE-M,7573,25,300,25,18,7,1,6,0,0,0
D-FINE-M,7574,39,300,37,25,12,2,11,0,0,1
D-FINE-M,7575,30,300,23,19,4,3,8,0,0,0
D-FINE-M,7576,23,300,17,16,1,1,5,0,0,1
D-FINE-M,7577,20,300,18,16,2,0,4,0,0,0
D-FINE-M,7578,27,300,29,20,9,2,5,0,0,0
D-FINE-M,7579,22,300,19,15,4,0,7,0,0,0
D-FINE-M,7580,36,300,30,27,3,1,7,1,0,0
D-FINE-M,7581,39,300,41,34,7,1,2,0,0,2
D-FINE-M,7582,14,300,18,13,5,0,1,0,0,0
D-FINE-M,7583,25,300,25,22,3,0,2,0,0,1
D-FINE-M,7584,17,300,17,13,4,0,3,1,0,0
D-FINE-M,7585,8,300,9,4,5,0,4,0,0,0
D-FINE-M,7586,11,300,12,9,3,0,1,0,0,1
D-FINE-M,7587,17,300,15,12,3,0,5,0,0,0
D-FINE-M,7588,12,300,13,12,1,0,0,0,0,0
D-FINE-M,7589,30,300,28,25,3,0,5,0,0,0
D-FINE-M,7590,16,300,16,15,1,0,1,0,0,0
D-FINE-M,7591,17,300,18,13,5,0,3,0,0,1
D-FINE-M,7592,18,300,16,13,3,1,4,0,0,0
D-FINE-M,7593,22,300,19,17,2,0,5,0,0,0
D-FINE-M,7594,31,300,33,21,12,0,9,0,0,1
D-FINE-M,7595,7,300,5,5,0,0,2,0,0,0
D-FINE-M,7596,27,300,28,21,7,1,5,0,0,0
D-FINE-M,7597,37,300,36,32,4,1,4,0,0,0
D-FINE-M,7598,32,300,25,23,2,2,6,0,0,1
D-FINE-M,7599,19,300,19,16,3,1,2,0,0,0
D-FINE-M,7600,7,300,7,6,1,0,1,0,0,0
D-FINE-M,7601,9,300,10,9,1,0,0,0,0,0
D-FINE-M,7602,22,300,22,20,2,1,1,0,0,0
D-FINE-M,7603,5,300,6,3,3,0,2,0,0,0
D-FINE-M,7604,11,300,11,10,1,0,1,0,0,0
D-FINE-M,7605,16,300,13,11,2,1,3,0,0,1
D-FINE-M,7606,9,300,14,9,5,0,0,0,0,0
D-FINE-M,7607,21,300,21,14,7,0,3,0,0,4
D-FINE-M,7608,14,300,8,8,0,1,5,0,0,0
D-FINE-M,7609,10,300,6,5,1,0,5,0,0,0
D-FINE-M,7610,41,300,34,29,5,1,7,1,0,3
D-FINE-M,7611,22,300,20,18,2,0,3,0,0,1
D-FINE-M,7612,33,300,30,23,7,1,7,0,0,2
D-FINE-M,7613,4,300,5,3,2,0,1,0,0,0
D-FINE-M,7614,14,300,9,7,2,0,7,0,0,0
D-FINE-M,7615,43,300,38,31,7,1,10,0,0,1
D-FINE-M,7616,11,300,12,10,2,0,1,0,0,0
D-FINE-M,7617,27,300,23,18,5,1,6,0,0,2
D-FINE-M,7618,19,300,23,18,5,0,0,1,0,0
D-FINE-M,7619,5,300,6,5,1,0,0,0,0,0
D-FINE-M,7620,12,300,7,5,2,2,5,0,0,0
D-FINE-M,7621,26,300,21,15,6,1,9,1,0,0
D-FINE-M,7622,15,300,11,10,1,0,4,0,0,1
D-FINE-M,7623,10,300,10,10,0,0,0,0,0,0
D-FINE-M,7624,8,300,10,7,3,0,1,0,0,0
D-FINE-M,7625,23,300,11,10,1,3,10,0,0,0
D-FINE-M,7626,17,300,13,9,4,1,7,0,0,0
D-FINE-M,7627,28,300,19,19,0,0,9,0,0,0
D-FINE-M,7628,29,300,25,20,5,3,4,0,0,2
D-FINE-M,7629,28,300,27,22,5,1,4,0,0,1
D-FINE-M,7630,12,300,11,6,5,2,4,0,0,0
D-FINE-M,7631,17,300,19,11,8,0,4,0,0,2
D-FINE-M,7632,13,300,12,8,4,1,4,0,0,0
D-FINE-M,7633,7,300,7,7,0,0,0,0,0,0
D-FINE-M,7634,16,300,21,9,12,0,6,0,0,1
D-FINE-M,7635,5,300,4,4,0,0,1,0,0,0
D-FINE-M,7636,32,300,26,23,3,0,6,2,0,1
D-FINE-M,7637,21,300,18,14,4,0,5,0,0,2
D-FINE-M,7638,6,300,5,5,0,0,1,0,0,0
D-FINE-M,7639,26,300,26,22,4,1,2,0,0,1
D-FINE-M,7640,27,300,26,18,8,2,6,0,0,1
D-FINE-M,7641,29,300,27,24,3,0,4,0,0,1
D-FINE-M,7642,24,300,24,16,8,2,2,0,0,4
D-FINE-M,7643,6,300,4,4,0,0,1,1,0,0
D-FINE-M,7644,23,300,24,19,5,0,4,0,0,0
D-FINE-M,7645,17,300,23,15,8,0,2,0,0,0
D-FINE-M,7646,19,300,22,16,6,0,3,0,0,0
D-FINE-M,7647,7,300,4,4,0,1,2,0,0,0
D-FINE-M,7648,14,300,18,12,6,0,0,0,0,2
D-FINE-M,7649,31,300,23,16,7,0,14,0,1,0
D-FINE-M,7650,26,300,26,20,6,0,3,1,0,2
D-FINE-M,7651,8,300,12,5,7,0,1,0,0,2
D-FINE-M,7652,15,300,16,6,10,1,5,0,0,3
D-FINE-M,7653,14,300,15,13,2,0,1,0,0,0
D-FINE-M,7654,17,300,15,13,2,0,4,0,0,0
D-FINE-M,7655,29,300,26,25,1,2,2,0,0,0
D-FINE-M,7656,42,300,38,25,13,1,10,0,0,6
D-FINE-M,7657,19,300,18,15,3,0,4,0,0,0
D-FINE-M,7658,29,300,18,10,8,3,14,0,0,2
D-FINE-M,7659,4,300,5,3,2,0,0,0,0,1
D-FINE-M,7660,12,300,10,8,2,0,4,0,0,0
D-FINE-M,7661,28,300,11,6,5,6,13,0,0,3
D-FINE-M,7662,6,300,6,6,0,0,0,0,0,0
D-FINE-M,7663,20,300,12,11,1,1,7,0,0,1
D-FINE-M,7664,20,300,19,16,3,0,4,0,0,0
D-FINE-M,7665,25,300,22,21,1,0,4,0,0,0
D-FINE-M,7666,25,300,17,14,3,0,10,0,0,1
D-FINE-M,7667,14,300,14,13,1,0,1,0,0,0
D-FINE-M,7668,6,300,6,4,2,0,2,0,0,0
D-FINE-M,7669,27,300,27,23,4,0,4,0,0,0
D-FINE-M,7670,14,300,14,11,3,0,3,0,0,0
D-FINE-M,7671,29,300,30,25,5,1,3,0,0,0
D-FINE-M,7672,27,300,22,17,5,0,9,0,0,1
D-FINE-M,7673,14,300,14,13,1,0,1,0,0,0
D-FINE-M,7674,8,300,7,5,2,0,3,0,0,0
D-FINE-M,7675,11,300,10,10,0,0,1,0,0,0
D-FINE-M,7676,31,300,25,22,3,4,3,1,0,1
D-FINE-M,7677,29,300,20,16,4,3,8,0,0,2
D-FINE-M,7678,18,300,11,11,0,0,7,0,0,0
D-FINE-M,7679,31,300,26,22,4,1,8,0,0,0
D-FINE-M,7680,28,300,23,19,4,2,7,0,0,0
D-FINE-M,7681,34,300,28,18,10,0,15,0,0,1
D-FINE-M,7682,22,300,24,16,8,2,4,0,0,0
D-FINE-M,7683,16,300,17,13,4,0,3,0,0,0
D-FINE-M,7684,27,300,39,23,16,0,4,0,0,0
D-FINE-M,7685,9,300,11,9,2,0,0,0,0,0
D-FINE-M,7686,12,300,12,10,2,1,1,0,0,0
D-FINE-M,7687,29,300,26,22,4,0,5,0,0,2
D-FINE-M,7688,18,300,9,9,0,2,7,0,0,0
D-FINE-M,7689,26,300,28,24,4,0,2,0,0,0
D-FINE-M,7690,12,300,11,9,2,0,3,0,0,0
D-FINE-M,7691,13,300,10,9,1,2,2,0,0,0
D-FINE-M,7692,8,300,7,4,3,0,4,0,0,0
D-FINE-M,7693,17,300,12,11,1,3,3,0,0,0
D-FINE-M,7694,8,300,7,5,2,0,3,0,0,0
D-FINE-M,7695,5,300,4,4,0,1,0,0,0,0
D-FINE-M,7696,36,300,27,22,5,4,9,0,0,1
D-FINE-M,7697,20,300,21,19,2,0,0,1,0,0
D-FINE-M,7698,22,300,22,17,5,1,4,0,0,0
D-FINE-M,7699,7,300,6,3,3,0,4,0,0,0
D-FINE-M,7700,4,300,6,3,3,0,1,0,0,0
D-FINE-M,7701,5,300,6,1,5,0,2,0,0,2
D-FINE-M,7702,27,300,29,23,6,0,3,0,0,1
D-FINE-M,7703,24,300,19,15,4,1,8,0,0,0
D-FINE-M,7704,18,300,14,13,1,0,3,0,0,2
D-FINE-M,7705,13,300,10,7,3,1,5,0,0,0
D-FINE-M,7706,7,300,9,7,2,0,0,0,0,0
D-FINE-M,7707,25,300,28,20,8,1,2,0,0,2
D-FINE-M,7708,8,300,9,7,2,0,1,0,0,0
D-FINE-M,7709,9,300,9,8,1,0,1,0,0,0
D-FINE-M,7710,9,300,8,7,1,0,2,0,0,0
D-FINE-M,7711,25,300,21,18,3,1,6,0,0,0
D-FINE-M,7712,7,300,6,5,1,0,1,0,0,1
D-FINE-M,7713,17,300,20,16,4,0,1,0,0,0
D-FINE-M,7714,29,300,17,14,3,3,10,0,0,2
D-FINE-M,7715,29,300,24,17,7,3,8,0,0,1
D-FINE-M,7716,21,300,21,18,3,0,3,0,0,0
D-FINE-M,7717,24,300,26,20,6,0,4,0,0,0
D-FINE-M,7718,28,300,23,19,4,0,6,0,0,3
D-FINE-M,7719,28,300,24,19,5,2,5,0,0,2
D-FINE-M,7720,20,300,21,18,3,0,2,0,0,0
D-FINE-M,7721,8,300,8,7,1,0,1,0,0,0
D-FINE-M,7722,7,300,5,4,1,0,3,0,0,0
D-FINE-M,7723,8,300,6,3,3,1,4,0,0,0
D-FINE-M,7724,10,300,6,4,2,2,3,0,0,1
D-FINE-M,7725,19,300,17,13,4,0,6,0,0,0
D-FINE-M,7726,22,300,23,18,5,1,3,0,0,0
D-FINE-M,7727,9,300,8,8,0,0,1,0,0,0
D-FINE-M,7728,15,300,17,14,3,0,0,0,0,1
D-FINE-M,7729,22,300,21,18,3,0,4,0,0,0
D-FINE-M,7730,37,300,31,28,3,0,9,0,0,0
D-FINE-M,7731,23,300,18,15,3,0,8,0,0,0
D-FINE-M,7732,14,300,16,13,3,0,1,0,0,0
D-FINE-M,7733,10,300,7,7,0,1,2,0,0,0
D-FINE-M,7734,4,300,3,2,1,0,2,0,0,0
D-FINE-M,7735,10,300,9,9,0,0,1,0,0,0
D-FINE-M,7736,5,300,6,4,2,0,1,0,0,0
D-FINE-M,7737,25,300,24,19,5,0,5,0,0,1
D-FINE-M,7738,32,300,31,28,3,0,3,0,0,1
D-FINE-M,7739,12,300,8,7,1,1,4,0,0,0
D-FINE-M,7740,15,300,10,8,2,2,5,0,0,0
D-FINE-M,7741,19,300,17,14,3,0,5,0,0,0
D-FINE-M,7742,6,300,6,4,2,0,2,0,0,0
D-FINE-M,7743,5,300,7,5,2,0,0,0,0,0
D-FINE-M,7744,7,300,5,5,0,0,2,0,0,0
D-FINE-M,7745,9,300,7,6,1,1,1,0,0,1
D-FINE-M,7746,17,300,16,16,0,1,0,0,0,0
D-FINE-M,7747,9,300,8,5,3,1,3,0,0,0
D-FINE-M,7748,23,300,26,16,10,0,6,0,0,1
D-FINE-M,7749,10,300,18,9,9,0,1,0,0,0
D-FINE-M,7750,9,300,8,7,1,0,2,0,0,0
D-FINE-M,7751,11,300,10,7,3,0,3,0,0,1
D-FINE-M,7752,28,300,21,18,3,3,6,1,0,0
D-FINE-M,7753,20,300,18,14,4,1,4,0,0,1
D-FINE-M,7754,23,300,24,19,5,0,4,0,0,0
D-FINE-M,7755,20,300,21,19,2,0,1,0,0,0
D-FINE-M,7756,18,300,18,17,1,0,1,0,0,0
D-FINE-M,7757,55,300,41,31,10,6,15,0,2,1
D-FINE-M,7758,15,300,14,10,4,1,4,0,0,0
D-FINE-M,7759,16,300,16,15,1,0,1,0,0,0
D-FINE-M,7760,19,300,16,12,4,2,5,0,0,0
D-FINE-M,7761,14,300,16,14,2,0,0,0,0,0
D-FINE-M,7762,15,300,20,12,8,1,1,0,0,1
D-FINE-M,7763,11,300,10,9,1,0,2,0,0,0
D-FINE-M,7764,7,300,8,7,1,0,0,0,0,0
D-FINE-M,7765,14,300,11,10,1,0,3,0,0,1
D-FINE-M,7766,23,300,24,21,3,0,1,0,0,1
D-FINE-M,7767,38,300,34,25,9,5,7,0,0,1
D-FINE-M,7768,21,300,20,15,5,0,6,0,0,0
D-FINE-M,7769,14,300,11,8,3,1,2,2,0,1
D-FINE-M,7770,7,300,7,5,2,0,2,0,0,0
D-FINE-M,7771,10,300,9,9,0,0,0,0,0,1
D-FINE-M,7772,4,300,4,3,1,0,1,0,0,0
D-FINE-M,7773,33,300,27,22,5,0,10,0,0,1
D-FINE-M,7774,9,300,13,5,8,0,4,0,0,0
D-FINE-M,7775,16,300,21,14,7,0,2,0,0,0
D-FINE-M,7776,7,300,4,3,1,0,4,0,0,0
D-FINE-M,7777,12,300,12,10,2,0,2,0,0,0
D-FINE-M,7778,9,300,7,3,4,0,5,0,0,1
D-FINE-M,7779,12,300,7,7,0,0,5,0,0,0
D-FINE-M,7780,4,300,4,4,0,0,0,0,0,0
D-FINE-M,7781,16,300,17,14,3,0,2,0,0,0
D-FINE-M,7782,20,300,17,13,4,1,5,1,0,0
D-FINE-M,7783,13,300,10,10,0,0,3,0,0,0
D-FINE-M,7784,21,300,19,12,7,1,7,0,0,1
D-FINE-M,7785,37,300,26,22,4,6,8,0,0,1
D-FINE-M,7786,23,300,26,20,6,0,3,0,0,0
D-FINE-M,7787,16,300,15,12,3,0,1,0,0,3
D-FINE-M,7788,8,300,6,4,2,1,3,0,0,0
D-FINE-M,7789,14,300,13,12,1,0,2,0,0,0
D-FINE-M,7790,20,300,19,15,4,0,4,0,0,1
D-FINE-M,7791,5,300,6,5,1,0,0,0,0,0
D-FINE-M,7792,23,300,23,19,4,1,3,0,0,0
D-FINE-M,7793,13,300,14,11,3,0,2,0,0,0
D-FINE-M,7794,4,300,3,3,0,0,1,0,0,0
D-FINE-M,7795,26,300,18,16,2,0,9,0,0,1
D-FINE-M,7796,25,300,17,16,1,2,7,0,0,0
D-FINE-M,7797,24,300,25,21,4,0,2,1,0,0
D-FINE-M,7798,25,300,16,15,1,3,7,0,0,0
D-FINE-M,7799,37,300,29,23,6,2,11,0,0,1
D-FINE-M,7800,17,300,13,10,3,1,3,0,0,3
D-FINE-M,7801,21,300,27,20,7,0,0,1,0,0
D-FINE-M,7802,9,300,8,8,0,0,1,0,0,0
D-FINE-M,7803,31,300,28,26,2,1,4,0,0,0
D-FINE-M,7804,14,300,18,11,7,1,1,0,0,1
D-FINE-M,7805,23,300,26,18,8,0,4,0,0,1
D-FINE-M,7806,29,300,25,21,4,1,5,0,0,2
D-FINE-M,7807,14,300,13,9,4,2,3,0,0,0
D-FINE-M,7808,4,300,3,3,0,0,1,0,0,0
D-FINE-M,7809,4,300,4,4,0,0,0,0,0,0
D-FINE-M,7810,11,300,10,10,0,0,1,0,0,0
D-FINE-M,7811,24,300,22,16,6,1,5,0,0,2
D-FINE-M,7812,21,300,17,14,3,2,5,0,0,0
D-FINE-M,7813,38,300,32,28,4,1,7,0,0,2
D-FINE-M,7814,42,300,37,30,7,1,10,0,0,1
D-FINE-M,7815,26,300,26,22,4,1,3,0,0,0
D-FINE-M,7816,33,300,36,28,8,1,2,0,0,2
D-FINE-M,7817,29,300,29,26,3,1,2,0,0,0
D-FINE-M,7818,22,300,23,18,5,0,4,0,0,0
D-FINE-M,7819,9,300,6,6,0,1,2,0,0,0
D-FINE-M,7820,13,300,15,11,4,0,0,0,0,2
D-FINE-M,7821,29,300,27,22,5,1,5,0,0,1
D-FINE-M,7822,20,300,18,10,8,0,6,0,0,4
D-FINE-M,7823,11,300,9,9,0,0,2,0,0,0
D-FINE-M,7824,9,300,11,8,3,0,1,0,0,0
D-FINE-M,7825,27,300,15,14,1,2,10,1,0,0
D-FINE-M,7826,24,300,30,21,9,0,2,0,0,1
D-FINE-M,7827,24,300,19,17,2,0,6,0,0,1
D-FINE-M,7828,5,300,5,5,0,0,0,0,0,0
D-FINE-M,7829,9,300,10,7,3,0,2,0,0,0
D-FINE-M,7830,20,300,14,13,1,1,6,0,0,0
D-FINE-M,7831,22,300,23,18,5,0,4,0,0,0
D-FINE-M,7832,12,300,9,7,2,0,4,0,0,1
D-FINE-M,7833,11,300,11,8,3,2,1,0,0,0
D-FINE-M,7834,16,300,14,13,1,0,3,0,0,0
D-FINE-M,7835,16,300,17,15,2,0,1,0,0,0
D-FINE-M,7836,20,300,8,6,2,3,11,0,0,0
D-FINE-M,7837,29,300,23,23,0,0,6,0,0,0
D-FINE-M,7838,14,300,16,12,4,1,1,0,0,0
D-FINE-M,7839,9,300,10,8,2,0,1,0,0,0
D-FINE-M,7840,26,300,28,21,7,0,5,0,0,0
D-FINE-M,7841,7,300,8,6,2,0,1,0,0,0
D-FINE-M,7842,22,300,17,14,3,2,6,0,0,0
D-FINE-M,7843,16,300,19,13,6,0,3,0,0,0
D-FINE-M,7844,15,300,17,12,5,0,3,0,0,0
D-FINE-M,7845,9,300,16,9,7,0,0,0,0,0
D-FINE-M,7846,24,300,17,15,2,2,7,0,0,0
D-FINE-M,7847,13,300,18,9,9,0,3,0,0,1
D-FINE-M,7848,9,300,9,8,1,0,1,0,0,0
D-FINE-M,7849,32,300,16,10,6,10,9,0,0,3
D-FINE-M,7850,13,300,18,12,6,0,1,0,0,0
D-FINE-M,7851,24,300,25,20,5,0,4,0,0,0
D-FINE-M,7852,24,300,22,19,3,0,5,0,0,0
D-FINE-M,7853,14,300,16,12,4,0,1,0,0,1
D-FINE-M,7854,4,300,3,3,0,1,0,0,0,0
D-FINE-M,7855,8,300,9,4,5,1,0,0,0,3
D-FINE-M,7856,35,300,30,25,5,1,8,0,0,1
D-FINE-M,7857,4,300,5,3,2,0,1,0,0,0
D-FINE-M,7858,17,300,17,15,2,0,2,0,0,0
D-FINE-M,7859,38,300,27,24,3,2,9,1,0,2
D-FINE-M,7860,33,300,30,26,4,0,6,0,0,1
D-FINE-M,7861,13,300,15,13,2,0,0,0,0,0
D-FINE-M,7862,17,300,15,12,3,1,3,1,0,0
D-FINE-M,7863,20,300,17,12,5,0,6,0,0,2
D-FINE-M,7864,31,300,23,18,5,2,11,0,0,0
D-FINE-M,7865,7,300,8,7,1,0,0,0,0,0
D-FINE-M,7866,29,300,25,20,5,0,7,0,0,2
D-FINE-M,7867,7,300,8,6,2,0,1,0,0,0
D-FINE-M,7868,14,300,19,12,7,0,2,0,0,0
D-FINE-M,7869,7,300,5,5,0,1,1,0,0,0
D-FINE-M,7870,5,300,6,5,1,0,0,0,0,0
D-FINE-M,7871,6,300,5,3,2,0,2,0,0,1
D-FINE-M,7872,17,300,15,15,0,0,2,0,0,0
D-FINE-M,7873,11,300,12,10,2,0,1,0,0,0
D-FINE-M,7874,8,300,8,6,2,1,1,0,0,0
D-FINE-M,7875,40,300,27,22,5,4,11,0,0,3
D-FINE-M,7876,47,300,36,27,9,5,11,0,3,1
D-FINE-M,7877,26,300,24,19,5,0,5,0,0,2
D-FINE-M,7878,35,300,30,25,5,0,8,0,0,2
D-FINE-M,7879,18,300,15,11,4,1,3,0,0,3
D-FINE-M,7880,24,300,25,22,3,0,2,0,0,0
D-FINE-M,7881,14,300,15,12,3,0,2,0,0,0
D-FINE-M,7882,10,300,9,8,1,0,2,0,0,0
D-FINE-M,7883,15,300,10,6,4,1,8,0,0,0
D-FINE-M,7884,18,300,17,16,1,2,0,0,0,0
D-FINE-M,7885,25,300,25,19,6,0,5,0,0,1
D-FINE-M,7886,39,300,33,24,9,3,11,0,0,1
D-FINE-M,7887,26,300,22,20,2,0,6,0,0,0
D-FINE-M,7888,16,300,15,10,5,0,6,0,0,0
D-FINE-M,7889,5,300,6,5,1,0,0,0,0,0
D-FINE-M,7890,6,300,7,5,2,0,1,0,0,0
D-FINE-M,7891,25,300,19,16,3,1,7,0,0,1
D-FINE-M,7892,19,300,14,10,4,2,5,0,0,2
D-FINE-M,7893,22,300,19,16,3,0,5,0,0,1
D-FINE-M,7894,29,300,18,14,4,4,9,0,0,2
D-FINE-M,7895,10,300,8,8,0,0,2,0,0,0
D-FINE-M,7896,20,300,14,13,1,1,4,1,0,1
D-FINE-M,7897,15,300,10,10,0,0,4,0,0,1
D-FINE-M,7898,4,300,4,4,0,0,0,0,0,0
D-FINE-M,7899,22,300,24,21,3,0,1,0,0,0
D-FINE-M,7900,9,300,8,7,1,0,2,0,0,0
D-FINE-M,7901,11,300,9,7,2,0,4,0,0,0
D-FINE-M,7902,19,300,22,17,5,0,1,0,0,1
D-FINE-M,7903,6,300,3,3,0,2,0,0,0,1
D-FINE-M,7904,10,300,14,8,6,0,2,0,0,0
D-FINE-M,7905,23,300,29,20,9,0,2,1,0,0
D-FINE-M,7906,28,300,14,9,5,4,12,0,0,3
D-FINE-M,7907,38,300,32,21,11,1,11,0,0,5
D-FINE-M,7908,40,300,28,21,7,4,14,0,0,1
D-FINE-M,7909,16,300,16,14,2,0,2,0,0,0
D-FINE-M,7910,27,300,22,20,2,0,7,0,0,0
D-FINE-M,7911,26,300,25,21,4,1,4,0,0,0
D-FINE-M,7912,27,300,30,21,9,1,3,0,0,2
D-FINE-M,7913,17,300,19,16,3,1,0,0,0,0
D-FINE-M,7914,45,300,41,29,12,4,11,0,0,1
D-FINE-M,7915,48,300,35,27,8,3,16,0,0,2
D-FINE-M,7916,50,300,50,42,8,1,7,0,0,0
D-FINE-M,7917,9,300,6,4,2,2,3,0,0,0
D-FINE-M,7918,38,300,33,30,3,3,4,0,0,1
D-FINE-M,7919,21,300,24,16,8,2,3,0,0,0
D-FINE-M,7920,15,300,11,9,2,1,5,0,0,0
D-FINE-M,7921,14,300,12,11,1,0,2,0,0,1
D-FINE-M,7922,21,300,19,15,4,1,5,0,0,0
D-FINE-M,7923,12,300,7,7,0,1,4,0,0,0
D-FINE-M,7924,21,300,22,16,6,0,4,0,0,1
D-FINE-M,7925,36,300,28,24,4,2,8,0,0,2
D-FINE-M,7926,9,300,15,8,7,0,1,0,0,0
D-FINE-M,7927,24,300,20,14,6,2,5,0,0,3
D-FINE-M,7928,9,300,11,9,2,0,0,0,0,0
D-FINE-M,7929,32,300,26,18,8,2,11,0,0,1
D-FINE-M,7930,23,300,23,18,5,0,3,0,0,2
D-FINE-M,7931,17,300,19,9,10,0,5,0,0,3
D-FINE-M,7932,24,300,15,11,4,0,10,0,0,3
D-FINE-M,7933,28,300,33,22,11,1,5,0,0,0
D-FINE-M,7934,8,300,6,4,2,0,1,0,0,3
D-FINE-M,7935,4,300,4,3,1,1,0,0,0,0
D-FINE-M,7936,10,300,7,7,0,0,3,0,0,0
D-FINE-M,7937,8,300,8,6,2,0,2,0,0,0
D-FINE-M,7938,9,300,13,9,4,0,0,0,0,0
D-FINE-M,7939,4,300,2,2,0,0,2,0,0,0
D-FINE-M,7940,33,300,21,20,1,2,9,0,0,2
D-FINE-M,7941,19,300,9,9,0,1,9,0,0,0
D-FINE-M,7942,18,300,15,12,3,1,5,0,0,0
D-FINE-M,7943,20,300,18,15,3,1,4,0,0,0
D-FINE-M,7944,28,300,21,15,6,0,12,0,0,1
D-FINE-M,7945,21,300,17,17,0,0,3,0,0,1
D-FINE-M,7946,10,300,6,4,2,1,4,0,0,1
D-FINE-M,7947,5,300,7,5,2,0,0,0,0,0
D-FINE-M,7948,4,300,4,4,0,0,0,0,0,0
D-FINE-M,7949,15,300,15,11,4,0,4,0,0,0
D-FINE-M,7950,4,300,5,3,2,0,1,0,0,0
D-FINE-M,7951,7,300,7,6,1,0,1,0,0,0
D-FINE-M,7952,6,300,13,5,8,0,0,0,0,1
D-FINE-M,7953,17,300,20,14,6,0,3,0,0,0
D-FINE-M,7954,25,300,22,18,4,0,7,0,0,0
D-FINE-M,7955,7,300,9,6,3,0,1,0,0,0
D-FINE-M,7956,22,300,19,17,2,2,3,0,0,0
D-FINE-M,7957,15,300,16,14,2,0,1,0,0,0
D-FINE-M,7958,5,300,7,4,3,0,0,0,0,1
D-FINE-M,7959,22,300,23,19,4,1,2,0,0,0
D-FINE-M,7960,31,300,27,24,3,1,4,0,0,2
D-FINE-M,7961,33,300,30,22,8,2,7,1,0,1
D-FINE-M,7962,4,300,4,4,0,0,0,0,0,0
D-FINE-M,7963,15,300,17,10,7,1,3,0,0,1
D-FINE-M,7964,19,300,19,13,6,1,4,0,0,1
D-FINE-M,7965,9,300,8,7,1,1,1,0,0,0
D-FINE-M,7966,8,300,9,8,1,0,0,0,0,0
D-FINE-M,7967,21,300,16,13,3,0,8,0,0,0
D-FINE-M,7968,24,300,23,14,9,1,8,0,0,1
D-FINE-M,7969,20,300,20,15,5,1,4,0,0,0
D-FINE-M,7970,34,300,31,24,7,1,8,0,0,1
D-FINE-M,7971,12,300,14,10,4,0,2,0,0,0
D-FINE-M,7972,23,300,21,17,4,1,4,0,0,1
D-FINE-M,7973,19,300,19,17,2,0,2,0,0,0
D-FINE-M,7974,40,300,30,21,9,1,14,1,0,3
D-FINE-M,7975,11,300,16,9,7,0,2,0,0,0
D-FINE-M,7976,8,300,5,5,0,0,3,0,0,0
D-FINE-M,7977,15,300,13,12,1,0,3,0,0,0
D-FINE-M,7978,9,300,10,8,2,0,1,0,0,0
D-FINE-M,7979,36,300,39,30,9,0,6,0,0,0
D-FINE-M,7980,33,300,26,17,9,1,13,0,0,2
D-FINE-M,7981,34,300,26,21,5,6,6,0,0,1
D-FINE-M,7982,36,300,32,24,8,0,8,2,0,2
D-FINE-M,7983,29,300,20,17,3,0,12,0,0,0
D-FINE-M,7984,8,300,8,7,1,0,1,0,0,0
D-FINE-M,7985,30,300,24,22,2,0,6,0,0,2
D-FINE-M,7986,31,300,28,25,3,1,3,1,0,1
D-FINE-M,7987,37,300,22,18,4,0,18,0,0,1
D-FINE-M,7988,30,300,26,23,3,1,5,0,0,1
D-FINE-M,7989,55,300,46,36,10,1,13,3,0,2
D-FINE-M,7990,26,300,21,18,3,3,5,0,0,0
D-FINE-M,7991,18,300,17,13,4,2,2,0,0,1
D-FINE-M,7992,30,300,27,22,5,1,7,0,0,0
D-FINE-M,7993,14,300,14,13,1,0,1,0,0,0
D-FINE-M,7994,12,300,11,11,0,0,1,0,0,0
D-FINE-M,7995,17,300,19,14,5,0,3,0,0,0
D-FINE-M,7996,12,300,9,8,1,3,1,0,0,0
D-FINE-M,7997,12,300,8,6,2,1,5,0,0,0
D-FINE-M,7998,6,300,7,6,1,0,0,0,0,0
D-FINE-M,7999,10,300,10,8,2,0,2,0,0,0
D-FINE-M,8000,22,300,22,18,4,0,2,0,0,2
D-FINE-M,8001,14,300,11,10,1,2,2,0,0,0
D-FINE-M,8002,13,300,13,10,3,0,3,0,0,0
D-FINE-M,8003,15,300,10,7,3,1,7,0,0,0
D-FINE-M,8004,21,300,17,13,4,1,6,0,0,1
D-FINE-M,8005,22,300,20,13,7,0,7,0,0,2
D-FINE-M,8006,38,300,26,21,5,3,13,1,0,0
D-FINE-M,8007,20,300,16,13,3,1,5,0,0,1
D-FINE-M,8008,8,300,9,7,2,0,1,0,0,0
D-FINE-M,8009,26,300,27,22,5,1,1,0,0,2
D-FINE-M,8010,23,300,16,15,1,0,6,1,0,1
D-FINE-M,8011,7,300,8,5,3,0,1,0,0,1
D-FINE-M,8012,11,300,10,10,0,0,1,0,0,0
D-FINE-M,8013,15,300,12,10,2,0,5,0,0,0
D-FINE-M,8014,5,300,7,5,2,0,0,0,0,0
D-FINE-M,8015,28,300,28,25,3,0,3,0,0,0
D-FINE-M,8016,15,300,17,15,2,0,0,0,0,0
D-FINE-M,8017,20,300,21,18,3,0,1,1,0,0
D-FINE-M,8018,17,300,16,15,1,0,2,0,0,0
D-FINE-M,8019,28,300,25,23,2,1,4,0,0,0
D-FINE-M,8020,18,300,16,10,6,1,5,0,0,2
D-FINE-M,8021,35,300,27,24,3,0,11,0,0,0
D-FINE-M,8022,38,300,32,26,6,0,8,0,0,4
D-FINE-M,8023,28,300,24,18,6,1,7,0,0,2
D-FINE-M,8024,16,300,12,10,2,2,4,0,0,0
D-FINE-M,8025,46,300,40,35,5,0,11,0,0,0
D-FINE-M,8026,10,300,17,10,7,0,0,0,0,0
D-FINE-M,8027,16,300,15,13,2,1,1,0,0,1
D-FINE-M,8028,57,300,53,44,9,2,8,0,0,3
D-FINE-M,8029,8,300,9,8,1,0,0,0,0,0
D-FINE-M,8030,14,300,11,9,2,0,5,0,0,0
D-FINE-M,8031,16,300,6,5,1,3,7,0,0,1
D-FINE-M,8032,13,300,12,8,4,0,4,0,0,1
D-FINE-M,8033,6,300,0,0,0,1,5,0,0,0
D-FINE-M,8034,10,300,10,9,1,1,0,0,0,0
D-FINE-M,8035,29,300,25,19,6,2,8,0,0,0
D-FINE-M,8036,29,300,22,19,3,3,5,1,0,1
D-FINE-M,8037,6,300,7,5,2,0,1,0,0,0
D-FINE-M,8038,14,300,17,13,4,0,1,0,0,0
D-FINE-M,8039,27,300,18,14,4,0,12,0,0,1
D-FINE-M,8040,15,300,15,11,4,0,4,0,0,0
D-FINE-M,8041,10,300,11,10,1,0,0,0,0,0
D-FINE-M,8042,25,300,14,12,2,2,10,0,1,0
D-FINE-M,8043,14,300,9,6,3,1,7,0,0,0
D-FINE-M,8044,5,300,4,4,0,0,1,0,0,0
D-FINE-M,8045,28,300,25,18,7,0,10,0,0,0
D-FINE-M,8046,12,300,12,10,2,0,1,1,0,0
D-FINE-M,8047,10,300,12,10,2,0,0,0,0,0
D-FINE-M,8048,7,300,7,4,3,0,2,0,0,1
D-FINE-M,8049,23,300,23,20,3,0,2,0,0,1
D-FINE-M,8050,15,300,11,6,5,1,5,0,0,3
D-FINE-M,8051,10,300,14,10,4,0,0,0,0,0
D-FINE-M,8052,9,300,8,8,0,0,1,0,0,0
D-FINE-M,8053,16,300,12,11,1,1,4,0,0,0
D-FINE-M,8054,14,300,13,7,6,1,6,0,0,0
D-FINE-M,8055,37,300,27,19,8,1,17,0,0,0
D-FINE-M,8056,22,300,21,19,2,0,3,0,0,0
D-FINE-M,8057,10,300,9,9,0,0,1,0,0,0
D-FINE-M,8058,24,300,24,19,5,1,1,0,0,3
D-FINE-M,8059,25,300,26,20,6,1,3,1,0,0
D-FINE-M,8060,21,300,18,17,1,1,3,0,0,0
D-FINE-M,8061,10,300,6,5,1,0,5,0,0,0
D-FINE-M,8062,24,300,24,22,2,0,2,0,0,0
D-FINE-M,8063,19,300,15,14,1,0,5,0,0,0
D-FINE-M,8064,20,300,20,15,5,3,1,0,0,1
D-FINE-M,8065,17,300,17,15,2,0,2,0,0,0
D-FINE-M,8066,14,300,12,9,3,1,4,0,0,0
D-FINE-M,8067,12,300,11,10,1,0,2,0,0,0
D-FINE-M,8068,38,300,33,26,7,2,6,0,0,4
D-FINE-M,8069,28,300,22,21,1,1,6,0,0,0
D-FINE-M,8070,16,300,9,8,1,1,6,0,0,1
D-FINE-M,8071,4,300,3,1,2,0,2,0,0,1
D-FINE-M,8072,20,300,18,17,1,0,3,0,0,0
D-FINE-M,8073,27,300,24,18,6,1,6,0,0,2
D-FINE-M,8074,18,300,16,15,1,0,3,0,0,0
D-FINE-M,8075,33,300,25,19,6,3,8,1,0,2
D-FINE-M,8076,43,300,36,29,7,1,7,0,0,6
D-FINE-M,8077,17,300,14,14,0,0,3,0,0,0
D-FINE-M,8078,5,300,6,5,1,0,0,0,0,0
D-FINE-M,8079,20,300,16,14,2,0,5,0,0,1
D-FINE-M,8080,4,300,6,4,2,0,0,0,0,0
D-FINE-M,8081,27,300,20,13,7,5,8,0,0,1
D-FINE-M,8082,33,300,23,18,5,2,10,1,0,2
D-FINE-M,8083,42,300,30,25,5,4,12,0,0,1
D-FINE-M,8084,35,300,32,25,7,2,6,0,0,2
D-FINE-M,8085,27,300,28,15,13,1,6,0,0,5
D-FINE-M,8086,4,300,2,2,0,0,2,0,0,0
D-FINE-M,8087,7,300,6,5,1,0,2,0,0,0
D-FINE-M,8088,6,300,8,5,3,1,0,0,0,0
D-FINE-M,8089,21,300,19,13,6,0,8,0,0,0
D-FINE-M,8090,13,300,13,12,1,0,1,0,0,0
D-FINE-M,8091,7,300,9,7,2,0,0,0,0,0
D-FINE-M,8092,17,300,18,10,8,0,5,0,0,2
D-FINE-M,8093,12,300,12,9,3,0,3,0,0,0
D-FINE-M,8094,20,300,17,16,1,0,4,0,0,0
D-FINE-M,8095,16,300,13,10,3,3,2,0,0,1
D-FINE-M,8096,10,300,10,9,1,0,1,0,0,0
D-FINE-M,8097,19,300,20,15,5,0,4,0,0,0
D-FINE-M,8098,33,300,26,24,2,0,9,0,0,0
D-FINE-M,8099,17,300,13,12,1,1,3,0,0,1
D-FINE-M,8100,11,300,11,9,2,0,2,0,0,0
D-FINE-M,8101,11,300,10,8,2,0,2,1,0,0
D-FINE-M,8102,32,300,22,17,5,2,12,0,0,1
D-FINE-M,8103,16,300,17,13,4,0,2,0,0,1
D-FINE-M,8104,17,300,18,15,3,0,2,0,0,0
D-FINE-M,8105,19,300,15,13,2,0,6,0,0,0
D-FINE-M,8106,10,300,15,9,6,0,1,0,0,0
D-FINE-M,8107,30,300,28,23,5,1,6,0,0,0
D-FINE-M,8108,26,300,32,22,10,0,4,0,0,0
D-FINE-M,8109,26,300,22,18,4,3,5,0,0,0
D-FINE-M,8110,21,300,20,18,2,0,3,0,0,0
D-FINE-M,8111,12,300,14,11,3,0,1,0,0,0
D-FINE-M,8112,10,300,12,10,2,0,0,0,0,0
D-FINE-M,8113,10,300,9,7,2,0,3,0,0,0
D-FINE-M,8114,11,300,11,11,0,0,0,0,0,0
D-FINE-M,8115,6,300,4,4,0,1,1,0,0,0
D-FINE-M,8116,5,300,3,3,0,0,2,0,0,0
D-FINE-M,8117,19,300,16,9,7,1,9,0,0,0
D-FINE-M,8118,16,300,17,12,5,0,3,0,0,1
D-FINE-M,8119,12,300,11,7,4,0,4,0,0,1
D-FINE-M,8120,30,300,33,25,8,1,3,1,0,0
D-FINE-M,8121,13,300,10,9,1,1,3,0,0,0
D-FINE-M,8122,5,300,2,2,0,1,2,0,0,0
D-FINE-M,8123,21,300,18,13,5,1,6,0,0,1
D-FINE-M,8124,12,300,11,9,2,0,3,0,0,0
D-FINE-M,8125,12,300,11,9,2,0,2,1,0,0
D-FINE-M,8126,16,300,17,14,3,0,2,0,0,0
D-FINE-M,8127,14,300,12,10,2,2,2,0,0,0
D-FINE-M,8128,23,300,16,14,2,3,4,2,0,0
D-FINE-M,8129,6,300,7,6,1,0,0,0,0,0
D-FINE-M,8130,16,300,9,8,1,2,4,0,0,2
D-FINE-M,8131,14,300,12,11,1,0,3,0,0,0
D-FINE-M,8132,26,300,26,24,2,0,0,0,0,2
D-FINE-M,8133,20,300,20,16,4,0,4,0,0,0
D-FINE-M,8134,27,300,12,8,4,7,12,0,0,0
D-FINE-M,8135,12,300,13,10,3,0,2,0,0,0
D-FINE-M,8136,13,300,13,12,1,1,0,0,0,0
D-FINE-M,8137,16,300,17,13,4,0,2,0,0,1
D-FINE-M,8138,14,300,13,11,2,0,2,0,0,1
D-FINE-M,8139,27,300,24,12,12,3,7,0,0,5
D-FINE-M,8140,25,300,20,14,6,2,8,0,0,1
D-FINE-M,8141,11,300,15,10,5,0,1,0,0,0
D-FINE-M,8142,7,300,5,5,0,2,0,0,0,0
D-FINE-M,8143,6,300,7,5,2,0,1,0,0,0
D-FINE-M,8144,24,300,21,15,6,1,5,1,0,2
D-FINE-M,8145,12,300,10,8,2,0,4,0,0,0
D-FINE-M,8146,26,300,28,21,7,1,4,0,0,0
D-FINE-M,8147,9,300,8,6,2,0,3,0,0,0
D-FINE-M,8148,10,300,9,6,3,0,4,0,0,0
D-FINE-M,8149,11,300,12,10,2,0,1,0,0,0
D-FINE-M,8150,22,300,20,14,6,0,5,0,0,3
D-FINE-M,8151,46,300,43,33,10,3,8,0,0,2
D-FINE-M,8152,13,300,9,7,2,0,6,0,0,0
D-FINE-M,8153,27,300,27,22,5,0,5,0,0,0
D-FINE-M,8154,18,300,17,13,4,0,3,0,0,2
D-FINE-M,8155,17,300,14,12,2,0,5,0,0,0
D-FINE-M,8156,6,300,7,6,1,0,0,0,0,0
D-FINE-M,8157,37,300,32,25,7,0,11,0,0,1
D-FINE-M,8158,19,300,15,13,2,1,5,0,0,0
D-FINE-M,8159,13,300,13,9,4,1,3,0,0,0
D-FINE-M,8160,8,300,6,4,2,0,4,0,0,0
D-FINE-M,8161,22,300,18,14,4,0,6,0,0,2
D-FINE-M,8162,23,300,15,11,4,0,8,0,0,4
D-FINE-M,8163,19,300,15,12,3,3,2,1,1,0
D-FINE-M,8164,19,300,21,17,4,0,2,0,0,0
D-FINE-M,8165,6,300,7,5,2,0,1,0,0,0
D-FINE-M,8166,9,300,6,6,0,0,3,0,0,0
D-FINE-M,8167,7,300,7,6,1,0,1,0,0,0
D-FINE-M,8168,20,300,25,15,10,0,4,0,0,1
D-FINE-M,8169,17,300,21,14,7,0,3,0,0,0
D-FINE-M,8170,31,300,30,22,8,0,5,1,0,3
D-FINE-M,8171,20,300,21,19,2,0,1,0,0,0
D-FINE-M,8172,30,300,18,17,1,2,11,0,0,0
D-FINE-M,8173,4,300,3,3,0,0,1,0,0,0
D-FINE-M,8174,27,300,25,16,9,0,6,0,0,5
D-FINE-M,8175,20,300,17,10,7,0,9,0,0,1
D-FINE-M,8176,37,300,29,25,4,5,7,0,0,0
D-FINE-M,8177,6,300,8,6,2,0,0,0,0,0
D-FINE-M,8178,34,300,32,25,7,2,5,0,0,2
D-FINE-M,8179,4,300,3,1,2,0,3,0,0,0
D-FINE-M,8180,29,300,23,20,3,0,9,0,0,0
D-FINE-M,8181,20,300,12,10,2,2,8,0,0,0
D-FINE-M,8182,16,300,15,13,2,0,3,0,0,0
D-FINE-M,8183,15,300,8,7,1,4,4,0,0,0
D-FINE-M,8184,43,300,36,31,5,7,2,0,0,3
D-FINE-M,8185,14,300,12,9,3,0,4,0,0,1
D-FINE-M,8186,8,300,6,6,0,0,2,0,0,0
D-FINE-M,8187,38,300,41,29,12,1,5,0,0,3
D-FINE-M,8188,24,300,29,20,9,0,3,0,0,1
D-FINE-M,8189,23,300,19,16,3,1,5,0,0,1
D-FINE-M,8190,35,300,30,21,9,1,8,0,0,5
D-FINE-M,8191,16,300,15,14,1,1,1,0,0,0
D-FINE-M,8192,23,300,19,16,3,2,5,0,0,0
D-FINE-M,8193,19,300,18,14,4,1,4,0,0,0
D-FINE-M,8194,22,300,16,14,2,1,7,0,0,0
D-FINE-M,8195,18,300,28,15,13,0,1,0,0,2
D-FINE-M,8196,18,300,16,11,5,1,6,0,0,0
D-FINE-M,8197,16,300,17,14,3,0,1,1,0,0
D-FINE-M,8198,6,300,7,6,1,0,0,0,0,0
D-FINE-M,8199,5,300,2,2,0,0,3,0,0,0
D-FINE-M,8200,25,300,27,23,4,0,2,0,0,0
D-FINE-M,8201,14,300,13,12,1,0,2,0,0,0
D-FINE-M,8202,8,300,9,6,3,0,2,0,0,0
D-FINE-M,8203,16,300,11,10,1,0,5,1,0,0
D-FINE-M,8204,11,300,10,6,4,1,4,0,0,0
D-FINE-M,8205,4,300,3,3,0,0,1,0,0,0
D-FINE-M,8206,29,300,27,21,6,1,7,0,0,0
D-FINE-M,8207,22,300,25,21,4,1,0,0,0,0
D-FINE-M,8208,21,300,15,12,3,1,7,0,0,1
D-FINE-M,8209,8,300,5,4,1,1,3,0,0,0
D-FINE-M,8210,35,300,24,18,6,3,10,0,0,4
D-FINE-M,8211,18,300,16,16,0,1,1,0,0,0
D-FINE-M,8212,23,300,8,6,2,1,16,0,0,0
D-FINE-M,8213,19,300,17,14,3,0,4,0,0,1
D-FINE-M,8214,37,300,34,29,5,0,7,0,0,1
D-FINE-M,8215,4,300,2,2,0,0,2,0,0,0
D-FINE-M,8216,22,300,15,10,5,2,6,0,0,4
D-FINE-M,8217,20,300,19,19,0,0,1,0,0,0
D-FINE-M,8218,5,300,9,4,5,0,1,0,0,0
D-FINE-M,8219,18,300,9,7,2,1,10,0,0,0
D-FINE-M,8220,32,300,25,22,3,3,6,0,0,1
D-FINE-M,8221,7,300,5,4,1,0,3,0,0,0
D-FINE-M,8222,12,300,10,9,1,0,3,0,0,0
D-FINE-M,8223,22,300,21,17,4,0,4,1,0,0
D-FINE-M,8224,33,300,28,23,5,1,8,1,0,0
D-FINE-M,8225,39,300,36,31,5,2,6,0,0,0
D-FINE-M,8226,15,300,18,14,4,0,1,0,0,0
D-FINE-M,8227,41,300,34,25,9,7,6,0,1,2
D-FINE-M,8228,37,300,28,22,6,2,12,1,0,0
D-FINE-M,8229,22,300,20,19,1,1,2,0,0,0
D-FINE-M,8230,15,300,13,9,4,1,5,0,0,0
D-FINE-M,8231,25,300,21,15,6,1,8,0,0,1
D-FINE-M,8232,27,300,21,19,2,0,7,1,0,0
D-FINE-M,8233,37,300,29,24,5,2,7,1,0,3
D-FINE-M,8234,8,300,4,3,1,0,5,0,0,0
D-FINE-M,8235,14,300,15,12,3,0,1,0,0,1
D-FINE-M,8236,4,300,6,3,3,0,1,0,0,0
D-FINE-M,8237,4,300,3,3,0,0,1,0,0,0
D-FINE-M,8238,12,300,10,9,1,0,2,0,0,1
D-FINE-M,8239,15,300,13,10,3,3,2,0,0,0
D-FINE-M,8240,15,300,11,9,2,0,5,0,0,1
D-FINE-M,8241,16,300,18,16,2,0,0,0,0,0
D-FINE-M,8242,8,300,9,8,1,0,0,0,0,0
D-FINE-M,8243,17,300,16,12,4,0,4,0,0,1
D-FINE-M,8244,15,300,14,14,0,0,1,0,0,0
D-FINE-M,8245,17,300,13,13,0,0,4,0,0,0
D-FINE-M,8246,14,300,9,6,3,0,7,0,0,1
D-FINE-M,8247,18,300,14,12,2,1,4,0,0,1
D-FINE-M,8248,16,300,16,14,2,1,1,0,0,0
D-FINE-M,8249,29,300,27,21,6,1,6,0,0,1
D-FINE-M,8250,10,300,10,9,1,1,0,0,0,0
D-FINE-M,8251,24,300,23,18,5,1,5,0,0,0
D-FINE-M,8252,6,300,6,6,0,0,0,0,0,0
D-FINE-M,8253,10,300,12,10,2,0,0,0,0,0
D-FINE-M,8254,35,300,32,24,8,1,10,0,0,0
D-FINE-M,8255,20,300,16,12,4,1,4,0,0,3
D-FINE-M,8256,9,300,9,7,2,0,1,0,0,1
D-FINE-M,8257,9,300,12,8,4,0,0,0,0,1
D-FINE-M,8258,20,300,20,16,4,0,4,0,0,0
D-FINE-M,8259,13,300,16,11,5,1,1,0,0,0
D-FINE-M,8260,11,300,12,10,2,0,1,0,0,0
D-FINE-M,8261,8,300,9,8,1,0,0,0,0,0
D-FINE-M,8262,19,300,15,11,4,0,8,0,0,0
D-FINE-M,8263,14,300,14,8,6,1,4,1,0,0
D-FINE-M,8264,18,300,21,15,6,0,1,0,1,1
D-FINE-M,8265,8,300,10,7,3,0,1,0,0,0
D-FINE-M,8266,17,300,16,14,2,0,2,1,0,0
D-FINE-M,8267,22,300,21,20,1,0,2,0,0,0
D-FINE-M,8268,8,300,8,8,0,0,0,0,0,0
D-FINE-M,8269,32,300,26,26,0,1,5,0,0,0
D-FINE-M,8270,20,300,19,17,2,1,2,0,0,0
D-FINE-M,8271,17,300,12,12,0,1,3,1,0,0
D-FINE-M,8272,14,300,11,5,6,4,5,0,0,0
D-FINE-M,8273,11,300,9,6,3,2,3,0,0,0
D-FINE-M,8274,16,300,9,9,0,1,5,0,0,1
D-FINE-M,8275,35,300,25,18,7,1,10,0,0,6
D-FINE-M,8276,24,300,20,16,4,0,7,0,0,1
D-FINE-M,8277,12,300,11,7,4,0,4,0,0,1
D-FINE-M,8278,22,300,21,17,4,0,4,0,0,1
D-FINE-M,8279,19,300,15,12,3,1,6,0,0,0
D-FINE-M,8280,12,300,13,11,2,0,1,0,0,0
D-FINE-M,8281,33,300,25,20,5,3,6,0,0,4
D-FINE-M,8282,6,300,3,3,0,0,3,0,0,0
D-FINE-M,8283,7,300,8,7,1,0,0,0,0,0
D-FINE-M,8284,18,300,22,16,6,0,2,0,0,0
D-FINE-M,8285,9,300,10,9,1,0,0,0,0,0
D-FINE-M,8286,12,300,15,11,4,0,0,0,0,1
D-FINE-M,8287,23,300,20,14,6,3,2,0,0,4
D-FINE-M,8288,8,300,11,6,5,0,1,0,0,1
D-FINE-M,8289,19,300,21,16,5,1,1,0,0,1
D-FINE-M,8290,25,300,29,17,12,3,4,0,1,0
D-FINE-M,8291,13,300,15,8,7,0,3,0,0,2
D-FINE-M,8292,28,300,20,14,6,3,10,0,0,1
D-FINE-M,8293,13,300,11,9,2,0,4,0,0,0
D-FINE-M,8294,28,300,21,16,5,2,6,0,0,4
D-FINE-M,8295,5,300,7,4,3,0,1,0,0,0
D-FINE-M,8296,4,300,5,4,1,0,0,0,0,0
D-FINE-M,8297,5,300,3,3,0,0,2,0,0,0
D-FINE-M,8298,4,300,11,4,7,0,0,0,0,0
D-FINE-M,8299,19,300,16,12,4,0,6,0,0,1
D-FINE-M,8300,7,300,7,6,1,0,1,0,0,0
D-FINE-M,8301,22,300,14,9,5,1,11,0,0,1
D-FINE-M,8302,4,300,4,2,2,0,2,0,0,0
D-FINE-M,8303,6,300,6,6,0,0,0,0,0,0
D-FINE-M,8304,5,300,6,2,4,0,2,0,0,1
D-FINE-M,8305,12,300,10,9,1,0,3,0,0,0
D-FINE-M,8306,21,300,20,17,3,0,3,0,0,1
D-FINE-M,8307,17,300,13,13,0,1,3,0,0,0
D-FINE-M,8308,11,300,11,10,1,0,1,0,0,0
D-FINE-M,8309,24,300,27,22,5,0,2,0,0,0
D-FINE-M,8310,8,300,9,7,2,0,1,0,0,0
D-FINE-M,8311,18,300,19,16,3,1,1,0,0,0
D-FINE-M,8312,7,300,7,5,2,0,2,0,0,0
D-FINE-M,8313,27,300,17,13,4,2,10,0,0,2
D-FINE-M,8314,14,300,10,9,1,0,5,0,0,0
D-FINE-M,8315,5,300,13,4,9,0,0,0,0,1
D-FINE-M,8316,10,300,11,8,3,0,2,0,0,0
D-FINE-M,8317,5,300,8,4,4,0,1,0,0,0
D-FINE-M,8318,7,300,8,7,1,0,0,0,0,0
D-FINE-M,8319,6,300,5,4,1,0,2,0,0,0
D-FINE-M,8320,8,300,8,7,1,1,0,0,0,0
D-FINE-M,8321,7,300,11,6,5,0,1,0,0,0
D-FINE-M,8322,23,300,20,17,3,0,5,0,0,1
D-FINE-M,8323,11,300,14,10,4,0,1,0,0,0
D-FINE-M,8324,31,300,30,20,10,0,5,0,0,6
D-FINE-M,8325,14,300,12,10,2,1,1,0,0,2
D-FINE-M,8326,49,300,42,30,12,1,13,0,0,5
D-FINE-M,8327,34,300,33,28,5,0,5,0,0,1
D-FINE-M,8328,39,300,29,23,6,9,6,0,0,1
D-FINE-M,8329,5,300,5,2,3,0,3,0,0,0
D-FINE-M,8330,21,300,20,15,5,0,4,0,0,2
D-FINE-M,8331,20,300,21,16,5,0,4,0,0,0
D-FINE-M,8332,16,300,15,14,1,1,1,0,0,0
D-FINE-M,8333,21,300,28,16,12,0,1,1,0,3
D-FINE-M,8334,30,300,21,16,5,3,7,0,0,4
D-FINE-M,8335,20,300,17,17,0,2,1,0,0,0
D-FINE-M,8336,33,300,25,22,3,4,6,0,0,1
D-FINE-M,8337,18,300,18,13,5,1,1,0,0,3
D-FINE-M,8338,8,300,9,7,2,0,1,0,0,0
D-FINE-M,8339,6,300,5,5,0,0,1,0,0,0
D-FINE-M,8340,9,300,7,6,1,0,3,0,0,0
D-FINE-M,8341,25,300,21,17,4,1,7,0,0,0
D-FINE-M,8342,7,300,9,7,2,0,0,0,0,0
D-FINE-M,8343,32,300,34,26,8,0,4,0,0,2
D-FINE-M,8344,8,300,7,5,2,0,3,0,0,0
D-FINE-M,8345,35,300,38,28,10,0,7,0,0,0
D-FINE-M,8346,19,300,17,16,1,0,3,0,0,0
D-FINE-M,8347,22,300,14,8,6,2,10,0,0,2
D-FINE-M,8348,17,300,16,13,3,0,4,0,0,0
D-FINE-M,8349,17,300,18,13,5,0,4,0,0,0
D-FINE-M,8350,19,300,14,12,2,1,5,0,0,1
D-FINE-M,8351,27,300,25,20,5,3,3,0,0,1
D-FINE-M,8352,17,300,19,12,7,0,4,0,0,1
D-FINE-M,8353,17,300,17,17,0,0,0,0,0,0
D-FINE-M,8354,10,300,10,7,3,0,3,0,0,0
D-FINE-M,8355,22,300,17,17,0,0,5,0,0,0
D-FINE-M,8356,27,300,21,20,1,3,4,0,0,0
D-FINE-M,8357,16,300,17,14,3,0,2,0,0,0
D-FINE-M,8358,26,300,24,20,4,0,6,0,0,0
D-FINE-M,8359,12,300,12,9,3,0,3,0,0,0
D-FINE-M,8360,21,300,21,20,1,0,1,0,0,0
D-FINE-M,8361,9,300,8,6,2,0,1,0,0,2
D-FINE-M,8362,29,300,22,18,4,0,11,0,0,0
D-FINE-M,8363,21,300,26,19,7,1,1,0,0,0
D-FINE-M,8364,15,300,16,13,3,0,1,0,0,1
D-FINE-M,8365,9,300,13,8,5,0,1,0,0,0
D-FINE-M,8366,14,300,18,12,6,0,1,1,0,0
D-FINE-M,8367,28,300,24,23,1,0,4,0,0,1
D-FINE-M,8368,16,300,17,14,3,0,2,0,0,0
D-FINE-M,8369,7,300,5,4,1,0,3,0,0,0
D-FINE-M,8370,23,300,14,14,0,0,9,0,0,0
D-FINE-M,8371,22,300,21,16,5,0,3,1,0,2
D-FINE-M,8372,23,300,20,16,4,1,6,0,0,0
D-FINE-M,8373,11,300,11,10,1,0,1,0,0,0
D-FINE-M,8374,5,300,6,5,1,0,0,0,0,0
D-FINE-M,8375,24,300,16,14,2,4,6,0,0,0
D-FINE-M,8376,29,300,31,20,11,0,6,0,2,1
D-FINE-M,8377,13,300,14,12,2,0,1,0,0,0
D-FINE-M,8378,22,300,16,9,7,5,6,0,0,2
D-FINE-M,8379,17,300,17,13,4,0,4,0,0,0
D-FINE-M,8380,4,300,2,2,0,0,2,0,0,0
D-FINE-M,8381,6,300,4,2,2,0,4,0,0,0
D-FINE-M,8382,12,300,14,7,7,0,4,0,0,1
D-FINE-M,8383,13,300,9,8,1,0,5,0,0,0
D-FINE-M,8384,27,300,24,22,2,1,4,0,0,0
D-FINE-M,8385,27,300,24,21,3,3,1,0,0,2
D-FINE-M,8386,12,300,12,9,3,0,3,0,0,0
D-FINE-M,8387,30,300,27,23,4,1,6,0,0,0
D-FINE-M,8388,38,300,25,22,3,7,7,0,0,2
D-FINE-M,8389,10,300,8,7,1,1,2,0,0,0
D-FINE-M,8390,25,300,20,19,1,2,4,0,0,0
D-FINE-M,8391,13,300,22,10,12,0,1,0,0,2
D-FINE-M,8392,18,300,18,13,5,1,4,0,0,0
D-FINE-M,8393,7,300,3,3,0,1,3,0,0,0
D-FINE-M,8394,42,300,35,29,6,0,13,0,0,0
D-FINE-M,8395,11,300,6,5,1,2,4,0,0,0
D-FINE-M,8396,35,300,29,27,2,3,5,0,0,0
D-FINE-M,8397,18,300,12,11,1,2,5,0,0,0
D-FINE-M,8398,6,300,7,4,3,0,0,0,0,2
D-FINE-M,8399,21,300,21,17,4,2,1,1,0,0
D-FINE-M,8400,13,300,10,10,0,1,1,0,0,1
D-FINE-M,8401,22,300,19,17,2,1,4,0,0,0
D-FINE-M,8402,16,300,13,11,2,0,5,0,0,0
D-FINE-M,8403,15,300,15,12,3,0,2,0,0,1
D-FINE-M,8404,6,300,9,5,4,0,1,0,0,0
D-FINE-M,8405,36,300,36,27,9,1,6,0,0,2
D-FINE-M,8406,21,300,21,16,5,0,5,0,0,0
D-FINE-M,8407,43,300,30,26,4,1,10,1,0,5
D-FINE-M,8408,5,300,4,2,2,0,2,0,0,1
D-FINE-M,8409,5,300,4,3,1,0,2,0,0,0
D-FINE-M,8410,16,300,17,16,1,0,0,0,0,0
D-FINE-M,8411,20,300,20,20,0,0,0,0,0,0
D-FINE-M,8412,20,300,20,17,3,0,3,0,0,0
D-FINE-M,8413,26,300,30,22,8,0,3,0,0,1
D-FINE-M,8414,17,300,9,9,0,0,8,0,0,0
D-FINE-M,8415,22,300,14,13,1,1,8,0,0,0
D-FINE-M,8416,15,300,17,13,4,0,2,0,0,0
D-FINE-M,8417,28,300,28,21,7,0,6,0,0,1
D-FINE-M,8418,17,300,15,14,1,1,2,0,0,0
D-FINE-M,8419,20,300,18,17,1,1,2,0,0,0
D-FINE-M,8420,22,300,22,17,5,2,2,0,0,1
D-FINE-M,8421,49,300,43,35,8,3,11,0,0,0
D-FINE-M,8422,15,300,20,12,8,0,1,0,0,2
D-FINE-M,8423,16,300,11,9,2,0,7,0,0,0
D-FINE-M,8424,20,300,17,14,3,0,6,0,0,0
D-FINE-M,8425,11,300,12,7,5,2,2,0,0,0
D-FINE-M,8426,33,300,27,24,3,1,8,0,0,0
D-FINE-M,8427,30,300,27,21,6,0,3,3,0,3
D-FINE-M,8428,9,300,9,9,0,0,0,0,0,0
D-FINE-M,8429,22,300,16,13,3,2,6,0,0,1
D-FINE-M,8430,45,300,34,27,7,2,13,0,0,3
D-FINE-M,8431,20,300,13,10,3,1,8,0,0,1
D-FINE-M,8432,26,300,21,16,5,2,6,0,0,2
D-FINE-M,8433,14,300,14,10,4,1,2,1,0,0
D-FINE-M,8434,14,300,12,11,1,0,3,0,0,0
D-FINE-M,8435,17,300,11,9,2,2,6,0,0,0
D-FINE-M,8436,15,300,9,8,1,1,6,0,0,0
D-FINE-M,8437,14,300,14,10,4,0,3,0,1,0
D-FINE-M,8438,25,300,25,21,4,0,3,0,0,1
D-FINE-M,8439,9,300,11,5,6,0,3,0,0,1
D-FINE-M,8440,16,300,15,7,8,2,5,0,0,2
D-FINE-M,8441,27,300,23,20,3,1,5,0,0,1
D-FINE-M,8442,5,300,4,4,0,0,1,0,0,0
D-FINE-M,8443,21,300,17,13,4,1,7,0,0,0
D-FINE-M,8444,13,300,14,12,2,0,1,0,0,0
D-FINE-M,8445,7,300,8,6,2,0,1,0,0,0
D-FINE-M,8446,4,300,5,4,1,0,0,0,0,0
D-FINE-M,8447,13,300,13,10,3,1,2,0,0,0
D-FINE-M,8448,4,300,5,3,2,0,1,0,0,0
D-FINE-M,8449,39,300,38,28,10,1,7,1,0,2
D-FINE-M,8450,25,300,7,5,2,2,18,0,0,0
D-FINE-M,8451,9,300,7,7,0,0,2,0,0,0
D-FINE-M,8452,17,300,17,15,2,0,2,0,0,0
D-FINE-M,8453,22,300,17,16,1,3,3,0,0,0
D-FINE-M,8454,5,300,5,3,2,0,2,0,0,0
D-FINE-M,8455,31,300,28,24,4,1,6,0,0,0
D-FINE-M,8456,14,300,9,7,2,2,5,0,0,0
D-FINE-M,8457,9,300,7,7,0,0,2,0,0,0
D-FINE-M,8458,25,300,19,15,4,2,6,0,0,2
D-FINE-M,8459,16,300,15,14,1,1,1,0,0,0
D-FINE-M,8460,19,300,15,14,1,0,5,0,0,0
D-FINE-M,8461,23,300,22,17,5,0,5,0,0,1
D-FINE-M,8462,5,300,3,3,0,0,2,0,0,0
D-FINE-M,8463,10,300,9,8,1,1,1,0,0,0
D-FINE-M,8464,7,300,7,7,0,0,0,0,0,0
D-FINE-M,8465,14,300,16,10,6,0,0,0,0,4
D-FINE-M,8466,6,300,6,6,0,0,0,0,0,0
D-FINE-M,8467,24,300,30,17,13,0,6,0,0,1
D-FINE-M,8468,23,300,24,18,6,0,5,0,0,0
D-FINE-M,8469,11,300,10,7,3,2,2,0,0,0
D-FINE-M,8470,6,300,5,4,1,1,1,0,0,0
D-FINE-M,8471,12,300,14,11,3,1,0,0,0,0
D-FINE-M,8472,26,300,25,18,7,2,5,0,0,1
D-FINE-M,8473,9,300,9,7,2,0,1,0,0,1
D-FINE-M,8474,8,300,7,7,0,0,1,0,0,0
D-FINE-M,8475,20,300,25,16,9,0,1,0,0,3
D-FINE-M,8476,6,300,3,2,1,0,4,0,0,0
D-FINE-M,8477,13,300,16,7,9,1,5,0,0,0
D-FINE-M,8478,6,300,8,6,2,0,0,0,0,0
D-FINE-M,8479,11,300,10,7,3,0,4,0,0,0
D-FINE-M,8480,18,300,17,13,4,0,4,0,0,1
D-FINE-M,8481,11,300,9,7,2,0,3,0,0,1
D-FINE-M,8482,30,300,22,19,3,0,10,0,0,1
D-FINE-M,8483,14,300,14,13,1,0,1,0,0,0
D-FINE-M,8484,28,300,25,24,1,1,3,0,0,0
D-FINE-M,8485,35,300,33,31,2,0,2,2,0,0
D-FINE-M,8486,46,300,34,22,12,3,19,0,0,2
D-FINE-M,8487,21,300,20,19,1,0,2,0,0,0
D-FINE-M,8488,19,300,15,10,5,0,7,0,0,2
D-FINE-M,8489,15,300,16,12,4,0,3,0,0,0
D-FINE-M,8490,38,300,25,21,4,5,11,0,0,1
D-FINE-M,8491,27,300,16,14,2,3,10,0,0,0
D-FINE-M,8492,21,300,13,12,1,1,8,0,0,0
D-FINE-M,8493,4,300,4,3,1,0,1,0,0,0
D-FINE-M,8494,28,300,18,17,1,1,10,0,0,0
D-FINE-M,8495,38,300,20,19,1,7,11,0,0,1
D-FINE-M,8496,28,300,26,18,8,2,6,0,0,2
D-FINE-M,8497,6,300,5,5,0,0,1,0,0,0
D-FINE-M,8498,21,300,20,14,6,0,5,0,0,2
D-FINE-M,8499,4,300,4,4,0,0,0,0,0,0
D-FINE-M,8500,6,300,5,3,2,0,2,0,0,1
D-FINE-M,8501,17,300,14,11,3,2,3,0,0,1
D-FINE-M,8502,21,300,17,13,4,0,6,0,0,2
D-FINE-M,8503,21,300,20,16,4,0,4,0,0,1
D-FINE-M,8504,21,300,14,12,2,1,7,0,0,1
D-FINE-M,8505,18,300,16,14,2,2,2,0,0,0
D-FINE-M,8506,23,300,20,18,2,2,3,0,0,0
D-FINE-M,8507,6,300,8,6,2,0,0,0,0,0
D-FINE-M,8508,10,300,9,6,3,1,3,0,0,0
D-FINE-M,8509,6,300,6,3,3,0,3,0,0,0
D-FINE-M,8510,48,300,37,29,8,6,7,0,0,6
D-FINE-M,8511,30,300,22,18,4,1,10,0,0,1
D-FINE-M,8512,10,300,7,7,0,1,2,0,0,0
D-FINE-M,8513,8,300,10,6,4,0,2,0,0,0
D-FINE-M,8514,5,300,6,5,1,0,0,0,0,0
D-FINE-M,8515,5,300,8,5,3,0,0,0,0,0
D-FINE-M,8516,5,300,6,5,1,0,0,0,0,0
D-FINE-M,8517,19,300,23,19,4,0,0,0,0,0
D-FINE-M,8518,17,300,18,15,3,0,1,0,0,1
D-FINE-M,8519,21,300,22,13,9,3,2,0,0,3
D-FINE-M,8520,8,300,11,7,4,0,1,0,0,0
D-FINE-M,8521,34,300,34,27,7,0,2,0,0,5
D-FINE-M,8522,27,300,29,20,9,1,4,0,0,2
D-FINE-M,8523,31,300,30,28,2,0,3,0,0,0
D-FINE-M,8524,22,300,12,10,2,2,10,0,0,0
D-FINE-M,8525,24,300,25,14,11,1,5,0,0,4
D-FINE-M,8526,27,300,20,19,1,1,7,0,0,0
D-FINE-M,8527,11,300,12,10,2,0,1,0,0,0
D-FINE-M,8528,16,300,14,13,1,0,3,0,0,0
D-FINE-M,8529,22,300,11,9,2,5,5,0,0,3
D-FINE-M,8530,20,300,19,18,1,0,1,0,0,1
D-FINE-M,8531,23,300,16,13,3,1,8,0,0,1
D-FINE-M,8532,20,300,15,12,3,0,6,0,0,2
D-FINE-M,8533,48,300,33,28,5,5,12,0,0,3
D-FINE-M,8534,10,300,12,10,2,0,0,0,0,0
D-FINE-M,8535,24,300,26,18,8,2,3,0,0,1
D-FINE-M,8536,21,300,23,16,7,0,2,0,0,3
D-FINE-M,8537,39,300,28,22,6,1,9,0,0,7
D-FINE-M,8538,25,300,26,19,7,1,4,1,0,0
D-FINE-M,8539,9,300,10,6,4,0,3,0,0,0
D-FINE-M,8540,19,300,18,12,6,1,3,0,1,2
D-FINE-M,8541,6,300,8,4,4,0,1,0,0,1
D-FINE-M,8542,11,300,11,10,1,0,1,0,0,0
D-FINE-M,8543,4,300,7,4,3,0,0,0,0,0
D-FINE-M,8544,11,300,6,6,0,3,2,0,0,0
D-FINE-M,8545,25,300,24,20,4,0,3,0,0,2
D-FINE-M,8546,19,300,17,14,3,0,5,0,0,0
D-FINE-M,8547,20,300,20,15,5,0,4,0,0,1
D-FINE-M,8548,34,300,22,16,6,3,15,0,0,0
D-FINE-M,8549,20,300,17,16,1,0,4,0,0,0
D-FINE-M,8550,7,300,12,6,6,0,1,0,0,0
D-FINE-M,8551,17,300,6,3,3,5,6,0,0,3
D-FINE-M,8552,7,300,10,5,5,0,1,0,0,1
D-FINE-M,8553,23,300,24,17,7,1,4,0,0,1
D-FINE-M,8554,21,300,10,8,2,3,9,0,1,0
D-FINE-M,8555,28,300,14,11,3,5,10,0,0,2
D-FINE-M,8556,19,300,17,15,2,0,3,1,0,0
D-FINE-M,8557,28,300,25,20,5,0,4,0,0,4
D-FINE-M,8558,33,300,29,27,2,0,5,0,0,1
D-FINE-M,8559,8,300,5,4,1,2,2,0,0,0
D-FINE-M,8560,16,300,13,12,1,0,3,0,0,1
D-FINE-M,8561,11,300,7,7,0,0,4,0,0,0
D-FINE-M,8562,9,300,11,8,3,0,0,0,0,1
D-FINE-M,8563,22,300,19,13,6,1,5,0,0,3
D-FINE-M,8564,21,300,17,15,2,0,6,0,0,0
D-FINE-M,8565,8,300,6,5,1,0,3,0,0,0
D-FINE-M,8566,17,300,12,8,4,1,8,0,0,0
D-FINE-M,8567,12,300,8,7,1,1,3,0,0,1
D-FINE-M,8568,25,300,31,18,13,0,5,0,0,2
D-FINE-M,8569,10,300,8,6,2,0,4,0,0,0
D-FINE-M,8570,27,300,31,22,9,0,2,0,0,3
D-FINE-M,8571,31,300,29,19,10,0,6,0,0,6
D-FINE-M,8572,6,300,6,5,1,0,1,0,0,0
D-FINE-M,8573,22,300,17,11,6,0,11,0,0,0
D-FINE-M,8574,30,300,33,25,8,0,4,1,0,0
D-FINE-M,8575,24,300,22,16,6,1,5,0,0,2
D-FINE-M,8576,16,300,15,13,2,1,1,0,0,1
D-FINE-M,8577,4,300,6,3,3,0,0,0,0,1
D-FINE-M,8578,5,300,7,4,3,0,1,0,0,0
D-FINE-M,8579,33,300,27,19,8,0,12,0,0,2
D-FINE-M,8580,19,300,18,17,1,0,2,0,0,0
D-FINE-M,8581,14,300,11,6,5,0,7,0,0,1
D-FINE-M,8582,8,300,7,6,1,0,2,0,0,0
D-FINE-M,8583,29,300,26,24,2,0,5,0,0,0
D-FINE-M,8584,26,300,29,23,6,0,2,1,0,0
D-FINE-M,8585,17,300,13,8,5,0,6,0,0,3
D-FINE-M,8586,23,300,19,16,3,1,6,0,0,0
D-FINE-M,8587,8,300,6,3,3,1,4,0,0,0
D-FINE-M,8588,17,300,12,11,1,0,5,0,0,1
D-FINE-M,8589,49,300,34,30,4,1,13,3,0,2
D-FINE-M,8590,9,300,17,9,8,0,0,0,0,0
D-FINE-M,8591,11,300,13,11,2,0,0,0,0,0
D-FINE-M,8592,12,300,11,9,2,0,3,0,0,0
D-FINE-M,8593,26,300,22,18,4,1,5,0,0,2
D-FINE-M,8594,24,300,17,16,1,1,6,0,0,1
D-FINE-M,8595,31,300,26,21,5,0,6,0,0,4
D-FINE-M,8596,14,300,14,9,5,1,2,0,0,2
D-FINE-M,8597,8,300,5,4,1,0,4,0,0,0
D-FINE-M,8598,7,300,6,6,0,0,1,0,0,0
D-FINE-M,8599,36,300,23,19,4,1,14,0,0,2
D-FINE-M,8600,24,300,21,19,2,0,4,0,0,1
D-FINE-M,8601,17,300,21,17,4,0,0,0,0,0
D-FINE-M,8602,22,300,22,14,8,2,5,0,0,1
D-FINE-M,8603,8,300,8,6,2,1,1,0,0,0
D-FINE-M,8604,22,300,15,15,0,4,3,0,0,0
D-FINE-M,8605,19,300,17,11,6,1,6,0,0,1
D-FINE-M,8606,17,300,18,10,8,2,4,0,0,1
D-FINE-M,8607,22,300,18,10,8,1,7,0,1,3
D-FINE-M,8608,18,300,13,13,0,0,5,0,0,0
D-FINE-M,8609,17,300,12,6,6,1,9,0,0,1
D-FINE-M,8610,15,300,14,8,6,0,2,0,0,5
D-FINE-M,8611,18,300,17,13,4,0,4,0,0,1
D-FINE-M,8612,21,300,18,15,3,1,3,1,0,1
D-FINE-M,8613,25,300,18,13,5,1,7,0,0,4
D-FINE-M,8614,12,300,10,10,0,0,2,0,0,0
D-FINE-M,8615,20,300,15,12,3,0,6,0,0,2
D-FINE-M,8616,18,300,21,17,4,1,0,0,0,0
D-FINE-M,8617,34,300,32,26,6,1,7,0,0,0
D-FINE-M,8618,6,300,7,3,4,0,3,0,0,0
D-FINE-M,8619,17,300,21,14,7,2,1,0,0,0
D-FINE-M,8620,33,300,27,23,4,3,6,0,0,1
D-FINE-M,8621,4,300,6,4,2,0,0,0,0,0
D-FINE-M,8622,9,300,10,6,4,0,3,0,0,0
D-FINE-M,8623,10,300,10,6,4,0,2,0,0,2
D-FINE-M,8624,27,300,15,12,3,0,13,0,0,2
D-FINE-M,8625,15,300,14,12,2,1,2,0,0,0
D-FINE-M,8626,10,300,9,6,3,0,3,0,0,1
D-FINE-M,8627,17,300,8,5,3,2,9,0,0,1
D-FINE-M,8628,4,300,3,2,1,0,2,0,0,0
D-FINE-M,8629,10,300,11,9,2,0,1,0,0,0
D-FINE-M,8630,11,300,10,8,2,0,2,0,0,1
D-FINE-M,8631,57,300,37,31,6,7,17,0,0,2
D-FINE-M,8632,23,300,19,13,6,1,6,0,0,3
D-FINE-M,8633,15,300,14,12,2,0,3,0,0,0
D-FINE-M,8634,26,300,31,23,8,0,3,0,0,0
D-FINE-M,8635,48,300,29,26,3,3,17,0,0,2
D-FINE-M,8636,25,300,24,18,6,0,5,0,0,2
D-FINE-M,8637,14,300,13,9,4,1,3,0,0,1
D-FINE-M,8638,14,300,12,11,1,0,2,0,0,1
D-FINE-M,8639,13,300,12,12,0,0,1,0,0,0
D-FINE-M,8640,14,300,11,8,3,0,5,0,0,1
D-FINE-M,8641,26,300,20,16,4,1,8,0,0,1
D-FINE-M,8642,31,300,25,21,4,5,5,0,0,0
D-FINE-M,8643,5,300,4,4,0,1,0,0,0,0
D-FINE-M,8644,4,300,3,2,1,0,2,0,0,0
D-FINE-M,8645,15,300,16,13,3,0,2,0,0,0
D-FINE-M,8646,29,300,26,19,7,2,5,0,0,3
D-FINE-M,8647,19,300,14,11,3,1,6,0,0,1
D-FINE-M,8648,27,300,26,16,10,0,5,0,0,6
D-FINE-M,8649,21,300,17,14,3,1,5,0,0,1
D-FINE-M,8650,25,300,25,18,7,1,4,0,0,2
D-FINE-M,8651,35,300,32,29,3,0,6,0,0,0
D-FINE-M,8652,8,300,8,3,5,0,5,0,0,0
D-FINE-M,8653,22,300,24,18,6,0,2,0,0,2
D-FINE-M,8654,13,300,8,8,0,0,5,0,0,0
D-FINE-M,8655,4,300,5,3,2,0,1,0,0,0
D-FINE-M,8656,22,300,24,18,6,0,3,0,0,1
D-FINE-M,8657,24,300,17,16,1,2,6,0,0,0
D-FINE-M,8658,24,300,20,19,1,1,4,0,0,0
D-FINE-M,8659,8,300,7,5,2,0,2,0,0,1
D-FINE-M,8660,18,300,17,10,7,1,5,0,0,2
D-FINE-M,8661,14,300,12,12,0,0,2,0,0,0
D-FINE-M,8662,22,300,20,14,6,0,7,0,0,1
D-FINE-M,8663,35,300,31,23,8,1,10,0,0,1
D-FINE-M,8664,9,300,8,6,2,0,1,0,0,2
D-FINE-M,8665,28,300,25,20,5,2,6,0,0,0
D-FINE-M,8666,21,300,21,17,4,0,2,0,0,2
D-FINE-M,8667,5,300,2,1,1,0,4,0,0,0
D-FINE-M,8668,10,300,8,8,0,0,2,0,0,0
D-FINE-M,8669,6,300,6,6,0,0,0,0,0,0
D-FINE-M,8670,34,300,32,28,4,1,4,0,0,1
D-FINE-M,8671,7,300,3,3,0,0,4,0,0,0
D-FINE-M,8672,35,300,22,20,2,6,7,0,0,2
D-FINE-M,8673,23,300,24,19,5,0,2,0,0,2
D-FINE-M,8674,16,300,8,8,0,1,7,0,0,0
D-FINE-M,8675,18,300,20,8,12,2,6,0,0,2
D-FINE-M,8676,14,300,20,8,12,0,6,0,0,0
D-FINE-M,8677,5,300,1,1,0,0,4,0,0,0
D-FINE-M,8678,13,300,13,10,3,1,1,0,0,1
D-FINE-M,8679,17,300,12,11,1,0,6,0,0,0
D-FINE-M,8680,13,300,13,13,0,0,0,0,0,0
D-FINE-M,8681,21,300,24,11,13,2,5,0,0,3
D-FINE-M,8682,40,300,34,28,6,1,11,0,0,0
D-FINE-M,8683,26,300,31,20,11,0,5,0,0,1
D-FINE-M,8684,15,300,21,13,8,0,2,0,0,0
D-FINE-M,8685,16,300,14,11,3,0,5,0,0,0
D-FINE-M,8686,13,300,11,7,4,0,6,0,0,0
D-FINE-M,8687,9,300,14,9,5,0,0,0,0,0
D-FINE-M,8688,23,300,21,14,7,1,8,0,0,0
D-FINE-M,8689,21,300,19,13,6,0,4,0,2,2
D-FINE-M,8690,8,300,7,6,1,0,2,0,0,0
D-FINE-M,8691,14,300,15,10,5,1,3,0,0,0
D-FINE-M,8692,7,300,10,6,4,0,1,0,0,0
D-FINE-M,8693,32,300,31,28,3,0,4,0,0,0
D-FINE-M,8694,13,300,12,10,2,0,3,0,0,0
D-FINE-M,8695,26,300,22,20,2,0,6,0,0,0
D-FINE-M,8696,15,300,18,12,6,0,3,0,0,0
D-FINE-M,8697,7,300,12,6,6,0,1,0,0,0
D-FINE-M,8698,20,300,18,12,6,0,4,0,0,4
D-FINE-M,8699,6,300,7,5,2,0,1,0,0,0
D-FINE-M,8700,19,300,16,15,1,1,3,0,0,0
D-FINE-M,8701,4,300,5,4,1,0,0,0,0,0
D-FINE-M,8702,11,300,15,11,4,0,0,0,0,0
D-FINE-M,8703,13,300,15,11,4,1,0,0,0,1
D-FINE-M,8704,15,300,13,8,5,1,2,0,0,4
D-FINE-M,8705,32,300,29,26,3,0,6,0,0,0
D-FINE-M,8706,21,300,24,13,11,2,3,0,0,3
D-FINE-M,8707,13,300,10,10,0,1,2,0,0,0
D-FINE-M,8708,27,300,26,19,7,1,7,0,0,0
D-FINE-M,8709,16,300,14,14,0,1,1,0,0,0
D-FINE-M,8710,10,300,10,9,1,0,1,0,0,0
D-FINE-M,8711,24,300,21,19,2,0,5,0,0,0
D-FINE-M,8712,20,300,14,14,0,2,4,0,0,0
D-FINE-M,8713,31,300,32,21,11,1,9,0,0,0
D-FINE-M,8714,11,300,11,9,2,0,2,0,0,0
D-FINE-M,8715,16,300,13,11,2,0,5,0,0,0
D-FINE-M,8716,13,300,7,7,0,1,5,0,0,0
D-FINE-M,8717,5,300,6,5,1,0,0,0,0,0
D-FINE-M,8718,16,300,14,11,3,1,3,0,0,1
D-FINE-M,8719,8,300,9,8,1,0,0,0,0,0
D-FINE-M,8720,5,300,5,4,1,0,1,0,0,0
D-FINE-M,8721,25,300,24,21,3,0,4,0,0,0
D-FINE-M,8722,33,300,27,25,2,0,5,0,0,3
D-FINE-M,8723,24,300,21,18,3,0,6,0,0,0
D-FINE-M,8724,21,300,13,13,0,1,6,0,0,1
D-FINE-M,8725,13,300,13,11,2,1,1,0,0,0
D-FINE-M,8726,8,300,8,5,3,0,2,0,0,1
D-FINE-M,8727,14,300,14,10,4,0,4,0,0,0
D-FINE-M,8728,27,300,25,19,6,0,7,1,0,0
D-FINE-M,8729,22,300,22,19,3,0,2,0,0,1
D-FINE-M,8730,13,300,10,9,1,0,4,0,0,0
D-FINE-M,8731,14,300,14,13,1,0,1,0,0,0
D-FINE-M,8732,18,300,17,16,1,0,1,0,0,1
D-FINE-M,8733,30,300,27,24,3,0,6,0,0,0
D-FINE-M,8734,22,300,18,18,0,0,4,0,0,0
D-FINE-M,8735,14,300,15,10,5,1,2,0,0,1
D-FINE-M,8736,27,300,14,10,4,1,14,0,0,2
D-FINE-M,8737,12,300,12,12,0,0,0,0,0,0
D-FINE-M,8738,9,300,8,8,0,0,1,0,0,0
D-FINE-M,8739,23,300,18,11,7,1,11,0,0,0
D-FINE-M,8740,25,300,24,17,7,0,7,0,0,1
D-FINE-M,8741,36,300,37,29,8,1,5,0,0,1
D-FINE-M,8742,9,300,11,9,2,0,0,0,0,0
D-FINE-M,8743,15,300,16,12,4,0,3,0,0,0
D-FINE-M,8744,14,300,14,11,3,0,2,0,0,1
D-FINE-M,8745,9,300,7,7,0,2,0,0,0,0
D-FINE-M,8746,6,300,8,6,2,0,0,0,0,0
D-FINE-M,8747,6,300,6,6,0,0,0,0,0,0
D-FINE-M,8748,15,300,14,11,3,0,4,0,0,0
D-FINE-M,8749,29,300,25,19,6,3,6,0,0,1
D-FINE-M,8750,29,300,24,18,6,2,6,0,0,3
D-FINE-M,8751,18,300,16,13,3,0,5,0,0,0
D-FINE-M,8752,22,300,16,15,1,1,6,0,0,0
D-FINE-M,8753,36,300,29,24,5,2,6,0,0,4
D-FINE-M,8754,16,300,15,14,1,0,2,0,0,0
D-FINE-M,8755,19,300,21,19,2,0,0,0,0,0
D-FINE-M,8756,7,300,6,5,1,1,1,0,0,0
D-FINE-M,8757,4,300,4,4,0,0,0,0,0,0
D-FINE-M,8758,6,300,7,5,2,0,1,0,0,0
D-FINE-M,8759,4,300,3,0,3,0,2,0,0,2
D-FINE-M,8760,24,300,13,10,3,1,11,0,0,2
D-FINE-M,8761,20,300,11,9,2,3,8,0,0,0
D-FINE-M,8762,41,300,31,25,6,8,5,0,0,3
D-FINE-M,8763,7,300,2,1,1,0,6,0,0,0
D-FINE-M,8764,9,300,6,6,0,0,3,0,0,0
D-FINE-M,8765,17,300,11,11,0,0,6,0,0,0
D-FINE-M,8766,23,300,26,18,8,0,5,0,0,0
D-FINE-M,8767,18,300,15,15,0,0,3,0,0,0
D-FINE-M,8768,24,300,25,17,8,1,6,0,0,0
D-FINE-M,8769,4,300,4,2,2,0,2,0,0,0
D-FINE-M,8770,11,300,7,7,0,0,4,0,0,0
D-FINE-M,8771,14,300,16,11,5,0,3,0,0,0
D-FINE-M,8772,15,300,12,10,2,0,4,0,0,1
D-FINE-M,8773,30,300,29,27,2,0,3,0,0,0
D-FINE-M,8774,7,300,7,3,4,0,4,0,0,0
D-FINE-M,8775,7,300,7,7,0,0,0,0,0,0
D-FINE-M,8776,16,300,15,15,0,0,1,0,0,0
D-FINE-M,8777,13,300,16,12,4,0,1,0,0,0
D-FINE-M,8778,20,300,16,7,9,1,9,0,0,3
D-FINE-M,8779,34,300,32,26,6,0,7,0,0,1
D-FINE-M,8780,22,300,17,16,1,0,6,0,0,0
D-FINE-M,8781,25,300,26,24,2,0,0,1,0,0
D-FINE-M,8782,31,300,28,26,2,1,4,0,0,0
D-FINE-M,8783,23,300,25,18,7,0,4,0,0,1
D-FINE-M,8784,33,300,24,20,4,4,9,0,0,0
D-FINE-M,8785,16,300,12,11,1,0,4,0,0,1
D-FINE-M,8786,24,300,22,16,6,1,6,0,0,1
D-FINE-M,8787,14,300,9,8,1,0,5,0,0,1
D-FINE-M,8788,10,300,9,8,1,1,1,0,0,0
D-FINE-M,8789,15,300,12,11,1,1,3,0,0,0
D-FINE-M,8790,28,300,27,24,3,1,3,0,0,0
D-FINE-M,8791,11,300,7,6,1,1,3,0,0,1
D-FINE-M,8792,24,300,21,18,3,1,5,0,0,0
D-FINE-M,8793,25,300,26,21,5,0,2,0,0,2
D-FINE-M,8794,11,300,11,9,2,1,1,0,0,0
D-FINE-M,8795,9,300,10,6,4,0,3,0,0,0
D-FINE-M,8796,18,300,17,15,2,1,2,0,0,0
D-FINE-M,8797,15,300,12,12,0,0,3,0,0,0
D-FINE-M,8798,16,300,14,10,4,1,5,0,0,0
D-FINE-M,8799,12,300,14,11,3,0,1,0,0,0
D-FINE-M,8800,7,300,7,6,1,0,1,0,0,0
D-FINE-M,8801,22,300,21,17,4,0,4,0,0,1
D-FINE-M,8802,5,300,5,3,2,0,2,0,0,0
D-FINE-M,8803,15,300,12,11,1,0,4,0,0,0
D-FINE-M,8804,11,300,10,10,0,0,1,0,0,0
D-FINE-M,8805,12,300,10,8,2,0,4,0,0,0
D-FINE-M,8806,15,300,12,9,3,2,4,0,0,0
D-FINE-M,8807,9,300,8,8,0,0,1,0,0,0
D-FINE-M,8808,5,300,6,3,3,0,2,0,0,0
D-FINE-M,8809,27,300,20,17,3,2,6,0,0,2
D-FINE-M,8810,14,300,19,13,6,0,0,0,0,1
D-FINE-M,8811,10,300,7,4,3,3,3,0,0,0
D-FINE-M,8812,13,300,14,13,1,0,0,0,0,0
D-FINE-M,8813,8,300,9,8,1,0,0,0,0,0
D-FINE-M,8814,34,300,36,25,11,0,7,0,0,2
D-FINE-M,8815,30,300,26,20,6,1,8,0,0,1
D-FINE-M,8816,25,300,28,17,11,0,6,0,0,2
D-FINE-M,8817,17,300,15,8,7,0,9,0,0,0
D-FINE-M,8818,22,300,18,16,2,0,6,0,0,0
D-FINE-M,8819,25,300,22,20,2,1,4,0,0,0
D-FINE-M,8820,11,300,8,7,1,0,4,0,0,0
D-FINE-M,8821,17,300,21,17,4,0,0,0,0,0
D-FINE-M,8822,4,300,4,3,1,0,1,0,0,0
D-FINE-M,8823,44,300,35,30,5,4,9,0,0,1
D-FINE-M,8824,14,300,13,13,0,1,0,0,0,0
D-FINE-M,8825,14,300,12,12,0,0,1,1,0,0
D-FINE-M,8826,18,300,14,8,6,0,10,0,0,0
D-FINE-M,8827,16,300,16,10,6,0,4,0,0,2
D-FINE-M,8828,9,300,9,9,0,0,0,0,0,0
D-FINE-M,8829,8,300,8,5,3,0,3,0,0,0
D-FINE-M,8830,15,300,18,12,6,0,0,0,0,3
D-FINE-M,8831,15,300,13,11,2,2,1,0,0,1
D-FINE-M,8832,18,300,17,13,4,1,3,0,0,1
D-FINE-M,8833,25,300,16,15,1,1,9,0,0,0
D-FINE-M,8834,5,300,4,3,1,0,2,0,0,0
D-FINE-M,8835,23,300,29,20,9,2,1,0,0,0
D-FINE-M,8836,46,300,24,20,4,8,17,0,0,1
D-FINE-M,8837,9,300,6,5,1,2,2,0,0,0
D-FINE-M,8838,7,300,7,6,1,0,1,0,0,0
D-FINE-M,8839,36,300,29,25,4,0,11,0,0,0
D-FINE-M,8840,24,300,26,17,9,0,6,0,0,1
D-FINE-M,8841,19,300,18,13,5,0,4,1,0,1
D-FINE-M,8842,10,300,10,9,1,0,1,0,0,0
D-FINE-M,8843,19,300,23,16,7,0,3,0,0,0
D-FINE-M,8844,9,300,14,8,6,0,0,0,0,1
D-FINE-M,8845,20,300,17,11,6,0,6,0,0,3
D-FINE-M,8846,28,300,29,21,8,1,4,1,0,1
D-FINE-M,8847,43,300,31,20,11,4,15,0,0,4
D-FINE-M,8848,20,300,18,18,0,0,1,0,0,1
D-FINE-M,8849,7,300,4,4,0,1,2,0,0,0
D-FINE-M,8850,19,300,17,12,5,0,5,0,0,2
D-FINE-M,8851,23,300,19,18,1,0,5,0,0,0
D-FINE-M,8852,9,300,9,9,0,0,0,0,0,0
D-FINE-M,8853,31,300,22,19,3,3,8,0,0,1
D-FINE-M,8854,20,300,17,13,4,1,6,0,0,0
D-FINE-M,8855,21,300,19,15,4,1,4,0,0,1
D-FINE-M,8856,19,300,15,13,2,0,5,1,0,0
D-FINE-M,8857,14,300,16,12,4,0,1,0,0,1
D-FINE-M,8858,19,300,18,14,4,0,3,0,0,2
D-FINE-M,8859,22,300,25,18,7,0,3,0,0,1
D-FINE-M,8860,6,300,5,4,1,1,0,0,0,1
D-FINE-M,8861,17,300,19,13,6,0,4,0,0,0
D-FINE-M,8862,21,300,24,14,10,1,3,0,0,3
D-FINE-M,8863,20,300,17,16,1,0,3,0,0,1
D-FINE-M,8864,20,300,17,13,4,0,7,0,0,0
D-FINE-M,8865,12,300,14,12,2,0,0,0,0,0
D-FINE-M,8866,31,300,24,20,4,1,10,0,0,0
D-FINE-M,8867,18,300,18,16,2,0,1,0,0,1
D-FINE-M,8868,6,300,8,6,2,0,0,0,0,0
D-FINE-M,8869,26,300,26,20,6,0,4,0,0,2
D-FINE-M,8870,23,300,19,14,5,3,6,0,0,0
D-FINE-M,8871,10,300,9,5,4,0,4,0,0,1
D-FINE-M,8872,10,300,9,6,3,1,3,0,0,0
D-FINE-M,8873,30,300,29,19,10,1,10,0,0,0
D-FINE-M,8874,37,300,39,35,4,0,2,0,0,0
D-FINE-M,8875,25,300,18,14,4,1,9,0,0,1
D-FINE-M,8876,20,300,13,10,3,1,8,0,0,1
D-FINE-M,8877,12,300,13,10,3,0,2,0,0,0
D-FINE-M,8878,33,300,28,20,8,5,7,0,0,1
D-FINE-M,8879,23,300,20,14,6,2,4,0,0,3
D-FINE-M,8880,11,300,6,6,0,0,5,0,0,0
D-FINE-M,8881,14,300,14,14,0,0,0,0,0,0
D-FINE-M,8882,7,300,7,6,1,0,0,1,0,0
D-FINE-M,8883,18,300,22,16,6,0,2,0,0,0
D-FINE-M,8884,19,300,15,11,4,0,8,0,0,0
D-FINE-M,8885,15,300,12,11,1,0,4,0,0,0
D-FINE-M,8886,15,300,12,10,2,1,4,0,0,0
D-FINE-M,8887,16,300,14,12,2,1,2,0,0,1
D-FINE-M,8888,16,300,10,6,4,0,8,0,0,2
D-FINE-M,8889,7,300,5,5,0,1,1,0,0,0
D-FINE-M,8890,16,300,13,12,1,0,4,0,0,0
D-FINE-M,8891,26,300,27,22,5,0,4,0,0,0
D-FINE-M,8892,15,300,11,8,3,0,6,0,0,1
D-FINE-M,8893,23,300,16,12,4,1,10,0,0,0
D-FINE-M,8894,12,300,11,8,3,0,2,0,0,2
D-FINE-M,8895,9,300,6,6,0,1,2,0,0,0
D-FINE-M,8896,23,300,29,22,7,1,0,0,0,0
D-FINE-M,8897,23,300,19,19,0,0,3,0,0,1
D-FINE-M,8898,22,300,24,16,8,1,3,0,0,2
D-FINE-M,8899,26,300,13,10,3,3,11,0,0,2
D-FINE-M,8900,9,300,7,5,2,0,4,0,0,0
D-FINE-M,8901,22,300,18,15,3,2,3,1,0,1
D-FINE-M,8902,12,300,13,9,4,0,2,0,0,1
D-FINE-M,8903,8,300,7,5,2,0,3,0,0,0
D-FINE-M,8904,32,300,30,23,7,2,5,0,0,2
D-FINE-M,8905,13,300,12,10,2,0,2,1,0,0
D-FINE-M,8906,14,300,16,9,7,2,1,0,0,2
D-FINE-M,8907,17,300,17,14,3,0,2,0,0,1
D-FINE-M,8908,11,300,10,6,4,1,3,0,0,1
D-FINE-M,8909,22,300,18,14,4,0,8,0,0,0
D-FINE-M,8910,19,300,16,13,3,0,5,1,0,0
D-FINE-M,8911,11,300,9,9,0,1,1,0,0,0
D-FINE-M,8912,8,300,7,6,1,1,1,0,0,0
D-FINE-M,8913,8,300,7,6,1,0,1,0,0,1
D-FINE-M,8914,12,300,10,7,3,0,5,0,0,0
D-FINE-M,8915,32,300,16,15,1,6,11,0,0,0
D-FINE-M,8916,42,300,34,27,7,3,7,0,0,5
D-FINE-M,8917,47,300,44,35,9,1,10,1,0,0
D-FINE-M,8918,25,300,31,20,11,0,3,0,0,2
D-FINE-M,8919,30,300,21,18,3,4,8,0,0,0
D-FINE-M,8920,30,300,23,20,3,2,6,0,0,2
D-FINE-M,8921,4,300,4,3,1,0,1,0,0,0
D-FINE-M,8922,7,300,8,5,3,0,2,0,0,0
D-FINE-M,8923,27,300,18,16,2,0,9,1,0,1
D-FINE-M,8924,19,300,24,17,7,0,2,0,0,0
D-FINE-M,8925,11,300,11,9,2,0,2,0,0,0
D-FINE-M,8926,7,300,12,5,7,0,1,0,0,1
D-FINE-M,8927,40,300,35,29,6,2,8,1,0,0
D-FINE-M,8928,18,300,17,14,3,0,1,0,0,3
D-FINE-M,8929,20,300,23,16,7,1,3,0,0,0
D-FINE-M,8930,25,300,27,19,8,1,3,0,0,2
D-FINE-M,8931,29,300,22,16,6,2,7,0,0,4
D-FINE-M,8932,25,300,24,16,8,1,3,0,0,5
D-FINE-M,8933,17,300,15,12,3,0,4,0,0,1
D-FINE-M,8934,6,300,4,4,0,0,2,0,0,0
D-FINE-M,8935,14,300,13,12,1,1,1,0,0,0
D-FINE-M,8936,23,300,24,19,5,0,4,0,0,0
D-FINE-M,8937,15,300,10,7,3,2,4,0,0,2
D-FINE-M,8938,49,300,29,27,2,5,16,0,0,1
D-FINE-M,8939,7,300,6,4,2,0,3,0,0,0
D-FINE-M,8940,13,300,9,8,1,0,5,0,0,0
D-FINE-M,8941,22,300,17,13,4,1,8,0,0,0
D-FINE-M,8942,16,300,17,13,4,0,3,0,0,0
D-FINE-M,8943,4,300,3,3,0,0,1,0,0,0
D-FINE-M,8944,14,300,12,11,1,1,2,0,0,0
D-FINE-M,8945,6,300,5,3,2,3,0,0,0,0
D-FINE-M,8946,39,300,32,22,10,0,13,0,1,3
D-FINE-M,8947,12,300,9,7,2,1,4,0,0,0
D-FINE-M,8948,6,300,5,3,2,1,2,0,0,0
D-FINE-M,8949,32,300,25,24,1,0,6,0,0,2
D-FINE-M,8950,21,300,22,12,10,1,7,0,0,1
D-FINE-M,8951,24,300,26,19,7,0,4,0,0,1
D-FINE-M,8952,16,300,17,14,3,0,2,0,0,0
D-FINE-M,8953,5,300,5,3,2,0,2,0,0,0
D-FINE-M,8954,4,300,4,3,1,0,1,0,0,0
D-FINE-M,8955,18,300,18,17,1,0,1,0,0,0
D-FINE-M,8956,5,300,5,5,0,0,0,0,0,0
D-FINE-M,8957,4,300,3,3,0,0,1,0,0,0
D-FINE-M,8958,27,300,15,11,4,5,8,0,0,3
D-FINE-M,8959,16,300,13,11,2,0,4,0,0,1
D-FINE-M,8960,22,300,22,19,3,1,1,0,0,1
D-FINE-M,8961,13,300,9,8,1,0,5,0,0,0
D-FINE-M,8962,7,300,7,7,0,0,0,0,0,0
D-FINE-M,8963,37,300,27,21,6,3,12,0,0,1
D-FINE-M,8964,5,300,4,3,1,1,1,0,0,0
D-FINE-M,8965,22,300,22,18,4,1,2,1,0,0
D-FINE-M,8966,24,300,20,16,4,0,6,0,0,2
D-FINE-M,8967,17,300,16,15,1,0,2,0,0,0
D-FINE-M,8968,36,300,40,31,9,0,5,0,0,0
D-FINE-M,8969,18,300,18,9,9,1,6,0,0,2
D-FINE-M,8970,14,300,18,11,7,0,3,0,0,0
D-FINE-M,8971,27,300,26,23,3,0,3,1,0,0
D-FINE-M,8972,15,300,15,13,2,0,2,0,0,0
D-FINE-M,8973,20,300,24,15,9,1,4,0,0,0
D-FINE-M,8974,23,300,25,17,8,1,5,0,0,0
D-FINE-M,8975,23,300,17,14,3,1,8,0,0,0
D-FINE-M,8976,35,300,34,29,5,2,4,0,0,0
D-FINE-M,8977,8,300,7,5,2,1,2,0,0,0
D-FINE-M,8978,12,300,11,8,3,1,3,0,0,0
D-FINE-M,8979,11,300,9,8,1,0,3,0,0,0
D-FINE-M,8980,14,300,9,6,3,3,3,0,0,2
D-FINE-M,8981,22,300,25,18,7,0,2,0,0,2
D-FINE-M,8982,19,300,25,15,10,0,1,1,0,2
D-FINE-M,8983,12,300,15,9,6,2,0,0,0,1
D-FINE-M,8984,13,300,11,10,1,0,3,0,0,0
D-FINE-M,8985,35,300,19,13,6,9,9,0,0,4
D-FINE-M,8986,14,300,12,10,2,2,2,0,0,0
D-FINE-M,8987,4,300,4,4,0,0,0,0,0,0
D-FINE-M,8988,7,300,8,7,1,0,0,0,0,0
D-FINE-M,8989,38,300,18,17,1,5,15,0,0,1
D-FINE-M,8990,22,300,20,18,2,2,2,0,0,0
D-FINE-M,8991,19,300,16,14,2,3,2,0,0,0
D-FINE-M,8992,20,300,18,14,4,1,5,0,0,0
D-FINE-M,8993,21,300,22,14,8,0,5,0,0,2
D-FINE-M,8994,28,300,19,16,3,2,10,0,0,0
D-FINE-M,8995,22,300,23,18,5,0,3,0,0,1
D-FINE-M,8996,15,300,17,13,4,0,1,0,0,1
D-FINE-M,8997,7,300,7,6,1,0,0,0,0,1
D-FINE-M,8998,28,300,22,18,4,0,9,0,0,1
D-FINE-M,8999,24,300,18,12,6,0,10,0,0,2
D-FINE-M,9000,18,300,12,11,1,2,4,0,0,1
D-FINE-M,9001,14,300,9,7,2,1,4,0,0,2
D-FINE-M,9002,8,300,7,7,0,0,1,0,0,0
D-FINE-M,9003,39,300,30,29,1,2,8,0,0,0
D-FINE-M,9004,19,300,27,17,10,0,2,0,0,0
D-FINE-M,9005,19,300,11,8,3,1,7,0,1,2
D-FINE-M,9006,20,300,13,10,3,0,10,0,0,0
D-FINE-M,9007,27,300,24,24,0,0,3,0,0,0
D-FINE-M,9008,13,300,12,10,2,0,3,0,0,0
D-FINE-M,9009,18,300,21,11,10,1,3,0,0,3
D-FINE-M,9010,35,300,16,14,2,8,10,1,0,2
D-FINE-M,9011,17,300,15,9,6,2,6,0,0,0
D-FINE-M,9012,4,300,7,4,3,0,0,0,0,0
D-FINE-M,9013,9,300,10,8,2,0,1,0,0,0
D-FINE-M,9014,11,300,7,6,1,0,4,0,0,1
D-FINE-M,9015,18,300,14,11,3,1,6,0,0,0
D-FINE-M,9016,10,300,11,9,2,1,0,0,0,0
D-FINE-M,9017,19,300,23,15,8,1,3,0,0,0
D-FINE-M,9018,17,300,12,10,2,1,5,0,0,1
D-FINE-M,9019,22,300,23,19,4,0,3,0,0,0
D-FINE-M,9020,31,300,20,18,2,4,7,1,0,1
D-FINE-M,9021,17,300,18,14,4,0,2,0,0,1
D-FINE-M,9022,6,300,8,6,2,0,0,0,0,0
D-FINE-M,9023,13,300,12,12,0,0,1,0,0,0
D-FINE-M,9024,57,300,41,35,6,6,11,3,0,2
D-FINE-M,9025,15,300,10,10,0,0,5,0,0,0
D-FINE-M,9026,28,300,13,13,0,2,11,0,0,2
D-FINE-M,9027,25,300,25,22,3,1,2,0,0,0
D-FINE-M,9028,6,300,8,4,4,1,1,0,0,0
D-FINE-M,9029,30,300,26,21,5,1,4,0,0,4
D-FINE-M,9030,21,300,20,20,0,0,1,0,0,0
D-FINE-M,9031,8,300,11,8,3,0,0,0,0,0
D-FINE-M,9032,17,300,11,8,3,1,5,0,0,3
D-FINE-M,9033,10,300,12,7,5,0,3,0,0,0
D-FINE-M,9034,27,300,30,19,11,1,4,0,0,3
D-FINE-M,9035,10,300,8,5,3,1,1,0,0,3
D-FINE-M,9036,23,300,21,17,4,1,3,0,0,2
D-FINE-M,9037,12,300,18,10,8,0,2,0,0,0
D-FINE-M,9038,6,300,6,6,0,0,0,0,0,0
D-FINE-M,9039,10,300,13,9,4,0,1,0,0,0
D-FINE-M,9040,29,300,26,19,7,0,10,0,0,0
D-FINE-M,9041,7,300,8,6,2,0,1,0,0,0
D-FINE-M,9042,19,300,21,15,6,1,3,0,0,0
D-FINE-M,9043,6,300,6,6,0,0,0,0,0,0
D-FINE-M,9044,5,300,6,5,1,0,0,0,0,0
D-FINE-M,9045,10,300,9,6,3,0,4,0,0,0
D-FINE-M,9046,10,300,11,9,2,0,1,0,0,0
D-FINE-M,9047,29,300,22,21,1,2,5,0,0,1
D-FINE-M,9048,15,300,14,12,2,0,3,0,0,0
D-FINE-M,9049,19,300,19,16,3,0,2,0,0,1
D-FINE-M,9050,35,300,24,22,2,3,10,0,0,0
D-FINE-M,9051,18,300,19,12,7,0,6,0,0,0
D-FINE-M,9052,32,300,30,26,4,3,3,0,0,0
D-FINE-M,9053,19,300,15,11,4,0,5,1,0,2
D-FINE-M,9054,10,300,9,7,2,0,3,0,0,0
D-FINE-M,9055,8,300,6,3,3,2,3,0,0,0
D-FINE-M,9056,8,300,12,8,4,0,0,0,0,0
D-FINE-M,9057,28,300,19,12,7,10,5,0,0,1
D-FINE-M,9058,7,300,9,4,5,0,2,0,0,1
D-FINE-M,9059,27,300,21,18,3,2,6,0,0,1
D-FINE-M,9060,17,300,16,12,4,1,3,1,0,0
D-FINE-M,9061,20,300,16,13,3,2,5,0,0,0
D-FINE-M,9062,21,300,21,19,2,0,2,0,0,0
D-FINE-M,9063,12,300,9,7,2,0,5,0,0,0
D-FINE-M,9064,20,300,17,15,2,2,3,0,0,0
D-FINE-M,9065,9,300,7,7,0,2,0,0,0,0
D-FINE-M,9066,15,300,12,12,0,0,3,0,0,0
D-FINE-M,9067,20,300,19,16,3,0,3,0,0,1
D-FINE-M,9068,21,300,16,16,0,0,5,0,0,0
D-FINE-M,9069,13,300,9,9,0,0,4,0,0,0
D-FINE-M,9070,16,300,18,15,3,0,1,0,0,0
D-FINE-M,9071,15,300,14,13,1,1,1,0,0,0
D-FINE-M,9072,23,300,21,18,3,1,4,0,0,0
D-FINE-M,9073,18,300,17,13,4,1,4,0,0,0
D-FINE-M,9074,29,300,26,24,2,0,4,1,0,0
D-FINE-M,9075,37,300,29,25,4,3,8,0,0,1
D-FINE-M,9076,14,300,16,11,5,0,3,0,0,0
D-FINE-M,9077,16,300,20,12,8,4,0,0,0,0
D-FINE-M,9078,19,300,16,13,3,1,3,0,0,2
D-FINE-M,9079,27,300,22,20,2,3,4,0,0,0
D-FINE-M,9080,18,300,16,12,4,0,5,0,0,1
D-FINE-M,9081,20,300,19,15,4,0,5,0,0,0
D-FINE-M,9082,4,300,6,3,3,0,1,0,0,0
D-FINE-M,9083,31,300,31,23,8,2,5,0,0,1
D-FINE-M,9084,15,300,16,12,4,0,2,0,0,1
D-FINE-M,9085,49,300,30,22,8,4,20,0,0,3
D-FINE-M,9086,34,300,25,20,5,1,13,0,0,0
D-FINE-M,9087,22,300,18,15,3,1,4,0,0,2
D-FINE-M,9088,5,300,6,4,2,0,1,0,0,0
D-FINE-M,9089,11,300,14,9,5,1,1,0,0,0
D-FINE-M,9090,16,300,15,12,3,0,4,0,0,0
D-FINE-M,9091,36,300,37,23,14,3,5,0,0,5
D-FINE-M,9092,23,300,17,15,2,1,6,0,0,1
D-FINE-M,9093,19,300,15,13,2,0,6,0,0,0
D-FINE-M,9094,10,300,12,8,4,0,2,0,0,0
D-FINE-M,9095,14,300,9,6,3,2,5,0,0,1
D-FINE-M,9096,19,300,19,19,0,0,0,0,0,0
D-FINE-M,9097,28,300,15,11,4,1,14,0,0,2
D-FINE-M,9098,4,300,6,4,2,0,0,0,0,0
D-FINE-M,9099,10,300,8,8,0,0,2,0,0,0
D-FINE-M,9100,5,300,6,5,1,0,0,0,0,0
D-FINE-M,9101,5,300,6,4,2,1,0,0,0,0
D-FINE-M,9102,36,300,28,25,3,0,8,0,0,3
D-FINE-M,9103,9,300,7,7,0,0,2,0,0,0
D-FINE-M,9104,21,300,20,16,4,0,4,0,0,1
D-FINE-M,9105,5,300,7,5,2,0,0,0,0,0
D-FINE-M,9106,4,300,6,4,2,0,0,0,0,0
D-FINE-M,9107,37,300,32,27,5,0,9,1,0,0
D-FINE-M,9108,28,300,21,18,3,0,9,0,0,1
D-FINE-M,9109,6,300,7,6,1,0,0,0,0,0
D-FINE-M,9110,4,300,5,4,1,0,0,0,0,0
D-FINE-M,9111,5,300,4,4,0,1,0,0,0,0
D-FINE-M,9112,17,300,20,16,4,0,0,0,0,1
D-FINE-M,9113,23,300,31,23,8,0,0,0,0,0
D-FINE-M,9114,34,300,24,23,1,2,7,1,0,1
D-FINE-M,9115,22,300,19,18,1,0,4,0,0,0
D-FINE-M,9116,10,300,7,5,2,1,4,0,0,0
D-FINE-M,9117,31,300,21,18,3,7,5,1,0,0
D-FINE-M,9118,8,300,7,4,3,0,4,0,0,0
D-FINE-M,9119,6,300,6,5,1,0,1,0,0,0
D-FINE-M,9120,12,300,11,10,1,0,2,0,0,0
D-FINE-M,9121,20,300,17,11,6,0,7,0,0,2
D-FINE-M,9122,14,300,22,14,8,0,0,0,0,0
D-FINE-M,9123,4,300,2,2,0,0,2,0,0,0
D-FINE-M,9124,25,300,26,22,4,0,3,0,0,0
D-FINE-M,9125,11,300,7,5,2,1,3,0,0,2
D-FINE-M,9126,6,300,3,3,0,0,3,0,0,0
D-FINE-M,9127,25,300,25,19,6,0,6,0,0,0
D-FINE-M,9128,19,300,15,14,1,1,4,0,0,0
D-FINE-M,9129,13,300,13,12,1,0,1,0,0,0
D-FINE-M,9130,22,300,23,19,4,0,2,0,0,1
D-FINE-M,9131,21,300,19,14,5,0,7,0,0,0
D-FINE-M,9132,26,300,25,20,5,1,5,0,0,0
D-FINE-M,9133,20,300,17,11,6,1,5,0,0,3
D-FINE-M,9134,11,300,10,10,0,0,1,0,0,0
D-FINE-M,9135,28,300,30,22,8,1,5,0,0,0
D-FINE-M,9136,5,300,3,1,2,0,4,0,0,0
D-FINE-M,9137,25,300,17,14,3,4,7,0,0,0
D-FINE-M,9138,13,300,10,6,4,1,6,0,0,0
D-FINE-M,9139,24,300,27,24,3,0,0,0,0,0
D-FINE-M,9140,13,300,14,11,3,0,2,0,0,0
D-FINE-M,9141,16,300,19,16,3,0,0,0,0,0
D-FINE-M,9142,11,300,11,9,2,1,1,0,0,0
D-FINE-M,9143,21,300,21,15,6,0,4,0,0,2
D-FINE-M,9144,13,300,14,12,2,0,1,0,0,0
D-FINE-M,9145,37,300,35,22,13,3,10,0,0,2
D-FINE-M,9146,19,300,21,16,5,0,2,0,0,1
D-FINE-M,9147,32,300,26,22,4,1,8,0,0,1
D-FINE-M,9148,16,300,13,10,3,1,3,0,0,2
D-FINE-M,9149,32,300,27,17,10,2,6,0,0,7
D-FINE-M,9150,11,300,11,8,3,0,3,0,0,0
D-FINE-M,9151,11,300,14,11,3,0,0,0,0,0
D-FINE-M,9152,28,300,25,21,4,0,7,0,0,0
D-FINE-M,9153,15,300,11,11,0,0,4,0,0,0
D-FINE-M,9154,35,300,26,21,5,3,8,0,0,3
D-FINE-M,9155,27,300,20,13,7,2,7,1,0,4
D-FINE-M,9156,24,300,23,20,3,0,4,0,0,0
D-FINE-M,9157,15,300,16,15,1,0,0,0,0,0
D-FINE-M,9158,13,300,13,10,3,0,3,0,0,0
D-FINE-M,9159,19,300,20,15,5,1,2,0,0,1
D-FINE-M,9160,36,300,27,21,6,6,8,0,0,1
D-FINE-M,9161,23,300,18,14,4,2,4,0,0,3
D-FINE-M,9162,11,300,9,6,3,0,4,0,0,1
D-FINE-M,9163,11,300,7,6,1,0,4,0,0,1
D-FINE-M,9164,36,300,38,28,10,0,5,2,0,1
D-FINE-M,9165,7,300,7,6,1,0,1,0,0,0
D-FINE-M,9166,19,300,14,12,2,5,2,0,0,0
D-FINE-M,9167,8,300,9,6,3,0,2,0,0,0
D-FINE-M,9168,12,300,11,11,0,0,1,0,0,0
D-FINE-M,9169,10,300,11,8,3,0,1,0,0,1
D-FINE-M,9170,7,300,7,7,0,0,0,0,0,0
D-FINE-M,9171,10,300,12,10,2,0,0,0,0,0
D-FINE-M,9172,18,300,3,2,1,3,13,0,0,0
D-FINE-M,9173,18,300,17,14,3,0,3,0,0,1
D-FINE-M,9174,25,300,30,16,14,0,5,1,0,3
D-FINE-M,9175,6,300,6,6,0,0,0,0,0,0
D-FINE-M,9176,17,300,20,17,3,0,0,0,0,0
D-FINE-M,9177,26,300,24,18,6,0,8,0,0,0
D-FINE-M,9178,12,300,10,10,0,0,2,0,0,0
D-FINE-M,9179,20,300,19,18,1,0,2,0,0,0
D-FINE-M,9180,21,300,16,14,2,1,6,0,0,0
D-FINE-M,9181,7,300,1,0,1,0,7,0,0,0
D-FINE-M,9182,17,300,16,13,3,1,3,0,0,0
D-FINE-M,9183,18,300,20,14,6,0,2,0,0,2
D-FINE-M,9184,11,300,11,10,1,0,1,0,0,0
D-FINE-M,9185,33,300,29,26,3,1,5,0,0,1
D-FINE-M,9186,15,300,14,12,2,0,3,0,0,0
D-FINE-M,9187,43,300,38,29,9,2,10,0,0,2
D-FINE-M,9188,16,300,11,9,2,2,5,0,0,0
D-FINE-M,9189,5,300,4,3,1,0,2,0,0,0
D-FINE-M,9190,25,300,21,15,6,2,6,2,0,0
D-FINE-M,9191,13,300,14,8,6,1,4,0,0,0
D-FINE-M,9192,20,300,24,17,7,0,2,1,0,0
D-FINE-M,9193,27,300,18,16,2,0,10,1,0,0
D-FINE-M,9194,33,300,27,27,0,2,4,0,0,0
D-FINE-M,9195,18,300,17,13,4,2,3,0,0,0
D-FINE-M,9196,12,300,10,8,2,0,3,0,0,1
D-FINE-M,9197,9,300,11,5,6,0,4,0,0,0
D-FINE-M,9198,8,300,8,8,0,0,0,0,0,0
D-FINE-M,9199,12,300,6,5,1,1,6,0,0,0
D-FINE-M,9200,11,300,14,9,5,0,1,0,0,1
D-FINE-M,9201,9,300,8,7,1,0,1,0,0,1
D-FINE-M,9202,12,300,13,9,4,0,1,0,0,2
D-FINE-M,9203,14,300,13,6,7,0,8,0,0,0
D-FINE-M,9204,13,300,13,11,2,0,2,0,0,0
D-FINE-M,9205,14,300,17,11,6,0,2,0,0,1
D-FINE-M,9206,13,300,13,10,3,0,1,0,0,2
D-FINE-M,9207,19,300,20,13,7,0,5,0,0,1
D-FINE-M,9208,29,300,21,15,6,5,8,0,0,1
D-FINE-M,9209,7,300,6,5,1,0,2,0,0,0
D-FINE-M,9210,17,300,11,10,1,2,4,0,0,1
D-FINE-M,9211,17,300,15,8,7,2,4,1,0,2
D-FINE-M,9212,22,300,20,14,6,0,5,1,0,2
D-FINE-M,9213,14,300,15,13,2,0,1,0,0,0
D-FINE-M,9214,7,300,8,3,5,0,4,0,0,0
D-FINE-M,9215,36,300,32,26,6,1,6,0,0,3
D-FINE-M,9216,8,300,10,8,2,0,0,0,0,0
D-FINE-M,9217,20,300,18,15,3,0,5,0,0,0
D-FINE-M,9218,24,300,21,19,2,0,5,0,0,0
D-FINE-M,9219,12,300,12,9,3,0,3,0,0,0
D-FINE-M,9220,11,300,8,7,1,1,3,0,0,0
D-FINE-M,9221,10,300,8,7,1,0,3,0,0,0
D-FINE-M,9222,23,300,18,17,1,0,6,0,0,0
D-FINE-M,9223,9,300,9,7,2,0,2,0,0,0
D-FINE-M,9224,29,300,30,23,7,1,5,0,0,0
D-FINE-M,9225,20,300,24,18,6,0,2,0,0,0
D-FINE-M,9226,13,300,13,9,4,1,3,0,0,0
D-FINE-M,9227,16,300,17,8,9,4,2,1,0,1
D-FINE-M,9228,17,300,15,13,2,1,2,1,0,0
D-FINE-M,9229,13,300,14,9,5,2,2,0,0,0
D-FINE-M,9230,13,300,15,12,3,0,1,0,0,0
D-FINE-M,9231,31,300,30,24,6,0,5,2,0,0
D-FINE-M,9232,28,300,31,25,6,0,1,1,0,1
D-FINE-M,9233,8,300,8,8,0,0,0,0,0,0
D-FINE-M,9234,24,300,24,20,4,0,4,0,0,0
D-FINE-M,9235,23,300,21,15,6,0,6,1,0,1
D-FINE-M,9236,4,300,8,3,5,0,1,0,0,0
D-FINE-M,9237,31,300,28,25,3,2,3,0,0,1
D-FINE-M,9238,10,300,11,8,3,0,2,0,0,0
D-FINE-M,9239,10,300,9,9,0,0,1,0,0,0
D-FINE-M,9240,24,300,17,14,3,2,8,0,0,0
D-FINE-M,9241,30,300,27,24,3,0,6,0,0,0
D-FINE-M,9242,19,300,21,16,5,1,1,0,0,1
D-FINE-M,9243,24,300,20,12,8,1,9,0,1,1
D-FINE-M,9244,14,300,9,8,1,2,4,0,0,0
D-FINE-M,9245,16,300,13,10,3,2,3,0,0,1
D-FINE-M,9246,21,300,19,13,6,1,7,0,0,0
D-FINE-M,9247,19,300,16,15,1,2,2,0,0,0
D-FINE-M,9248,24,300,26,19,7,0,2,0,0,3
D-FINE-M,9249,23,300,19,18,1,0,5,0,0,0
D-FINE-M,9250,19,300,22,14,8,0,3,0,0,2
D-FINE-M,9251,25,300,20,16,4,2,5,0,0,2
D-FINE-M,9252,16,300,17,15,2,0,1,0,0,0
D-FINE-M,9253,16,300,16,12,4,0,2,0,0,2
D-FINE-M,9254,10,300,12,9,3,0,0,0,0,1
D-FINE-M,9255,28,300,27,23,4,1,3,0,0,1
D-FINE-M,9256,15,300,8,7,1,1,7,0,0,0
D-FINE-M,9257,8,300,7,5,2,0,3,0,0,0
D-FINE-M,9258,12,300,9,4,5,2,6,0,0,0
D-FINE-M,9259,8,300,6,6,0,0,2,0,0,0
D-FINE-M,9260,10,300,9,8,1,0,2,0,0,0
D-FINE-M,9261,27,300,25,21,4,0,5,0,0,1
D-FINE-M,9262,11,300,11,7,4,0,2,0,0,2
D-FINE-M,9263,34,300,30,27,3,1,4,0,0,2
D-FINE-M,9264,21,300,19,17,2,2,2,0,0,0
D-FINE-M,9265,39,300,15,13,2,8,16,0,0,2
D-FINE-M,9266,29,300,19,15,4,4,9,0,0,1
D-FINE-M,9267,24,300,20,19,1,0,5,0,0,0
D-FINE-M,9268,15,300,16,9,7,0,2,0,0,4
D-FINE-M,9269,13,300,12,8,4,0,5,0,0,0
D-FINE-M,9270,14,300,11,11,0,2,0,0,0,1
D-FINE-M,9271,18,300,18,14,4,0,2,0,0,2
D-FINE-M,9272,14,300,13,12,1,1,1,0,0,0
D-FINE-M,9273,7,300,5,4,1,0,3,0,0,0
D-FINE-M,9274,16,300,16,11,5,0,4,0,1,0
D-FINE-M,9275,10,300,9,8,1,0,2,0,0,0
D-FINE-M,9276,17,300,16,12,4,1,4,0,0,0
D-FINE-M,9277,16,300,20,13,7,1,2,0,0,0
D-FINE-M,9278,9,300,8,8,0,0,1,0,0,0
D-FINE-M,9279,17,300,21,14,7,0,2,0,0,1
D-FINE-M,9280,24,300,23,14,9,0,7,0,0,3
D-FINE-M,9281,17,300,12,7,5,1,9,0,0,0
D-FINE-M,9282,8,300,10,8,2,0,0,0,0,0
D-FINE-M,9283,13,300,14,13,1,0,0,0,0,0
D-FINE-M,9284,13,300,12,10,2,0,3,0,0,0
D-FINE-M,9285,14,300,21,12,9,0,1,0,0,1
D-FINE-M,9286,20,300,21,13,8,0,5,0,0,2
D-FINE-M,9287,6,300,5,4,1,0,2,0,0,0
D-FINE-M,9288,28,300,35,26,9,0,2,0,0,0
D-FINE-M,9289,16,300,19,14,5,0,2,0,0,0
D-FINE-M,9290,21,300,22,16,6,1,3,0,0,1
D-FINE-M,9291,19,300,22,17,5,0,1,0,0,1
D-FINE-M,9292,20,300,17,17,0,0,3,0,0,0
D-FINE-M,9293,34,300,32,23,9,3,6,0,0,2
D-FINE-M,9294,25,300,17,12,5,3,9,0,0,1
D-FINE-M,9295,19,300,9,6,3,1,12,0,0,0
D-FINE-M,9296,9,300,11,9,2,0,0,0,0,0
D-FINE-M,9297,23,300,24,17,7,0,6,0,0,0
D-FINE-M,9298,21,300,20,11,9,3,3,0,0,4
D-FINE-M,9299,23,300,19,16,3,0,6,0,0,1
D-FINE-M,9300,23,300,17,14,3,1,8,0,0,0
D-FINE-M,9301,14,300,12,10,2,0,4,0,0,0
D-FINE-M,9302,16,300,17,14,3,0,2,0,0,0
D-FINE-M,9303,20,300,14,10,4,4,6,0,0,0
D-FINE-M,9304,20,300,21,16,5,0,3,0,0,1
D-FINE-M,9305,9,300,9,7,2,0,2,0,0,0
D-FINE-M,9306,16,300,15,14,1,0,2,0,0,0
D-FINE-M,9307,15,300,16,13,3,0,1,0,0,1
D-FINE-M,9308,40,300,36,31,5,1,8,0,0,0
D-FINE-M,9309,18,300,20,17,3,1,0,0,0,0
D-FINE-M,9310,20,300,22,15,7,1,3,0,0,1
D-FINE-M,9311,34,300,29,23,6,1,9,0,0,1
D-FINE-M,9312,38,300,29,24,5,0,12,0,0,2
D-FINE-M,9313,20,300,19,17,2,0,2,0,0,1
D-FINE-M,9314,7,300,7,5,2,0,1,0,0,1
D-FINE-M,9315,24,300,22,16,6,0,7,0,0,1
D-FINE-M,9316,20,300,21,16,5,0,4,0,0,0
D-FINE-M,9317,17,300,18,9,9,1,5,0,0,2
D-FINE-M,9318,4,300,4,3,1,0,1,0,0,0
D-FINE-M,9319,4,300,3,3,0,0,1,0,0,0
D-FINE-M,9320,16,300,10,9,1,2,5,0,0,0
D-FINE-M,9321,13,300,7,6,1,0,7,0,0,0
D-FINE-M,9322,8,300,10,7,3,0,1,0,0,0
D-FINE-M,9323,20,300,20,16,4,0,2,2,0,0
D-FINE-M,9324,11,300,17,11,6,0,0,0,0,0
D-FINE-M,9325,18,300,17,13,4,1,4,0,0,0
D-FINE-M,9326,12,300,10,8,2,0,4,0,0,0
D-FINE-M,9327,24,300,24,22,2,0,2,0,0,0
D-FINE-M,9328,26,300,28,23,5,1,2,0,0,0
D-FINE-M,9329,23,300,21,19,2,0,4,0,0,0
D-FINE-M,9330,5,300,4,4,0,0,1,0,0,0
D-FINE-M,9331,6,300,8,5,3,0,1,0,0,0
D-FINE-M,9332,8,300,8,3,5,0,5,0,0,0
D-FINE-M,9333,4,300,3,2,1,0,2,0,0,0
D-FINE-M,9334,27,300,26,21,5,0,5,1,0,0
D-FINE-M,9335,14,300,16,13,3,1,0,0,0,0
D-FINE-M,9336,17,300,19,15,4,0,2,0,0,0
D-FINE-M,9337,21,300,20,18,2,0,2,0,0,1
D-FINE-M,9338,14,300,13,11,2,0,3,0,0,0
D-FINE-M,9339,34,300,17,16,1,7,10,0,0,1
D-FINE-M,9340,18,300,20,17,3,0,1,0,0,0
D-FINE-M,9341,18,300,18,15,3,0,3,0,0,0
D-FINE-M,9342,17,300,14,6,8,0,11,0,0,0
D-FINE-M,9343,22,300,21,14,7,0,5,0,0,3
D-FINE-M,9344,23,300,25,16,9,0,4,0,0,3
D-FINE-M,9345,16,300,14,13,1,0,2,0,0,1
D-FINE-M,9346,10,300,9,7,2,0,2,0,0,1
D-FINE-M,9347,27,300,30,24,6,0,2,0,0,1
D-FINE-M,9348,13,300,8,7,1,5,1,0,0,0
D-FINE-M,9349,10,300,9,7,2,0,3,0,0,0
D-FINE-M,9350,34,300,24,21,3,1,9,1,0,2
D-FINE-M,9351,14,300,13,10,3,0,3,0,0,1
D-FINE-M,9352,12,300,15,11,4,0,0,0,0,1
D-FINE-M,9353,14,300,8,6,2,0,7,0,0,1
D-FINE-M,9354,23,300,19,16,3,2,5,0,0,0
D-FINE-M,9355,19,300,14,13,1,0,5,1,0,0
D-FINE-M,9356,18,300,13,10,3,1,6,0,0,1
D-FINE-M,9357,24,300,21,19,2,0,5,0,0,0
D-FINE-M,9358,26,300,18,14,4,3,9,0,0,0
D-FINE-M,9359,10,300,11,6,5,2,2,0,0,0
D-FINE-M,9360,13,300,14,11,3,0,2,0,0,0
D-FINE-M,9361,10,300,8,7,1,0,1,0,0,2
D-FINE-M,9362,38,300,38,32,6,2,4,0,0,0
D-FINE-M,9363,18,300,10,9,1,0,9,0,0,0
D-FINE-M,9364,22,300,23,14,9,2,5,0,0,1
D-FINE-M,9365,24,300,22,16,6,0,4,0,0,4
D-FINE-M,9366,17,300,20,14,6,0,3,0,0,0
D-FINE-M,9367,15,300,13,11,2,0,4,0,0,0
D-FINE-M,9368,14,300,18,13,5,0,1,0,0,0
D-FINE-M,9369,11,300,10,8,2,0,3,0,0,0
D-FINE-M,9370,34,300,30,26,4,2,5,0,0,1
D-FINE-M,9371,8,300,6,6,0,0,2,0,0,0
D-FINE-M,9372,28,300,16,14,2,4,10,0,0,0
D-FINE-M,9373,32,300,29,24,5,1,5,0,0,2
D-FINE-M,9374,9,300,10,7,3,0,2,0,0,0
D-FINE-M,9375,20,300,21,17,4,0,3,0,0,0
D-FINE-M,9376,34,300,30,24,6,1,7,0,0,2
D-FINE-M,9377,20,300,17,13,4,1,4,0,0,2
D-FINE-M,9378,15,300,11,10,1,0,4,1,0,0
D-FINE-M,9379,32,300,26,22,4,2,8,0,0,0
D-FINE-M,9380,29,300,14,9,5,1,16,0,0,3
D-FINE-M,9381,44,300,32,23,9,2,15,0,0,4
D-FINE-M,9382,20,300,16,10,6,1,7,0,0,2
D-FINE-M,9383,8,300,8,5,3,0,1,1,0,1
D-FINE-M,9384,6,300,7,6,1,0,0,0,0,0
D-FINE-M,9385,29,300,26,21,5,1,6,0,0,1
D-FINE-M,9386,22,300,22,20,2,0,1,0,0,1
D-FINE-M,9387,11,300,7,7,0,0,4,0,0,0
D-FINE-M,9388,27,300,11,9,2,6,11,0,0,1
D-FINE-M,9389,19,300,19,14,5,0,5,0,0,0
D-FINE-M,9390,16,300,15,15,0,1,0,0,0,0
D-FINE-M,9391,16,300,12,8,4,2,4,0,0,2
D-FINE-M,9392,33,300,26,21,5,2,9,0,0,1
D-FINE-M,9393,21,300,21,19,2,0,2,0,0,0
D-FINE-M,9394,16,300,17,12,5,0,2,0,0,2
D-FINE-M,9395,11,300,10,8,2,0,2,0,0,1
D-FINE-M,9396,25,300,21,20,1,0,5,0,0,0
D-FINE-M,9397,22,300,13,10,3,1,9,0,0,2
D-FINE-M,9398,34,300,30,24,6,1,8,1,0,0
D-FINE-M,9399,5,300,2,2,0,1,2,0,0,0
D-FINE-M,9400,27,300,22,20,2,0,6,0,0,1
D-FINE-M,9401,24,300,26,21,5,0,3,0,0,0
D-FINE-M,9402,4,300,1,1,0,0,3,0,0,0
D-FINE-M,9403,17,300,17,14,3,1,1,0,0,1
D-FINE-M,9404,18,300,15,12,3,1,3,0,0,2
D-FINE-M,9405,4,300,4,4,0,0,0,0,0,0
D-FINE-M,9406,12,300,8,6,2,0,6,0,0,0
D-FINE-M,9407,30,300,24,23,1,1,5,0,0,1
D-FINE-M,9408,23,300,24,20,4,1,2,0,0,0
D-FINE-M,9409,16,300,17,13,4,0,3,0,0,0
D-FINE-M,9410,13,300,15,13,2,0,0,0,0,0
D-FINE-M,9411,14,300,8,6,2,1,7,0,0,0
D-FINE-M,9412,18,300,17,11,6,2,4,0,0,1
D-FINE-M,9413,6,300,6,6,0,0,0,0,0,0
D-FINE-M,9414,22,300,19,15,4,1,6,0,0,0
D-FINE-M,9415,32,300,33,20,13,1,8,1,0,2
D-FINE-M,9416,13,300,15,9,6,0,3,0,0,1
D-FINE-M,9417,12,300,13,9,4,0,3,0,0,0
D-FINE-M,9418,10,300,6,4,2,2,4,0,0,0
D-FINE-M,9419,9,300,9,6,3,0,0,0,0,3
D-FINE-M,9420,12,300,7,5,2,0,7,0,0,0
D-FINE-M,9421,24,300,24,16,8,1,7,0,0,0
D-FINE-M,9422,16,300,18,10,8,0,5,0,0,1
D-FINE-M,9423,4,300,5,4,1,0,0,0,0,0
D-FINE-M,9424,20,300,18,13,5,0,6,0,0,1
D-FINE-M,9425,5,300,6,5,1,0,0,0,0,0
D-FINE-M,9426,20,300,19,16,3,0,3,0,0,1
D-FINE-M,9427,4,300,4,4,0,0,0,0,0,0
D-FINE-M,9428,29,300,25,19,6,1,9,0,0,0
D-FINE-M,9429,33,300,31,24,7,3,4,1,0,1
D-FINE-M,9430,15,300,15,15,0,0,0,0,0,0
D-FINE-M,9431,19,300,16,11,5,2,5,0,0,1
D-FINE-M,9432,5,300,6,4,2,0,1,0,0,0
D-FINE-M,9433,10,300,10,8,2,0,1,0,0,1
D-FINE-M,9434,25,300,21,20,1,1,2,2,0,0
D-FINE-M,9435,37,300,28,25,3,0,10,0,0,2
D-FINE-M,9436,4,300,4,3,1,0,1,0,0,0
D-FINE-M,9437,10,300,13,9,4,0,1,0,0,0
D-FINE-M,9438,31,300,29,22,7,2,6,0,0,1
D-FINE-M,9439,7,300,7,6,1,0,1,0,0,0
D-FINE-M,9440,20,300,14,13,1,2,4,1,0,0
D-FINE-M,9441,9,300,10,7,3,0,2,0,0,0
D-FINE-M,9442,6,300,7,3,4,0,2,0,0,1
D-FINE-M,9443,22,300,25,16,9,0,5,0,0,1
D-FINE-M,9444,29,300,23,15,8,4,8,1,0,1
D-FINE-M,9445,22,300,22,20,2,0,2,0,0,0
D-FINE-M,9446,21,300,22,19,3,0,2,0,0,0
D-FINE-M,9447,4,300,2,1,1,1,2,0,0,0
D-FINE-M,9448,5,300,6,2,4,0,2,0,0,1
D-FINE-M,9449,38,300,28,22,6,5,7,1,0,3
D-FINE-M,9450,22,300,23,21,2,0,1,0,0,0
D-FINE-M,9451,5,300,4,4,0,1,0,0,0,0
D-FINE-M,9452,25,300,17,16,1,2,7,0,0,0
D-FINE-M,9453,19,300,26,15,11,0,3,0,0,1
D-FINE-M,9454,30,300,27,17,10,3,8,0,0,2
D-FINE-M,9455,10,300,8,8,0,0,2,0,0,0
D-FINE-M,9456,12,300,16,11,5,0,1,0,0,0
D-FINE-M,9457,20,300,18,15,3,0,3,1,0,1
D-FINE-M,9458,9,300,8,7,1,1,1,0,0,0
D-FINE-M,9459,11,300,11,7,4,0,3,0,0,1
D-FINE-M,9460,14,300,9,8,1,0,6,0,0,0
D-FINE-M,9461,21,300,15,11,4,1,7,0,0,2
D-FINE-M,9462,28,300,27,19,8,2,6,0,0,1
D-FINE-M,9463,4,300,3,3,0,0,1,0,0,0
D-FINE-M,9464,15,300,10,10,0,1,4,0,0,0
D-FINE-M,9465,16,300,17,13,4,1,2,0,0,0
D-FINE-M,9466,15,300,9,7,2,1,7,0,0,0
D-FINE-M,9467,37,300,18,14,4,6,14,0,0,3
D-FINE-M,9468,11,300,3,2,1,8,1,0,0,0
D-FINE-M,9469,37,300,28,20,8,2,11,0,0,4
D-FINE-M,9470,6,300,9,4,5,0,1,0,0,1
D-FINE-M,9471,17,300,14,12,2,0,5,0,0,0
D-FINE-M,9472,16,300,18,15,3,0,1,0,0,0
D-FINE-M,9473,17,300,11,9,2,1,6,0,0,1
D-FINE-M,9474,46,300,32,29,3,4,10,0,0,3
D-FINE-M,9475,38,300,36,27,9,2,6,1,0,2
D-FINE-M,9476,9,300,9,7,2,1,1,0,0,0
D-FINE-M,9477,28,300,23,19,4,1,8,0,0,0
D-FINE-M,9478,17,300,19,15,4,1,0,0,0,1
D-FINE-M,9479,19,300,13,13,0,1,5,0,0,0
D-FINE-M,9480,8,300,7,7,0,0,1,0,0,0
D-FINE-M,9481,25,300,19,14,5,3,8,0,0,0
D-FINE-M,9482,21,300,18,14,4,1,6,0,0,0
D-FINE-M,9483,20,300,17,16,1,0,4,0,0,0
D-FINE-M,9484,11,300,16,8,8,0,2,0,0,1
D-FINE-M,9485,19,300,15,13,2,0,4,2,0,0
D-FINE-M,9486,10,300,14,8,6,0,2,0,0,0
D-FINE-M,9487,16,300,16,13,3,1,1,0,0,1
D-FINE-M,9488,7,300,9,6,3,0,1,0,0,0
D-FINE-M,9489,27,300,25,25,0,1,0,1,0,0
D-FINE-M,9490,17,300,14,12,2,0,4,1,0,0
D-FINE-M,9491,23,300,16,14,2,2,7,0,0,0
D-FINE-M,9492,23,300,13,7,6,4,11,0,0,1
D-FINE-M,9493,18,300,19,18,1,0,0,0,0,0
D-FINE-M,9494,13,300,9,6,3,0,4,0,0,3
D-FINE-M,9495,29,300,31,25,6,0,4,0,0,0
D-FINE-M,9496,14,300,13,8,5,2,3,0,0,1
D-FINE-M,9497,4,300,3,3,0,0,1,0,0,0
D-FINE-M,9498,35,300,24,21,3,2,11,0,0,1
D-FINE-M,9499,25,300,17,14,3,3,6,0,0,2
D-FINE-M,9500,19,300,12,11,1,1,7,0,0,0
D-FINE-M,9501,13,300,15,10,5,0,2,0,0,1
D-FINE-M,9502,10,300,10,9,1,0,1,0,0,0
D-FINE-M,9503,26,300,18,15,3,6,4,0,0,1
D-FINE-M,9504,19,300,23,18,5,0,0,0,0,1
D-FINE-M,9505,25,300,23,18,5,0,7,0,0,0
D-FINE-M,9506,24,300,22,20,2,0,1,1,0,2
D-FINE-M,9507,23,300,21,18,3,3,1,1,0,0
D-FINE-M,9508,11,300,11,9,2,0,2,0,0,0
D-FINE-M,9509,19,300,16,13,3,1,5,0,0,0
D-FINE-M,9510,7,300,5,5,0,0,2,0,0,0
D-FINE-M,9511,15,300,14,9,5,1,4,0,0,1
D-FINE-M,9512,14,300,15,11,4,0,2,0,0,1
D-FINE-M,9513,14,300,14,8,6,0,5,0,0,1
D-FINE-M,9514,12,300,14,10,4,0,2,0,0,0
D-FINE-M,9515,41,300,34,23,11,3,13,0,0,2
D-FINE-M,9516,7,300,7,6,1,0,1,0,0,0
D-FINE-M,9517,6,300,7,6,1,0,0,0,0,0
D-FINE-M,9518,11,300,11,10,1,0,1,0,0,0
D-FINE-M,9519,15,300,19,13,6,0,2,0,0,0
D-FINE-M,9520,16,300,13,7,6,0,8,0,0,1
D-FINE-M,9521,6,300,6,6,0,0,0,0,0,0
D-FINE-M,9522,13,300,12,12,0,0,1,0,0,0
D-FINE-M,9523,11,300,9,7,2,0,1,0,0,3
D-FINE-M,9524,9,300,12,7,5,0,1,0,0,1
D-FINE-M,9525,22,300,21,19,2,1,2,0,0,0
D-FINE-M,9526,4,300,6,4,2,0,0,0,0,0
D-FINE-M,9527,33,300,31,26,5,2,4,0,0,1
D-FINE-M,9528,13,300,11,11,0,0,2,0,0,0
D-FINE-M,9529,29,300,32,24,8,0,4,0,0,1
D-FINE-M,9530,28,300,28,19,9,2,6,0,0,1
D-FINE-M,9531,22,300,16,9,7,0,12,0,0,1
D-FINE-M,9532,41,300,34,26,8,3,10,0,0,2
D-FINE-M,9533,36,300,34,24,10,1,7,0,0,4
D-FINE-M,9534,18,300,18,14,4,0,3,0,0,1
D-FINE-M,9535,18,300,19,16,3,0,2,0,0,0
D-FINE-M,9536,15,300,19,12,7,0,3,0,0,0
D-FINE-M,9537,29,300,25,24,1,0,3,0,0,2
D-FINE-M,9538,16,300,16,12,4,0,4,0,0,0
D-FINE-M,9539,17,300,18,13,5,0,1,0,0,3
D-FINE-M,9540,18,300,17,12,5,0,2,0,0,4
D-FINE-M,9541,23,300,22,18,4,0,4,0,0,1
D-FINE-M,9542,20,300,16,15,1,2,3,0,0,0
D-FINE-M,9543,25,300,25,18,7,0,5,0,0,2
D-FINE-M,9544,15,300,13,13,0,0,2,0,0,0
D-FINE-M,9545,7,300,6,5,1,0,2,0,0,0
D-FINE-M,9546,24,300,27,18,9,1,4,0,0,1
D-FINE-M,9547,13,300,10,10,0,0,3,0,0,0
D-FINE-M,9548,12,300,13,7,6,0,5,0,0,0
D-FINE-M,9549,17,300,19,14,5,0,3,0,0,0
D-FINE-M,9550,9,300,10,7,3,0,2,0,0,0
D-FINE-M,9551,4,300,6,4,2,0,0,0,0,0
D-FINE-M,9552,6,300,7,6,1,0,0,0,0,0
D-FINE-M,9553,23,300,22,17,5,0,5,0,0,1
D-FINE-M,9554,19,300,28,16,12,0,3,0,0,0
D-FINE-M,9555,37,300,34,26,8,0,7,0,0,4
D-FINE-M,9556,21,300,20,15,5,0,4,0,0,2
D-FINE-M,9557,21,300,21,16,5,0,3,0,0,2
D-FINE-M,9558,27,300,21,19,2,2,6,0,0,0
D-FINE-M,9559,34,300,27,24,3,1,9,0,0,0
D-FINE-M,9560,31,300,28,19,9,0,10,0,1,1
D-FINE-M,9561,13,300,17,10,7,0,1,0,0,2
D-FINE-M,9562,4,300,5,4,1,0,0,0,0,0
D-FINE-M,9563,18,300,14,14,0,1,3,0,0,0
D-FINE-M,9564,13,300,11,8,3,1,4,0,0,0
D-FINE-M,9565,36,300,19,17,2,0,17,0,0,2
D-FINE-M,9566,19,300,26,16,10,0,3,0,0,0
D-FINE-M,9567,30,300,27,24,3,1,5,0,0,0
D-FINE-M,9568,22,300,18,10,8,2,5,0,0,5
D-FINE-M,9569,18,300,15,13,2,0,5,0,0,0
D-FINE-M,9570,15,300,20,10,10,0,2,1,0,2
D-FINE-M,9571,26,300,13,13,0,2,10,0,0,1
D-FINE-M,9572,25,300,24,20,4,0,4,0,0,1
D-FINE-M,9573,16,300,16,12,4,0,2,0,0,2
D-FINE-M,9574,19,300,19,13,6,0,4,0,0,2
D-FINE-M,9575,22,300,19,15,4,0,3,0,0,4
D-FINE-M,9576,15,300,21,14,7,0,1,0,0,0
D-FINE-M,9577,26,300,17,14,3,1,10,0,0,1
D-FINE-M,9578,29,300,17,12,5,2,12,2,0,1
D-FINE-M,9579,5,300,5,4,1,0,1,0,0,0
D-FINE-M,9580,6,300,5,5,0,0,1,0,0,0
D-FINE-M,9581,6,300,4,3,1,0,3,0,0,0
D-FINE-M,9582,14,300,16,9,7,0,4,0,0,1
D-FINE-M,9583,34,300,31,26,5,2,4,0,0,2
D-FINE-M,9584,20,300,20,18,2,0,1,0,0,1
D-FINE-M,9585,7,300,7,6,1,0,1,0,0,0
D-FINE-M,9586,48,300,37,26,11,5,14,0,0,3
D-FINE-M,9587,17,300,18,15,3,0,2,0,0,0
D-FINE-M,9588,13,300,13,12,1,0,1,0,0,0
D-FINE-M,9589,22,300,23,19,4,1,2,0,0,0
D-FINE-M,9590,11,300,5,5,0,0,6,0,0,0
D-FINE-M,9591,15,300,13,13,0,0,2,0,0,0
D-FINE-M,9592,17,300,15,9,6,2,5,0,0,1
D-FINE-M,9593,24,300,23,18,5,1,5,0,0,0
D-FINE-M,9594,7,300,9,7,2,0,0,0,0,0
D-FINE-M,9595,26,300,21,15,6,1,8,1,0,1
D-FINE-M,9596,9,300,10,5,5,0,4,0,0,0
D-FINE-M,9597,20,300,21,16,5,0,4,0,0,0
D-FINE-M,9598,27,300,26,21,5,0,3,0,0,3
D-FINE-M,9599,26,300,25,18,7,1,4,1,0,2
D-FINE-M,9600,35,300,28,21,7,2,9,0,0,3
D-FINE-M,9601,5,300,6,3,3,0,1,0,0,1
D-FINE-M,9602,16,300,8,7,1,0,9,0,0,0
D-FINE-M,9603,23,300,11,8,3,4,10,0,0,1
D-FINE-M,9604,16,300,18,12,6,0,2,1,0,1
D-FINE-M,9605,16,300,8,7,1,1,8,0,0,0
D-FINE-M,9606,13,300,12,11,1,1,1,0,0,0
D-FINE-M,9607,10,300,13,8,5,0,1,0,0,1
D-FINE-M,9608,25,300,15,12,3,5,8,0,0,0
D-FINE-M,9609,16,300,11,10,1,2,3,0,0,1
D-FINE-M,9610,22,300,17,13,4,0,8,0,0,1
D-FINE-M,9611,27,300,28,18,10,0,8,0,0,1
D-FINE-M,9612,8,300,10,6,4,0,1,0,0,1
D-FINE-M,9613,17,300,16,11,5,1,4,0,0,1
D-FINE-M,9614,19,300,17,15,2,0,3,0,0,1
D-FINE-M,9615,25,300,29,20,9,0,3,0,0,2
D-FINE-M,9616,25,300,13,10,3,3,10,0,0,2
D-FINE-M,9617,13,300,14,11,3,1,1,0,0,0
D-FINE-M,9618,11,300,13,9,4,0,2,0,0,0
D-FINE-M,9619,11,300,11,9,2,0,1,1,0,0
D-FINE-M,9620,22,300,23,15,8,0,7,0,0,0
D-FINE-M,9621,19,300,19,16,3,1,1,0,0,1
D-FINE-M,9622,10,300,15,8,7,0,2,0,0,0
D-FINE-M,9623,34,300,32,23,9,1,9,0,0,1
D-FINE-M,9624,6,300,3,3,0,0,3,0,0,0
D-FINE-M,9625,13,300,17,8,9,1,3,0,0,1
D-FINE-M,9626,19,300,16,13,3,1,5,0,0,0
D-FINE-M,9627,11,300,10,8,2,1,2,0,0,0
D-FINE-M,9628,19,300,16,14,2,0,5,0,0,0
D-FINE-M,9629,15,300,13,12,1,0,3,0,0,0
D-FINE-M,9630,10,300,12,8,4,1,1,0,0,0
D-FINE-M,9631,22,300,26,14,12,2,3,0,0,3
D-FINE-M,9632,5,300,7,5,2,0,0,0,0,0
D-FINE-M,9633,16,300,18,10,8,0,4,0,0,2
D-FINE-M,9634,24,300,20,19,1,4,1,0,0,0
D-FINE-M,9635,40,300,24,22,2,5,13,0,0,0
D-FINE-M,9636,34,300,20,12,8,5,10,0,0,7
D-FINE-M,9637,13,300,12,12,0,0,1,0,0,0
D-FINE-M,9638,7,300,7,5,2,0,1,0,0,1
D-FINE-M,9639,21,300,21,15,6,0,4,0,0,2
D-FINE-M,9640,21,300,19,9,10,2,9,0,0,1
D-FINE-M,9641,26,300,29,20,9,1,4,0,0,1
D-FINE-M,9642,4,300,6,3,3,1,0,0,0,0
D-FINE-M,9643,25,300,18,13,5,1,10,0,0,1
D-FINE-M,9644,34,300,34,31,3,0,3,0,0,0
D-FINE-M,9645,20,300,22,19,3,0,1,0,0,0
D-FINE-M,9646,31,300,23,20,3,2,8,0,0,1
D-FINE-M,9647,25,300,19,17,2,0,8,0,0,0
D-FINE-M,9648,46,300,46,38,8,2,5,0,0,1
D-FINE-M,9649,24,300,24,21,3,1,2,0,0,0
D-FINE-M,9650,27,300,23,18,5,0,8,0,0,1
D-FINE-M,9651,14,300,14,11,3,0,3,0,0,0
D-FINE-M,9652,13,300,17,11,6,0,2,0,0,0
D-FINE-M,9653,25,300,24,22,2,0,2,0,0,1
D-FINE-M,9654,22,300,23,20,3,1,1,0,0,0
D-FINE-M,9655,36,300,29,21,8,0,15,0,0,0
D-FINE-M,9656,17,300,13,12,1,0,3,1,0,1
D-FINE-M,9657,34,300,29,22,7,2,8,0,0,2
D-FINE-M,9658,22,300,22,18,4,0,3,0,0,1
D-FINE-M,9659,20,300,22,16,6,1,3,0,0,0
D-FINE-M,9660,19,300,19,17,2,0,2,0,0,0
D-FINE-M,9661,28,300,22,19,3,0,8,0,0,1
D-FINE-M,9662,20,300,18,15,3,0,5,0,0,0
D-FINE-M,9663,9,300,9,8,1,0,1,0,0,0
D-FINE-M,9664,22,300,19,10,9,4,7,0,0,1
D-FINE-M,9665,7,300,9,5,4,0,2,0,0,0
D-FINE-M,9666,5,300,7,5,2,0,0,0,0,0
D-FINE-M,9667,25,300,21,15,6,1,5,0,0,4
D-FINE-M,9668,25,300,24,20,4,0,4,1,0,0
D-FINE-M,9669,9,300,7,7,0,0,1,0,0,1
D-FINE-M,9670,17,300,11,8,3,2,6,0,0,1
D-FINE-M,9671,15,300,17,14,3,0,1,0,0,0
D-FINE-M,9672,11,300,11,11,0,0,0,0,0,0
D-FINE-M,9673,27,300,24,20,4,1,3,0,0,3
D-FINE-M,9674,29,300,29,24,5,0,5,0,0,0
D-FINE-M,9675,19,300,15,12,3,0,6,0,0,1
D-FINE-M,9676,8,300,9,6,3,0,2,0,0,0
D-FINE-M,9677,34,300,24,22,2,1,11,0,0,0
D-FINE-M,9678,12,300,10,8,2,0,4,0,0,0
D-FINE-M,9679,23,300,12,11,1,2,10,0,0,0
D-FINE-M,9680,11,300,10,9,1,0,2,0,0,0
D-FINE-M,9681,42,300,27,22,5,4,13,0,0,3
D-FINE-M,9682,13,300,13,10,3,0,3,0,0,0
D-FINE-M,9683,39,300,25,18,7,4,13,0,0,4
D-FINE-M,9684,15,300,15,10,5,0,5,0,0,0
D-FINE-M,9685,23,300,23,23,0,0,0,0,0,0
D-FINE-M,9686,15,300,14,12,2,0,2,0,0,1
D-FINE-M,9687,21,300,24,15,9,2,3,0,0,1
D-FINE-M,9688,19,300,14,11,3,4,4,0,0,0
D-FINE-M,9689,19,300,22,12,10,0,7,0,0,0
D-FINE-M,9690,24,300,21,18,3,0,5,0,0,1
D-FINE-M,9691,26,300,17,17,0,3,5,1,0,0
D-FINE-M,9692,20,300,18,12,6,0,6,0,0,2
D-FINE-M,9693,39,300,25,21,4,1,16,0,0,1
D-FINE-M,9694,21,300,20,14,6,0,4,0,0,3
D-FINE-M,9695,20,300,17,10,7,3,4,0,0,3
D-FINE-M,9696,22,300,20,19,1,0,3,0,0,0
D-FINE-M,9697,15,300,22,14,8,0,1,0,0,0
D-FINE-M,9698,43,300,31,26,5,3,11,1,0,2
D-FINE-M,9699,27,300,30,20,10,1,5,0,0,1
D-FINE-M,9700,36,300,36,26,10,3,5,0,0,2
D-FINE-M,9701,24,300,19,18,1,0,6,0,0,0
D-FINE-M,9702,11,300,7,7,0,0,4,0,0,0
D-FINE-M,9703,25,300,23,20,3,0,4,0,0,1
D-FINE-M,9704,20,300,22,17,5,1,2,0,0,0
D-FINE-M,9705,4,300,3,2,1,1,1,0,0,0
D-FINE-M,9706,11,300,12,6,6,0,5,0,0,0
D-FINE-M,9707,10,300,9,8,1,0,2,0,0,0
D-FINE-M,9708,15,300,15,13,2,0,1,0,0,1
D-FINE-M,9709,27,300,26,22,4,0,5,0,0,0
D-FINE-M,9710,31,300,27,21,6,2,8,0,0,0
D-FINE-M,9711,19,300,19,16,3,0,3,0,0,0
D-FINE-M,9712,17,300,19,15,4,1,1,0,0,0
D-FINE-M,9713,20,300,18,15,3,1,4,0,0,0
D-FINE-M,9714,46,300,33,23,10,2,17,0,0,4
D-FINE-M,9715,25,300,26,21,5,2,1,0,0,1
D-FINE-M,9716,38,300,24,16,8,4,15,0,0,3
D-FINE-M,9717,21,300,18,17,1,1,3,0,0,0
D-FINE-M,9718,24,300,19,13,6,1,8,0,0,2
D-FINE-M,9719,23,300,22,16,6,0,6,0,0,1
D-FINE-M,9720,35,300,25,19,6,4,8,0,0,4
D-FINE-M,9721,19,300,16,12,4,1,5,0,0,1
D-FINE-M,9722,33,300,33,23,10,0,10,0,0,0
D-FINE-M,9723,44,300,36,26,10,6,7,0,3,2
D-FINE-M,9724,16,300,18,12,6,0,4,0,0,0
D-FINE-M,9725,16,300,13,10,3,0,6,0,0,0
D-FINE-M,9726,24,300,20,17,3,1,6,0,0,0
D-FINE-M,9727,21,300,18,15,3,0,6,0,0,0
D-FINE-M,9728,16,300,14,12,2,0,4,0,0,0
D-FINE-M,9729,18,300,11,9,2,5,4,0,0,0
D-FINE-M,9730,24,300,26,19,7,1,3,0,0,1
D-FINE-M,9731,4,300,3,3,0,0,1,0,0,0
D-FINE-M,9732,11,300,10,9,1,0,2,0,0,0
D-FINE-M,9733,5,300,3,3,0,0,2,0,0,0
D-FINE-M,9734,17,300,10,9,1,0,8,0,0,0
D-FINE-M,9735,8,300,8,8,0,0,0,0,0,0
D-FINE-M,9736,17,300,17,15,2,0,2,0,0,0
D-FINE-M,9737,9,300,11,8,3,0,1,0,0,0
D-FINE-M,9738,6,300,8,5,3,0,1,0,0,0
D-FINE-M,9739,30,300,24,19,5,4,6,0,0,1
D-FINE-M,9740,10,300,7,7,0,0,3,0,0,0
D-FINE-M,9741,19,300,15,13,2,1,5,0,0,0
D-FINE-M,9742,18,300,16,13,3,0,3,1,0,1
D-FINE-M,9743,12,300,10,8,2,0,3,0,0,1
D-FINE-M,9744,16,300,17,14,3,0,2,0,0,0
D-FINE-M,9745,31,300,28,23,5,4,4,0,0,0
D-FINE-M,9746,9,300,9,8,1,0,1,0,0,0
D-FINE-M,9747,16,300,12,11,1,0,4,0,0,1
D-FINE-M,9748,19,300,16,13,3,0,6,0,0,0
D-FINE-M,9749,22,300,20,16,4,1,3,0,0,2
D-FINE-M,9750,20,300,17,13,4,0,4,1,0,2
D-FINE-M,9751,17,300,16,14,2,0,2,0,0,1
D-FINE-M,9752,10,300,10,6,4,0,3,0,0,1
D-FINE-M,9753,10,300,9,7,2,1,2,0,0,0
D-FINE-M,9754,12,300,17,12,5,0,0,0,0,0
D-FINE-M,9755,5,300,5,2,3,1,2,0,0,0
D-FINE-M,9756,21,300,18,12,6,0,8,0,0,1
D-FINE-M,9757,27,300,28,22,6,1,2,0,0,2
D-FINE-M,9758,21,300,18,10,8,1,9,0,0,1
D-FINE-M,9759,15,300,11,11,0,0,4,0,0,0
D-FINE-M,9760,34,300,24,21,3,1,12,0,0,0
D-FINE-M,9761,10,300,13,10,3,0,0,0,0,0
D-FINE-M,9762,28,300,26,21,5,1,5,0,0,1
D-FINE-M,9763,4,300,3,3,0,0,1,0,0,0
D-FINE-M,9764,18,300,18,15,3,0,3,0,0,0
D-FINE-M,9765,9,300,8,4,4,0,5,0,0,0
D-FINE-M,9766,34,300,40,31,9,1,2,0,0,0
D-FINE-M,9767,25,300,22,16,6,0,8,0,0,1
D-FINE-M,9768,39,300,40,30,10,2,6,0,0,1
D-FINE-M,9769,19,300,22,17,5,0,2,0,0,0
D-FINE-M,9770,18,300,20,16,4,0,2,0,0,0
D-FINE-M,9771,20,300,20,14,6,0,6,0,0,0
D-FINE-M,9772,8,300,7,7,0,0,0,0,0,1
D-FINE-M,9773,7,300,7,5,2,0,2,0,0,0
D-FINE-M,9774,23,300,19,15,4,0,6,2,0,0
D-FINE-M,9775,5,300,6,5,1,0,0,0,0,0
D-FINE-M,9776,19,300,20,12,8,3,3,0,0,1
D-FINE-M,9777,14,300,15,13,2,0,1,0,0,0
D-FINE-M,9778,5,300,5,5,0,0,0,0,0,0
D-FINE-M,9779,21,300,19,18,1,0,3,0,0,0
D-FINE-M,9780,7,300,8,5,3,0,1,0,0,1
D-FINE-M,9781,24,300,22,18,4,1,5,0,0,0
D-FINE-M,9782,24,300,18,9,9,5,7,0,0,3
D-FINE-M,9783,14,300,6,4,2,2,6,0,0,2
D-FINE-M,9784,17,300,11,6,5,2,7,0,0,2
D-FINE-M,9785,6,300,4,3,1,0,2,0,0,1
D-FINE-M,9786,12,300,12,11,1,0,1,0,0,0
D-FINE-M,9787,4,300,7,4,3,0,0,0,0,0
D-FINE-M,9788,21,300,17,14,3,0,7,0,0,0
D-FINE-M,9789,10,300,12,9,3,0,1,0,0,0
D-FINE-M,9790,11,300,13,9,4,0,2,0,0,0
D-FINE-M,9791,13,300,11,9,2,1,3,0,0,0
D-FINE-M,9792,26,300,12,10,2,3,13,0,0,0
D-FINE-M,9793,28,300,28,22,6,0,3,0,0,3
D-FINE-M,9794,30,300,18,15,3,7,8,0,0,0
D-FINE-M,9795,7,300,8,7,1,0,0,0,0,0
D-FINE-M,9796,8,300,9,8,1,0,0,0,0,0
D-FINE-M,9797,29,300,24,20,4,1,6,0,0,2
D-FINE-M,9798,22,300,24,16,8,1,4,0,0,1
D-FINE-M,9799,17,300,19,13,6,0,3,0,0,1
D-FINE-M,9800,14,300,12,10,2,0,3,0,0,1
D-FINE-M,9801,21,300,12,10,2,3,8,0,0,0
D-FINE-M,9802,23,300,20,17,3,0,6,0,0,0
D-FINE-M,9803,26,300,22,19,3,2,5,0,0,0
D-FINE-M,9804,12,300,8,4,4,0,7,0,0,1
D-FINE-M,9805,13,300,11,8,3,0,3,0,0,2
D-FINE-M,9806,16,300,16,13,3,0,3,0,0,0
D-FINE-M,9807,4,300,4,4,0,0,0,0,0,0
D-FINE-M,9808,12,300,13,10,3,0,2,0,0,0
D-FINE-M,9809,8,300,10,8,2,0,0,0,0,0
D-FINE-M,9810,8,300,7,4,3,0,4,0,0,0
D-FINE-M,9811,13,300,12,9,3,0,2,0,0,2
D-FINE-M,9812,18,300,15,13,2,0,5,0,0,0
D-FINE-M,9813,16,300,16,15,1,0,1,0,0,0
D-FINE-M,9814,9,300,8,6,2,0,3,0,0,0
D-FINE-M,9815,12,300,13,12,1,0,0,0,0,0
D-FINE-M,9816,30,300,27,23,4,1,5,0,0,1
D-FINE-M,9817,27,300,22,20,2,1,6,0,0,0
D-FINE-M,9818,8,300,7,7,0,0,1,0,0,0
D-FINE-M,9819,45,300,52,36,16,1,6,0,0,2
D-FINE-M,9820,10,300,8,7,1,0,3,0,0,0
D-FINE-M,9821,16,300,5,3,2,1,9,0,0,3
D-FINE-M,9822,23,300,26,19,7,0,3,1,0,0
D-FINE-M,9823,33,300,32,27,5,0,5,0,0,1
D-FINE-M,9824,12,300,12,11,1,0,1,0,0,0
D-FINE-M,9825,11,300,14,10,4,0,1,0,0,0
D-FINE-M,9826,16,300,15,12,3,0,2,0,0,2
D-FINE-M,9827,17,300,9,7,2,1,5,0,0,4
D-FINE-M,9828,22,300,19,15,4,0,7,0,0,0
D-FINE-M,9829,16,300,13,11,2,0,5,0,0,0
D-FINE-M,9830,12,300,17,12,5,0,0,0,0,0
D-FINE-M,9831,18,300,19,14,5,1,3,0,0,0
D-FINE-M,9832,25,300,25,18,7,1,5,0,0,1
D-FINE-M,9833,14,300,13,9,4,0,4,0,0,1
D-FINE-M,9834,16,300,21,16,5,0,0,0,0,0
D-FINE-M,9835,30,300,19,19,0,0,11,0,0,0
D-FINE-M,9836,12,300,6,5,1,3,4,0,0,0
D-FINE-M,9837,39,300,40,34,6,0,4,0,0,1
D-FINE-M,9838,23,300,18,17,1,2,4,0,0,0
D-FINE-M,9839,11,300,15,10,5,0,1,0,0,0
D-FINE-M,9840,15,300,6,5,1,1,9,0,0,0
D-FINE-M,9841,19,300,21,15,6,0,3,0,0,1
D-FINE-M,9842,8,300,9,7,2,0,1,0,0,0
D-FINE-M,9843,23,300,20,15,5,2,5,0,0,1
D-FINE-M,9844,20,300,15,13,2,0,6,0,0,1
D-FINE-M,9845,45,300,46,33,13,0,7,1,1,3
D-FINE-M,9846,27,300,28,20,8,2,3,0,0,2
D-FINE-M,9847,10,300,10,6,4,0,4,0,0,0
D-FINE-M,9848,11,300,11,9,2,0,1,0,0,1
D-FINE-M,9849,23,300,22,17,5,1,3,0,0,2
D-FINE-M,9850,18,300,18,16,2,0,2,0,0,0
D-FINE-M,9851,23,300,19,14,5,3,5,0,0,1
D-FINE-M,9852,9,300,14,8,6,0,0,0,0,1
D-FINE-M,9853,24,300,16,14,2,1,8,0,0,1
D-FINE-M,9854,6,300,6,4,2,0,1,0,0,1
D-FINE-M,9855,4,300,8,3,5,0,1,0,0,0
D-FINE-M,9856,6,300,6,6,0,0,0,0,0,0
D-FINE-M,9857,12,300,13,8,5,0,4,0,0,0
D-FINE-M,9858,22,300,21,19,2,0,2,1,0,0
D-FINE-M,9859,25,300,25,18,7,0,2,0,0,5
D-FINE-M,9860,20,300,22,19,3,0,1,0,0,0
D-FINE-M,9861,61,300,43,37,6,3,19,0,0,2
D-FINE-M,9862,19,300,13,13,0,0,6,0,0,0
D-FINE-M,9863,27,300,26,24,2,2,1,0,0,0
D-FINE-M,9864,12,300,10,7,3,1,2,0,0,2
D-FINE-M,9865,19,300,11,6,5,2,8,0,0,3
D-FINE-M,9866,15,300,9,8,1,4,2,0,0,1
D-FINE-M,9867,14,300,14,12,2,0,2,0,0,0
D-FINE-M,9868,24,300,15,13,2,3,7,0,0,1
D-FINE-M,9869,40,300,32,22,10,4,11,0,0,3
D-FINE-M,9870,34,300,25,20,5,0,12,1,0,1
D-FINE-M,9871,4,300,3,3,0,0,1,0,0,0
D-FINE-M,9872,8,300,8,6,2,0,2,0,0,0
D-FINE-M,9873,37,300,29,19,10,2,13,0,0,3
D-FINE-M,9874,20,300,18,17,1,0,2,0,0,1
D-FINE-M,9875,10,300,12,10,2,0,0,0,0,0
D-FINE-M,9876,46,300,30,25,5,6,12,0,0,3
D-FINE-M,9877,29,300,20,16,4,4,8,0,0,1
D-FINE-M,9878,27,300,26,24,2,0,2,0,0,1
D-FINE-M,9879,23,300,19,18,1,0,4,0,0,1
D-FINE-M,9880,29,300,23,18,5,2,8,0,0,1
D-FINE-M,9881,23,300,18,16,2,0,6,0,1,0
D-FINE-M,9882,30,300,25,18,7,0,10,0,0,2
D-FINE-M,9883,29,300,23,19,4,1,8,0,0,1
D-FINE-M,9884,17,300,16,12,4,2,2,0,0,1
D-FINE-M,9885,24,300,19,18,1,2,3,0,0,1
D-FINE-M,9886,32,300,14,13,1,3,13,0,0,3
D-FINE-M,9887,38,300,27,23,4,2,10,0,0,3
D-FINE-M,9888,15,300,16,12,4,1,2,0,0,0
D-FINE-M,9889,7,300,8,7,1,0,0,0,0,0
D-FINE-M,9890,20,300,18,13,5,1,5,0,0,1
D-FINE-M,9891,21,300,21,12,9,1,6,0,0,2
D-FINE-M,9892,33,300,22,16,6,2,13,0,0,2
D-FINE-M,9893,15,300,20,13,7,0,0,0,0,2
D-FINE-M,9894,32,300,21,20,1,0,11,0,0,1
D-FINE-M,9895,26,300,25,19,6,2,5,0,0,0
D-FINE-M,9896,20,300,8,7,1,3,10,0,0,0
D-FINE-M,9897,29,300,34,20,14,0,4,1,0,4
D-FINE-M,9898,19,300,19,15,4,1,3,0,0,0
D-FINE-M,9899,20,300,19,15,4,0,5,0,0,0
D-FINE-M,9900,25,300,16,16,0,2,7,0,0,0
D-FINE-M,9901,28,300,27,22,5,1,4,0,0,1
D-FINE-M,9902,20,300,22,14,8,0,3,0,0,3
D-FINE-M,9903,26,300,24,18,6,0,4,0,0,4
D-FINE-M,9904,5,300,5,4,1,0,1,0,0,0
D-FINE-M,9905,26,300,26,21,5,1,3,0,0,1
D-FINE-M,9906,12,300,14,12,2,0,0,0,0,0
D-FINE-M,9907,6,300,8,3,5,1,1,0,0,1
D-FINE-M,9908,5,300,5,5,0,0,0,0,0,0
D-FINE-M,9909,30,300,28,26,2,0,3,0,0,1
D-FINE-M,9910,10,300,10,5,5,0,4,0,0,1
D-FINE-M,9911,22,300,22,18,4,2,2,0,0,0
D-FINE-M,9912,20,300,16,15,1,2,1,0,0,2
D-FINE-M,9913,23,300,28,19,9,0,4,0,0,0
D-FINE-M,9914,20,300,15,14,1,0,6,0,0,0
D-FINE-M,9915,44,300,33,25,8,5,10,0,0,4
D-FINE-M,9916,21,300,30,18,12,0,2,0,0,1
D-FINE-M,9917,21,300,19,15,4,1,5,0,0,0
D-FINE-M,9918,35,300,30,26,4,0,7,1,0,1
D-FINE-M,9919,13,300,11,8,3,0,5,0,0,0
D-FINE-M,9920,11,300,14,11,3,0,0,0,0,0
D-FINE-M,9921,16,300,16,13,3,1,2,0,0,0
D-FINE-M,9922,21,300,20,19,1,0,2,0,0,0
D-FINE-M,9923,26,300,28,25,3,1,0,0,0,0
D-FINE-M,9924,23,300,16,12,4,2,8,0,0,1
D-FINE-M,9925,29,300,25,20,5,1,6,0,0,2
D-FINE-M,9926,30,300,26,23,3,1,4,0,0,2
D-FINE-M,9927,35,300,25,24,1,0,10,0,0,1
D-FINE-M,9928,5,300,5,5,0,0,0,0,0,0
D-FINE-M,9929,22,300,16,11,5,2,9,0,0,0
D-FINE-M,9930,15,300,14,12,2,0,3,0,0,0
D-FINE-M,9931,11,300,5,2,3,1,8,0,0,0
D-FINE-M,9932,11,300,9,7,2,2,1,0,0,1
D-FINE-M,9933,20,300,17,11,6,0,8,0,0,1
D-FINE-M,9934,12,300,10,9,1,0,2,0,0,1
D-FINE-M,9935,20,300,18,18,0,0,2,0,0,0
D-FINE-M,9936,17,300,13,12,1,0,5,0,0,0
D-FINE-M,9937,22,300,25,20,5,0,2,0,0,0
D-FINE-M,9938,26,300,30,18,12,0,7,0,0,1
D-FINE-M,9939,20,300,18,9,9,1,6,0,0,4
D-FINE-M,9940,23,300,19,14,5,4,5,0,0,0
D-FINE-M,9941,21,300,18,15,3,0,6,0,0,0
D-FINE-M,9942,15,300,16,15,1,0,0,0,0,0
D-FINE-M,9943,20,300,17,16,1,0,2,0,0,2
D-FINE-M,9944,14,300,8,7,1,3,4,0,0,0
D-FINE-M,9945,35,300,27,23,4,0,9,0,0,3
D-FINE-M,9946,24,300,27,18,9,0,4,0,0,2
D-FINE-M,9947,25,300,24,17,7,0,8,0,0,0
D-FINE-M,9948,22,300,23,18,5,1,3,0,0,0
D-FINE-M,9949,6,300,8,6,2,0,0,0,0,0
D-FINE-M,9950,6,300,6,4,2,0,2,0,0,0
D-FINE-M,9951,26,300,25,19,6,1,5,0,0,1
D-FINE-M,9952,29,300,21,20,1,2,7,0,0,0
D-FINE-M,9953,18,300,18,16,2,0,2,0,0,0
D-FINE-M,9954,21,300,23,19,4,0,2,0,0,0
D-FINE-M,9955,11,300,14,9,5,0,2,0,0,0
D-FINE-M,9956,21,300,16,14,2,0,7,0,0,0
D-FINE-M,9957,10,300,5,3,2,1,6,0,0,0
D-FINE-M,9958,13,300,8,7,1,2,4,0,0,0
D-FINE-M,9959,12,300,12,10,2,0,2,0,0,0
D-FINE-M,9960,20,300,22,17,5,0,2,0,0,1
D-FINE-M,9961,32,300,21,15,6,1,12,0,0,4
D-FINE-M,9962,4,300,4,1,3,0,3,0,0,0
D-FINE-M,9963,4,300,3,3,0,1,0,0,0,0
D-FINE-M,9964,13,300,16,10,6,0,3,0,0,0
D-FINE-M,9965,21,300,21,20,1,0,0,0,0,1
D-FINE-M,9966,22,300,20,18,2,0,4,0,0,0
D-FINE-M,9967,14,300,12,11,1,0,2,0,0,1
D-FINE-M,9968,11,300,9,8,1,0,3,0,0,0
D-FINE-M,9969,25,300,21,21,0,0,3,0,0,1
D-FINE-M,9970,22,300,19,13,6,1,7,0,0,1
D-FINE-M,9971,13,300,13,12,1,0,0,0,0,1
D-FINE-M,9972,8,300,7,6,1,0,2,0,0,0
D-FINE-M,9973,19,300,17,14,3,0,4,1,0,0
D-FINE-M,9974,5,300,5,3,2,0,2,0,0,0
D-FINE-M,9975,20,300,17,10,7,2,6,0,0,2
D-FINE-M,9976,23,300,13,10,3,4,9,0,0,0
D-FINE-M,9977,30,300,21,17,4,4,6,0,0,3
D-FINE-M,9978,22,300,24,20,4,1,0,1,0,0
D-FINE-M,9979,20,300,19,17,2,0,1,1,0,1
D-FINE-M,9980,7,300,9,7,2,0,0,0,0,0
D-FINE-M,9981,5,300,5,5,0,0,0,0,0,0
D-FINE-M,9982,10,300,11,9,2,0,1,0,0,0
D-FINE-M,9983,17,300,17,14,3,1,2,0,0,0
D-FINE-M,9984,18,300,15,9,6,0,9,0,0,0
D-FINE-M,9985,33,300,23,21,2,0,12,0,0,0
D-FINE-M,9986,20,300,18,16,2,2,1,0,0,1
D-FINE-M,9987,6,300,5,5,0,0,1,0,0,0
D-FINE-M,9988,32,300,27,20,7,2,10,0,0,0
D-FINE-M,9989,15,300,15,9,6,0,3,0,0,3
D-FINE-M,9990,26,300,23,18,5,1,7,0,0,0
D-FINE-M,9991,17,300,19,13,6,0,3,1,0,0
D-FINE-M,9992,15,300,12,8,4,1,6,0,0,0
D-FINE-M,9993,32,300,20,16,4,2,10,1,0,3
D-FINE-M,9994,15,300,16,12,4,0,2,0,0,1
D-FINE-M,9995,29,300,22,15,7,3,11,0,0,0
D-FINE-M,9996,24,300,23,16,7,0,6,0,0,2
D-FINE-M,9997,13,300,11,9,2,0,3,0,0,1
D-FINE-M,9998,6,300,5,4,1,0,2,0,0,0
D-FINE-M,9999,37,300,33,29,4,1,6,0,0,1
D-FINE-M,10000,11,300,7,6,1,0,5,0,0,0
