relative_path	top_level_category	bytes	sha256	git_scope
.gitattributes	.gitattributes	281	d815c716b8013523c75478c3b622de00d0a522633269590fc77a99315e16a9bc	public
.github/workflows/repository-audit.yml	.github	2771	bc71186dccb63b58708125f4c7e57651a09d265c1b235948b8f06dd360e777d9	public
.gitignore	.gitignore	6838	c03d90d5343c9e422feae22de5647b104dff3bef4cceca14989fb87db7957f5d	public
CITATION.cff	CITATION.cff	306	0aad45a59eecf43e34fc076962cfbce16517982b21759dfdbbd0a80ced72784c	public
LICENSE	LICENSE	1068	f2f21e7b0d21e0bd8600e2cb75203b2eac76e6a8ae77613d5ac921c33d40a772	public
README.md	README.md	3796	cbc9442af77ac82a53d7e3fcbcf1e8b98f21ed582ca5c14f1fdebfb915c9621c	public
architecture-intervention/checkpoints/projected-p2-epoch-20.pt	architecture-intervention	83085211	642a6b4009f085649b6da3f1647821d3e760e6724b019e08d022080c8050bc29	local-artifact
architecture-intervention/checkpoints/projected-p2-initialization.pt	architecture-intervention	41786963	eef43a83adb99ee9b3d9e75c25d3454488b28ad5f86ac67fcf850351c3e848dd	local-artifact
architecture-intervention/checkpoints/standard-epoch-20.pt	architecture-intervention	80808388	dc1e3ef68e233a2fad4911955bbe178f0104cd9000dcbdc772dac8d0a58438b5	local-artifact
architecture-intervention/inputs/data-quality-exception/duplicate_annotation_exception.json	architecture-intervention	2358	62fa95492d68d2e790a20afc489747acf309f300afe425b816717c491196ec85	public
architecture-intervention/inputs/effective-development-split/artifact_manifest.json	architecture-intervention	538	ba151a0e87d211a55ce50a990b2d7f88085f9032f2b7632cf7206b4d0da2a071	public
architecture-intervention/inputs/effective-development-split/bdd100k_architecture_gate_v3.yaml	architecture-intervention	425	208a57dacf467c4efab4d6d7d687fce63938d24bc4fc2012d551bb49100e808c	public
architecture-intervention/inputs/effective-development-split/instances_train_dev_effective.json	architecture-intervention	33994293	5e13ec651d0582032e5eacc1a46d885279fabe278463bd7c2be58b2429796faf	public
architecture-intervention/inputs/projected-p2-definition/artifact_manifest.json	architecture-intervention	935	b3e47e99c764342a2146a799d65b3939a0e54c471fefcf3880b3d89b8a5e050a	public
architecture-intervention/inputs/projected-p2-definition/gate_protocol_v2.json	architecture-intervention	3615	143dcc8b2bcc74a9a111957717493b57f8865bfeab0cd242cef4fff5e2d0c4c5	public
architecture-intervention/inputs/projected-p2-definition/metadata.json	architecture-intervention	740	299d6511043e227b7a8c1d1c83123cc8258b40ed7d37b1ade13631b4fc4dcd70	public
architecture-intervention/inputs/projected-p2-definition/weight_mapping.json	architecture-intervention	145117	750ccfd2359aecebc09caacd9a55b7d05b83039630943d2f6a841b4bf88bec55	public
architecture-intervention/inputs/projected-p2-definition/yolo11m_p2_projected_bdd10.yaml	architecture-intervention	1524	bd6bd6cde7f73f54d2e80fd4ad58b44a85d14cb14cb7fb450548b52f5d6ee0ef	public
architecture-intervention/inputs/projected-p2-definition/yolo11m_p2_projected_coco80.yaml	architecture-intervention	1524	bf732fa8f9fd62bdecae2332236aaac021b68d7eeee99cc5741466ea77bc6e20	public
architecture-intervention/inputs/split-and-model-configs/artifact_manifest.json	architecture-intervention	1185	3d4ad6089b1e44d95fe05244bfb8c6527425c4847692b3e70c86fe2044e0e43e	public
architecture-intervention/inputs/split-and-model-configs/bdd100k_architecture_gate.yaml	architecture-intervention	464	5c3979447afd15850fd6b98731edae57d92ce02f4a0dad170ba08bb36d2052d5	public
architecture-intervention/inputs/split-and-model-configs/gate_rules.json	architecture-intervention	1779	a1494ca9773813b5f912d6683e4ae03460869935f7f08127e2f63f7e6a9575e8	public
architecture-intervention/inputs/split-and-model-configs/instances_train_dev.json	architecture-intervention	33994645	1cddc4f25f987e7a6887c52b60ff2e5adbf73415d5b8b9f3f50f4fa6719b1be4	public
architecture-intervention/inputs/split-and-model-configs/metadata.json	architecture-intervention	702	a73d20e30e21fa9fe22a2078591f85f104040d0794cfe18d4b0e9b9cbcbdc7c0	public
architecture-intervention/inputs/split-and-model-configs/train_core.txt	architecture-intervention	6370000	7a13091a343ee4f5a3ae20e60e4ab88728d307b29becb8dd26481edda7ea6751	public
architecture-intervention/inputs/split-and-model-configs/train_dev.txt	architecture-intervention	490000	d4e1c82556eb6adb30fa2d29f6d86e838922d70ad701f7403058b49184c0fcf2	public
architecture-intervention/inputs/split-and-model-configs/yolo11m_p2_gate.yaml	architecture-intervention	1476	29a859e1e6f7b88aa9739e6dd9981206e9bca942c82bfc226294ef76afcdd243	public
architecture-intervention/inputs/split-and-model-configs/yolo11m_standard_gate.yaml	architecture-intervention	1319	774f9377818db6f2145b1c69967f366f6a00b81bfa7f84372997e9acd2c7e94c	public
architecture-intervention/logs/borderline_adjudication_v5/official_val_export.log	architecture-intervention	957	24079542b3ac401481b02b98d0cd25345797cee6c631061fb702c3832d9fe58e	local-artifact
architecture-intervention/logs/borderline_adjudication_v5_1/official_val_export.log	architecture-intervention	6018	95af5eeb8fca3ec7c3bb3803bc667f3120710da4b378e7ab41a88a668836a13e	local-artifact
architecture-intervention/logs/formal_gate_v3_controller.aborted-ram-cache-20260810_143703.log	architecture-intervention	159135	5c72be08f75c07928b98d08e104339874275a10d47a251f85577db576297b83c	local-artifact
architecture-intervention/logs/formal_gate_v4_controller.log	architecture-intervention	49820071	13de447654b0064074f11b0c921dca4d9295e03ee8982c4ebbfbe3c503438a2c	local-artifact
architecture-intervention/protocols/deterministic-training-gate/artifact_manifest.json	architecture-intervention	900	809f1266bb7edca4575ae1e5009e8762a96529322a516e81399599311584d4d9	public
architecture-intervention/protocols/deterministic-training-gate/determinism_amendment.json	architecture-intervention	2056	323977b86c1a731bcf2c7a92436b8db4b7593ec9c0c292f2477d2d31fd1e3900	public
architecture-intervention/protocols/deterministic-training-gate/formal_gate_protocol_v4.json	architecture-intervention	7882	7f003f25d4ddb5828933c9fbdb85441bf86fe20e2824495f369baca65765525a	public
architecture-intervention/protocols/official-validation-adjudication/artifact_manifest.json	architecture-intervention	242	ae84584e4205bdd9b51bff1218f5f52de4ba8186014ea06e7aba4871badb8e81	public
architecture-intervention/protocols/official-validation-adjudication/borderline_adjudication_protocol_v5_1.json	architecture-intervention	4580	d2e5d3eee91e82f70a91cc511f0a8d011fd6f65e4cb05cfa0ff7349bca1768e6	public
architecture-intervention/results/development-gate/controller_state.json	architecture-intervention	107	b4d5d1a5b53076791cbf92dff1afd3b16304bc43dd0a9226cd932945de8e20c8	public
architecture-intervention/results/development-gate/epoch10_decision.json	architecture-intervention	3296	2949c782c5cbbabcc3696a2daf8965581faceddff97d62ef0de3e322a9f40307	public
architecture-intervention/results/development-gate/evaluations/p2_projected_epoch10/artifact_manifest.json	architecture-intervention	337	994199263ef7e76ae002793d6e97085b1202ba0eea82e15457aa729e2c7955c1	public
architecture-intervention/results/development-gate/evaluations/p2_projected_epoch10/metrics.json	architecture-intervention	1106	9e77aa7f1e610e1c350aee9974b890efc9c4a30a007a00cd6f7bde54a1fc3ca6	public
architecture-intervention/results/development-gate/evaluations/p2_projected_epoch20/artifact_manifest.json	architecture-intervention	337	e755c9f31896c9652a6affe2a8b1896b5b5f3b98862a92ea7ff2e879946d0695	public
architecture-intervention/results/development-gate/evaluations/p2_projected_epoch20/metrics.json	architecture-intervention	1103	4c5724135407627bb152c2a2168862e9aaaac6818b015f89f8c27d91c5fc37ea	public
architecture-intervention/results/development-gate/evaluations/standard_epoch10/artifact_manifest.json	architecture-intervention	337	94ac2b0f545d46c9e247714892dfa105373a33032feaa2664ba6a0d515de3a32	public
architecture-intervention/results/development-gate/evaluations/standard_epoch10/metrics.json	architecture-intervention	1095	c60678a18a10f732385c99e76fcc2cf78e1ca762977a8edb280586af01fdcee6	public
architecture-intervention/results/development-gate/evaluations/standard_epoch20/artifact_manifest.json	architecture-intervention	337	3dc3fe3fa249e124324a0cda895612ff878888a6b78175d67ca0ecf1db4ceaa2	public
architecture-intervention/results/development-gate/evaluations/standard_epoch20/metrics.json	architecture-intervention	1094	b969be0ca95d683ca5e4c5a534a30316742715b64764507d54ff1a94be1343db	public
architecture-intervention/results/development-gate/final_artifact_manifest.json	architecture-intervention	11408	5cac2261fae86e7f3918fc87c99fc752b59d7fc89bbffa694440cdfc0c143381	public
architecture-intervention/results/development-gate/final_decision.json	architecture-intervention	3785	f6d7b68af0a55e4df84f3b66a3f5dbcbf70632a551d73a0f523720c1bb5408d7	public
architecture-intervention/results/development-gate/p2_projected/args.yaml	architecture-intervention	2156	321b55280ba491164f70cb6d6ca0f973c70aebdea66ed7dd170c7182d24bb8b3	public
architecture-intervention/results/development-gate/p2_projected/epoch10_checkpoint.json	architecture-intervention	398	030423c5ad854241a7d16219b7f21f34520e662bcc44817b0422a466553a23bf	public
architecture-intervention/results/development-gate/p2_projected/epoch20_checkpoint.json	architecture-intervention	399	ede9e4d9c9a16b80187b49131bca73c6a35681563e45f7b99751fb0ff2df641c	public
architecture-intervention/results/development-gate/p2_projected/results.csv	architecture-intervention	1727	a87322d2107ee2b4e53d4455fc800450d634fd005912c47e35ff5e4762691590	public
architecture-intervention/results/development-gate/recovery_after_standard_eval_oom_v1.json	architecture-intervention	2067	61f4bbd1400f2e59988d3001ef76ce4165bba964e90f4ae5391c9f02bbe1e648	public
architecture-intervention/results/development-gate/run_metadata.json	architecture-intervention	843	0303c2937d6833b51f765bdc835ed6405f7ec267f5c545241205ec81e1161728	public
architecture-intervention/results/development-gate/standard/args.yaml	architecture-intervention	2140	cc5191ff2aedcef3489a8a67d45233d432545588d384b1fa6f36610ab675728c	public
architecture-intervention/results/development-gate/standard/epoch10_checkpoint.json	architecture-intervention	394	c175a562288591c6e15da18fec4d152cb8aa8d59c73cea9fb6593044ff6cd7b2	public
architecture-intervention/results/development-gate/standard/epoch20_checkpoint.json	architecture-intervention	395	9f98d8eab3377674a4ec46c89285d3cc219955c9aeb9614adfce5674df173996	public
architecture-intervention/results/development-gate/standard/results.csv	architecture-intervention	1732	ef796cc382b2dacc766057a11a458c704e03fdb424dc0c98dc29699bb9a8f784	public
architecture-intervention/results/final-architecture-selection.json	architecture-intervention	7427	b3a20fc148a508334268aa4d43bc251219244dffba134173dee3ac1648de29f0	public
architecture-intervention/results/official-validation-adjudication/final_artifact_manifest.json	architecture-intervention	2246	1a6e03bd02d7db0fc877f0080213b927726000c0d5c5bdb4bcf51c52153b3e43	public
architecture-intervention/results/official-validation-adjudication/formal_evaluation/final_decision.json	architecture-intervention	3680	e22114f58da2514ed81c9c150013cd7f6a410aead701540b6c7870f9a188e357	public
architecture-intervention/results/official-validation-adjudication/formal_evaluation/p2_epoch20_metrics.json	architecture-intervention	831	516d44a26c619180a00629f03f61b64a82a3d2f68a63246bed907eef37d307c2	public
architecture-intervention/results/official-validation-adjudication/formal_evaluation/standard_epoch20_metrics.json	architecture-intervention	847	1aaaa8b63871511e3c23ea278ff0399600ac07c846bd590502b7d1ff73d5f4c6	public
architecture-intervention/results/official-validation-adjudication/official_val_export.log	architecture-intervention	6018	95af5eeb8fca3ec7c3bb3803bc667f3120710da4b378e7ab41a88a668836a13e	local-artifact
architecture-intervention/results/training-smoke/p2_projected_batch8/args.yaml	architecture-intervention	2034	47c5b9c7d4112ad76a48e55fd76a8e8e5697dc9c2bd3769edd3f7fa516b60075	public
architecture-intervention/results/training-smoke/p2_projected_batch8/results.csv	architecture-intervention	295	6bfd2628c1ed57b21c6a8705d7b976a70a501a079b627fd6afd4d095c60ca293	public
architecture-intervention/results/training-smoke/smoke_summary.json	architecture-intervention	2362	471ebe97a112b5eacf4b949b644c1717b9978996e52bcde186d2afe696e50b7d	public
architecture-intervention/results/training-smoke/standard_batch8/args.yaml	architecture-intervention	1989	1ecfb3f1f553feba2adc0a2d13a1e34d659c076b36c63f818c6222fd0470079b	public
architecture-intervention/results/training-smoke/standard_batch8/results.csv	architecture-intervention	295	634f7a7bfde3f3a0a0a354ffe41f92a26768afb076e0f7a6ee201e68a4368e30	public
artifacts/README.md	artifacts	374	e39c76376a885dc948246253f8bb98a4659c0f0a7deeeded2320a2191b3c16d7	public
artifacts/archive-dependencies.json	artifacts	86088	cc1eff20347eea0b1ccbf5c857e7840aee9cfa8126e6fa102f59d3efa1b0c171	public
artifacts/checksums.sha256	artifacts	15192	2c824366558f903d02289224b450cf4bf601ceaa096c5625e936b98f5647c95a	public
artifacts/manifest.json	artifacts	27617	6dff151f3536bc74b1f49929d6bda85dea911988671f363afe33b103d15d52fa	public
configs/datasets/yolo/bdd100k.yaml	configs	247	221849cd41d538910aff48aa6cf77f06d055bb4c27a8650aad8af69bc328da08	public
configs/experiments/data_taxonomy.py	configs	1722	f7912895b0aecf36069436d9516ffd6920cb2fcd373988b624657b0144f3f308	public
configs/experiments/runtime.py	configs	5034	36f289c3a61a2f7f791fce11f02e403bfdfdd03b88701935039da07a7da9ee8d	public
data-and-baselines/dataset/annotations/instances_test.json	data-and-baselines	3349599	22e68e685d9aa485e955d7ea0a6415ad1727a829f293c632c11c37e3273ff5d2	local-artifact
data-and-baselines/dataset/annotations/instances_train.json	data-and-baselines	269279870	a8e9c188e58a328901af6e3a93b747d517da354e2dab3292ff26d7c0fbd32cd2	local-artifact
data-and-baselines/dataset/annotations/instances_train_contiguous.json	data-and-baselines	300974703	2bdda9448d2285abad06a11d6aebf3623d2890a31f9c23b4e4179f2e1774634d	local-artifact
data-and-baselines/dataset/annotations/instances_train_dfine_smoke.json	data-and-baselines	1078306	6f534fd069b215b18e1bf70dd51aff6fa00cdb9358f3161139d23a4942c35177	local-artifact
data-and-baselines/dataset/annotations/instances_val.json	data-and-baselines	38465357	7be8a02e147743123a4a62b2c92ed2e4a5712d261c8868223e6325bad6e346d6	local-artifact
data-and-baselines/dataset/annotations/instances_val_contiguous.json	data-and-baselines	43033071	79628ab87fda482da7186d3c3c18f7b58a52bf83ed4e5c510b0d244743875742	local-artifact
data-and-baselines/dataset/annotations/instances_val_dfine_smoke.json	data-and-baselines	255161	665f3900dd7dedaceba1f47dc2cd9c71b6fe8a7520b131293097ce3fd679c92d	local-artifact
data-and-baselines/dataset/annotations/stats_test.json	data-and-baselines	401	9c17a7baf85a05d3e4781295e95767f8b579a32ec03c22acb97725dd5179019b	public
data-and-baselines/dataset/annotations/stats_train.json	data-and-baselines	450	748465e43e6cfbf32c38ba3ecad49bf999610d7227936c9dce0fd6491476b2aa	public
data-and-baselines/dataset/annotations/stats_val.json	data-and-baselines	436	3720c0cb2889901dba069731b2b26427c824b26ffbbf12f5b87aa8c1a3c83664	public
data-and-baselines/dfine-m/EXPERIMENT_INFO.txt	data-and-baselines	690	2401fac8ec3cc0f450ac9d0570c22960da60c7281cca5ab6432e555e71c37b46	public
data-and-baselines/dfine-m/SHA256SUMS.txt	data-and-baselines	1071	d578f44a9edc6aaf9c46a45a33d9b2b973861408d0f32b67082dcfd60b24719c	public
data-and-baselines/dfine-m/checkpoints/dfine_m_bdd100k_best.pth	data-and-baselines	313786196	bc3f0bd2937eefd56178d2a4fd2662dd566b57e6ade67cf5df9e3669cc3dc7d1	local-artifact
data-and-baselines/dfine-m/checkpoints/dfine_m_bdd100k_init.pth	data-and-baselines	78685826	ad04c35bbdd426c6074815646578394b75b75047f9f30bff65e57190150caf1b	local-artifact
data-and-baselines/dfine-m/code/det_solver_used.py	data-and-baselines	9602	90ab58f069261804be5fadb17da7b10d2f5a9e6a2a10b7783295004c35197e38	public
data-and-baselines/dfine-m/config/dfine_hgnetv2_m_bdd100k_60epoch.yml	data-and-baselines	1902	e87b6178a6413fcc1dae5952aa5167b237682bc1d347f0ebc6132b9f594032ed	public
data-and-baselines/dfine-m/metrics/best_metrics.json	data-and-baselines	255	d0854bfac05739ae63b4032515b477a099ce697b3cada3d27db66f4c08b4ae81	public
data-and-baselines/dfine-m/metrics/log_clean.jsonl	data-and-baselines	147780	a920d7337ad356652698ea0a0bbc89385a40e1eda771c87b506e7a508cc1f436	public
data-and-baselines/dfine-m/metrics/training_metrics.csv	data-and-baselines	9661	a8d90cdc7050da8d8d1a3c14eb71308cae53d6fa32f307af1d357e23f492ecb9	public
data-and-baselines/dfine-m/plots/detection_metrics.png	data-and-baselines	116927	1316fe07eedff93766c4b5bfc864a196ecf63ca8bf68cbd15df7f1355c06a919	public
data-and-baselines/dfine-m/plots/object_scale_metrics.png	data-and-baselines	99568	0340f54ba360f77fb7625b38ae449ebd8e6705095620ce73b6b9572c37849a8c	public
data-and-baselines/dfine-m/plots/training_loss.png	data-and-baselines	93566	1427867d1722d6ac1c38cca849592cd18b2fbad134b8f2025571df65706c5722	public
data-and-baselines/yolo11-seg/README.md	data-and-baselines	742	b3c4f53601a917f1cdbb3046469056aae5764313932620838c4a0812c2f45fb5	public
data-and-baselines/yolo11-seg/image_summary.json	data-and-baselines	926711	f81df293db485fe82a427cbae8c7e53892e08f95d3760321d5beabd04be1753e	public
data-and-baselines/yolo11-seg/metadata.json	data-and-baselines	1354	0912c5bc6accd17249040041bddd0550b9a18f725f53ec86aedac367fc66dfac	public
data-and-baselines/yolo11-seg/predictions.json	data-and-baselines	213513392	a1a85965554de29ec91073c49df560953eecfdb5d4c6261f6f9285c668808ad6	local-artifact
data-and-baselines/yolo11-seg/visualizations/0000001_b1c66a42-6f7d68ca.jpg	data-and-baselines	175553	bd12cdde211de15a2544c1900c535239b3e1637154640c7b6ba599556d2008e8	public
data-and-baselines/yolo11-seg/visualizations/0000002_b1c81faa-3df17267.jpg	data-and-baselines	75251	a5a94c769b7fd14b193534301b212cb77def53aee3d3c0bee94e77da87c87bb7	public
data-and-baselines/yolo11-seg/visualizations/0000003_b1c81faa-c80764c5.jpg	data-and-baselines	73112	33211571e05e5d457efb5832dff07ee5ddc9368bb00463d65d4e6aae6103807b	public
data-and-baselines/yolo11-seg/visualizations/0000004_b1c9c847-3bda4659.jpg	data-and-baselines	210080	286c04cbedfb9bafd0d5bbdbb0e0a4320fd3a7fbd27fd999fa211b79474830f7	public
data-and-baselines/yolo11-seg/visualizations/0000005_b1ca2e5d-84cf9134.jpg	data-and-baselines	193457	222fe8c66e5153aa52dc6fafbe86a77c7361f2a7f9f871b52be9511caff09789	public
data-and-baselines/yolo11-seg/visualizations/0000006_b1ca8418-84a133a0.jpg	data-and-baselines	106566	9fe4b672132ca68c99bd46a1ad4a0ea0c185ef6ea661c22cae1ebac78e93251c	public
data-and-baselines/yolo11-seg/visualizations/0000007_b1cac6a7-04e33135.jpg	data-and-baselines	243139	eb80dfea114c34a0dc6975cb7dd9a5f3e458c8284f98e9ec93cc935eb3941681	public
data-and-baselines/yolo11-seg/visualizations/0000008_b1cd1e94-26dd524f.jpg	data-and-baselines	100550	545a410aad3e3e4cded6cce55e53703ab18791f97df7ca6f31e887e0929cac20	public
data-and-baselines/yolo11-seg/visualizations/0000009_b1cd1e94-549d0bfe.jpg	data-and-baselines	172378	d91943e632c1f5339648456dd251ad6094271257ac0a5463ea5d8358e51c8a3e	public
data-and-baselines/yolo11-seg/visualizations/0000010_b1ceb32e-3f481b43.jpg	data-and-baselines	116520	ea63d72cb6f036796dd3920a10417272f960569c6a1904a8d99244b7b39d6c4d	public
data-and-baselines/yolo11-seg/visualizations/0000011_b1ceb32e-51852abe.jpg	data-and-baselines	237002	dff1b9a5161c9e0823a0914229faea34cf528a617f9cddac90e775119ff1b960	public
data-and-baselines/yolo11-seg/visualizations/0000012_b1ceb32e-813f84b2.jpg	data-and-baselines	88543	f5a653a5c7fc0a46f11f709912d8b9b475096dd52f19144992fa143d05ad5f97	public
data-and-baselines/yolo11-seg/visualizations/0000013_b1ceb32e-a106591d.jpg	data-and-baselines	220334	f00135f8aba1afbcb20facb2468a07930bdeb61c7fe2462121c04f9c15429890	public
data-and-baselines/yolo11-seg/visualizations/0000014_b1cebfb7-284f5117.jpg	data-and-baselines	199532	50601054441aaf9c726c62cd26d928896d95417ba00939fc2deac605b755fc1c	public
data-and-baselines/yolo11-seg/visualizations/0000015_b1d0091f-75824d0d.jpg	data-and-baselines	140655	de197a0bac3c5c4e1ade9e3a7321336e9e630068225d766a5705c691f929c71d	public
data-and-baselines/yolo11-seg/visualizations/0000016_b1d0091f-f2c2d2ae.jpg	data-and-baselines	234773	9d4273e71d4f1b61c08b3dbb56009d0f98facda976a838c645f8eb8133805842	public
data-and-baselines/yolo11-seg/visualizations/0000017_b1d0a191-03dcecc2.jpg	data-and-baselines	213864	da3296db1329a0445e48d16645f74abb1084fc750bb844fc7ea214d5cf6342c0	public
data-and-baselines/yolo11-seg/visualizations/0000018_b1d0a191-06deb55d.jpg	data-and-baselines	214459	11cc23b2c800a73d6c69d3cefdbfdbd0cd88867e9d5a943157a941d876518b0b	public
data-and-baselines/yolo11-seg/visualizations/0000019_b1d0a191-28f0e779.jpg	data-and-baselines	228698	508b84dcdfb33ee515c311d6e62ea0ab3b9db472af8c8f8521752f0972efc855	public
data-and-baselines/yolo11-seg/visualizations/0000020_b1d0a191-2ed2269e.jpg	data-and-baselines	270878	5e96323f8e1e0266e42fa863b752569de69e3e54abdd7b46e80c9d8eccc1377b	public
data-and-baselines/yolo11-seg/visualizations/0000021_b1d0a191-5490450b.jpg	data-and-baselines	210494	118ce80e6e153f07b0267f2768bf69ccb79e4dd6b9342465da80a468870fe256	public
data-and-baselines/yolo11-seg/visualizations/0000022_b1d0a191-65deaeef.jpg	data-and-baselines	229782	22b2043f33908f660d88a5f149f102e2b67da9b8db9e4dfc7071af81903167f0	public
data-and-baselines/yolo11-seg/visualizations/0000023_b1d0a191-de8948f6.jpg	data-and-baselines	238783	7eb2eaf2adc690c7cedbe4fe8fb5c9bb4e5a61cf3ed2b64e7f03d9430cb497f4	public
data-and-baselines/yolo11-seg/visualizations/0000024_b1d10d08-5b108225.jpg	data-and-baselines	126546	ad84f093304fd5da58412c4bc0d49e9705da542d3a2bb64aedbdca81357b8a0d	public
data-and-baselines/yolo11-seg/visualizations/0000025_b1d10d08-743fd86c.jpg	data-and-baselines	133639	fba4f6884a90599f79c515625578a4da73331aee3ec607e61805973714a8d8db	public
data-and-baselines/yolo11-seg/visualizations/0000026_b1d10d08-c35503b8.jpg	data-and-baselines	218100	5d54b114ea4439243fa10633f801125509645a754ad9a9e90401c4bd3bf6b413	public
data-and-baselines/yolo11-seg/visualizations/0000027_b1d10d08-da110fcb.jpg	data-and-baselines	188301	372b6f065e6c8d2258a6e7bcc99479caff4332ba4ba45f5c11b91e24c9558d84	public
data-and-baselines/yolo11-seg/visualizations/0000028_b1d10d08-ec660956.jpg	data-and-baselines	251478	8a3bb424990e973c94836c042baea4342c8a5a1bcd98eb765e9911ac092ec7dd	public
data-and-baselines/yolo11-seg/visualizations/0000029_b1d22449-117aa773.jpg	data-and-baselines	112066	a38fe7ef1db75ca7dd449d97719a54eb2279ce99429a145cc53323e995ebbfff	public
data-and-baselines/yolo11-seg/visualizations/0000030_b1d22449-15fb948f.jpg	data-and-baselines	76693	e147d0a741af6e402b4204fb13949efba947db2529616177cd4e5e9408e6a27c	public
data-and-baselines/yolo11-seg/visualizations/0000031_b1d22ed6-f1cac061.jpg	data-and-baselines	238834	907950afb77ebabe987f131b165c0f48fef29f3a8a0528799d4abcd6920b5f5b	public
data-and-baselines/yolo11-seg/visualizations/0000032_b1d3907b-2278601b.jpg	data-and-baselines	94251	f2ed43149a24c0d6d75f62215bc02838ff998ae6498e944dcdcdd7da55afee03	public
data-and-baselines/yolo11-seg/visualizations/0000033_b1d4b62c-60aab822.jpg	data-and-baselines	168082	7f4cfe80759745027bc899b77528d3f8a6f63ad04a0d20f052bf9a4128bc4e5d	public
data-and-baselines/yolo11-seg/visualizations/0000034_b1d4b62c-89eeb5d3.jpg	data-and-baselines	111210	439267ebaa87a5331782314a5e4f3e35ef23bb1d8dafaf13a4ba1ea1078b5a3a	public
data-and-baselines/yolo11-seg/visualizations/0000035_b1d4b62c-d9805029.jpg	data-and-baselines	134881	6562fb5bad7b9aaf219b586317a6af2336fe8eebcc1a33cc5a2182abc805a162	public
data-and-baselines/yolo11-seg/visualizations/0000036_b1d59b1f-a38aec79.jpg	data-and-baselines	190946	5b49263d360e5f890d4100decf0cd94cf56446175ef8096154768dd744140fd3	public
data-and-baselines/yolo11-seg/visualizations/0000037_b1d7b3ac-0bdb47dc.jpg	data-and-baselines	123919	9a2c6bc533754ac51a86bd43cbc36b0b76b9b713e48849ae56d79e5412643a2d	public
data-and-baselines/yolo11-seg/visualizations/0000038_b1d7b3ac-2a92e19f.jpg	data-and-baselines	125840	ea1f10ccdd52b9c99945dc5deb95061b88177a7ed5e545f97e1808ee67d13785	public
data-and-baselines/yolo11-seg/visualizations/0000039_b1d7b3ac-36f2d3b7.jpg	data-and-baselines	140508	7800a0421bd8ac894618d9bbfabdd2288989da746e4b1a16c8f9e1e7c68e21ae	public
data-and-baselines/yolo11-seg/visualizations/0000040_b1d7b3ac-5744370e.jpg	data-and-baselines	123269	7fdc72692d6a4a5dd83184f3127db06513c95edbb208f8f9cab6ddc0db30804a	public
data-and-baselines/yolo11-seg/visualizations/0000041_b1d7b3ac-5af8623b.jpg	data-and-baselines	105548	5b0a83b27ea4c6bccbe3bf9aec1a8c05bf57dc4391d08e1f64ee3298c1a14f38	public
data-and-baselines/yolo11-seg/visualizations/0000042_b1d7b3ac-995f9d8a.jpg	data-and-baselines	198909	b5217510ae13b523a79191e2af8e901f91a760740bc21e2f23f7268602ad7d5f	public
data-and-baselines/yolo11-seg/visualizations/0000043_b1d7b3ac-9e14f05f.jpg	data-and-baselines	140453	a1dcaeb67cdebfb05bb7c5d106575f52a289c0c77b4d41e280a80c35b44bf6a7	public
data-and-baselines/yolo11-seg/visualizations/0000044_b1d7b3ac-afa57f22.jpg	data-and-baselines	103813	627e85c42113b619c07686241e958489bced1aa878599a7256a2e9df02327c6d	public
data-and-baselines/yolo11-seg/visualizations/0000045_b1d8735d-eee9f184.jpg	data-and-baselines	131003	c36543911e584e8eb046f188370c20144421b462a0e620fbad1a0f15f63fbd45	public
data-and-baselines/yolo11-seg/visualizations/0000046_b1d968b9-563405f4.jpg	data-and-baselines	226010	20c0d32c58126bd82deed1ecb1df68034bd623e4ec4ec89c7dfaa115030bfd93	public
data-and-baselines/yolo11-seg/visualizations/0000047_b1d968b9-ce42734f.jpg	data-and-baselines	174385	6f1ec4facf85ce68983521c62198fca6bc4cfa6d83047a6fd0cb02a561c3c5c1	public
data-and-baselines/yolo11-seg/visualizations/0000048_b1d971b4-ac67ca0d.jpg	data-and-baselines	248352	cda29e46d772d8aa7774cca826ebac6f14f29afeea3be1067b8225a3bc5b7d52	public
data-and-baselines/yolo11-seg/visualizations/0000049_b1d9e136-6c94ea3f.jpg	data-and-baselines	251175	c4a3152f7b72401103d068c21beef7a03b5755674dc69b15b247ecf39e61b7ac	public
data-and-baselines/yolo11-seg/visualizations/0000050_b1d9e136-9ab25cb3.jpg	data-and-baselines	226190	bf06d2834c79084cae38da905612654d8319e14f606d46711c3652154a1a0a75	public
data-and-baselines/yolo11-seg/visualizations/0000051_b1da9c53-0f3d4c5d.jpg	data-and-baselines	239757	28e4586a97006835d14a0eb5d0ae0f563c128f0e0285ee59feee993c3c1beba6	public
data-and-baselines/yolo11-seg/visualizations/0000052_b1dac7f7-6b2e0382.jpg	data-and-baselines	248866	436c8126c31695048e2255432c9c21951f6f7c5cc651a580227be93695df8134	public
data-and-baselines/yolo11-seg/visualizations/0000053_b1db7e22-cfa74dc3.jpg	data-and-baselines	111445	da8c88dcb9ef426af691a53edb45a9b8c722d0630c40b413faa0828809ace157	public
data-and-baselines/yolo11-seg/visualizations/0000054_b1dce572-c6a8cb5e.jpg	data-and-baselines	231383	a101330c9a74f810824cdab974b1a64df944d242db4007761e0364edd30505f9	public
data-and-baselines/yolo11-seg/visualizations/0000055_b1dd58c1-8b546ba7.jpg	data-and-baselines	208195	2a5f6bc5a3601411c961a6c629bbd45fbe5b6f2939ebf38c9c70ae5574acc232	public
data-and-baselines/yolo11-seg/visualizations/0000056_b1df722f-57d21f3f.jpg	data-and-baselines	140911	2f8408052f4cb3d9d97ac9d2c7070e105d1d945bf2220963b3d28cefee96d03f	public
data-and-baselines/yolo11-seg/visualizations/0000057_b1df722f-5bcc3db7.jpg	data-and-baselines	139498	c1a03080b0ea6565d57c3a339bed5c94c1064cbb85f9fb817251506ec4e8cc58	public
data-and-baselines/yolo11-seg/visualizations/0000058_b1e0c01d-dd9e6e2f.jpg	data-and-baselines	199674	1132b9e6f7c4b64271ad53e38154dbe7eb71f4acfa654f556fb4528344736855	public
data-and-baselines/yolo11-seg/visualizations/0000059_b1e1a7b8-0aec80e8.jpg	data-and-baselines	201261	f6279b73743aa8b2f9a3aa6b1de0013343a1c579e9c072aa1e8619c3d780df17	public
data-and-baselines/yolo11-seg/visualizations/0000060_b1e1a7b8-65ec7612.jpg	data-and-baselines	221480	7414eb78fb4840a89eff8543226625c87b14cd44a1afe9251c10d9d2f6a860df	public
data-and-baselines/yolo11-seg/visualizations/0000061_b1e1a7b8-a7426a97.jpg	data-and-baselines	133603	dc8f1bef0dad837df61079eee4d7c559edc7302e96b36639bf253e40f5ad674b	public
data-and-baselines/yolo11-seg/visualizations/0000062_b1e1a7b8-b397c445.jpg	data-and-baselines	166333	b7015c666d8f6d3b7145a0bfe7481abb0dc961b3a5f836ac432afc7894e5caa1	public
data-and-baselines/yolo11-seg/visualizations/0000063_b1e2346e-c5f98707.jpg	data-and-baselines	94212	735657384d0c547d4303056cfdb737dc740041631b85b1215bc313d3200f1d22	public
data-and-baselines/yolo11-seg/visualizations/0000064_b1e3e9f5-92377424.jpg	data-and-baselines	204870	da76cd09c1d0456b49cd387840a670a4a8c6701bb9b1145f7be8f0a20101bbfd	public
data-and-baselines/yolo11-seg/visualizations/0000065_b1e62c91-eca210a9.jpg	data-and-baselines	184927	8652a15cef1f3deaacbf599fab92cb440ad96e7a654e925592ec66350789f6e4	public
data-and-baselines/yolo11-seg/visualizations/0000066_b1e6efc0-2552cc5d.jpg	data-and-baselines	147336	534fbf9b35ecaff643ea2c7f9481bf229ce1912d17a2608e29132b1a3697f876	public
data-and-baselines/yolo11-seg/visualizations/0000067_b1e88fd2-c1e4fd2b.jpg	data-and-baselines	72641	a17dd337be4f685e85cd95a06f1d76bb78481420e86786d6f8c01e7b4f4208a8	public
data-and-baselines/yolo11-seg/visualizations/0000068_b1e8ad72-c3c79240.jpg	data-and-baselines	132798	61b6b5619ae7452feabf01bb7c384a5b7bbd02da33dcf7bbd916b2259b437ff9	public
data-and-baselines/yolo11-seg/visualizations/0000069_b1e9ee0e-67e26f2e.jpg	data-and-baselines	178132	dfa6d82e21fd022a26129a95aefdb62943f3eb33e646b4020a171c67e1756f5e	public
data-and-baselines/yolo11-seg/visualizations/0000070_b1ea0ae4-4f770228.jpg	data-and-baselines	131153	d0763ee16989b056a908189853ef1274bac5ca87a2ff69d76721d01802d3b7d6	public
data-and-baselines/yolo11-seg/visualizations/0000071_b1eb9133-5cc75c18.jpg	data-and-baselines	123992	646ca68b35525ba43c7882d112bf26c556ba675929754dcdd7e692255cfcb030	public
data-and-baselines/yolo11-seg/visualizations/0000072_b1ebfc3c-740ec84a.jpg	data-and-baselines	137959	0b41a6c50b412fda57cfe827d398963a6d2efcb7bb4ca26ab7570af6ff71f3f8	public
data-and-baselines/yolo11-seg/visualizations/0000073_b1ebfc3c-cc9c2bb8.jpg	data-and-baselines	188002	f50539607099eef7d2832197ffc71940a7e8cc98465bd34622fc72405e834b32	public
data-and-baselines/yolo11-seg/visualizations/0000074_b1ee702d-0ae1fc10.jpg	data-and-baselines	127871	4334c7b05bd188d70fdfd45ddbd1bb55ac77e3df24ad2c7ff4f0f3c32c40a077	public
data-and-baselines/yolo11-seg/visualizations/0000075_b1ee702d-4a193906.jpg	data-and-baselines	109440	8b3dab84c7ff2df380ce7a372f44637f11eb67507bb85248c69ba895b1869d09	public
data-and-baselines/yolo11-seg/visualizations/0000076_b1ee702d-525fcebf.jpg	data-and-baselines	86799	a488dd98f1d54e100e97bf2ec8711724a9aa260fb527bfae3bd4620c2a6b6f6f	public
data-and-baselines/yolo11-seg/visualizations/0000077_b1f022d3-3774de8b.jpg	data-and-baselines	218391	61bbc07bf401296aaad8c0a0fbf4b6a48da555ab7139b73b1a53d901a10b1594	public
data-and-baselines/yolo11-seg/visualizations/0000078_b1f022d3-45162c67.jpg	data-and-baselines	177588	b08d844446bb7ed71f9648a48c105cb89c3aff7b694d11d4c3315e6b8d8963ef	public
data-and-baselines/yolo11-seg/visualizations/0000079_b1f0efd9-37a14dda.jpg	data-and-baselines	176219	ca1b0a2822fdc17db8d88d1581332f5b5d97e08b734198b54d9d10e6e726f554	public
data-and-baselines/yolo11-seg/visualizations/0000080_b1f0efd9-e900c6e5.jpg	data-and-baselines	177688	4eb94d80541456c0329ef24474dd7b4128db3bb8cf68119837bfb1571405bc26	public
data-and-baselines/yolo11-seg/visualizations/0000081_b1f20aa0-3401c3bf.jpg	data-and-baselines	186227	ae9089e5f0df418c9db7354b82a49b5841f1db73a2be3e79547edbf3488ff2e3	public
data-and-baselines/yolo11-seg/visualizations/0000082_b1f20aa0-50213047.jpg	data-and-baselines	166181	2a4bcb91b0e57a2790d6f9393b0a2fb2bb85afb5fed4f24c3d062693bb825a18	public
data-and-baselines/yolo11-seg/visualizations/0000083_b1f20aa0-6ef1db42.jpg	data-and-baselines	109888	3be173c9ae8e6affb4d78ae0b17fc6c578d6a863fbfe988e949020819855f797	public
data-and-baselines/yolo11-seg/visualizations/0000084_b1f25ff6-1ddb7e43.jpg	data-and-baselines	191663	93f3cee0b89cef4b6d1429b0c205df95be3bf50f7b91fe71c9e9a0d0bffa3dcd	public
data-and-baselines/yolo11-seg/visualizations/0000085_b1f4491b-07b32e8c.jpg	data-and-baselines	176009	2b7ac7f4fb0175629a7db3f2938cfed399adedbe835661d8c1d01353588f619c	public
data-and-baselines/yolo11-seg/visualizations/0000086_b1f4491b-09593e90.jpg	data-and-baselines	147099	39fda2a84cccc5d0da456ba711d6e37b987e41481d57b5b2386f2c7ef8d1c1ce	public
data-and-baselines/yolo11-seg/visualizations/0000087_b1f4491b-16256d7c.jpg	data-and-baselines	200191	cc6b53816fad6d049043dfd17d9fe575096507d4223f5704811cc617857c0905	public
data-and-baselines/yolo11-seg/visualizations/0000088_b1f4491b-33824f31.jpg	data-and-baselines	215606	f5298c5b2d66763c5708838019509a5b272902c20b012610e149d2484b562820	public
data-and-baselines/yolo11-seg/visualizations/0000089_b1f4491b-846d8cb2.jpg	data-and-baselines	148468	22a19ce55c5d172249f0d3af8a7cfb895db3ec83f9c8e449b4d79c88bdda7203	public
data-and-baselines/yolo11-seg/visualizations/0000090_b1f4491b-97465266.jpg	data-and-baselines	235846	93090ea5f3f8ac3f7c54719950f0b16f0f56a3dec6258ff5e9ec127a92fb41c8	public
data-and-baselines/yolo11-seg/visualizations/0000091_b1f4491b-9958bd99.jpg	data-and-baselines	248130	47ecac949108b6a42e0416c1002347e6171751f87c09a406967b85d31fb135ba	public
data-and-baselines/yolo11-seg/visualizations/0000092_b1f4491b-bf7d513f.jpg	data-and-baselines	119171	74b567a786719919f923eaae138d79c2e2cf804de8354011ecfa0091eefb9c1d	public
data-and-baselines/yolo11-seg/visualizations/0000093_b1f4491b-cf446195.jpg	data-and-baselines	179117	34e8e906188b3ac1e19154dc2c83ec29beaf982259189999fc4c29245fbd3d22	public
data-and-baselines/yolo11-seg/visualizations/0000094_b1f4491b-d8d1459c.jpg	data-and-baselines	186700	edc1aa98d12f0df959f441a3848e3bceac0e2e753c6a18e5199940050ac85cc8	public
data-and-baselines/yolo11-seg/visualizations/0000095_b1f4491b-dd8dfed5.jpg	data-and-baselines	163676	a8bc6748476e92f48d996493eb7228fb89029990614005d5286062c2a37de190	public
data-and-baselines/yolo11-seg/visualizations/0000096_b1f62c41-ed0c6521.jpg	data-and-baselines	246066	c157fee07f20013b2e320ba64daf7c673d7feb057b62e8ce9f56f42ffe84a7fa	public
data-and-baselines/yolo11-seg/visualizations/0000097_b1f6c103-5ce1f3c6.jpg	data-and-baselines	105940	08531c801c6bb44d7bddd829b18b5575c40398db30629b5135d0eed6e953f3c5	public
data-and-baselines/yolo11-seg/visualizations/0000098_b1f6c103-8b75ea3e.jpg	data-and-baselines	159703	d5ba0fa140a38de15e0df7a247253114aa89927fb012d351d30d6a9abf0cbf72	public
data-and-baselines/yolo11-seg/visualizations/0000099_b1f6c103-b00e8aad.jpg	data-and-baselines	192283	4bc3797e2e1fb007aea0e074552a881f4dfbaa89b2f15d97140aa42304d84d1b	public
data-and-baselines/yolo11-seg/visualizations/0000100_b1f85377-44885085.jpg	data-and-baselines	119719	c84321c0d83dab81da774f5afdeb8b7bee3da37bcfdcaab81ad52b180d90f85b	public
data-and-baselines/yolo11m/args.yaml	data-and-baselines	1830	e562b6de14162574b3c3542c0735f88a08bf689b879ac0dadb19808dba894ed6	public
data-and-baselines/yolo11m/metric-curves/BoxF1_curve.png	data-and-baselines	341421	a189117097dc1fa97c71699e2d1cb85e26eea0e7c1f51aa0038ff39f853d8e27	public
data-and-baselines/yolo11m/metric-curves/BoxPR_curve.png	data-and-baselines	345503	56d995e86805b671685276aaff558479335e17f9a3fa6248ffea1893d70883af	public
data-and-baselines/yolo11m/metric-curves/BoxP_curve.png	data-and-baselines	282891	4207efb57e0f3defde4e32d3a158ab7c6060c88d468e18429c20099e7870bd88	public
data-and-baselines/yolo11m/metric-curves/BoxR_curve.png	data-and-baselines	340435	f488367ec1e1a2ddff8b98fbd08cb8013374babb0fe5388923334774c95f88d2	public
data-and-baselines/yolo11m/metric-curves/confusion_matrix.png	data-and-baselines	315355	188ccca8c0f1f5b54de5e6f14273a6cf847e867046fbfedd5e6bbd80754243e1	public
data-and-baselines/yolo11m/metric-curves/confusion_matrix_normalized.png	data-and-baselines	302857	f1e8ead971328e2e5caa6dbf4f652daf55e97169918848bd745d7c8e3784fed8	public
data-and-baselines/yolo11m/metric-curves/results.png	data-and-baselines	288067	4942aefc66d0be58cf02737d8aaa613fb6338019316f62a21de36825313a669f	public
data-and-baselines/yolo11m/pretrained/yolo11m-coco.pt	data-and-baselines	40684120	d5ffc1a674953a08e11a8d21e022781b1b23a19b730afc309290bd9fb5305b95	local-artifact
data-and-baselines/yolo11m/results.csv	data-and-baselines	9972	1bd54392a590a5ca14851de12cd8c3fe56931bc7d1e10e22b85b2248c92493fe	public
data-and-baselines/yolo11m/training-diagnostics/labels.jpg	data-and-baselines	123481	07a4d2ff6f73078d82bb2675d4dd82f63db688e463d31ff02d754976be6eeb3e	public
data-and-baselines/yolo11m/training-diagnostics/train_batch0.jpg	data-and-baselines	480150	22a03b3d719aca6ddd9e5a0ddb5a536256e199a1921b05fed723e101dd53c94f	public
data-and-baselines/yolo11m/training-diagnostics/train_batch1.jpg	data-and-baselines	506747	385ac05ac975cbadb8dca5db5373f273f00583f90bde4d02cf25756696442f38	public
data-and-baselines/yolo11m/training-diagnostics/train_batch109400.jpg	data-and-baselines	371810	480ab90e5faf7c457acf8591c54773941d7698f7dbee213a7b6bbaf91e5b940f	public
data-and-baselines/yolo11m/training-diagnostics/train_batch109401.jpg	data-and-baselines	343948	8f280ceaa76ebd5ee574ffa6efced47668710521f81bb4042d3b2ef67cc98a4d	public
data-and-baselines/yolo11m/training-diagnostics/train_batch109402.jpg	data-and-baselines	320910	14fae04bb9e87dc410b0c4900b78d40a43c08fe8a9a462d976940c3a42fae397	public
data-and-baselines/yolo11m/training-diagnostics/train_batch2.jpg	data-and-baselines	479406	fd0a91a6af9bebbb75a456b88e188cadcfc8af4022b14e327e4b6c0d6e6faae8	public
data-and-baselines/yolo11m/validation-diagnostics/val_batch0_labels.jpg	data-and-baselines	320624	30923a412d0eddb30fe346df4d0af8b8d9a68f947c4b66918698e43d258404c1	public
data-and-baselines/yolo11m/validation-diagnostics/val_batch0_pred.jpg	data-and-baselines	327255	67abc540db1e1bcd0e633a26c5861102cbdbd23d9df7cbc064e45bff018b9181	public
data-and-baselines/yolo11m/validation-diagnostics/val_batch1_labels.jpg	data-and-baselines	372060	f7ae27c830c116a421eb364bde694cfd19559e51f4b08da0f0b8a071202d1d05	public
data-and-baselines/yolo11m/validation-diagnostics/val_batch1_pred.jpg	data-and-baselines	373832	8db9cf7687eee5113fda2b040eddbbb1fe388c90de935466126d3ff11dbea891	public
data-and-baselines/yolo11m/validation-diagnostics/val_batch2_labels.jpg	data-and-baselines	357507	724257880e9ba919dc8fb2da6328416d15aecf02736a4628fdea095ef2baeadd	public
data-and-baselines/yolo11m/validation-diagnostics/val_batch2_pred.jpg	data-and-baselines	361829	f1bb20c3b9adca82f5d39930b0d64fc899e0aabc304d28cb49b5dd60c0abb310	public
data-and-baselines/yolo11m/weights/best.pt	data-and-baselines	40511781	9ed27957bee910180e0a28789e2f96bd62b98dd16463601e82e32e23d00d368e	local-artifact
data-and-baselines/yolo11m/weights/epoch0.pt	data-and-baselines	120830531	0a20bf7fd14925b102da0a77fc6ab1173056a9c50456b831215baec592930117	local-artifact
data-and-baselines/yolo11m/weights/epoch10.pt	data-and-baselines	120832259	ebec7f50601a4853a76e9960b983f5696aee08cae0c3d31ce67db25958ef1d66	local-artifact
data-and-baselines/yolo11m/weights/epoch20.pt	data-and-baselines	120833987	355000e576d3b4ee0b4f96f4df901cef17d4a7565bedfc18063163b4a4c936c3	local-artifact
data-and-baselines/yolo11m/weights/epoch30.pt	data-and-baselines	120835715	9cbc9b022c83273f1b6dfac12fc66e322e539ffe6139ce539564c855df3f4c46	local-artifact
data-and-baselines/yolo11m/weights/epoch40.pt	data-and-baselines	120837443	f6a49aab8dd56daff9b81e470d73c8c84cd87c31ec48ae0f51682c0eb2b5216f	local-artifact
data-and-baselines/yolo11m/weights/epoch50.pt	data-and-baselines	120839171	afd2b113d3378d92af8cfb193c85f70b894c3139fd2c8ca837584579b5eb6fdc	local-artifact
data-and-baselines/yolo11m/weights/last.pt	data-and-baselines	40511781	9ca3b3a6ee40693517397e9aefb75ce4d91f0136370a1e899eac4e34730e70dc	local-artifact
docs/PROJECT_GUIDE.md	docs	5307	db6667e844d1d3b9cf3d19e9c833eabc27d88caf69dd8bd50fbf6f7a9c1e3698	public
environment-and-reproducibility/dependency-snapshots/source-project/requirements-data-conversion.txt	environment-and-reproducibility	59	33bf8c5e1acb8a28e55d7d04abca67fdf6d2f20bad194f7f0c22bac4bdb4aae2	public
environment-and-reproducibility/dependency-snapshots/source-project/requirements-dataset-ninja.txt	environment-and-reproducibility	76	e07c49d8ba79d16c728952a7efd4630d244aed0bcf69f35a921a9aef6ec2873e	public
environment-and-reproducibility/dependency-snapshots/source-project/requirements-ultralytics.txt	environment-and-reproducibility	113	5012a7e726595c2ec143745885fc0241e24fbbd8ae00f32108b6a05a10dd6a1a	public
environment-and-reproducibility/dependency-snapshots/source-project/requirements.txt	environment-and-reproducibility	248	1fc81e3f9add8bc7f9faaa6260e1960ebba343b47a3f58b53805553690d5f650	public
environment-and-reproducibility/environment-snapshot/SHA256SUMS	environment-and-reproducibility	8185	eed169cdda7bd89c396d1bf90233c6d41e9e54441caaefc9323626106c7b2e7e	public
environment-and-reproducibility/environment-snapshot/captured_utc.txt	environment-and-reproducibility	21	39eec867d041ad583f5e552460b39d7ec0171bf501fbb0590b1f0ff7503a8579	public
environment-and-reproducibility/environment-snapshot/conda-env-list.json	environment-and-reproducibility	151	1c355799fbfb9e72d6036be21dd29220cc4d6af98ab988204e343ed0bf8e8c4b	public
environment-and-reproducibility/environment-snapshot/conda-env-list.txt	environment-and-reproducibility	229	f41a6ad657f40f9784fa4e98fff843d29f05225f3eb886f9c30242c8d09e1849	public
environment-and-reproducibility/environment-snapshot/conda-env-paths.txt	environment-and-reproducibility	104	5f7a12a1b2377e1b7f971edc27d9046f96e1bd4d8228ebfcdc07779ebdcb72fe	public
environment-and-reproducibility/environment-snapshot/conda-environment-01_conda.yml	environment-and-reproducibility	6070	945d9647c64698e6f18b7be8d0ac215ac2ecded2d74a298e7ff79472522c9a1d	public
environment-and-reproducibility/environment-snapshot/conda-environment-02_mmdet.yml	environment-and-reproducibility	0	e3b0c44298fc1c149afbf4c8996fb92427ae41e4649b934ca495991b7852b855	public
environment-and-reproducibility/environment-snapshot/conda-environment-current.yml	environment-and-reproducibility	6070	945d9647c64698e6f18b7be8d0ac215ac2ecded2d74a298e7ff79472522c9a1d	public
environment-and-reproducibility/environment-snapshot/conda-environment.yml	environment-and-reproducibility	6070	945d9647c64698e6f18b7be8d0ac215ac2ecded2d74a298e7ff79472522c9a1d	public
environment-and-reproducibility/environment-snapshot/conda-environments-error.txt	environment-and-reproducibility	0	e3b0c44298fc1c149afbf4c8996fb92427ae41e4649b934ca495991b7852b855	public
environment-and-reproducibility/environment-snapshot/conda-environments.txt	environment-and-reproducibility	229	f41a6ad657f40f9784fa4e98fff843d29f05225f3eb886f9c30242c8d09e1849	public
environment-and-reproducibility/environment-snapshot/conda-explicit-01_conda.txt	environment-and-reproducibility	15838	16f84649243ea0bdb38f0da08a2449448512321493fdf79262fe09a923a1777f	public
environment-and-reproducibility/environment-snapshot/conda-explicit-02_mmdet.txt	environment-and-reproducibility	2617	f028c7e0150b97ed6c8c57c2d28eed679aa1172fe2e53d0b4852b2759038edb3	public
environment-and-reproducibility/environment-snapshot/conda-explicit-current.txt	environment-and-reproducibility	15838	16f84649243ea0bdb38f0da08a2449448512321493fdf79262fe09a923a1777f	public
environment-and-reproducibility/environment-snapshot/conda-explicit.txt	environment-and-reproducibility	15838	16f84649243ea0bdb38f0da08a2449448512321493fdf79262fe09a923a1777f	public
environment-and-reproducibility/environment-snapshot/conda-info-error.txt	environment-and-reproducibility	0	e3b0c44298fc1c149afbf4c8996fb92427ae41e4649b934ca495991b7852b855	public
environment-and-reproducibility/environment-snapshot/conda-info.json	environment-and-reproducibility	2509	2bd6a866c1a017f8ba5fc3b6adcd85c4f01fe63b22ebff4928f02ac6fa50f531	public
environment-and-reproducibility/environment-snapshot/conda-list-current.json	environment-and-reproducibility	72361	faf47dd9fd1cb4187b6a10d1f77500896cb5093bd294b7fb1d4d65cb70327261	public
environment-and-reproducibility/environment-snapshot/conda-list-current.txt	environment-and-reproducibility	17132	5dae23c09ee7ed921fc0d20b8fa6cf172b7a8525040da388d02e01a58a00e82f	public
environment-and-reproducibility/environment-snapshot/conda-prefixes.txt	environment-and-reproducibility	56	d38949e5412f9163fc05aed0033c89569a92c3d80079d3df3c54256484cef445	public
environment-and-reproducibility/environment-snapshot/conda_environments/opt_conda/conda-explicit-error.txt	environment-and-reproducibility	0	e3b0c44298fc1c149afbf4c8996fb92427ae41e4649b934ca495991b7852b855	public
environment-and-reproducibility/environment-snapshot/conda_environments/opt_conda/conda-explicit-status.txt	environment-and-reproducibility	5	9f56e761d79bfdb34304a012586cb04d16b435ef6130091a97702e559260a2f2	public
environment-and-reproducibility/environment-snapshot/conda_environments/opt_conda/conda-explicit.txt	environment-and-reproducibility	15838	16f84649243ea0bdb38f0da08a2449448512321493fdf79262fe09a923a1777f	public
environment-and-reproducibility/environment-snapshot/conda_environments/opt_conda/conda-meta-packages-error.txt	environment-and-reproducibility	0	e3b0c44298fc1c149afbf4c8996fb92427ae41e4649b934ca495991b7852b855	public
environment-and-reproducibility/environment-snapshot/conda_environments/opt_conda/conda-meta-packages.tsv	environment-and-reproducibility	36825	8e08993ab5d9417291cedbc5a39eafe6e98d7cee6c8c0f428b31ee995492aaf6	public
environment-and-reproducibility/environment-snapshot/conda_environments/opt_conda/environment-export-error.txt	environment-and-reproducibility	0	e3b0c44298fc1c149afbf4c8996fb92427ae41e4649b934ca495991b7852b855	public
environment-and-reproducibility/environment-snapshot/conda_environments/opt_conda/environment-export-status.txt	environment-and-reproducibility	5	9f56e761d79bfdb34304a012586cb04d16b435ef6130091a97702e559260a2f2	public
environment-and-reproducibility/environment-snapshot/conda_environments/opt_conda/environment.yml	environment-and-reproducibility	6070	945d9647c64698e6f18b7be8d0ac215ac2ecded2d74a298e7ff79472522c9a1d	public
environment-and-reproducibility/environment-snapshot/conda_environments/opt_conda/prefix.txt	environment-and-reproducibility	11	ae0acab4664424229046b80a51c04dfc920039c7789da50b917226ecf5457467	public
environment-and-reproducibility/environment-snapshot/conda_environments/opt_conda/python-packages-importlib-error.txt	environment-and-reproducibility	20	4ed3e51b58ce8d49ee3b2372c86f2dcf769dcdea70e038b8dc0f7eaa3ee8a171	public
environment-and-reproducibility/environment-snapshot/conda_environments/opt_conda/python-packages-importlib.tsv	environment-and-reproducibility	2960	15827daa9160ffffe8894bd31f1a09f5d160a08c9186b7f34159a2f66beaf2ad	public
environment-and-reproducibility/environment-snapshot/conda_environments/opt_conda/python-version.txt	environment-and-reproducibility	15	9edcd9de9f8e140bb711a3434351e88200f29cad06dd2d0322b91f5d9e259f04	public
environment-and-reproducibility/environment-snapshot/conda_environments/opt_conda_envs_mmdet/conda-explicit-error.txt	environment-and-reproducibility	0	e3b0c44298fc1c149afbf4c8996fb92427ae41e4649b934ca495991b7852b855	public
environment-and-reproducibility/environment-snapshot/conda_environments/opt_conda_envs_mmdet/conda-explicit-status.txt	environment-and-reproducibility	5	9f56e761d79bfdb34304a012586cb04d16b435ef6130091a97702e559260a2f2	public
environment-and-reproducibility/environment-snapshot/conda_environments/opt_conda_envs_mmdet/conda-explicit.txt	environment-and-reproducibility	2617	f028c7e0150b97ed6c8c57c2d28eed679aa1172fe2e53d0b4852b2759038edb3	public
environment-and-reproducibility/environment-snapshot/conda_environments/opt_conda_envs_mmdet/conda-meta-packages-error.txt	environment-and-reproducibility	0	e3b0c44298fc1c149afbf4c8996fb92427ae41e4649b934ca495991b7852b855	public
environment-and-reproducibility/environment-snapshot/conda_environments/opt_conda_envs_mmdet/conda-meta-packages.tsv	environment-and-reproducibility	5821	9a8d8a70e85b690b0db61883e79473986d4a6238ddbeb6bbdef99ed8c507842a	public
environment-and-reproducibility/environment-snapshot/conda_environments/opt_conda_envs_mmdet/environment-export-error.txt	environment-and-reproducibility	4970	ca753edba6d5e160d78f75f075d8971132e5d5fa7dcb43a1d2f9ccafae0a1b03	public
environment-and-reproducibility/environment-snapshot/conda_environments/opt_conda_envs_mmdet/environment-export-status.txt	environment-and-reproducibility	54	da1eee5925898207f6a06033c6ae0c60d2a48a8529d620d9dc58e6dc9891a0bd	public
environment-and-reproducibility/environment-snapshot/conda_environments/opt_conda_envs_mmdet/environment.yml	environment-and-reproducibility	0	e3b0c44298fc1c149afbf4c8996fb92427ae41e4649b934ca495991b7852b855	public
environment-and-reproducibility/environment-snapshot/conda_environments/opt_conda_envs_mmdet/prefix.txt	environment-and-reproducibility	22	655b4bfe7504d0bde17dac235e0c5a108ce930a807ed1314afde769bb2967298	public
environment-and-reproducibility/environment-snapshot/conda_environments/opt_conda_envs_mmdet/python-packages-importlib-error.txt	environment-and-reproducibility	19	6d9392823a4111d029bd28470951681b66fddc7f80d64598052aa16af1edbe28	public
environment-and-reproducibility/environment-snapshot/conda_environments/opt_conda_envs_mmdet/python-packages-importlib.tsv	environment-and-reproducibility	826	3ce9d9b6cc92eece6844471244d98d052818dd2b45d0a90866b288e1d28fd1c3	public
environment-and-reproducibility/environment-snapshot/conda_environments/opt_conda_envs_mmdet/python-version.txt	environment-and-reproducibility	15	3a3e770b5b88976bcf0cbd90d1017a31bc68b8f66c44bebe06a3952a90b70aa7	public
environment-and-reproducibility/environment-snapshot/conda_environments/opt_conda_envs_rtdetr/conda-explicit-error.txt	environment-and-reproducibility	0	e3b0c44298fc1c149afbf4c8996fb92427ae41e4649b934ca495991b7852b855	public
environment-and-reproducibility/environment-snapshot/conda_environments/opt_conda_envs_rtdetr/conda-explicit-status.txt	environment-and-reproducibility	5	9f56e761d79bfdb34304a012586cb04d16b435ef6130091a97702e559260a2f2	public
environment-and-reproducibility/environment-snapshot/conda_environments/opt_conda_envs_rtdetr/conda-explicit.txt	environment-and-reproducibility	2617	f028c7e0150b97ed6c8c57c2d28eed679aa1172fe2e53d0b4852b2759038edb3	public
environment-and-reproducibility/environment-snapshot/conda_environments/opt_conda_envs_rtdetr/conda-meta-packages-error.txt	environment-and-reproducibility	0	e3b0c44298fc1c149afbf4c8996fb92427ae41e4649b934ca495991b7852b855	public
environment-and-reproducibility/environment-snapshot/conda_environments/opt_conda_envs_rtdetr/conda-meta-packages.tsv	environment-and-reproducibility	5821	9a8d8a70e85b690b0db61883e79473986d4a6238ddbeb6bbdef99ed8c507842a	public
environment-and-reproducibility/environment-snapshot/conda_environments/opt_conda_envs_rtdetr/environment-export-error.txt	environment-and-reproducibility	4972	df9ccc25606e468e3713e5cca0abd0306bc028f123662d1ae7c6ae2fbe86b335	public
environment-and-reproducibility/environment-snapshot/conda_environments/opt_conda_envs_rtdetr/environment-export-status.txt	environment-and-reproducibility	54	da1eee5925898207f6a06033c6ae0c60d2a48a8529d620d9dc58e6dc9891a0bd	public
environment-and-reproducibility/environment-snapshot/conda_environments/opt_conda_envs_rtdetr/environment.yml	environment-and-reproducibility	0	e3b0c44298fc1c149afbf4c8996fb92427ae41e4649b934ca495991b7852b855	public
environment-and-reproducibility/environment-snapshot/conda_environments/opt_conda_envs_rtdetr/prefix.txt	environment-and-reproducibility	23	04f4b52618f8bdbbf2f1a4416040f87dc9a43151e826fa9dfb267a4386461688	public
environment-and-reproducibility/environment-snapshot/conda_environments/opt_conda_envs_rtdetr/python-packages-importlib-error.txt	environment-and-reproducibility	19	f5523e5d893f5107fa578fd0133c5621e21844f2ee0c33c79b3def1997f912d0	public
environment-and-reproducibility/environment-snapshot/conda_environments/opt_conda_envs_rtdetr/python-packages-importlib.tsv	environment-and-reproducibility	431	258526c76f29ecbba76d22240f1e3f00778ee767edb63a9b9561d5e57376841c	public
environment-and-reproducibility/environment-snapshot/conda_environments/opt_conda_envs_rtdetr/python-version.txt	environment-and-reproducibility	15	3a3e770b5b88976bcf0cbd90d1017a31bc68b8f66c44bebe06a3952a90b70aa7	public
environment-and-reproducibility/environment-snapshot/data-disk-size.txt	environment-and-reproducibility	25	d8efe2e6a30b5ff12b8a2d93d1e11167059885e1784a6335d2346f26f902474c	public
environment-and-reproducibility/environment-snapshot/filesystems.txt	environment-and-reproducibility	1389	8a4880a367e9356ca7b7284c93fa667ca7d4b03d2b1de5ab673ef00c690774fc	public
environment-and-reproducibility/environment-snapshot/gcc-version.txt	environment-and-reproducibility	244	eff34675966cad070a21a3c70dc34932ff2c18e8fc606756eaf286a258ba866b	public
environment-and-reproducibility/environment-snapshot/git-version.txt	environment-and-reproducibility	19	30279da57eb04a496cb207bc2f7c7e04d9c94788be5bc68824e6727e283b264b	public
environment-and-reproducibility/environment-snapshot/lscpu.txt	environment-and-reproducibility	3193	7d3c7e54ff2a93e058c669c1829379b0a86573b34a337deaf23d525061d66997	public
environment-and-reproducibility/environment-snapshot/memory.txt	environment-and-reproducibility	207	db79864bc49536a651030686e7e762a7ee1aba72d93c79d3ddad827ad8027391	public
environment-and-reproducibility/environment-snapshot/mounts.txt	environment-and-reproducibility	10325	89284a2ad8e4d1bd6920615293e00bb2b0764d09969baacdb70c7e221a0e6cca	public
environment-and-reproducibility/environment-snapshot/nvcc-version.txt	environment-and-reproducibility	208	d311dbfe8f6f9daf71b78669dc82ce000742712243f10463e40ff1490df08420	public
environment-and-reproducibility/environment-snapshot/nvidia-smi-full.txt	environment-and-reproducibility	0	e3b0c44298fc1c149afbf4c8996fb92427ae41e4649b934ca495991b7852b855	public
environment-and-reproducibility/environment-snapshot/nvidia-smi.txt	environment-and-reproducibility	0	e3b0c44298fc1c149afbf4c8996fb92427ae41e4649b934ca495991b7852b855	public
environment-and-reproducibility/environment-snapshot/os-release.txt	environment-and-reproducibility	386	4bde2c39f541afb5ac413a03c8e5f57aa99b8fab304a62386dc0b16044cc0e2d	public
environment-and-reproducibility/environment-snapshot/pip-freeze-error.txt	environment-and-reproducibility	1085	88df4825ca52ba12cdd7d06cbd56b4382e5c078a47c38c62f99e13faac3bf43b	public
environment-and-reproducibility/environment-snapshot/pip-freeze-status.txt	environment-and-reproducibility	37	a9ae4939590fc3a7d3a1207fa138c2d63ce1adda21a9cb243396c7e1a7690a34	public
environment-and-reproducibility/environment-snapshot/pip-freeze.txt	environment-and-reproducibility	0	e3b0c44298fc1c149afbf4c8996fb92427ae41e4649b934ca495991b7852b855	public
environment-and-reproducibility/environment-snapshot/python-packages-importlib.txt	environment-and-reproducibility	3129	c20d9b33ab69dc134e23e41715d2b8811c3131391aac32d18d4e0dd26a26e106	public
environment-and-reproducibility/environment-snapshot/python-runtime.txt	environment-and-reproducibility	188	24310c747d7989e5ac35181fb90f3ca7eb5479d1f47cd63b798c6f9976287acd	public
environment-and-reproducibility/environment-snapshot/python-version.txt	environment-and-reproducibility	15	9edcd9de9f8e140bb711a3434351e88200f29cad06dd2d0322b91f5d9e259f04	public
environment-and-reproducibility/environment-snapshot/rivermind-data-size.txt	environment-and-reproducibility	25	d8efe2e6a30b5ff12b8a2d93d1e11167059885e1784a6335d2346f26f902474c	public
environment-and-reproducibility/environment-snapshot/root-home-size.txt	environment-and-reproducibility	34390	27402c2b336d35712228133e6963a07fb268bcb48df1e003bbdf6bffb6634bff	public
environment-and-reproducibility/environment-snapshot/system-packages.tsv	environment-and-reproducibility	11831	e03cdd67f015b4cac974d2ec4847bcb506e0c64592217d1e27b836c27ea487b4	public
environment-and-reproducibility/environment-snapshot/uname.txt	environment-and-reproducibility	124	20cbfa306e1767f1e92bc860c6fad64a4ef2341ef66185da47fdff031ebc8afb	public
failure-diagnosis/detection-matches/D-FINE-M/false_positives.csv	failure-diagnosis	4804349	fe4755d04e7fe111d3e97d117a14ab6262d1d4b082b9a1b727c246b3d990099b	public
failure-diagnosis/detection-matches/D-FINE-M/image_summary.csv	failure-diagnosis	392852	1bfe641bf98d9ed79dc4d9b5ac8fce128ea24c0648744d5ea598f92c67fab67f	public
failure-diagnosis/detection-matches/D-FINE-M/object_matches.csv	failure-diagnosis	43306519	8ea36ddf1acf71f26e53ff0292ff9072db2e70bdd3e28ab41531029b2a443a95	local-artifact
failure-diagnosis/detection-matches/D-FINE-M/summary.json	failure-diagnosis	3553	9d6fb79ded4015d6aa4eeabd7b859a9a8402662886b97218b158dab345d78c41	public
failure-diagnosis/detection-matches/YOLO11m/false_positives.csv	failure-diagnosis	5893084	5b05f537e42e1e0b76c30944f114f8c1f7287884da41f5fec4341905c0213838	public
failure-diagnosis/detection-matches/YOLO11m/image_summary.csv	failure-diagnosis	379972	f6b67ec4e43b9e18fd7fd2d98b6967773248b47f18ea7decabf46bd7755b3c31	public
failure-diagnosis/detection-matches/YOLO11m/object_matches.csv	failure-diagnosis	42742785	bdc3c4dad0d607a9d4111c47571a77679c5464d1e026c8f8429115f3f69107fc	local-artifact
failure-diagnosis/detection-matches/YOLO11m/summary.json	failure-diagnosis	3539	7bb3de206c737d6c299719e001e1f6c5585c8d851bd639f886869a90adefa01f	public
failure-diagnosis/detection-matches/artifact_manifest.json	failure-diagnosis	1523	a60485d5242bcf66b6b86be4ffe58bfe27ad32bb4fb6c30811fa6a917d4ee7ea	public
failure-diagnosis/detection-matches/metadata.json	failure-diagnosis	9395	c2bfea46dc71d9b6a3aa234408d5232bfc42391f593226e82fbfabb7d9f07a29	public
failure-diagnosis/failure-taxonomy/artifact_manifest.json	failure-diagnosis	1759	79029af794f214d45bdecb6cb00d9b64155aa8ace04df97ca6524e1f40f2c1dc	public
failure-diagnosis/failure-taxonomy/failure_object_table.csv	failure-diagnosis	49320715	d9a175a6ffbc9e58ef5718c2b7a304b088e5bb0248849468f374d35ebd68a94f	local-artifact
failure-diagnosis/failure-taxonomy/metadata.json	failure-diagnosis	2642	0e47b59a6188995619fcd4c364c388d663bb0a6cd95490d41d22cbafaba18fe2	public
failure-diagnosis/failure-taxonomy/subset_overlap.csv	failure-diagnosis	2627	a5f82539501012699207432a79b98cda8857c0a8789fa4e07392e42738dbf135	public
failure-diagnosis/failure-taxonomy/subset_summary.csv	failure-diagnosis	363	82141bc48014211a165d3a689e00cc1b1ddfcfc04d542daced8785823cd06d4d	public
failure-diagnosis/failure-taxonomy/subsets/dfine_supported_yolo_failure.json	failure-diagnosis	157938	a48f514aa5626e8011bd264287003e2727fa00c391231b5df872b49ed54013c9	public
failure-diagnosis/failure-taxonomy/subsets/small_high_risk.json	failure-diagnosis	511311	424a5ad09d1d227c451463d58425d77ddcee02cef93510f27a8c582c77f8e18b	public
failure-diagnosis/failure-taxonomy/subsets/small_jointly_missed.json	failure-diagnosis	478175	7c27e4543108d021077e7f4a767fe3ce286c53a698c90ba005a0c9ee1684c4e8	public
failure-diagnosis/failure-taxonomy/subsets/yolo_classification_failure.json	failure-diagnosis	36407	fcc5838a1d71c5e2ec1b5753567558647956f93e39b770eea846e03016a29440	public
failure-diagnosis/failure-taxonomy/subsets/yolo_localization_failure.json	failure-diagnosis	182398	0f435a73f28c90654b988c15ee4af5acbd4250477ad529ba4cad48c5c259fc48	public
failure-diagnosis/failure-taxonomy/subsets/yolo_low_confidence.json	failure-diagnosis	388959	7969dca263bb126832e063212082672af6292570e1445cce9de63c16d07712bb	public
failure-diagnosis/predictions/dfine-m/predictions.json	failure-diagnosis	459250300	10b4159d0f52e412714ac9ae076ac574ebbb74321ddcebab03e2bdbad55e3ebd	local-artifact
failure-diagnosis/predictions/yolo11m/predictions.json	failure-diagnosis	203847755	14ff8491f7849077cb7ead3ce7d9e618d2f92ee04bef0a8c68efdb1b836a54b0	local-artifact
failure-diagnosis/unified-evaluation/evaluation_metadata.json	failure-diagnosis	12780	4594332f0c49848d71a477c752bd376106e12469b308033cdcb8cc34b698203d	public
failure-diagnosis/unified-evaluation/model_comparison.csv	failure-diagnosis	613	8644815e63fa18bb92af56bb3477be5541c279c71f7b305af4f3ece7a9584d31	public
failure-diagnosis/unified-evaluation/models/D-FINE-M/coco_eval_arrays.npz	failure-diagnosis	403918	ceaa303036affcaca8beb573f41bf3716cb55d776b5c14ff9efcebe273f152e7	local-artifact
failure-diagnosis/unified-evaluation/models/D-FINE-M/coco_summary.txt	failure-diagnosis	960	072d70f185a46ab96cccd119ec82027cedbdbd5447d6bc8975f41751e849dc3a	public
failure-diagnosis/unified-evaluation/models/D-FINE-M/overall_metrics.csv	failure-diagnosis	358	79857d1bba0821a5bff71d53efe60d4cbffa94019c5e9c09122bb5cff732f98f	public
failure-diagnosis/unified-evaluation/models/D-FINE-M/per_class_metrics.csv	failure-diagnosis	1306	3f5fa2de48b5b7f198506d2e00c7aba148608281a49f82664d98891e11e18d26	public
failure-diagnosis/unified-evaluation/models/D-FINE-M/summary.json	failure-diagnosis	4810	5513aa689d1bcddbeae2bfc3baf8acc327158226b22766bb3cd706310bf67fe9	public
failure-diagnosis/unified-evaluation/models/YOLO11m/coco_eval_arrays.npz	failure-diagnosis	334082	306b0253c8b90ffdc309ef1b2ece92bc3d6e6545472d7a245dcc2e17042869e6	local-artifact
failure-diagnosis/unified-evaluation/models/YOLO11m/coco_summary.txt	failure-diagnosis	960	1c5654f352a4a02e4f35a158aa6a64c745b764eaa8fc9e72404422fe0e42e7cf	public
failure-diagnosis/unified-evaluation/models/YOLO11m/overall_metrics.csv	failure-diagnosis	358	fb466c90e389f44eabe303f3363aa1a0ca7690d23eaedad16c6765612279987f	public
failure-diagnosis/unified-evaluation/models/YOLO11m/per_class_metrics.csv	failure-diagnosis	1257	a4625dd0e7befb29c84d222450712dbbe3ce72bfd522f00b48693ca334eb2166	public
failure-diagnosis/unified-evaluation/models/YOLO11m/summary.json	failure-diagnosis	4755	68674f47869dd85f97045a370034a4c21b29a092d6234871e7f9b0e602c5bfcf	public
failure-diagnosis/unified-evaluation/per_class_metrics.csv	failure-diagnosis	2444	2d7622b2e4ec83e3361851162496668569915f82fb45a24d472bb5e4e7454143	public
failure-diagnosis/unified-evaluation/summary.json	failure-diagnosis	10932	0a5344b806cc9f6328c2b86ea90c91bd657b4ab3a1178609acf2a3a1aee3146d	public
final-testing/canonical-clean/artifact_manifest.json	final-testing	11029	88d2bace7a2f69e26c34e7eed4e2814b12e8317980602968b407d1b94282338b	public
final-testing/canonical-clean/canonical_clean_metrics.csv	final-testing	4696	27eff399c57deac2c25ed21dae8a108eb918b412670d2a9f35f1cc67610f377b	public
final-testing/canonical-clean/canonical_clean_per_class_metrics.csv	final-testing	16954	d065b2b13181d64108c1b659b95e8799c68b7c5cd8f320e2bcd5729f90048b90	public
final-testing/canonical-clean/canonical_clean_summary.json	final-testing	9894	796ffb5efad6cd4cc97a2274a85b32ae3ab450e626f759d1fe7b4c0a38ab4ee1	public
final-testing/canonical-clean/evaluations/baseline_dfine/metrics.json	final-testing	608	d2e203aa2065cd333a5ec382b95fc3ced08ff53e37988b549f746a48c4a1c22d	public
final-testing/canonical-clean/evaluations/baseline_dfine/prediction_audit.json	final-testing	556	3922ff9f17a964bcdbc79ab2bf86ee1af2f582747e5b7aa80c9283c8def18ee9	public
final-testing/canonical-clean/evaluations/baseline_yolo/metrics.json	final-testing	609	d7229c3e9bc8cf1949eb47bdf6c7fd0534c09ca081ec7d29ab8b2c4ad182f052	public
final-testing/canonical-clean/evaluations/baseline_yolo/prediction_audit.json	final-testing	545	17ecde7e4adc45fbd53d27c44c5298ec0640871649b7672bddd87f95f8ea034e	public
final-testing/canonical-clean/evaluations/common40/metrics.json	final-testing	612	b05123165e4672e8cfc49ad49b675788cc98bab8d3a128eb265edfbca54d587e	public
final-testing/canonical-clean/evaluations/common40/prediction_audit.json	final-testing	548	dc6a92ce81095dcb308439fd5c2ae34a6af31e46ae53b4c1b22a148b26b43755	public
final-testing/canonical-clean/evaluations/gate_scalar/metrics.json	final-testing	621	796d10c24586a4e487063ddc379779d962d62cbd7b3ad02ff2d1715006909ab4	public
final-testing/canonical-clean/evaluations/gate_scalar/prediction_audit.json	final-testing	549	9a2411b4e86eeeabc4f57f7fe8b8cadd806a542090ca993d3eb89097d0e5e760	public
final-testing/canonical-clean/evaluations/gate_typed/metrics.json	final-testing	617	d115a413444c26160188ee0ced53d770f5f1087fe78c2634dc614f3ce4adfd01	public
final-testing/canonical-clean/evaluations/gate_typed/prediction_audit.json	final-testing	548	b2f6e28e1f43698c2c50b1efb7d165c8704a18c36f3a6538d7c037ca22590118	public
final-testing/canonical-clean/evaluations/gate_typed_v2/metrics.json	final-testing	623	736b977f4b8307d19aa5e5979e1a213a45dc4618fcf439dfde10498d5d0e34b7	public
final-testing/canonical-clean/evaluations/gate_typed_v2/prediction_audit.json	final-testing	548	a260e79700bc1b6d2da37ddb86d8e66c02724f9bbe6b38989c5c530b3c9ce85a	public
final-testing/canonical-clean/evaluations/gate_uniform/metrics.json	final-testing	617	e7aa99f76cdb1c52a60f1641e53c89b91d35e5f5be3c13a446a7f1598a033187	public
final-testing/canonical-clean/evaluations/gate_uniform/prediction_audit.json	final-testing	547	e17cc5b878fd7c729a4cf825e71d2220bb9c8e73e1285d17182ac982ce822147	public
final-testing/canonical-clean/evaluations/p2_e20/metrics.json	final-testing	603	eeea21712352cf5fcc15243d52ea58fe0643b85bc288daebd9f7da7e8e49892d	public
final-testing/canonical-clean/evaluations/p2_e20/prediction_audit.json	final-testing	547	23a8bf15156230b7e9455f103ff45ab12c62339588efd448580ac8deb16f649a	public
final-testing/canonical-clean/evaluations/risk_e100/metrics.json	final-testing	601	947e7e86ec74669adce201f33fc2dd823f9da817c665e01e7ca6cf189c13108f	public
final-testing/canonical-clean/evaluations/risk_e100/prediction_audit.json	final-testing	548	46fa761d125f71cd797c55ae972518d84feecc95910381940d14b841c87bffc4	public
final-testing/canonical-clean/evaluations/risk_e56/metrics.json	final-testing	604	751ce7988dd28d4d1aaace404dab763ee5c341b2a96d59f18afab26194f48c95	public
final-testing/canonical-clean/evaluations/risk_e56/prediction_audit.json	final-testing	549	7a506ce37125f22c16edaaff8a129757d9c7848be0d8de3c079050d0bf4b9306	public
final-testing/canonical-clean/evaluations/standard_e20/metrics.json	final-testing	620	08ea8f77c2ed34037a57d3c2e006407d536f39b344a1e2bbf30bd352a755defd	public
final-testing/canonical-clean/evaluations/standard_e20/prediction_audit.json	final-testing	547	c7974a72c79241d53d7075d07079af09bee2fbd702075075d96a3f56ce650291	public
final-testing/canonical-clean/evaluations/uniform_e100/metrics.json	final-testing	616	b8dd9809ee406a12cc693d7dad350fba15a10c2b50cb716a5e57145430f8b6e1	public
final-testing/canonical-clean/evaluations/uniform_e100/prediction_audit.json	final-testing	547	f5b60e67d22ffcf61bd007652d612f0e82a6472154f14d44197af85c63ab06e8	public
final-testing/canonical-clean/evaluations/uniform_e56/metrics.json	final-testing	610	7a84cd9ba3f1f58bd9cfacddd2e7e2e86d8e59eb9b53451cb57bff050cfee928	public
final-testing/canonical-clean/evaluations/uniform_e56/prediction_audit.json	final-testing	549	0b48c4a76e5884e32d941c1d7b1362ef789590cbf0c79d37b683123702016d8f	public
final-testing/canonical-clean/prediction_registry.json	final-testing	16222	e748326efdcc4a388e01cd6b6aecf89df9f06a725ca5dc8e32a1e84fc3cd6a66	public
final-testing/canonical-clean/progress.json	final-testing	601	327388ce02e7b134b6efa34b64f125e4a5df726c06a0f32cde6a2549ebd41372	public
final-testing/corruptions/artifact_manifest.json	final-testing	14080	b2be2be57d06b103317ef7c80934d010c9171cd2d21ca8536e44cf21a25b85b3	public
final-testing/corruptions/benchmark_metadata.json	final-testing	1356	a339a9dede2ad7382d68fd37345b2e3987e066175b8c103681024f7f54eeaa78	public
final-testing/corruptions/corruption_metrics.csv	final-testing	58082	20b15fe7795afcd1e1714071a7ced51d2d0125b6ae8951b266d2140583f1b761	public
final-testing/corruptions/corruption_metrics.json	final-testing	126730	f3dbb92bf9b22d269513e6077a73b7ee493fcb0fc0f1bcafcb4890062b73e3d3	public
final-testing/corruptions/corruption_per_class_metrics.csv	final-testing	76742	fb3e60fadb4fea05764925725e33b6af8850f0314f7e08bdea319d28aaa19873	public
final-testing/corruptions/corruption_per_class_metrics.json	final-testing	207913	ee70d8fe22c0f014ecdb695d5e271bc45df729d2f77a2e15fab46bbd229f6124	public
final-testing/corruptions/executor_v2_equivalence.json	final-testing	849	6c16b1f1b3c6b89e1793e52f2640c40e1da8c0f29ad7c8ad602bf7c258181866	public
final-testing/corruptions/model_comparison.csv	final-testing	161	7228e7b513d12c97f91bbace91f86610749b587cd4332992b95a14cf01957634	public
final-testing/corruptions/model_condition_comparisons.csv	final-testing	9604	1a8be5d461241dc4c8535bb1a324c7fc4ed176aa6f2e00b63adff872afbe8aa6	public
final-testing/corruptions/model_corruption_family_summary.csv	final-testing	6450	e3fb2d38835cce4d26f596746ce9394f87c700e68011d168513167d6030e7a01	public
final-testing/corruptions/progress.json	final-testing	21707	f21df27cefe65005bef44f05c1890c16de39876729b308691e36ab73f0f49a8b	public
final-testing/corruptions/severity_summary.csv	final-testing	3718	5c1ba5e287f40f9510f3a4702634892df2d5ec707e9f07ade19ce9ddd7a5d5ca	public
final-testing/corruptions/summary.json	final-testing	6534	79405e719f85fe247573f45b3c329c95bf3cb2f64a391a0ef774b94d87b02d99	public
final-testing/corruptions/variant_records/common40_blur_s1.json	final-testing	5970	876bf9058768ca17771f9ff33f14d6feaf9265429029c1f1d47e80dea9a81529	public
final-testing/corruptions/variant_records/common40_blur_s2.json	final-testing	5954	73492ce40e1dbeaf62f6c43fa0672be745c60fd2429620fb7f015cdbba3eaeca	public
final-testing/corruptions/variant_records/common40_blur_s3.json	final-testing	5956	ed7d490703abb51edfb56fa3a662e5a3454a5252902a98d9cb467b29e63891aa	public
final-testing/corruptions/variant_records/common40_fog_s1.json	final-testing	6028	47e9820c283a4dd6230c63a1cd179224f902bcecd72caac2071171e05baa1598	public
final-testing/corruptions/variant_records/common40_fog_s2.json	final-testing	6022	1d53eee1d30a95b0f361d16b910385d46f8b78b701c8c530e9b2bb4b6bade460	public
final-testing/corruptions/variant_records/common40_fog_s3.json	final-testing	6017	ac17da91f26f872b91a911f78d775840a3311f0b5e8b91559bee1e12a71df7e7	public
final-testing/corruptions/variant_records/common40_low_light_s1.json	final-testing	6035	854922a0172072e1635b81887af742d1ecf2184f59fd53b2325bdea72b1bed2f	public
final-testing/corruptions/variant_records/common40_low_light_s2.json	final-testing	6015	cb21abfcb843e3b709824a2256c7d1bebd127887b03553dd6b878dc943292f9a	public
final-testing/corruptions/variant_records/common40_low_light_s3.json	final-testing	6014	d389d03974b965f57f1846f5ef50a1906eabeb4f6ad6f9cdc5c1130cec25f55d	public
final-testing/corruptions/variant_records/common40_noise_s1.json	final-testing	5970	d3e31a86fd7403f19bed8968c8fcedcc90df0ad0eddee0496f0f10ccd0c1b865	public
final-testing/corruptions/variant_records/common40_noise_s2.json	final-testing	5960	eac26839f60acbfa78f9c1c6f80c3d3816936a6b001d55ff471fedcf930cd864	public
final-testing/corruptions/variant_records/common40_noise_s3.json	final-testing	5951	41633f87692eb49d3e8f64afa4710f204b6f5e65e87dfcc310842ccf36534f06	public
final-testing/corruptions/variant_records/common40_rain_s1.json	final-testing	6094	695edd1606993fed147f85f14023a7958d4113c69fb20d4a5e064546f2dbea2b	public
final-testing/corruptions/variant_records/common40_rain_s2.json	final-testing	6093	c55677cadbb558431d556556fd5157c0d64bb00b957f01058db3b49450a08d25	public
final-testing/corruptions/variant_records/common40_rain_s3.json	final-testing	6084	3d6b1f253f292656ea40a2cbd94ce0c6e2b77e794525a94b6b3c93a265900c2c	public
final-testing/corruptions/variant_records/p2_e20_blur_s1.json	final-testing	5955	6bc8cd224d897e8b67fce07902f4512645005b68534c7d976cbe8584dcf6aec6	public
final-testing/corruptions/variant_records/p2_e20_blur_s2.json	final-testing	5940	2546efdca69a9290947c7a94cb1bb8ccaf8c15fcbbd44fbd397c02d7ecf0cfbd	public
final-testing/corruptions/variant_records/p2_e20_blur_s3.json	final-testing	5941	9cb3c21081087af2c1840f82da99ce2fbe83f27238b5154408ae71bfd1dfef35	public
final-testing/corruptions/variant_records/p2_e20_fog_s1.json	final-testing	6021	1d71eaa76be8f81386c4e8ed9e274d3d8704e0b2e6d67ae8fcbb50c0882a55eb	public
final-testing/corruptions/variant_records/p2_e20_fog_s2.json	final-testing	6017	f02b041b8c7c9ec79252be68e5d36957a66debba0b7eb24ddc7696606c637ad6	public
final-testing/corruptions/variant_records/p2_e20_fog_s3.json	final-testing	6010	4d912b691114b4eab1a1a12d40fc662fc1055b75528038cc31b14135ce2fc1df	public
final-testing/corruptions/variant_records/p2_e20_low_light_s1.json	final-testing	6010	d2820343d23a109860388abdf1c7e6e27de60ae3ab01ab720cce44bb0f8cb396	public
final-testing/corruptions/variant_records/p2_e20_low_light_s2.json	final-testing	6005	24740b072da218ac6687a23dd6ed183f2b9cc797c87c66478ec80270b8f99626	public
final-testing/corruptions/variant_records/p2_e20_low_light_s3.json	final-testing	5997	b4a596af44891e74462da172cc37cc40b223596440c0217becc0f34b241b4c12	public
final-testing/corruptions/variant_records/p2_e20_noise_s1.json	final-testing	5959	677df38b60b967918708c471f8635f0b2a50f5af9533ab6d549f1e91b82ff2b7	public
final-testing/corruptions/variant_records/p2_e20_noise_s2.json	final-testing	5948	e4ec777cbe55d88380c6ab313f5df5ff7e43361b260eba5e2068f973b21d57d1	public
final-testing/corruptions/variant_records/p2_e20_noise_s3.json	final-testing	5949	cafa794918fcda20bdf690393aaf7eda674b9c97ee08273768f8d3875fe3ed66	public
final-testing/corruptions/variant_records/p2_e20_rain_s1.json	final-testing	6082	12eccd08f7b057f94ba9c857a150ad498633a5870de5c5d8da56829df470b0e4	public
final-testing/corruptions/variant_records/p2_e20_rain_s2.json	final-testing	6080	9fce1a3d69e4dffd88b80fa72ee5559c5137f18980926454a668b68b68ae17e8	public
final-testing/corruptions/variant_records/p2_e20_rain_s3.json	final-testing	6075	20620422161e4cd14f7de919123df893ca3157b4d12327ee05b9c32f5bb72631	public
final-testing/corruptions/variant_records/rebu_risk_e56_blur_s1.json	final-testing	5972	578c0da555dea742e4e1082f188cc9a75c101b1b0086427d25f3607ad926eb68	public
final-testing/corruptions/variant_records/rebu_risk_e56_blur_s2.json	final-testing	5961	cec06cbcb77e17584dab3570a9606643fcb72c8346dd351d96595940d69d4f02	public
final-testing/corruptions/variant_records/rebu_risk_e56_blur_s3.json	final-testing	5966	6a8be66c4640a12bae1aabc06deba0a2dd2cb3bcc43865573fb4f96b0f6e6e37	public
final-testing/corruptions/variant_records/rebu_risk_e56_fog_s1.json	final-testing	6042	700f7ff5b1ecbfd36e040a63c6f6021ec0cefbf0876eecc5a6b4a095f51b0cee	public
final-testing/corruptions/variant_records/rebu_risk_e56_fog_s2.json	final-testing	6034	46c09a09f0a3b8d8027e9b43026358ccf90495d26c41a843a6a3368d6a47e803	public
final-testing/corruptions/variant_records/rebu_risk_e56_fog_s3.json	final-testing	6031	1490600b229f95b5dd4c8466aa29f8b44637242a9e6eea0e8dfa746c9ec52b77	public
final-testing/corruptions/variant_records/rebu_risk_e56_low_light_s1.json	final-testing	6048	11aa5f58f610d102f4e02760687fa969f75adddd52494b9a89c5d1b074aaf4e9	public
final-testing/corruptions/variant_records/rebu_risk_e56_low_light_s2.json	final-testing	6030	c91b7a7cd26c1e6339ed16668c728f906d33089e479df8429c90ad9db0987f74	public
final-testing/corruptions/variant_records/rebu_risk_e56_low_light_s3.json	final-testing	6028	31b4c8d0387eb329f4212d49e425d1738e96e1a896c050a6c0d70245484875e6	public
final-testing/corruptions/variant_records/rebu_risk_e56_noise_s1.json	final-testing	5977	2556076390c8b294bab00989ba3af5cdebcdd364f3db43516eecbbae93016714	public
final-testing/corruptions/variant_records/rebu_risk_e56_noise_s2.json	final-testing	5973	7586735b057383adb67cb35ff42d94da3e570e098d8f933f78bb7cad23b66db6	public
final-testing/corruptions/variant_records/rebu_risk_e56_noise_s3.json	final-testing	5969	88696cd9598e4c14a2cb4aaf0e80e903bcc81436afe7b0ced6f9c740ceeedb4e	public
final-testing/corruptions/variant_records/rebu_risk_e56_rain_s1.json	final-testing	6102	9aed2a911b42cee8c4c074efe89abd39ea2f4591b857d8b8ea23309956092701	public
final-testing/corruptions/variant_records/rebu_risk_e56_rain_s2.json	final-testing	6109	dc7ec26e3ddf17c8d6a774b49169c6f2396259d6e33005947b18a037e634cb95	public
final-testing/corruptions/variant_records/rebu_risk_e56_rain_s3.json	final-testing	6099	18cbda6b8efe5dc4d4aed05dd19cff80f7d7a667f507bb54bdb31c4b4e4d90be	public
final-testing/corruptions/variant_records/standard_e20_blur_s1.json	final-testing	5784	bb7500a40fd531b6c6c8037104ad53a4739b28dad1b576259fa7fe2596a3e01a	public
final-testing/corruptions/variant_records/standard_e20_blur_s2.json	final-testing	5967	fd2be243c50a5e3eea00a6ed5492f7563f4d81ed0faf3e9d58ab340121fecbae	public
final-testing/corruptions/variant_records/standard_e20_blur_s3.json	final-testing	5960	3ca878f50f297e07fb6b51ee25545387a1f18a0fca77b2e818689efe0472c01d	public
final-testing/corruptions/variant_records/standard_e20_fog_s1.json	final-testing	6046	a24b42a39f91f9dc3298ee2ca61da0d9a0059a5808d3170b4b65b2c1cd60e94c	public
final-testing/corruptions/variant_records/standard_e20_fog_s2.json	final-testing	6044	27a7e65c901fc9558e83aab1669cdd80ee4092462b996354585fb53c648dc370	public
final-testing/corruptions/variant_records/standard_e20_fog_s3.json	final-testing	6040	ced1e99ee5d88a30573dff856eeecebd835126250486a7561b2778d3f17e885f	public
final-testing/corruptions/variant_records/standard_e20_low_light_s1.json	final-testing	6035	72b3a3a76005b4f9cfc940464bc2d3b4d494776976da838cb37be1015cb02bec	public
final-testing/corruptions/variant_records/standard_e20_low_light_s2.json	final-testing	6028	9619cce6a87f5ed8ac7780958bacca4a1c45b1e6c47465aced9a82959e5e48ad	public
final-testing/corruptions/variant_records/standard_e20_low_light_s3.json	final-testing	6025	18ba5b0a1228de4be8c185dad7c16b238a74146441ff8845732a52a6beaf6708	public
final-testing/corruptions/variant_records/standard_e20_noise_s1.json	final-testing	5980	e4499e17db2786b0d3b8771f7bd61ab2e82d3afe2f857f4f9b0aa975b5344ee5	public
final-testing/corruptions/variant_records/standard_e20_noise_s2.json	final-testing	5978	d94e7aa7fedd6a29cca80059a05cecd4ef26bd1192c7603f1afcfdde661ffaa8	public
final-testing/corruptions/variant_records/standard_e20_noise_s3.json	final-testing	5971	48d9491040b18d5e4b0d5baea4a854a0c056f9fb7d97bfd6541c91aee0d30cf4	public
final-testing/corruptions/variant_records/standard_e20_rain_s1.json	final-testing	6108	fd76398945e851ebfb4887b781038764434b2d837665c373d6a8197fb631943f	public
final-testing/corruptions/variant_records/standard_e20_rain_s2.json	final-testing	6103	7cb0ae2804beb4e62e4034b8e69f5bc6cd8a89cf5934fb6e1af4cd5962abd6c9	public
final-testing/corruptions/variant_records/standard_e20_rain_s3.json	final-testing	6102	5ace15294b31eb9cd90708e67aa1606879674cd11e37d9a5fb1ae1d7ff94dc56	public
final-testing/corruptions/variant_records/uniform_e56_blur_s1.json	final-testing	5960	e6cae3da176fc857eb1dc3f52c30d58749b0abd4eae1356743d8c72f9616789c	public
final-testing/corruptions/variant_records/uniform_e56_blur_s2.json	final-testing	5953	fd3f22d42adfe2d914a41b1355edae1bc6d28fedd88b248d3555815c5e76d860	public
final-testing/corruptions/variant_records/uniform_e56_blur_s3.json	final-testing	5951	30fc37629e18f8aed2efc3d3b579f83279e949673fbb83d993cf25f7eb3638f9	public
final-testing/corruptions/variant_records/uniform_e56_fog_s1.json	final-testing	6024	cb0b290b5829dfb425b9d63ddb8cf2ed0b44ff53e3f1dc9fb66374b0d3645046	public
final-testing/corruptions/variant_records/uniform_e56_fog_s2.json	final-testing	6025	4daebec02e9d92ef0e613c1786e043855838010416cc0e21505de8945903491a	public
final-testing/corruptions/variant_records/uniform_e56_fog_s3.json	final-testing	6022	942ede6201d0634fd22497eed900329622f63ad68ece33b618a51988a6e20348	public
final-testing/corruptions/variant_records/uniform_e56_low_light_s1.json	final-testing	6032	6880bdfbc364129fd5525ec0703d140780d743e899abb0efe6b4c26f01aa7bbc	public
final-testing/corruptions/variant_records/uniform_e56_low_light_s2.json	final-testing	6018	aa02a78a089c51ce1aae3526b2d0d25a8951f2a277a6a13f800fb4590c10682e	public
final-testing/corruptions/variant_records/uniform_e56_low_light_s3.json	final-testing	6009	74954aac9d526ee32cd0b1d0c2a6853cf39dd49271ee95416d50592f308649cc	public
final-testing/corruptions/variant_records/uniform_e56_noise_s1.json	final-testing	5964	1e4ae10180154b465b2a1bff443bfa9189d13e31bb056efea03a3b5f48943128	public
final-testing/corruptions/variant_records/uniform_e56_noise_s2.json	final-testing	5961	8a40edc4b14ce525854bb1a9ca9c1ba30484c4243da65e36d0516664f5f62fae	public
final-testing/corruptions/variant_records/uniform_e56_noise_s3.json	final-testing	5956	559912facf8a6b6d980c349041a637b6ea438630c74511dcb827a60113597abb	public
final-testing/corruptions/variant_records/uniform_e56_rain_s1.json	final-testing	6100	5272c4e65e5b2c45bd543dff17366ee36346e49a21fb9926c1986bb675d87b4c	public
final-testing/corruptions/variant_records/uniform_e56_rain_s2.json	final-testing	6093	cb04076948e03d16bfcc2505b7a88dfccf181954ffbe5044a523a32b232df03b	public
final-testing/corruptions/variant_records/uniform_e56_rain_s3.json	final-testing	6083	ebe0ea381b9a5b25bb958f572ad63c54e42cbb3c61e03a99349c1d31e321e88f	public
final-testing/efficiency/artifact_manifest.json	final-testing	741	bee305e01b57dca02fe3b66ee7802596204dac811494c40a2d52e70dc99257cc	public
final-testing/efficiency/efficiency_summary.json	final-testing	8660	473c1a1091d3385bb7d952d0d3f7746ae60dc06af2ef759608a09d6e9155799b	public
final-testing/efficiency/efficiency_table.csv	final-testing	468	ec4fc897eb47e225dd9f9bfda5ea549f3a880588514ef918bc5523b065ff7b6c	public
final-testing/efficiency/latency_measurements.npz	final-testing	4803	77d478bd304870831cc6779aaafc946e945bb2147e5f025221ad5698e5898be0	local-artifact
final-testing/efficiency/metadata.json	final-testing	2767	0cba5f7d858a19737236b8190805332469f49cc9804c606e8ce4c656d75f5b9f	public
final-testing/exposure-audit/arm_exposure_summary.csv	final-testing	589	6b280a07de06aa825b2c6f89824195462ece6c07f25889117412a3d3c2e940be	public
final-testing/exposure-audit/artifact_manifest.json	final-testing	1382	94b87f98f4c320da3bc0bf1d87b9c5820682d9dbd1a3443eb4f2f42cdb78d33f	public
final-testing/exposure-audit/class_exposure.csv	final-testing	1003	e99f72525a6406d8077d2b5cdce3f59f5dd2f7848344ed1c2f4570d7a91dec96	public
final-testing/exposure-audit/metadata.json	final-testing	904	5e94cb467db134d65986f1aa2c2cf89cf60e7a645e7beaddc9f398dda7b3d53f	public
final-testing/exposure-audit/objects_per_view_histogram.csv	final-testing	2689	cc3321474ab080ca9a66318241b3926770c7137cbfd2c79056b234ee2f700997	public
final-testing/exposure-audit/scale_exposure.csv	final-testing	785	64188e6cb9089cfeb380edf54bcbd808c1bd23955d1681ec59ba9f27b8d2f64c	public
final-testing/exposure-audit/source_image_exposure_histogram.csv	final-testing	101	59bae0948a2d9becda19556a3c7847c68dedbbb630ce489d6066cabf0b4f9713	public
final-testing/exposure-audit/summary.json	final-testing	4468	def588f808a979b01d6b5d3149d7acd94b57edc6d188823498b6cd463c8a7d3f	public
final-testing/exposure-audit/target_exposure_by_class.csv	final-testing	545	9cf8474b4eae005dd33b0af2d10d73de77e0263869498062a6ad23e5097991bf	public
final-testing/failure-subsets/artifact_manifest.json	final-testing	1759	79029af794f214d45bdecb6cb00d9b64155aa8ace04df97ca6524e1f40f2c1dc	public
final-testing/failure-subsets/failure_object_table.csv	final-testing	49320715	d9a175a6ffbc9e58ef5718c2b7a304b088e5bb0248849468f374d35ebd68a94f	local-artifact
final-testing/failure-subsets/metadata.json	final-testing	2642	0e47b59a6188995619fcd4c364c388d663bb0a6cd95490d41d22cbafaba18fe2	public
final-testing/failure-subsets/subset_overlap.csv	final-testing	2627	a5f82539501012699207432a79b98cda8857c0a8789fa4e07392e42738dbf135	public
final-testing/failure-subsets/subset_summary.csv	final-testing	363	82141bc48014211a165d3a689e00cc1b1ddfcfc04d542daced8785823cd06d4d	public
final-testing/failure-subsets/subsets/dfine_supported_yolo_failure.json	final-testing	157938	a48f514aa5626e8011bd264287003e2727fa00c391231b5df872b49ed54013c9	public
final-testing/failure-subsets/subsets/small_high_risk.json	final-testing	511311	424a5ad09d1d227c451463d58425d77ddcee02cef93510f27a8c582c77f8e18b	public
final-testing/failure-subsets/subsets/small_jointly_missed.json	final-testing	478175	7c27e4543108d021077e7f4a767fe3ce286c53a698c90ba005a0c9ee1684c4e8	public
final-testing/failure-subsets/subsets/yolo_classification_failure.json	final-testing	36407	fcc5838a1d71c5e2ec1b5753567558647956f93e39b770eea846e03016a29440	public
final-testing/failure-subsets/subsets/yolo_localization_failure.json	final-testing	182398	0f435a73f28c90654b988c15ee4af5acbd4250477ad529ba4cad48c5c259fc48	public
final-testing/failure-subsets/subsets/yolo_low_confidence.json	final-testing	388959	7969dca263bb126832e063212082672af6292570e1445cce9de63c16d07712bb	public
final-testing/frozen-protocol/artifact-manifest.json	final-testing	449	bc6bac887694d7e4e09210e6996df22d1cf7006b8c44957011bd4fcf9112adce	public
final-testing/frozen-protocol/final-testing-protocol.json	final-testing	13677	693c39375cc1eefc4f3ff9f957a8355fb947552a19dfef228cae6cfc21e3dcfe	public
final-testing/frozen-protocol/input-inventory.json	final-testing	25233	47354efac7fa634a8e6c713de8adb188ee40be265c25202f35bbb657ba23d16d	public
final-testing/logs/canonical_clean_v1_controller.log	final-testing	52936	94646dc54ca88a3bcee28efcb4474b22c343e141b038bd06e25122ea1e5ead61	local-artifact
final-testing/logs/crop_scale_context_audit_v1.log	final-testing	2951	e386c1eaf120951559e7018b34a867b0cff8d832f446ac652566fe813bb92264	local-artifact
final-testing/logs/efficiency_evaluation_v1.log	final-testing	5278	8438bf8434c21afa0d1fcff9d3bd3e31bd2d3f3633f06f5b242b00a8fe15d4bc	local-artifact
final-testing/logs/exposure_audit_v1.log	final-testing	4921	a08549a30ddd820d745f950c1df202fdfb02acfab4a3d96673294c072521e234	local-artifact
final-testing/logs/paired_bootstrap_v1.log	final-testing	13297	4d486ea72e8351063bb8a58c9c4ed243d946fdcf89649c6c1a6b7e6b61b91804	local-artifact
final-testing/logs/paired_bootstrap_v2.log	final-testing	4765	c51c292d6133807ae4384ba8bde0a57c0f88a6b902682f90bf0e1ada6d873218	local-artifact
final-testing/logs/qualitative_cases_v1.log	final-testing	33633	9e7c661fd02ca00039a1821919450ce224a6bd829aedd2560cbda470387f6a8e	local-artifact
final-testing/logs/qualitative_cases_v1_fix.log	final-testing	33640	95af59fb5c0625d089d387f9d92fddd22e1e85ba4910659722e5d62a1b5ab64c	local-artifact
final-testing/logs/qualitative_cases_v1_schemafix.log	final-testing	34354	c7aeac6f457ecf71d6b3eac0186596194c0c612129d0c12cdbc70915dd8c5646	local-artifact
final-testing/logs/representative_corruptions_v1.log	final-testing	8008	86e9e7c78baa019dd519d9f6272b9b8e57e1d083922a2169f411f26123caf354	local-artifact
final-testing/logs/representative_corruptions_v2.log	final-testing	380569	fded5d52433535cbdc05eb628bad7e8c6453c2eeabb537f943a751470ebc4de5	local-artifact
final-testing/logs/threshold_sensitivity_v1.failed_cli.log	final-testing	6623	20d18458fbab418795808611bc59fb4d4fc83c4f9c59779daae12c07c481dbac	local-artifact
final-testing/logs/threshold_sensitivity_v1.log	final-testing	53889	4b77ba23b56f1ad4326a76b00750d434d1f852692987ac52facb108be7b44d58	local-artifact
final-testing/paired-bootstrap/artifact_manifest.json	final-testing	3206	35b07a65bffb2e1e72a31dcee9cc568c1dea36d181f7bdf68e51401c594c0115	public
final-testing/paired-bootstrap/bootstrap_model_metrics.npz	final-testing	1401097	308e2fc04314936e06658d49df242ede049a75c528e787b32c8e1d501c382032	local-artifact
final-testing/paired-bootstrap/equivalence_validation.json	final-testing	290	c72b08d4ddf3576a8ba8c4536f117d84918541b45d6e6135a4ed3677b6f076f8	public
final-testing/paired-bootstrap/metadata.json	final-testing	931	89afbce75ebcf057d5c774f124d793adbf40cd405a27fc75c91da78a08f46f98	public
final-testing/paired-bootstrap/model_distributions/baseline_yolo.npz	final-testing	119540	82425f83d9930ac2056dfdb059594776ea5c97c065464074735f9e2281f3e2df	local-artifact
final-testing/paired-bootstrap/model_distributions/common40.npz	final-testing	119559	e0a6e6ca91f1f86c174781bfb20b5eee3eca9795ca7dca6208a6d5d71a20255b	local-artifact
final-testing/paired-bootstrap/model_distributions/gate_scalar.npz	final-testing	148396	7fa8828598822517badd7f57c58721a168c09ab2396ccd0a0c6901be6afc0320	local-artifact
final-testing/paired-bootstrap/model_distributions/gate_typed.npz	final-testing	148501	8383af7e44ce43932b05901e38b9a63e44f25a10a3345c151d6a2c5cf5a910d4	local-artifact
final-testing/paired-bootstrap/model_distributions/gate_uniform.npz	final-testing	148654	240e722c1fac13c3684c8d516d987e475fbb59218cf009eac3f4851b678543f2	local-artifact
final-testing/paired-bootstrap/model_distributions/p2_e20.npz	final-testing	119325	791fe38ab4a2f0490ad9b43348e838517e3c197169d4ab46824980f65fd1fb48	local-artifact
final-testing/paired-bootstrap/model_distributions/risk_e100.npz	final-testing	119359	33594678b48f36816cee8bb45b9c0bc6439d20b1cb837cd88c92094470cf5fdb	local-artifact
final-testing/paired-bootstrap/model_distributions/risk_e56.npz	final-testing	119294	7184a7476554ed57141cdf1beef384449ab8dadfc751d7405b15a5efc5c2a109	local-artifact
final-testing/paired-bootstrap/model_distributions/standard_e20.npz	final-testing	119598	137b1f2c83a3579ef6c0052267757ca8c31f7c47ed398308ffe2e2b1ff6dea13	local-artifact
final-testing/paired-bootstrap/model_distributions/uniform_e100.npz	final-testing	119275	3d578710e85dd9499fb91d1445f9e22eec551f671db1cc296650e1eb7f746a36	local-artifact
final-testing/paired-bootstrap/model_distributions/uniform_e56.npz	final-testing	119470	3f74e20b1e4a56598360bdbf8b9614d0379cd89de4f7d02b2f271e8d3c6c10a4	local-artifact
final-testing/paired-bootstrap/paired_bootstrap_intervals.csv	final-testing	17398	b55be58300d8a5e673ab91cd79e4fd77e7ecd4cf58a8348eb8b3b305c0e35f4e	public
final-testing/paired-bootstrap/paired_image_weights.npy	final-testing	40000128	db803349ac80aee1fc20ad9f0d79dabddd0e2130d69749529a51af79f84ea7dc	local-artifact
final-testing/paired-bootstrap/performance_benchmark.json	final-testing	232	78cf16e015cfb92aadf39c410506252107349f6ca07f410eaf24cab25fcd4855	public
final-testing/paired-bootstrap/run_state.json	final-testing	499	4bd44ee732bbed1fd6309340f63defc27effa90f10b9058afc5de3cecdd80892	public
final-testing/paired-bootstrap/summary.json	final-testing	10176	d542f340f848f9bc9f8a4d4453fe42509732a1a561e8b0a42aab0a6f8497fe99	public
final-testing/qualitative-cases/artifact_manifest.json	final-testing	2167	a1b13f5e699481c946fb03de62f657ee0b56c3fe3efd83122676fcb7759cf2d3	public
final-testing/qualitative-cases/case_selection.csv	final-testing	4084	361731163b3fc520bf966531b19178f71854ea767dce2537a2f8e2a777eb051a	public
final-testing/qualitative-cases/case_selection.json	final-testing	109637	36b802476fe4ad7c8ab6d4898a24c6a823194c994ccb92ce988688874761a861	public
final-testing/qualitative-cases/corruption_probe_summary.json	final-testing	231	f062a8e0a853458c145fe7ad369bf4d6a855232cdb2479c64980aae202624e90	public
final-testing/qualitative-cases/figures/blur_or_noise_failure.png	final-testing	1374947	838798318c46cf61b2b65a2ddf1495d51050141a18fd207815bbe1b8a73d4837	public
final-testing/qualitative-cases/figures/blur_or_noise_success.png	final-testing	1430801	2c19807ebe0a545f84f5bc9de201a1b2a41d0bad950a6f07cdd70eeaaa333655	public
final-testing/qualitative-cases/figures/crop_context_condition_shift.png	final-testing	1814905	ca8579583dfee3c4b38eb13195eef660bc8f5291e167704ff90874af8650530c	public
final-testing/qualitative-cases/figures/crop_scale_condition_shift.png	final-testing	1487998	13c7715baf3d09e4313aa7fa2c96f0f5c17cbdb7f6d8d0bf5e4191abd0211526	public
final-testing/qualitative-cases/figures/p2_remaining_failure.png	final-testing	629719	0303040d4cbe2287dece15257b38997d24109e939e7b4c4ca107308a383f45aa	public
final-testing/qualitative-cases/figures/p2_repairs_small_failure.png	final-testing	781096	962ec2bc260476904b55634e688e7ef82cd6243402cc535246eef0b798812785	public
final-testing/qualitative-cases/figures/risk_non_transfer_in_original_scene.png	final-testing	657617	4243eb4655eb582b0cf5e24e01a92e14090aeaaa988e70731be909647c2ff6a6	public
final-testing/qualitative-cases/figures/risk_short_term_recovery.png	final-testing	635104	2122419b9d7ec78703a8e5e9db30c789e1b1a82e48c983d960d7119415209040	public
final-testing/qualitative-cases/metadata.json	final-testing	973	31b8ed6c74cd984b52348305dedc1689ecb8066e78b40663a2f824d8fd19cf30	public
final-testing/scale-context-audit/artifact_manifest.json	final-testing	1076	30a8c5043acab642bd025802ffd318e31515422f9671a5a54a56cbd820de558d	public
final-testing/scale-context-audit/class_summary.csv	final-testing	1104	cb36f8f69c9d1cb234242169f4b2c08c5edc0884570d59e11d7c9a542816af9c	public
final-testing/scale-context-audit/diagnostic_group_summary.csv	final-testing	1517	78f47d4c49c81161175fc9bc8f867b94b568904163783969aee401ef15b6309e	public
final-testing/scale-context-audit/metadata.json	final-testing	700	3f473ec7bc8df788ec5cdd59b7c531ce7216af56fa002672f82c68ae8827a693	public
final-testing/scale-context-audit/per_target_scale_context.csv	final-testing	8288723	978236943ca7df846b502f5de8e413e1d268188b5f6ff414ba6b56ad8193b7ff	public
final-testing/scale-context-audit/scale_transition_matrix.csv	final-testing	1574	aa8cdfa48199f86e2eec345d5e99beaa59b48f81c9ed776462c10fe5884708e3	public
final-testing/scale-context-audit/summary.json	final-testing	4402	72b1f54f6ca35683c381362ef9199a3eabb3b8fc53c8242a0bcd1917c263a2a8	public
final-testing/threshold-sensitivity/artifact_manifest.json	final-testing	9574	de9536176d1d171b60ac647ed4d834faf55f21598bae24e19440f4ef5f2a9460	public
final-testing/threshold-sensitivity/class_composition.csv	final-testing	44445	b78c58728eaf26218506ea43867fe8e968061987e19a26cddb63b967be22c0ea	public
final-testing/threshold-sensitivity/metadata.json	final-testing	756	f82a10f3ca8de4773ec85af39222160ed9665340adaf640bb040575bc38b672b	public
final-testing/threshold-sensitivity/primary_effect_direction_stability.csv	final-testing	14147	8df93c11bfb328e6372e8a22cf2b757e8b654ac0d92846273bbc004977e5cd54	public
final-testing/threshold-sensitivity/primary_recovery_metrics.json	final-testing	39507	d75426ee5054149e10af4b49e4dabd9f15a482f915225046dfb908d93709a142	public
final-testing/threshold-sensitivity/scale_composition.csv	final-testing	11753	9d4891deb1281ef7d6e3835d6272863f56274ed9de4713e1a3c616fa5a6fb079	public
final-testing/threshold-sensitivity/subset_annotation_ids/yolo_central__dfine_central.json	final-testing	1378662	3eab950673529b92a02fc21f61d6fe7d427ed412162f112d0b874fc16283f0d3	public
final-testing/threshold-sensitivity/subset_annotation_ids/yolo_central__dfine_high.json	final-testing	1365549	fc8cc342d1067e088800a7e726e1c2aa58e92ce0c3765c95b7ca6401ee2941cf	public
final-testing/threshold-sensitivity/subset_annotation_ids/yolo_central__dfine_low.json	final-testing	1392689	9bd9de574fbefce9f23ead6c0ac06af5b5e2014710e5c563b2af1b53ab350cce	public
final-testing/threshold-sensitivity/subset_annotation_ids/yolo_high__dfine_central.json	final-testing	1725864	502775352ae011692f7c4f5a59ec1970118f2848f236e1e36dfc04e44919b21f	public
final-testing/threshold-sensitivity/subset_annotation_ids/yolo_high__dfine_high.json	final-testing	1701654	a31d4b5e63f297164cacc27d4756894b3027c21799ffe3acb34b9b481a23a8fe	public
final-testing/threshold-sensitivity/subset_annotation_ids/yolo_high__dfine_low.json	final-testing	1743697	85d0278044eb26d876de2813bb45d30abab75abc3e3a0e50c7a026fc6a51f7cb	public
final-testing/threshold-sensitivity/subset_annotation_ids/yolo_low__dfine_central.json	final-testing	1208348	1372eb1ba9bfc10f7164ce1c0aea88ac4d521c57d7a763f374dfe647712a5dd6	public
final-testing/threshold-sensitivity/subset_annotation_ids/yolo_low__dfine_high.json	final-testing	1199916	a8aa91ca3de3a91ccfd02d392b179dfa6379f7105149ed82c8d0328692c5b636	public
final-testing/threshold-sensitivity/subset_annotation_ids/yolo_low__dfine_low.json	final-testing	1216483	ca7d2772b2417e5759a059975ecd7fe7c344436c82f21e4e2b3e6220048b4069	public
final-testing/threshold-sensitivity/subset_stability.csv	final-testing	6745	8a56cb05298c895417a67f1bcce7d12f7d3b8e37b383c734cdb519b6936dd47e	public
final-testing/threshold-sensitivity/summary.json	final-testing	4662	148b15816786ccebbae391859cb4678c851d7a9f25b402ef5fd5b4b44cc3f09d	public
final-testing/training-dynamics/artifact_manifest.json	final-testing	850	22ce36eed8f85d1e7cbc013b6763bb8c8535146fc6dd55c408c2f31b5356d2d9	public
final-testing/training-dynamics/matched_epoch_attribution.csv	final-testing	14296	331e9ff4dba7d73aedf452ff07bdf2bd37ff088d07cb568ce40bc70a95bfe0c7	public
final-testing/training-dynamics/metadata.json	final-testing	667	92c9e3884f441898d1c3713c116e434dc2161b66fc17f9ad4e9931be014a5463	public
final-testing/training-dynamics/optimization_schedule_audit.json	final-testing	5989	550ae93507ebf50ef77650080a66ad81ff629d77a05cf88c4c1c618247061dd0	public
final-testing/training-dynamics/summary.json	final-testing	3558	dc0aacaf78a78e7bf9da4f944baa63becbaa44c481d6e6ea871023d8b381e21b	public
final-testing/training-dynamics/trajectory_aggregate.csv	final-testing	2224	546af37cd934a7b7a8829600314c7da66d4630d79f4e328ddf027504f8d7c7ac	public
formal-training/checkpoints/common-epoch-40.pt	formal-training	41802609	c05ed70a608d026fef6178f40a4dee62e96323731700b42e426c311dd78b27f3	local-artifact
formal-training/checkpoints/risk-epoch-100.pt	formal-training	41805169	d85a864b7f84d0f408a68697cf9f4cbbfb73a9b821bb8ca392ba49c2956c447a	local-artifact
formal-training/checkpoints/risk-epoch-56.pt	formal-training	83003227	879b179c219914a83775cacb7074f1d7bd9836971fae24592a6a16d6e87fe102	local-artifact
formal-training/checkpoints/uniform-epoch-100.pt	formal-training	41805169	2af91824191b0d48d40e35856abafd388776815aaf0a629ace4e734a9be01cf7	local-artifact
formal-training/checkpoints/uniform-epoch-41.pt	formal-training	83002011	c7796cc7e0e0d9f03968e2fe33c40426723e089ec1c3b453dd5f9fbf2b11914e	local-artifact
formal-training/checkpoints/uniform-epoch-56.pt	formal-training	83003227	84aa86771d185c2c72fa277c609c1222d7a417a8197523c4a5ced2a6a91ebb1b	local-artifact
formal-training/common-training/frozen-inputs/artifact_manifest.json	formal-training	1106	ccf01cc4092237665dc4d73a587bd2a4f9a454cf7fceb0b4f17712ab8c6854aa	public
formal-training/common-training/frozen-inputs/formal_method_selection.json	formal-training	1244	ab2607964e4000453d699a23c7a4868bd71802ff1d132455b34a6df001b8dfbe	public
formal-training/common-training/frozen-inputs/formal_training_protocol.json	formal-training	3245	c40ad7567ebddd44d96390aa5e3c0340a19cbe6f84f83c944d0442ae69205a14	public
formal-training/common-training/frozen-inputs/rebu_risk_full70k.yaml	formal-training	346	237e2ac21ab0b7a5115bb0cd08c6722f22e2e4122756f3e96ea205e371f7b286	public
formal-training/common-training/frozen-inputs/rebu_risk_full70k_train.txt	formal-training	6316827	7a4c8f01a1ecc1ca2c4d6b4c6cd5a0afd341c2a091e8102e08995bd0351dfb92	public
formal-training/common-training/frozen-inputs/runtime_anchors.json	formal-training	561	02e3d768a0dc3a13498fc65ca35a584bd192c223537266f294eed0831eb2ac07	public
formal-training/common-training/frozen-inputs/uniform_full70k.yaml	formal-training	344	9cf4e0be79b3b78e48c2bb149dad1e0daf1f7f443e1ccf197b91ee9f1f04dcee	public
formal-training/common-training/frozen-inputs/uniform_full70k_train.txt	formal-training	6859986	d86707c944b4802105c11438621847e50b0af8512ee8ff9dce19a290adc4542c	public
formal-training/common-training/training-records/args.yaml	formal-training	2027	f05423460ef0af466db876663e5d1528f5c82c45340984621a46add3bcab2e93	public
formal-training/common-training/training-records/artifact_manifest.json	formal-training	956	5fff0d57aa336cf36074cf8da3aff1b3c0d58a169f5bc924d5ebaf978a6f77b7	public
formal-training/common-training/training-records/common40_completion.json	formal-training	1596	be2fcf83497fc816309247074c56e30939616f0aeca8335b61c11293714aaa92	public
formal-training/common-training/training-records/results.csv	formal-training	3485	08146eede95380b4c47a9592622cf04286905ee27b7a278596ac8991a6c1dd64	public
formal-training/logs/common40_v1.log	formal-training	53590024	fbfc0a5f3d93cee8397ef477d3f3d969602459390f9ef2a005a18bbcc7f23bf7	local-artifact
formal-training/logs/formal_branches_v2.log	formal-training	160399449	741ba3792378bc845f57daf3e52a69fde43576db9680e526fe095ba5a406c70f	local-artifact
formal-training/logs/trajectory_evaluation_v1.log	formal-training	147091	8028f716c67662670142a22bc504812c6380ca3d74bec381ea524803f5a7009e	local-artifact
formal-training/risk-branch/training-records/args.yaml	formal-training	2025	591b7269287ce9af0e4c331bc4b756014ed8172637024731a1d421dddcc87297	public
formal-training/risk-branch/training-records/artifact_manifest.json	formal-training	978	ddb04561482191319ac271c8c9d0d395fef27b7e81ab6c54d9bf003e0696e943	public
formal-training/risk-branch/training-records/branch_completion.json	formal-training	2071	0f4c8c3acde0d9a9c382f18da86e9a83a1f8c0068e5b45918e68df2d0871a0fe	public
formal-training/risk-branch/training-records/results.csv	formal-training	5244	12530bf948ecc97a8e1bf19107e9caa03603a26fe1c78e86b22585965de5feb9	public
formal-training/training-trajectory/checkpoint-evaluation/artifact_manifest.json	formal-training	20491	922f27c7b573e500f449809591af7e7886449b62e9f662ba50609ac1db695485	public
formal-training/training-trajectory/checkpoint-evaluation/matched_rebu_minus_uniform.csv	formal-training	10381	52b5a63e7996dee1364c658c942623f622461054955e4e6c3a89dcf14b364523	public
formal-training/training-trajectory/checkpoint-evaluation/metrics/common_e40.json	formal-training	2389	59084aac46602d27b3f3ed68d6c065a04d3498b95d08b40dc35a1cb9da10948d	public
formal-training/training-trajectory/checkpoint-evaluation/metrics/rebu_risk_e100.json	formal-training	2401	29efc5a26876f8561e007e74887f22df928c66187c513a8c149c9ce0397dab8c	public
formal-training/training-trajectory/checkpoint-evaluation/metrics/rebu_risk_e41.json	formal-training	2393	61ac92389d6efe996a1fb4ae233e5e9062cc494ba798b3a14e4e2359eba8c628	public
formal-training/training-trajectory/checkpoint-evaluation/metrics/rebu_risk_e46.json	formal-training	2398	3b35f72d30649f8a41606b5c2f2a059f58c94d43376915fa087d5ec1911d4996	public
formal-training/training-trajectory/checkpoint-evaluation/metrics/rebu_risk_e51.json	formal-training	2400	ac512dd90fbe9142683b2c2e56c89e56d3da81227b2f842878cad028d9cb975f	public
formal-training/training-trajectory/checkpoint-evaluation/metrics/rebu_risk_e56.json	formal-training	2391	5f0278b2898303b19a7e741fbc2c385d1cb5df76b8e8ec24d44600f31fe5cf84	public
formal-training/training-trajectory/checkpoint-evaluation/metrics/rebu_risk_e61.json	formal-training	2389	3e0c566ac04fe6d1bd3b81ecbe62c56a30c086014e9987e12e3a685593a7aa71	public
formal-training/training-trajectory/checkpoint-evaluation/metrics/rebu_risk_e66.json	formal-training	2396	92a9df18a9cf691b44095f9c725b09f5fbbfc1addeacc0f2ac365f05ace9dff9	public
formal-training/training-trajectory/checkpoint-evaluation/metrics/rebu_risk_e71.json	formal-training	2402	933c832242aa5bb5b04c4fa13f53947562ec5c148017c3489226ec5c3edc47d3	public
formal-training/training-trajectory/checkpoint-evaluation/metrics/rebu_risk_e76.json	formal-training	2395	8343c2c3f9eb1e14075a3c48ca43bbf38003b76af5c64dff41d07f616fbeb475	public
formal-training/training-trajectory/checkpoint-evaluation/metrics/rebu_risk_e81.json	formal-training	2392	d423a668016b2c7f513dedc23a372fd393479d3f8047de8165d7f1b5d65cabf7	public
formal-training/training-trajectory/checkpoint-evaluation/metrics/rebu_risk_e86.json	formal-training	2399	136828ff9060951825f320b3c4aae798b6d9739df51c05994449c2d4247e07bc	public
formal-training/training-trajectory/checkpoint-evaluation/metrics/rebu_risk_e91.json	formal-training	2402	43d9ad7f5cfc907d69bc5bdaa10bce61759619dd280ccb4119222c4192f8647f	public
formal-training/training-trajectory/checkpoint-evaluation/metrics/rebu_risk_e96.json	formal-training	2394	989b4b7635e9b3a1b746734e711ba2ac5f4a7c34719e9c1946b9d45a0534e01c	public
formal-training/training-trajectory/checkpoint-evaluation/metrics/uniform_e100.json	formal-training	2401	90c320e8c4cf34cb3b04fd73fd5689cd368bc9be5cac23027f19f618d63cb478	public
formal-training/training-trajectory/checkpoint-evaluation/metrics/uniform_e41.json	formal-training	2380	73b1e101654f1bef1d2cadf6c2b753f2c98468a19168d62414907d71efd1fb2a	public
formal-training/training-trajectory/checkpoint-evaluation/metrics/uniform_e46.json	formal-training	2387	4016af85de13c4b51f615a20f936e3a6d8ea633142c224f345d2b3dd7c671609	public
formal-training/training-trajectory/checkpoint-evaluation/metrics/uniform_e51.json	formal-training	2390	3ac2dd1a30a20f0cd258563353f2ebdb5051f6a8f7ca16e259cca990ca019c84	public
formal-training/training-trajectory/checkpoint-evaluation/metrics/uniform_e56.json	formal-training	2387	536ba94c8b29f635a29f7e08ccaa658428ebf4b24396c9a899d0307d6f12cb1b	public
formal-training/training-trajectory/checkpoint-evaluation/metrics/uniform_e61.json	formal-training	2382	53bbf02da9b75814a7192a51afb2e2aba5d07a385c74cc5eefc42687ed20299b	public
formal-training/training-trajectory/checkpoint-evaluation/metrics/uniform_e66.json	formal-training	2393	d686f0f15f65edcbc993325b00154db3a69d41b401d3f36a3ee36d83b3615274	public
formal-training/training-trajectory/checkpoint-evaluation/metrics/uniform_e71.json	formal-training	2386	532300bc98c9c10174c1bd08188662107948ba5e770933b504498caeebdeca81	public
formal-training/training-trajectory/checkpoint-evaluation/metrics/uniform_e76.json	formal-training	2387	17b70f8984a7a8a917ed2650f33d617f0d767caa64e700c1b50b46cf45f64382	public
formal-training/training-trajectory/checkpoint-evaluation/metrics/uniform_e81.json	formal-training	2387	b76d6b59d08d33d26e93d452901561275aa33543d871a28a4ca1afc66a9436e2	public
formal-training/training-trajectory/checkpoint-evaluation/metrics/uniform_e86.json	formal-training	2390	aba5a30afca3f9936cef5c4eac027f7dd6d3dcfe1a85c7fb2e82859f25b61ec4	public
formal-training/training-trajectory/checkpoint-evaluation/metrics/uniform_e91.json	formal-training	2386	c72fa0b0d5ef4e5d9cf034380c5c86fde41d2f96115a1c798a1b2060590f34cc	public
formal-training/training-trajectory/checkpoint-evaluation/metrics/uniform_e96.json	formal-training	2394	2fc7a13667d7f4d6deea1d57dec486b36756b76d8b16a3e9034ebc098de5a5b4	public
formal-training/training-trajectory/checkpoint-evaluation/trajectory_metrics.csv	formal-training	14621	79819bc2b7d5e4a033ed4371885d4a69f6e2641b20e8e42855e42d4854c36057	public
formal-training/training-trajectory/checkpoint-evaluation/trajectory_per_class_metrics.csv	formal-training	25582	37a20b78d68bd7df36e1887c6b5f52add98b4e8c13198ac2c6e0a98df67742b4	public
formal-training/training-trajectory/checkpoint-evaluation/trajectory_protocol.json	formal-training	10132	7dc023019c6c6945f837a1608847ec67f80efa4e6b505b0d11a48d2963e68afb	public
formal-training/training-trajectory/checkpoint-evaluation/trajectory_summary.json	formal-training	4306	b0ee1f494b315fcda084b5ac994a68ef7acaf52848333a023f6d5aaad978fab7	public
formal-training/training-trajectory/formal-branches-manifest.json	formal-training	2179	64dd9fdfc15db3fae8881a63f86254899187f6f6570b6bfa89129799bb589cd0	public
formal-training/training-trajectory/terminal-window-protocol/artifact_manifest.json	formal-training	237	0e2c9b9f3aad4bcdd6ec6c0946dc86d9ab29c0ef9e131b30a8e842e07dd9b272	public
formal-training/training-trajectory/terminal-window-protocol/terminal_window_protocol.json	formal-training	5081	b1caa2b76799d1184372a66c1d475ead2838e60389c29ff529cdfb859e63ef82	public
formal-training/uniform-branch/training-records/args.yaml	formal-training	2019	79312252de6e8823efd73df039d06a65bd4a59b78b25427abeea32616c8ebbc3	public
formal-training/uniform-branch/training-records/artifact_manifest.json	formal-training	974	8983b62906b3add00abc8b8210f651a14b476959f792ea3f9d11211efff221bc	public
formal-training/uniform-branch/training-records/branch_completion.json	formal-training	2057	87c0268aa4486c1e1c8bed8ba475853e432d45497c979cfabc1de66445d392dd	public
formal-training/uniform-branch/training-records/results.csv	formal-training	5234	88d3e9347989f9b494bc162eba0cc63043101141c93300d3434939fdd80dc981	public
project-management/audits/manifest-resolution/resolved-artifacts.tsv	project-management	159390	92138c028781ed2ba048830bbad4ba9b2ae3e73c6ef190add7c653185e312b5c	public
project-management/audits/manifest-resolution/summary.json	project-management	393	25a3bdff197f8060523eb28dcced165844c9f669714f69c6f606b77835f18e7a	public
project-management/audits/path-portability/machine-specific-paths.tsv	project-management	29839	dd2f0a978b835d31ca9dfaf9146c07972432737b7afe3d69be3d199caef708b8	public
project-management/audits/path-portability/summary.json	project-management	284	f9d70cef52e880ba8d113aba327b6d5a32eedccb724e4da95dfbeffc91fb0c31	public
project-management/audits/pre-report-readiness/CHECKLIST.md	project-management	1746	27765dcc90caa6f701b5d218af7b9ec8f7f1256601e9e5ee4dc94eb8674524c0	public
project-management/audits/pre-report-readiness/summary.json	project-management	2817	8379e895344af1047abbad5a458863b7d5f28468d360473b74c91b4a6828c589	public
project-management/inventories/archive-complement-summary.json	project-management	2082	1d4d2d23a5200f270fb1bc4db1b02223d0270eb22f9ec59e387645951a10f1df	local-artifact
project-management/inventories/archive-duplicate-removal-plan.tsv	project-management	802970	e51c3625e67c1ae337a7086d9ef8a96680c423298d71fb08656f06d89e570131	local-artifact
project-management/inventories/archive-retained-inventory.tsv.gz	project-management	11466298	2f4438798b74706c85110a7a64e92541e42ca988fe1fdbd75ad41738563de6fe	local-artifact
project-management/inventories/configuration-classification.tsv	project-management	453	c1c758f241b83b3b79469dba124b66b13df0a0c64d4032b04a7b32a67eb4113b	public
project-management/inventories/source-code-classification.tsv	project-management	14121	cf11e2216e8b973b361b7d75c08a6ac9817bff4c96a469ec4db726cdffe04708	public
project-management/provenance/ARCHIVE_POLICY.md	project-management	753	ea41430360fdb003dd3864cb6fdf00c3d625daf88dad85a438fd7d7d0ff90627	public
project-management/provenance/core-checksums.txt	project-management	568373	9889f6da6bab17e1a9d56d02e472c380cd33f12a086baf9412482a4a62e5d4d5	public
project-management/provenance/critical-model-files.txt	project-management	1339	e1283501034d11df77e36f225bd7424fc978d4e18c2e3c118711e4a1dc652d2e	public
project-management/provenance/critical-model-manifest.tsv	project-management	2450	fc872ca8aa9d5c540d6a83d8934f423af4f6425ab456dee8675ba4c69a1e7f4a	public
project-management/provenance/document-consolidation.json	project-management	1313	89334b0a2bb3166c4ec7fbc1de0d0dcfb879ff2fb361c904be4da84e04ad2351	public
project-management/provenance/semantic-path-migration.json	project-management	15173	83f81d8d012531f595ba55ce76f74f09501d11eea110d36e3ea1def64ee7f43c	public
requirements-dfine.txt	requirements-dfine.txt	362	87a69d49252de32ef63cdbdaae99e2db36e986cf3324efcb65772386c3331208	public
requirements.txt	requirements.txt	313	4f60578190914db413da0c74a26fc552af5e57509a4b1bb2fd5264d50c17b6af	public
research-evidence/figures/blur_or_noise_failure.png	research-evidence	1374947	838798318c46cf61b2b65a2ddf1495d51050141a18fd207815bbe1b8a73d4837	public
research-evidence/figures/blur_or_noise_success.png	research-evidence	1430801	2c19807ebe0a545f84f5bc9de201a1b2a41d0bad950a6f07cdd70eeaaa333655	public
research-evidence/figures/crop_context_condition_shift.png	research-evidence	1814905	ca8579583dfee3c4b38eb13195eef660bc8f5291e167704ff90874af8650530c	public
research-evidence/figures/crop_scale_condition_shift.png	research-evidence	1487998	13c7715baf3d09e4313aa7fa2c96f0f5c17cbdb7f6d8d0bf5e4191abd0211526	public
research-evidence/figures/p2_remaining_failure.png	research-evidence	629719	0303040d4cbe2287dece15257b38997d24109e939e7b4c4ca107308a383f45aa	public
research-evidence/figures/p2_repairs_small_failure.png	research-evidence	781096	962ec2bc260476904b55634e688e7ef82cd6243402cc535246eef0b798812785	public
research-evidence/figures/risk_non_transfer_in_original_scene.png	research-evidence	657617	4243eb4655eb582b0cf5e24e01a92e14090aeaaa988e70731be909647c2ff6a6	public
research-evidence/figures/risk_short_term_recovery.png	research-evidence	635104	2122419b9d7ec78703a8e5e9db30c789e1b1a82e48c983d960d7119415209040	public
research-evidence/frozen-results/FINAL_RESULTS.md	research-evidence	7257	63d9ed6da373b6fa06c4b996eaec89f6be3b467fd839aee06987a07a6a4d8201	public
research-evidence/frozen-results/artifact-manifest.json	research-evidence	5911	f570e08e57675c2fb5f090cf0dc30dc123b237d4049933ef95f3dce3713fae59	public
research-evidence/frozen-results/claim_evidence_matrix.csv	research-evidence	1500	3c4fc25ed32d7ebccf2d36ed8a2204b31f9d274ee88a2f945ae54bea5a170fb7	public
research-evidence/frozen-results/final_evidence_bundle.json	research-evidence	9146	6ea001d995d73334eaea916acdb4a1afbb70ac07a84fce7b2114dc1f891c7898	public
research-evidence/frozen-results/metadata.json	research-evidence	548	44bb8fcb8539ddf01a8cac8e42804ab077232083fcaaec59ee40a6553830e967	public
research-evidence/frozen-results/qualitative_figure_registry.csv	research-evidence	1836	fd43a1dc63b0e7e5d472ffaa394e4e9a992492ed57698b6fedc49a1cb27cddc6	public
research-evidence/frozen-results/tables/table_01_canonical_clean.csv	research-evidence	2435	59c8dc7fb09a96a78bf581b2872e8514466c7d8dfc313c6ef2773ed78a242394	public
research-evidence/frozen-results/tables/table_02_architecture_clean_efficiency.csv	research-evidence	934	ee3c2109858d77bcbd3fdd180b2dd6483137a739b659722b07ba82e06d0f5df6	public
research-evidence/frozen-results/tables/table_03_method_clean.csv	research-evidence	1718	ffd11fbdc17ac30f8742124e2bf8ecee8f505d8567f4271c5e40f69db5dad22c	public
research-evidence/frozen-results/tables/table_04_failure_subsets.csv	research-evidence	363	82141bc48014211a165d3a689e00cc1b1ddfcfc04d542daced8785823cd06d4d	public
research-evidence/frozen-results/tables/table_05_failure_recovery.csv	research-evidence	265	8639af664a9f2b8ca292d4c4cebe315b4e06c1b9d3010ea22a97522a5a77c931	public
research-evidence/frozen-results/tables/table_06_threshold_stability.csv	research-evidence	1154	f3f8ac32d2b3e601ff6697a0fe9c380eade0f3e756c1cdbc4c8740cbbf01488a	public
research-evidence/frozen-results/tables/table_07_bootstrap_primary.csv	research-evidence	4954	f06c13c49d3cb82823ebe4559d8563dcc76778a73b2268330a40ad3b997cbe1b	public
research-evidence/frozen-results/tables/table_08_checkpoint_trajectory.csv	research-evidence	14621	79819bc2b7d5e4a033ed4371885d4a69f6e2641b20e8e42855e42d4854c36057	public
research-evidence/frozen-results/tables/table_09_training_dynamics.csv	research-evidence	796	48b45b2cce199ed435c0faa6ac97c41e808520321b3615e869d68d3e7f51cd1d	public
research-evidence/frozen-results/tables/table_10_exposure_audit.csv	research-evidence	447	477e91281c232eace12a2b7dbea6f896fe0bbdf9026a2b8e30e5c3e57b4f9efc	public
research-evidence/frozen-results/tables/table_11_crop_scale_context.csv	research-evidence	320	00ec937519ee4964b79458a21b7e8d3339cbc21a93f9fb7d08be04d5bd2f2ae7	public
research-evidence/frozen-results/tables/table_12_scale_transition_matrix.csv	research-evidence	1574	aa8cdfa48199f86e2eec345d5e99beaa59b48f81c9ed776462c10fe5884708e3	public
research-evidence/frozen-results/tables/table_13_corruption_summary.csv	research-evidence	970	d8c1556e8556be4d588160683adfe3562656c4b5817e9df29ee0ed2e5547244a	public
research-evidence/frozen-results/tables/table_14_efficiency.csv	research-evidence	468	ec4fc897eb47e225dd9f9bfda5ea549f3a880588514ef918bc5523b065ff7b6c	public
research-evidence/frozen-results/tables/table_15_qualitative_cases.csv	research-evidence	4084	361731163b3fc520bf966531b19178f71854ea767dce2537a2f8e2a777eb051a	public
risk-data-intervention/cafr-development/cache-isolation/artifact_manifest.json	risk-data-intervention	1225	9856db2f578177b0ca733207df64a5740eb2e7d66a7b9c9cc02b20631706af85	public
risk-data-intervention/cafr-development/cache-isolation/cache_isolation_amendment.json	risk-data-intervention	1616	c5a6926a48d169e1687331d622786da3627e8af3d1949819bb3f65a2f4cb4c8a	public
risk-data-intervention/cafr-development/cache-isolation/dev_cache_safe.txt	risk-data-intervention	489979	b723999490746c12ee973fff76a5455b6d85030dd48b5de98fd996caa5536823	public
risk-data-intervention/cafr-development/cache-isolation/scalar_risk_data.yaml	risk-data-intervention	439	ec7e23633324f6dbd0026e20e96e7f2cf1d6de6dae507111abc0ffc48e3ec84f	public
risk-data-intervention/cafr-development/cache-isolation/scalar_risk_train.txt	risk-data-intervention	5846310	cbf6f7c0de09f2d0aeaeb981d649b120cdd35d88d493360e2a6a8b36e084b838	public
risk-data-intervention/cafr-development/cache-isolation/typed_cafr_data.yaml	risk-data-intervention	438	4a8acb9f7e80a89240ef1332d4a3bb5eaa0c5e8a23c0ebc21ad0eeb6fc2c95b9	public
risk-data-intervention/cafr-development/cache-isolation/typed_cafr_train.txt	risk-data-intervention	5826574	7df42614a75aeb4c560f0a26c22614355816022b7607034a72a90a0495f0c98d	public
risk-data-intervention/cafr-development/cache-isolation/uniform_data.yaml	risk-data-intervention	435	06a8aa4e5f99b68b5b7980d75f1e0a5682ea36235c99832c284bd2252f650714	public
risk-data-intervention/cafr-development/cache-isolation/uniform_train.txt	risk-data-intervention	6369983	74485003a734309b06c242ce721f1bac13df0b346ba2e6b627e86cb92df12eb2	public
risk-data-intervention/cafr-development/clean-gate-result/clean_artifact_manifest.json	risk-data-intervention	765	c55efe0d1faa28a2dbd7e8d1bfd2fe8c3e9bf9e3cc38c5b63e4501982a571432	public
risk-data-intervention/cafr-development/clean-gate-result/clean_comparison.json	risk-data-intervention	3497	498775e11c2cb22420e91f087bd0db197ad8a18795f16f79b77c9d4e5d63af5d	public
risk-data-intervention/cafr-development/clean-gate-result/evaluations/typed_cafr_v2_epoch10/artifact_manifest.json	risk-data-intervention	337	1b868b3591de81f0968fb7d17bae296f8e6b33ba00654056d457e0edd1ce8dce	public
risk-data-intervention/cafr-development/clean-gate-result/evaluations/typed_cafr_v2_epoch10/metrics.json	risk-data-intervention	1100	94b00cb66837f0d3f33efd3381039a92b9500dacd327049c633655e023c7003d	public
risk-data-intervention/cafr-development/materialization/artifact_manifest.json	risk-data-intervention	1325	b39399b074c870a677d5f494ba16635522384709f0fc25826da019458738d0bd	public
risk-data-intervention/cafr-development/materialization/crop_materialization_manifest.csv	risk-data-intervention	14257973	d9c0729191b54477452919807919472cc1d8fa9cf3d4a5e16a17f0ee9262d6f0	public
risk-data-intervention/cafr-development/materialization/scalar_risk_data.yaml	risk-data-intervention	434	8e354ac6f4ff7c29ee545c2faeb47e521ee4464c99a58cbff86cad8e1b007a3c	public
risk-data-intervention/cafr-development/materialization/scalar_risk_train.txt	risk-data-intervention	5846310	6fd97e5150baa25009b3415aefd3383cc8a3b5a7db1aa445c0227aa84c1776a2	public
risk-data-intervention/cafr-development/materialization/summary.json	risk-data-intervention	1336	8065a2daaabb24e076809a5a3982271af81b4fd8bc8f13bdaa88e06629e6e204	public
risk-data-intervention/cafr-development/materialization/typed_cafr_data.yaml	risk-data-intervention	433	29877464a3b882934702beec6d4f66e98eb12e65d9f7a1947b12fea81e12131f	public
risk-data-intervention/cafr-development/materialization/typed_cafr_train.txt	risk-data-intervention	5826574	260856e95b45cb3bdbad076e72c9a0e5feb51fcf998867d4e16aee3c54a245c5	public
risk-data-intervention/cafr-development/materialization/uniform_data.yaml	risk-data-intervention	430	2a6978fdca28783e6e999b470fe80e4976f32cc53ab40a7ed35cc20031ecedd1	public
risk-data-intervention/cafr-development/materialization/uniform_train.txt	risk-data-intervention	6370000	6b8b65086fb86cb8fe64599f73dc80c4c5cb697175cdd065ab0478da8e49fad8	public
risk-data-intervention/cafr-development/protocol/artifact_manifest.json	risk-data-intervention	229	d062102fdcb801934752c469a4c992b9cb71855170649e41dfebfff2d2e7161e	public
risk-data-intervention/cafr-development/protocol/cafr_v2_gate_protocol.json	risk-data-intervention	10924	a1bcf36cba543c82cec65067343f231b9593b799279a73f604fcf320ac781d6d	public
risk-data-intervention/cafr-development/training-records/controller_state.json	risk-data-intervention	1966	1cf72ecf33e6b2097ca4e6c9fe396c5f52d492adfad2b1a78d5cd131b495a042	public
risk-data-intervention/cafr-development/training-records/training_artifact_manifest.json	risk-data-intervention	549	888c6429f6108dfa8e78577922607b50c3c904a76412a6b3a312a57c36dbcd6d	public
risk-data-intervention/cafr-development/training-records/training_summary.json	risk-data-intervention	2228	9937457f53657c102614a1c9ac1aa776155052e2903e8d80a78e46160d793af4	public
risk-data-intervention/cafr-development/training-records/typed_cafr/args.yaml	risk-data-intervention	2039	46dd67a4946ccfb455bd3bba03915eea375cb6792a92baec9777a38ce6ce017a	public
risk-data-intervention/cafr-development/training-records/typed_cafr/results.csv	risk-data-intervention	1042	9883ecee6336a7e73fbad8ff17f3e58460c2ddb99b4a2349cd7090a6b6411583	public
risk-data-intervention/materialization/cache-isolation/artifact_manifest.json	risk-data-intervention	1229	434df46b40c443505d68d4f3b55929ffc488afa4c8ab76ac3d8618d7bf2eb21d	public
risk-data-intervention/materialization/cache-isolation/cache_isolation_amendment.json	risk-data-intervention	1594	7dc2cd283127d037642802e9b7ebe806aa4b9dd8f1ec3cbb28f15e9181b1117c	public
risk-data-intervention/materialization/cache-isolation/dev_cache_safe.txt	risk-data-intervention	489978	9dac1b0104b6f7e416d4c64585ef15691b0c0ffeeb0213db6481e1a765adc10e	public
risk-data-intervention/materialization/cache-isolation/scalar_risk_data.yaml	risk-data-intervention	455	9120545115334ff556ed4f22d00adbaf84c49038bb06d6c7ae66e6600c4d222e	public
risk-data-intervention/materialization/cache-isolation/scalar_risk_train.txt	risk-data-intervention	5826810	9f293ef0cc3026cf91e28efb67733c2a9e5fef87c21d132a597a5a3cc84f0c63	public
risk-data-intervention/materialization/cache-isolation/typed_cafr_data.yaml	risk-data-intervention	454	85b15e6e02cdd52ccb9939369cbcec9d0fb1f9146197ae4ef071e8c2af2230c6	public
risk-data-intervention/materialization/cache-isolation/typed_cafr_train.txt	risk-data-intervention	5807074	36314bcd4d46b5fe591718ad6f4a4a44fb84308a42586ccd526606b0fb3e29aa	public
risk-data-intervention/materialization/cache-isolation/uniform_data.yaml	risk-data-intervention	451	b17846dba8459210277172709f192d34dab6c65614c69aee5338f9a03b7949ea	public
risk-data-intervention/materialization/cache-isolation/uniform_train.txt	risk-data-intervention	6369982	3b18530a1391cf1198ce080642928d16e456bb05c591a748f59da1be82742d78	public
risk-data-intervention/materialization/equal-budget-views/artifact_manifest.json	risk-data-intervention	1329	74f26c5cc14a2f5bea497bea921966d5c12cbf81a43ac19c39fe71d226e18c06	public
risk-data-intervention/materialization/equal-budget-views/crop_materialization_manifest.csv	risk-data-intervention	14225875	507e4f321ab3200a5e9658e217862ecc5e3d1b63603d0ba5081c7679cd1808d3	public
risk-data-intervention/materialization/equal-budget-views/scalar_risk_data.yaml	risk-data-intervention	426	c0dcfc7696fc1eadbfa8d80761fb90e4b06c20925e76d3ce28d16bf31caa6843	public
risk-data-intervention/materialization/equal-budget-views/scalar_risk_train.txt	risk-data-intervention	5826810	b72a596285dcc30c0c6a2abd8b14950cdaa67b78eb4052a7f3c45c81ff62e7bd	public
risk-data-intervention/materialization/equal-budget-views/summary.json	risk-data-intervention	1320	5a7277842994664dd9531104126f8e5bdc367daad20675225ad590eaf8382a14	public
risk-data-intervention/materialization/equal-budget-views/typed_cafr_data.yaml	risk-data-intervention	425	682d6d225db6ddae1f01fc698e9b02590fe28f4cc2089ae39fa3a593a0af85b2	public
risk-data-intervention/materialization/equal-budget-views/typed_cafr_train.txt	risk-data-intervention	5807074	bcffc439d8586f7aebf9de0bc4cdad304b2bcd0d19ad9ebbaefbdbb200aff713	public
risk-data-intervention/materialization/equal-budget-views/uniform_data.yaml	risk-data-intervention	422	8f5da4df5727d09695b5bf4a0ed466968be4be8000773be91cd035077c7a0b80	public
risk-data-intervention/materialization/equal-budget-views/uniform_train.txt	risk-data-intervention	6370000	6b8b65086fb86cb8fe64599f73dc80c4c5cb697175cdd065ab0478da8e49fad8	public
risk-data-intervention/materialization/object-view-smoke/artifact_manifest.json	risk-data-intervention	458	937835f1665575fde45da0ad3f7f85ca1eb5b7b00f8451f4256262f89d82434a	public
risk-data-intervention/materialization/object-view-smoke/sample_manifest.json	risk-data-intervention	167915	3aad53325752d20d01a706fb89d14ab059e31de5aa33d2b4ac0068594194e829	public
risk-data-intervention/materialization/object-view-smoke/summary.json	risk-data-intervention	2939	fefe5242482d6f3464739c41a75c63b8252c3d6e217dbdb797858ea292af3d93	public
risk-data-intervention/method-gate/checkpoints/scalar-risk.pt	risk-data-intervention	41798705	3093b249d8052924d8324c826731a77b82ab98327a41ff68ab3a2ad615f74b9d	local-artifact
risk-data-intervention/method-gate/checkpoints/typed-cafr-revision.pt	risk-data-intervention	41798769	eaa3dd7eee88f7d0c74cfbe45f6237c82ecb4eedacb9615a260ce351bc2da7dd	local-artifact
risk-data-intervention/method-gate/checkpoints/typed-cafr.pt	risk-data-intervention	41798705	217b6d453d399c345a7e1be5595783044f2555a65ae95f047d6a7278d105c4ee	local-artifact
risk-data-intervention/method-gate/checkpoints/uniform.pt	risk-data-intervention	41798705	45f397e81cf6aa3e8fbb08a8fef79b8e95975f85f5b360fa9f4bf2a4f6757210	local-artifact
risk-data-intervention/method-gate/method-gate-protocol.json	risk-data-intervention	9161	6be7ae25550360e38195bb785a064bd19cb9c4a65b4625b30b5698861cc1b00a	public
risk-data-intervention/method-gate/training-records/controller_state.json	risk-data-intervention	4831	1c52826e9f81b1cfc96bbed937415030029ec137cd8f6bc7aee80fd86a0c8376	public
risk-data-intervention/method-gate/training-records/scalar_risk/args.yaml	risk-data-intervention	2034	ceb854c30d3ff578c706c4b3d140c57e8f946da1f384cb1a18fe06fafd4cef70	public
risk-data-intervention/method-gate/training-records/scalar_risk/results.csv	risk-data-intervention	1043	70a1642a7be0ceb3e6ec0cffbbe9cebe9511e9395a828d8d2287ca47ccee9f30	public
risk-data-intervention/method-gate/training-records/training_artifact_manifest.json	risk-data-intervention	1274	c40007992f0aa49e8062734201fcd2933d5ffb7c4ca6dca3e8866757c8e74e57	public
risk-data-intervention/method-gate/training-records/training_summary.json	risk-data-intervention	4927	0a749120a4d4b7b76bef5d3de76265c504b9bf47c699ac4e3e2c4265e8d93175	public
risk-data-intervention/method-gate/training-records/typed_cafr/args.yaml	risk-data-intervention	2031	0d66d34f6727854adc058353b0ef583de28cf6010db5d7a83ef0dc56ec497541	public
risk-data-intervention/method-gate/training-records/typed_cafr/results.csv	risk-data-intervention	1043	c0651442e086b604035e1cbad36a68dfeb729f8d2e152f3cce9f99ad6280144b	public
risk-data-intervention/method-gate/training-records/uniform/args.yaml	risk-data-intervention	2022	2439da8f3386ab0143e0a21a4f26d07f22588b438473744aa24c6c3553492e50	public
risk-data-intervention/method-gate/training-records/uniform/results.csv	risk-data-intervention	1043	fe36a14a2894663b29faa9d859839529249adedd9f124e3362db86a95f9b8767	public
risk-data-intervention/results/clean-evaluation/clean_artifact_manifest.json	risk-data-intervention	1774	29dc8882d383c37c6e9eb5a8cf826b9d562a3c48e9d0ef8d5a23be5b78350f97	public
risk-data-intervention/results/clean-evaluation/clean_comparison.json	risk-data-intervention	6099	b508cecf6be25fe2c3ca3c5061c25abbea85a04330129d37c05deed9d02f334e	public
risk-data-intervention/results/clean-evaluation/evaluations/scalar_risk_epoch10/artifact_manifest.json	risk-data-intervention	337	03c8c5b109cddc5b85a777c6fbc587e02874fcb49180cdae1b01142ed4a3b68d	public
risk-data-intervention/results/clean-evaluation/evaluations/scalar_risk_epoch10/metrics.json	risk-data-intervention	1082	680d461b204bf4bd445375c80a7c56087f94ede974b18572c3d527b7b07d917c	public
risk-data-intervention/results/clean-evaluation/evaluations/typed_cafr_epoch10/artifact_manifest.json	risk-data-intervention	337	a2f4210a33dca7c01874c2758af1752fef26a264b682a838113c1843dea3d6b9	public
risk-data-intervention/results/clean-evaluation/evaluations/typed_cafr_epoch10/metrics.json	risk-data-intervention	1082	d78cba3fd434575bc393b28e7dba502318597f1306c4c03276e322b09e128dd1	public
risk-data-intervention/results/clean-evaluation/evaluations/uniform_epoch10/artifact_manifest.json	risk-data-intervention	337	2f9dee5fe54f54026a3a686c41d4990d98fabcf28f3bb4a2d2c2f47bb34b5c8f	public
risk-data-intervention/results/clean-evaluation/evaluations/uniform_epoch10/metrics.json	risk-data-intervention	1069	b306605093c476e0ebcb3cd005603f054dfd35f3fd2c459bf447c5eade5c469d	public
risk-data-intervention/results/corruption-evaluation/artifact_manifest.json	risk-data-intervention	6237	4acd7c2bebb826dfcfe7f59ee2cc753644e63419c147dfc8ea1c84d278381ce8	public
risk-data-intervention/results/corruption-evaluation/corruption_metrics.json	risk-data-intervention	9642	eef737de171601900ebd603c4217d2a073715496029d27a0ec4e75016c20374b	public
risk-data-intervention/results/corruption-evaluation/final_gate_decision.json	risk-data-intervention	839	792149f01a1bfc4fc74480008389722f324f9aa8d3e7ca3dfdef959c61ce0626	public
risk-data-intervention/results/corruption-evaluation/runs/scalar_risk/blur_s2/image_summary.json	risk-data-intervention	925663	bf419a2a6ca82237297df1dd12500c6c689a3630a160957c0eb386f8fc56c591	local-artifact
risk-data-intervention/results/corruption-evaluation/runs/scalar_risk/blur_s2/metadata.json	risk-data-intervention	3951	b228ed96523d5183745fb2cf90d166dcd48af02d824297e4a752afeb5abef767	local-artifact
risk-data-intervention/results/corruption-evaluation/runs/scalar_risk/blur_s2/metrics.json	risk-data-intervention	750	b5f9e66324a03cad62c0e767bd1846f972c826966492486ce4a5f88e2d7323c7	local-artifact
risk-data-intervention/results/corruption-evaluation/runs/scalar_risk/low_light_s2/image_summary.json	risk-data-intervention	950953	c8c6ae7cff80ffe998ffdf5fb395a3311318d72b6b97a86d8ed41d50865a1b72	local-artifact
risk-data-intervention/results/corruption-evaluation/runs/scalar_risk/low_light_s2/metadata.json	risk-data-intervention	3990	97191646389b606a37a3eb7d792dc2ae60758855ddf876f2f86ae6cedf5c5e9a	local-artifact
risk-data-intervention/results/corruption-evaluation/runs/scalar_risk/low_light_s2/metrics.json	risk-data-intervention	754	6b72bb7b3ea90cde51b3f4231909a6aac4f3c50a207a075c56d4c5198d7622c2	local-artifact
risk-data-intervention/results/corruption-evaluation/runs/scalar_risk/noise_s2/image_summary.json	risk-data-intervention	930919	b436038c2e0de70458202b07122ac3fc086c2a8b73feecd0c58d7db17f6a1eb1	local-artifact
risk-data-intervention/results/corruption-evaluation/runs/scalar_risk/noise_s2/metadata.json	risk-data-intervention	3954	3141502284f0f644cc531a4415741d04b8244634da2b62286b5f0ee4a0191f74	local-artifact
risk-data-intervention/results/corruption-evaluation/runs/scalar_risk/noise_s2/metrics.json	risk-data-intervention	753	8670d837d561ef4d94e76f76342691bcf2d8793dd24745b94bd3d12156cd9a48	local-artifact
risk-data-intervention/results/corruption-evaluation/runs/typed_cafr/blur_s2/image_summary.json	risk-data-intervention	925662	9a4a687fe77600dc18ea5e2611ebc740128cf65ed06f7d192b6b898bc367fddd	local-artifact
risk-data-intervention/results/corruption-evaluation/runs/typed_cafr/blur_s2/metadata.json	risk-data-intervention	3947	85366a25dfe03f2966b6605c65699dd40d0f95b925c20b33dbaf902c499e354a	local-artifact
risk-data-intervention/results/corruption-evaluation/runs/typed_cafr/blur_s2/metrics.json	risk-data-intervention	749	18ca5821eb178dbc38f4b422a99329729755d0af614b70f057f951f586168eeb	local-artifact
risk-data-intervention/results/corruption-evaluation/runs/typed_cafr/low_light_s2/image_summary.json	risk-data-intervention	950937	9625608e58848ddc12366a180d42f28851fa2702d11f88fd974e55d4eee14bfe	local-artifact
risk-data-intervention/results/corruption-evaluation/runs/typed_cafr/low_light_s2/metadata.json	risk-data-intervention	3986	aca13b0ffcb78ad7d5309491aa08a1c1d4584a3fa15a3aecb614e81640852acd	local-artifact
risk-data-intervention/results/corruption-evaluation/runs/typed_cafr/low_light_s2/metrics.json	risk-data-intervention	755	74c0c834b65059c6f4868dd7e3bca625cc3cb5db4368988177456b7063a05cc2	local-artifact
risk-data-intervention/results/corruption-evaluation/runs/typed_cafr/noise_s2/image_summary.json	risk-data-intervention	930903	928a5d3c4cd1e4129526a5a67b5bd6f5a0c04c350eb363761bc2d92570829084	local-artifact
risk-data-intervention/results/corruption-evaluation/runs/typed_cafr/noise_s2/metadata.json	risk-data-intervention	3949	0daa07ac86d2200035188a0e28097c00ea455b7a47c3e84b755d5c448e1e00bd	local-artifact
risk-data-intervention/results/corruption-evaluation/runs/typed_cafr/noise_s2/metrics.json	risk-data-intervention	747	bc6d30e6b9fe3d18ec6cf64b118ef8f98a4aba440abb6ca6837e38bf023461df	local-artifact
risk-data-intervention/results/corruption-evaluation/runs/uniform/blur_s2/image_summary.json	risk-data-intervention	925582	8650751a828203288b98ae3c56fad1ccda0d3baf96b84b5e0b5909132535b854	local-artifact
risk-data-intervention/results/corruption-evaluation/runs/uniform/blur_s2/metadata.json	risk-data-intervention	3933	0a2bc113c3a645bcb306be9a23e15a0444ce58aab5026111a9c495c47e2759c5	local-artifact
risk-data-intervention/results/corruption-evaluation/runs/uniform/blur_s2/metrics.json	risk-data-intervention	747	e7561239ce9d7eef56a8c4f76d8d65a58e775a56614da1b2468a1fae99e05aae	local-artifact
risk-data-intervention/results/corruption-evaluation/runs/uniform/low_light_s2/image_summary.json	risk-data-intervention	950898	401c38e948e582c0a707111015609777ba6b5739f770161ab31d71d71297d462	local-artifact
risk-data-intervention/results/corruption-evaluation/runs/uniform/low_light_s2/metadata.json	risk-data-intervention	3974	17c0eeeb4905c3cb87f16d304a892a4613c113ac8baf1cea7006fe4cc4323a8d	local-artifact
risk-data-intervention/results/corruption-evaluation/runs/uniform/low_light_s2/metrics.json	risk-data-intervention	749	e133715834184153d064867f6d3f5d9ba2a5f3e06510500b8ec7242efb969549	local-artifact
risk-data-intervention/results/corruption-evaluation/runs/uniform/noise_s2/image_summary.json	risk-data-intervention	930853	ae44f79bdfcd4be0bd56bb34c012db3a9f2152b781537a7ad0c54c3256e5d862	local-artifact
risk-data-intervention/results/corruption-evaluation/runs/uniform/noise_s2/metadata.json	risk-data-intervention	3937	cc505405676b8ab1be0d9518a6cd7d649cf9953f7d783c614039c52a35e5079f	local-artifact
risk-data-intervention/results/corruption-evaluation/runs/uniform/noise_s2/metrics.json	risk-data-intervention	746	226a729aa5e9bbb0a9d73f766fc4db85716cddbdcee747824ea6f9cc026cb8bd	local-artifact
risk-data-intervention/results/failure-evaluation/artifact_manifest.json	risk-data-intervention	551	2e57f0e7cb31731362511ca8d29fa9fa52328336241aea696a322eee9f5c2457	public
risk-data-intervention/results/failure-evaluation/failure_evaluation.json	risk-data-intervention	28513	098aeef7c88059959429cdb34649816deb89d2dfec8fb883e53bc8bfc6d4a3a0	public
risk-data-intervention/results/failure-evaluation/failure_membership.csv	risk-data-intervention	1022675	87ed7969e1690e45321fead670fe6332ce470230b3935dbfa0f633189aeb3a31	public
risk-data-intervention/results/failure-evaluation/paired_failure_counts.npz	risk-data-intervention	164964	f66af09e266032606d0effbb4c6bf4a67aa081655c9a24a515e190278159ab98	local-artifact
risk-data-intervention/results/logs/cafr_v2_materialization_v1.log	risk-data-intervention	3472	067b35eeb4b6287df2df32de2ca9b5c2a3eb734e9bab6d57f7e5387a5dd20e19	local-artifact
risk-data-intervention/results/logs/cafr_v2_training_v1_controller.log	risk-data-intervention	12537512	df2a56f1897495b423fc136edefa5881363248391555ab4a26ae38528503d1c0	local-artifact
risk-data-intervention/results/logs/evaluation_v1_clean_export.log	risk-data-intervention	7584	3e41465e87173fddefba6774685f5dab29b32568b301709ffe11ff91fd6e14a4	local-artifact
risk-data-intervention/results/logs/evaluation_v2_clean.log	risk-data-intervention	10909	77eb14592063777abc4945da99c9b971a6578f1d4316061ae621f372521d296a	local-artifact
risk-data-intervention/results/logs/evaluation_v3_failures.log	risk-data-intervention	8596	d2ab022b97018b4852d9afc6ad7c0983d96ff97fcc672d25a9f3d2ea55bad356	local-artifact
risk-data-intervention/results/logs/evaluation_v4_corruptions.log	risk-data-intervention	46853	f691ec7c54fd74676f90f36bbfc02787606476c022469efef34d62139f78586a	local-artifact
risk-data-intervention/results/logs/evaluation_v5_cafr_v2_clean.log	risk-data-intervention	9085	c286b3eb71cf0e88a06a0b031b7f9fedb28e30e7416b0348441c8a6a42e6d669	local-artifact
risk-data-intervention/results/logs/loader_smoke_v1.log	risk-data-intervention	40679	35bd26ea4fd5332ce545fc6afe692496ad318c4e02a275d4e99d0c00d42ad981	local-artifact
risk-data-intervention/results/logs/materialization_v1.log	risk-data-intervention	3450	5a48b9381ef3f97cec91960902a766efe76f97476d67c928472c22b3f16749a6	local-artifact
risk-data-intervention/results/logs/training_v1_controller.log	risk-data-intervention	37636664	d9ed7a5da796b713c29861ec9f1f44a45c1e5df327e526e280b4a0ba1a58ec9c	local-artifact
risk-data-intervention/risk-labels/calibration-split/split_metadata.json	risk-data-intervention	3794	cfd4c2cc92dd0206d106431dc0c4a9b682b86b88e9ab5ce2862559a0add5fa89	public
risk-data-intervention/risk-labels/calibration-split/train_core_image_ids.json	risk-data-intervention	704723	9996d854b06ddefd12dde1949ecae30c6d08230eb10003e7ec1863a3386ee1a3	public
risk-data-intervention/risk-labels/calibration-split/train_dev_image_ids.json	risk-data-intervention	54306	961ddf514525223aa08599774c167ffcf81752551cdc6619fc6febb1184ada8c	public
risk-data-intervention/risk-labels/object-risk-freeze.json	risk-data-intervention	2718	b5e1934ee9108e29548288e6f98cc611bb424c2f6d5b0ab99329b490699ed9d6	public
risk-data-intervention/risk-labels/object-risk-table/artifact_manifest.json	risk-data-intervention	700	f70d77c963f114f1cf05feebf72a0cbe93de43bb1c23df3b5a524329f23031c1	public
risk-data-intervention/risk-labels/object-risk-table/image_risk_summary.csv	risk-data-intervention	6840067	4eaaf4552203fa6471ba5f9c3c3a6d39cb94047366ddffbd0055129468711b3a	public
risk-data-intervention/risk-labels/object-risk-table/metadata.json	risk-data-intervention	16924	95589945570a9eca8ce23503aed11c3f840429e4cd9faea74bddbe4cfd220416	public
risk-data-intervention/risk-labels/object-risk-table/object_risk_table.csv	risk-data-intervention	323955303	83e03b29ff5b796257fed1a3fb284fc22597e6e748315169e25fa481f9b1ba38	local-artifact
risk-data-intervention/risk-labels/object-risk-table/risk_summary.json	risk-data-intervention	14103	47a6533bbabc0c83f6f817bea88fb2386fccdd9a642f465bce14ccd5fbdb59a4	public
risk-data-intervention/risk-labels/operating-points/D-FINE-M_calibration.json	risk-data-intervention	4006	e933d2ed534a0d0f1f6418edd1fe0b5f8c3cfafcae318215fc76a4a315a440c0	public
risk-data-intervention/risk-labels/operating-points/D-FINE-M_threshold_sensitivity.csv	risk-data-intervention	13902	d47c36fd350b4c6b5318787403f39da07a056712db86fe75d08e8638211c997d	public
risk-data-intervention/risk-labels/operating-points/YOLO11m_calibration.json	risk-data-intervention	3984	cb77222651c4de92996d57a28bfaee89065c9d1e7023dc30ed430780540d9c97	public
risk-data-intervention/risk-labels/operating-points/YOLO11m_threshold_sensitivity.csv	risk-data-intervention	13560	e8a77870d1f27d889bb6c465c5259256452273a4f7824c0a74e319c56fd5df22	public
risk-data-intervention/risk-labels/operating-points/operating_points.json	risk-data-intervention	1490	f13868c935ea16091fd0bae592bb9817d77bd58d2f45597dc7d2add8e2fa44ae	public
risk-data-intervention/sampling/initial-scalar-comparison/artifact_manifest.json	risk-data-intervention	824	77a84ab2b02198c687b3eaf449d0aae78902a1bad9df7a8ee38b6e495a533f10	public
risk-data-intervention/sampling/initial-scalar-comparison/common_base_image_ids.json	risk-data-intervention	402246	bcfb6dec076fc5182dfddc6081574c911184779432f90f101e84a6f591876e78	public
risk-data-intervention/sampling/initial-scalar-comparison/sampling_summary.json	risk-data-intervention	6539	88b51193fd750a39a557f3223b74ac1b348f98b3f971b8b18e9df3d5c534682c	public
risk-data-intervention/sampling/initial-scalar-comparison/scalar_risk_selection.csv	risk-data-intervention	3200326	b086b8cdac3de8a24830114e233d0646ba397dbeb17423a0231871f3d2b5050a	public
risk-data-intervention/sampling/initial-scalar-comparison/typed_cafr_selection.csv	risk-data-intervention	3386635	46f0f57efb081eefe5a7ef8e0798076a7068828e93ad9b9d0a12619a360e6ec2	public
risk-data-intervention/sampling/initial-scalar-comparison/uniform_supplement_image_ids.json	risk-data-intervention	172415	e06b41948ed9c1c0765f9941746a27719ef3301cd14accc2d9a10f0a0f0abf29	public
risk-data-intervention/sampling/matched-comparison/artifact_manifest.json	risk-data-intervention	824	7c96b15970798025e2482613c6fb0304d972e480a7166c5f2e8817b1e7ec93a9	public
risk-data-intervention/sampling/matched-comparison/common_base_image_ids.json	risk-data-intervention	402246	bcfb6dec076fc5182dfddc6081574c911184779432f90f101e84a6f591876e78	public
risk-data-intervention/sampling/matched-comparison/sampling_summary.json	risk-data-intervention	6970	c212a8868934e685d62020bd544e0cdbee94ab8c9f78e788ee8fd7a2965a8622	public
risk-data-intervention/sampling/matched-comparison/scalar_risk_selection.csv	risk-data-intervention	3321847	5511374920a45b3a2c4cad5ac5ab8fb6e323e42313113f8c4fc6f3463e063a32	public
risk-data-intervention/sampling/matched-comparison/typed_cafr_selection.csv	risk-data-intervention	3386635	46f0f57efb081eefe5a7ef8e0798076a7068828e93ad9b9d0a12619a360e6ec2	public
risk-data-intervention/sampling/matched-comparison/uniform_supplement_image_ids.json	risk-data-intervention	172415	e06b41948ed9c1c0765f9941746a27719ef3301cd14accc2d9a10f0a0f0abf29	public
risk-data-intervention/sampling/sampling-protocol.json	risk-data-intervention	5984	3812c5692d63629602ebb0393d6369c49f5d84cb5b467bde47a457741a65967d	public
risk-data-intervention/sampling/unmatched-high-risk-comparison/artifact_manifest.json	risk-data-intervention	824	7d7e7b8e02d7104eb92c05a6bb10fdcc0639963ecb53626f9db7ba34c742e5a7	public
risk-data-intervention/sampling/unmatched-high-risk-comparison/common_base_image_ids.json	risk-data-intervention	402246	bcfb6dec076fc5182dfddc6081574c911184779432f90f101e84a6f591876e78	public
risk-data-intervention/sampling/unmatched-high-risk-comparison/sampling_summary.json	risk-data-intervention	6453	66b8b7c12140a16c79744e2f0b361ac689b54cb48572745d625c0f0e861c7451	public
risk-data-intervention/sampling/unmatched-high-risk-comparison/scalar_risk_selection.csv	risk-data-intervention	3273276	7d6cfe6fef5eb53dc785da8f3f69663c15c0d1c77d977efee161c0c94db227c7	public
risk-data-intervention/sampling/unmatched-high-risk-comparison/typed_cafr_selection.csv	risk-data-intervention	3386635	46f0f57efb081eefe5a7ef8e0798076a7068828e93ad9b9d0a12619a360e6ec2	public
risk-data-intervention/sampling/unmatched-high-risk-comparison/uniform_supplement_image_ids.json	risk-data-intervention	172415	e06b41948ed9c1c0765f9941746a27719ef3301cd14accc2d9a10f0a0f0abf29	public
source-code/README.md	source-code	1147	36e3088795c3f9e1cdd502b846f87d5a42f9007290ddab5e9913e7b092242631	public
source-code/analysis/diagnostic-analysis/analyze_failure_diagnosis.py	source-code	57346	27202d10aaea275634a95f9b2d815ff11642855a14c2059613b3465bc6b9c15e	public
source-code/analysis/diagnostic-analysis/analyze_failure_interactions.py	source-code	7335	01b450632696db1c8d72fe5c9dae9325d160a8725b377c8928bde2aec9fe0b5b	public
source-code/analysis/failure-taxonomy/finalize_failure_taxonomy.py	source-code	27498	447109a54a9d80d53e945312890f8ec80c3a2a678c67449ac92ecbef9491f889	public
source-code/analysis/intervention-semantics/audit_crop_scale_context_shift.py	source-code	39939	2b38c8e44e2a410175fa037490dd57143f4e52a1044ecc9b4a880b7bfba6a9de	public
source-code/analysis/intervention-semantics/audit_training_data_exposure.py	source-code	34360	3fa693d02dfc293a4d3f49f8c34903c023be0f9d51c849c4ad12587b0c94b6dd	public
source-code/data-preparation/data-acquisition/download_bdd100k.py	source-code	2204	6b4d7a44c1a91915fe5bacd550b431cc90b460b239406ff9efb251c4bb46222e	public
source-code/data-preparation/data-acquisition/upload_bdd.py	source-code	249	4702231454f6bddb78f2b51e4bd41e9d705f877fd7baa83db69601bfad6abb08	public
source-code/data-preparation/data-validation/analyze_bdd100k.py	source-code	11966	d0bafdd7d1f80da66dc6e3440156c5a531d41f02a05d7b3263ca82aa044d6d02	public
source-code/data-preparation/data-validation/build_condition_subsets.py	source-code	23759	6cab62d63463c54b4bbe579e71e0ee2eae431f62735db9dba2d575f7a657eb58	public
source-code/data-preparation/data-validation/build_final_research_evidence_bundle.py	source-code	37592	e48ad70a2efe7c2f7a6b63cf484ad9c5a3dc7fd36494d5277c2a74654eafd1af	public
source-code/data-preparation/data-validation/check_bdd100k.py	source-code	1412	73c32f8853451eb9b4b59f4de4a1cf24fd6dd87ece0758b20bf0dd00071846fe	public
source-code/data-preparation/data-validation/prepare_cafr_sampling_audit.py	source-code	26299	8342ca8e39043ed9939f4791262ff0c7b2fffb7fbcd050aa787dcab980f563ed	public
source-code/data-preparation/data-validation/prepare_formal_training_inputs.py	source-code	19902	9cedc03b38c989064a0936b82bcce59294877792ba1d02e9ecec0411a4e5d051	public
source-code/data-preparation/data-validation/prepare_matched_failure_sampling.py	source-code	29672	69b7dd6bbf01ea8c2c23c97c61e89b05a65001d11d30c1e928accda9fda9b7d0	public
source-code/data-preparation/data-validation/prepare_unmatched_scalar_risk_sampling.py	source-code	26827	e6cb0cd5cdcc693d49acb0ac6f19d650439efa0f13e38fd6bd524863130df2b4	public
source-code/data-preparation/data-validation/visualize_yolo_labels.py	source-code	7890	67454f0172f95b32e4616d7549cd937373f5014d502f1c8e93dc410f0e3ee4d9	public
source-code/data-preparation/dataset-conversion/convert_bdd100k.py	source-code	27458	9d00667a8f7436d2b8b94fea637a35a6cce7b8d905a7d2ad54b3d3f435f14776	public
source-code/data-preparation/dataset-conversion/convert_bdd100k_official.py	source-code	25894	ccb5a6bd2d654df59ff1198859b0cf1e27fd4016d83567c8a9b8b3fa6635a883	public
source-code/data-preparation/dataset-conversion/prepare_dfine_bdd100k_checkpoint.py	source-code	5903	28e47d2eea748b0d603637d60e18219df8702f52f435ea415a42edf318b8fa07	public
source-code/data-preparation/detection-matching/build_detection_matches.py	source-code	41104	8841503b799d68be973b8a70d39f261c5dfac79fa2cd4140581495db5621a8e6	public
source-code/data-preparation/detection-matching/build_train_detection_matches.py	source-code	36259	3a3b5aa6efd5c956b429769fcdf45f0def85ec174c8164e5f3c217d62e6337c2	public
source-code/data-preparation/protocol-freezing/freeze_cafr_sampling_protocol.py	source-code	12885	8f6d8d047091c02ab9e39946717624d120cb23b35d5c932763bf18bc8051fa66	public
source-code/data-preparation/protocol-freezing/freeze_context_balanced_cafr_gate.py	source-code	15601	f6131da78309a8aaac8f278576c97cb124c0451cb4dd19a5b2c3023190a7b987	public
source-code/data-preparation/protocol-freezing/freeze_deterministic_architecture_gate.py	source-code	12058	9404a8e96c8547e8b27b4aa20b627623876bbe5e943875b60b10806d78881bca	public
source-code/data-preparation/protocol-freezing/freeze_final_testing_protocol.py	source-code	42159	6e3e5bc41fcc0e37c2d0e34eb7b3137b12dbe6e09fb3f5b1f1c74e646830a4c3	public
source-code/data-preparation/protocol-freezing/freeze_method_gate_protocol.py	source-code	15881	b9e00914bbb863afdc6ef4054b9d353e0e43a793621587c8f3e14082f2770261	public
source-code/data-preparation/protocol-freezing/freeze_official_validation_failure_subsets.py	source-code	37678	d83a3f6f1f40790027ff02e9ca0197422bc10dfea0940d141eedf2470f538825	public
source-code/data-preparation/protocol-freezing/prepare_effective_development_architecture_gate.py	source-code	17635	9e9d8c38cec5e204557545d5444833ff69e2fb8e061e63bbf956d903d6fda742	public
source-code/data-preparation/protocol-freezing/prepare_projected_p2_architecture_gate.py	source-code	21010	37b8c0c7ef84f12d67c77d152f4610be55531638c95ead26f724dc76acdd4f53	public
source-code/data-preparation/protocol-freezing/prepare_yolo_architecture_gate.py	source-code	18152	4028c69ede489522e12f512fb5d2854049a08682ee30d8e49094cdf86b2a6c29	public
source-code/data-preparation/risk-labeling/build_train_risk_table.py	source-code	33195	e2f8f029da6cb7316f7be9ae49d73f55b11fade9cac925127f5530bba83aa44c	public
source-code/data-preparation/view-materialization/materialize_context_balanced_cafr_views.py	source-code	30081	f1f0fca09dcae21edf288518e8a4fd29bce5f75ae9c02b9a82241560155bb91a	public
source-code/data-preparation/view-materialization/materialize_method_gate_views.py	source-code	29810	dc6001652b2aa517a5d53e9b62e35bc07c8d7fed33cbe94efbadb6abebf6a86e	public
source-code/data-preparation/view-materialization/prepare_cafr_object_view_smoke.py	source-code	25478	34f4b3944c18a61a3a5de59fd1e18888e510571912268e8b1452013d69339329	public
source-code/data-preparation/view-materialization/prepare_context_balanced_cafr_cache_isolation.py	source-code	13495	5a160e10d23e0442e18a24aac85d45e0ab05f51da78228f538feb272d00899fe	public
source-code/data-preparation/view-materialization/prepare_method_gate_cache_isolation.py	source-code	13488	9a53b1a5f83823c5ac296ec2ec5680b4e00cc9d957e7d524397471d1a488afb9	public
source-code/evaluation/canonical-clean/evaluate_condition_subsets.py	source-code	26081	70ca51699992dd3db0de513d5d302350a06352e7e013f82b523105d11ea8ef70	public
source-code/evaluation/canonical-clean/evaluate_context_balanced_cafr_clean.py	source-code	10249	ce7dfcd1473430cb3b2672cc80d77dc8c6b589592d963848af370cc138eef28a	public
source-code/evaluation/canonical-clean/evaluate_detection_baselines.py	source-code	40058	b25fc75ad1d0e5a0a033717a8f9ca4be511e888d502eb530c38a8c4b6f503bc3	public
source-code/evaluation/canonical-clean/evaluate_final_canonical_clean.py	source-code	27531	bd9e4299b2cee2df651039b1dc72d1daefe96dfbcc0925f16930f1399c7008ae	public
source-code/evaluation/canonical-clean/evaluate_formal_checkpoint_trajectory.py	source-code	31341	7f0d4c0dfba32b458a762dfaffa594d3667bc1593f3ac88afac99fe9616e80d0	public
source-code/evaluation/canonical-clean/evaluate_method_gate_clean.py	source-code	8676	8268e12d5989a8486a9b01dbd7d799bc009a8568b41207ec807a4922ce5d1c91	public
source-code/evaluation/canonical-clean/evaluate_method_gate_failures.py	source-code	21727	f1ecf76b825ae5aa12d5b7ec94095b7130c7c570450b95a46d6e7557a695567c	public
source-code/evaluation/corruption-evaluation/evaluate_representative_corruptions_parallel.py	source-code	39262	37d52d0b35f9f98fc58d0b27469a9900738d027a9782f2e6eff2337737c59ef1	public
source-code/evaluation/corruption-evaluation/evaluate_representative_corruptions_reference.py	source-code	34289	62b434c7781769d4382b19f134413df245758a2e2daced0e09134506542ed5c7	public
source-code/evaluation/corruption-evaluation/run_controlled_corruption_benchmark.py	source-code	32507	caaf850b01b785365185c847af7942144d29d49061cc457f3896ce417949ad84	public
source-code/evaluation/efficiency-evaluation/evaluate_final_efficiency.py	source-code	22548	7e29c2efacc0b2ca3ab69721e4e3d4c994312a5432771420e345519b4286019e	public
source-code/evaluation/failure-evaluation/evaluate_threshold_sensitivity.py	source-code	43980	3963f68be0578265a7c098b3bafc5cf93969e9de102e49edf8863e08f5f40c32	public
source-code/evaluation/prediction-export/export_dfine_m_controlled_corruptions.py	source-code	62139	df8db3600bd199d82a7862d701a84411331de34d0a616f629b4f4fc5b22d8945	public
source-code/evaluation/prediction-export/export_dfine_m_predictions.py	source-code	49928	6ed86b8903d876295a74d525f3edcb72da3955ea8e14460070974b31fcd406d3	public
source-code/evaluation/prediction-export/export_dfine_m_train_predictions.py	source-code	50065	979239900b0eebc77a071008e87b4b27ec61a2787e71a79cd41b01f4beacf0ea	public
source-code/evaluation/prediction-export/export_yolo11m_controlled_corruptions.py	source-code	36391	ce8f84f3ac4e687cdf9127fa2a538e81606005b8329c763e6fe66df579a3f44e	public
source-code/evaluation/prediction-export/export_yolo11m_predictions.py	source-code	30631	974efcdb71dbbe4fff980cae27ebb7cf826a630bb9d5c2afd654ed3b36f23166	public
source-code/evaluation/prediction-export/export_yolo11m_train_predictions.py	source-code	30760	e7768d54f8e5ac866d45ee7d24cf103c9e9c6d0faa3945fbe78fa4b03a673959	public
source-code/evaluation/qualitative-evaluation/build_qualitative_case_sheets.py	source-code	48862	7fcc6785854737d673dc635f3aa7bfaa97b148064dd73a4b28247d3534a4ed30	public
source-code/evaluation/statistical-evaluation/run_paired_bootstrap_cpu_reference.py	source-code	36013	9ff688359408b0d4a41424d75d05e74643e1b7076e70199c01bfe71cfc6a5008	public
source-code/evaluation/statistical-evaluation/run_paired_bootstrap_cuda.py	source-code	39347	25cf9213f221cfa6bcba9b30b7dc66494d4b630ffccefe8ac0a29b8ca2321389	public
source-code/third-party/D-FINE/Dockerfile	source-code	2323	1b87ff404f7a614c1064172edeb1ad3f0704f22c1dafc68f78be1f36f72891fa	public
source-code/third-party/D-FINE/LICENSE	source-code	11357	c71d239df91726fc519c6eb72d318ec65820627232b2f796219e87dcf35d0ab4	public
source-code/third-party/D-FINE/README.md	source-code	27369	a7b7387e03061a7f8cf7d976cd7c988cdc64ae86488c8d5473030bf51ef9b033	public
source-code/third-party/D-FINE/configs/dataset/bdd100k_detection.yml	source-code	1194	d199e24b180a2a02d4aac197d05f8ca5e2547957fda619acf76f7a1f17a9a523	public
source-code/third-party/D-FINE/configs/dataset/bdd100k_detection_smoke.yml	source-code	1024	3510803c9aa3ed5a31ee7dcb1b3b01e17575bbe1189ecbb6faa6d10771e214ca	public
source-code/third-party/D-FINE/configs/dataset/coco_detection.yml	source-code	826	8786d291debaddbfd06365586123a2949b5903ed351d5722f8c9dfc1fb8202ed	public
source-code/third-party/D-FINE/configs/dataset/crowdhuman_detection.yml	source-code	851	ef6fa44446aab3089fbda74b6fb7dab40c314787d7a12e969835d1cbb9ed1122	public
source-code/third-party/D-FINE/configs/dataset/custom_detection.yml	source-code	811	3e70e5f4d45a4c5df3bb18d48de602007a203dd237bb69293bdde9443c23d06f	public
source-code/third-party/D-FINE/configs/dataset/obj365_detection.yml	source-code	857	6eacc3440def1d20ad773879682419a0847ef3281d04df5e5dd2447d42a2bd16	public
source-code/third-party/D-FINE/configs/dataset/voc_detection.yml	source-code	698	92eb4e855896329bd08d2ff329ed2ae3e05c8f8a543eec090fd12964427673a0	public
source-code/third-party/D-FINE/configs/dfine/crowdhuman/dfine_hgnetv2_l_ch.yml	source-code	821	b799ff5c1aff77f0997e2526d2b2b66d80155c2ae379fe8265dcbd0aadfc4acb	public
source-code/third-party/D-FINE/configs/dfine/crowdhuman/dfine_hgnetv2_m_ch.yml	source-code	1093	fe9ff2360f22d228d8a622dfdcbb4b8d862e8abbb2edd39b5acecf0d0669be8f	public
source-code/third-party/D-FINE/configs/dfine/crowdhuman/dfine_hgnetv2_n_ch.yml	source-code	1372	26c073ae761056f4b68f9158bfbf01775365b0511d2c712018d260ff6acfe6e5	public
source-code/third-party/D-FINE/configs/dfine/crowdhuman/dfine_hgnetv2_s_ch.yml	source-code	1173	469627e7e4dc855ca9abd1554d9534df50b4625053822d8d1e3d95fc14e18bb0	public
source-code/third-party/D-FINE/configs/dfine/crowdhuman/dfine_hgnetv2_x_ch.yml	source-code	974	91661ddce904018626d970a0475fed481df3b73dfeaaaef07dc194c58cc3d774	public
source-code/third-party/D-FINE/configs/dfine/custom/dfine_hgnetv2_l_custom.yml	source-code	820	e567c56af5605afb56ad84a872aac39b8262a7a3fdd6a478c3bccaa6a2bc9254	public
source-code/third-party/D-FINE/configs/dfine/custom/dfine_hgnetv2_m_custom.yml	source-code	1096	f19e0ebc3c82ae2b2139b51e50e3f3724832b704b3512873bfd8f147708a42ad	public
source-code/third-party/D-FINE/configs/dfine/custom/dfine_hgnetv2_n_custom.yml	source-code	1364	1fdc3ff9b45cf69c8b130a3f53bddf809b19a08d8e6e4db2b4b1afb530ae75ce	public
source-code/third-party/D-FINE/configs/dfine/custom/dfine_hgnetv2_s_custom.yml	source-code	1165	320855741111f0add811a424bdbd2306e6a3885331b9a0eea912d5e565fa2635	public
source-code/third-party/D-FINE/configs/dfine/custom/dfine_hgnetv2_x_custom.yml	source-code	973	8fd0b8bb780233342b012fca86a85cacd53b7a4812b89e8b91726afa34b489c4	public
source-code/third-party/D-FINE/configs/dfine/custom/objects365/dfine_hgnetv2_l_obj2custom.yml	source-code	911	53cdea75eb765b3cb8818d07ea02b6514c939d91843bcff12ad09c37e7268091	public
source-code/third-party/D-FINE/configs/dfine/custom/objects365/dfine_hgnetv2_m_obj2custom.yml	source-code	1155	be26464289acec8ac2881cd45f58ac174f06acaf53c2fa045d643780673bd2bc	public
source-code/third-party/D-FINE/configs/dfine/custom/objects365/dfine_hgnetv2_s_obj2custom.yml	source-code	1178	d56ad9fae3f5d365f9d7d3abc9c02a43156eec043b356032f5332f96db9d638e	public
source-code/third-party/D-FINE/configs/dfine/custom/objects365/dfine_hgnetv2_x_obj2custom.yml	source-code	1046	f0a1b94dddb9129f90b29c566ee69ff26cc41228bcd0592fb739c8208d9ba946	public
source-code/third-party/D-FINE/configs/dfine/dfine_hgnetv2_l_coco.yml	source-code	807	c52eb70a1ca30365c16e0f6f60a909dd44c1f91045f72a7981e524574d9d08d7	public
source-code/third-party/D-FINE/configs/dfine/dfine_hgnetv2_m_bdd100k.yml	source-code	1902	e87b6178a6413fcc1dae5952aa5167b237682bc1d347f0ebc6132b9f594032ed	public
source-code/third-party/D-FINE/configs/dfine/dfine_hgnetv2_m_bdd100k_50epoch_backup.yml	source-code	1902	7613cfa95a68ad19396b207087a1756e0c63c33eb3ad07d8c3692bd21930a365	public
source-code/third-party/D-FINE/configs/dfine/dfine_hgnetv2_m_bdd100k_b16_multiscale_test.yml	source-code	1212	f190138ff93b4522c3f313956d3695161c0904d55622a73b894abfa0a152d427	public
source-code/third-party/D-FINE/configs/dfine/dfine_hgnetv2_m_bdd100k_b16_test.yml	source-code	1212	713fb23eec6e11ed87e96e21738b560a888f5b0324b1d8b7c29b9da5e19c2873	public
source-code/third-party/D-FINE/configs/dfine/dfine_hgnetv2_m_bdd100k_b24_test.yml	source-code	1212	2a0319e42fbc997714c99dd7c7f5113c00bd07f314d4494d629e3d01770e3dbd	public
source-code/third-party/D-FINE/configs/dfine/dfine_hgnetv2_m_bdd100k_b32_test.yml	source-code	1212	57bae4e6363a077b04e431364a4c81cdce9134fde47e947682e24e29b0e27f58	public
source-code/third-party/D-FINE/configs/dfine/dfine_hgnetv2_m_bdd100k_smoke.yml	source-code	1211	98ca48cb7c530be197e0b483d0c7c23cb34cdc74169606e0d549e81bc8c9d709	public
source-code/third-party/D-FINE/configs/dfine/dfine_hgnetv2_m_bdd100k_train_export.yml	source-code	790	71d5961e481344dd7e5f52b2e851a3c9262e04d40d7e0642cd402a359de53bb4	public
source-code/third-party/D-FINE/configs/dfine/dfine_hgnetv2_m_coco.yml	source-code	1078	0d3c861b975daac25714db8c248b1bf4a7b5b293e3da4123d8f60a8ac1e2684b	public
source-code/third-party/D-FINE/configs/dfine/dfine_hgnetv2_n_coco.yml	source-code	1362	866364210955d6723c4217d8a1f0431c5bbed0a62447f55eb740d61ecb86b5fb	public
source-code/third-party/D-FINE/configs/dfine/dfine_hgnetv2_s_coco.yml	source-code	1099	7407877d05163d75f3cb1d2d04d35410b9dbc516d702e1f6ad70686846345558	public
source-code/third-party/D-FINE/configs/dfine/dfine_hgnetv2_x_coco.yml	source-code	970	d412a172606c610eab73da9d30a5ae320c58a4f1bf58b8bd031fc0f3e92ba0dd	public
source-code/third-party/D-FINE/configs/dfine/include/dataloader.yml	source-code	1141	ba5587f4f822f11fefb2dcfadbd0ec5bc315528030c64f7e071324c0a9fc9de1	public
source-code/third-party/D-FINE/configs/dfine/include/dfine_hgnetv2.yml	source-code	1516	bc42ce00626127eab028eab7e827af635cdff3a627851e2373644701656d0e64	public
source-code/third-party/D-FINE/configs/dfine/include/optimizer.yml	source-code	522	7aa59eb7cddb22b84cbe965c99b5b21004c690417db51e248238f1c671663a43	public
source-code/third-party/D-FINE/configs/dfine/objects365/dfine_hgnetv2_l_obj2coco.yml	source-code	872	8f668b5eaf6d6a69856a0c06910955a5b7e4eeb3e331b23d0871f5eb1f7cfd6d	public
source-code/third-party/D-FINE/configs/dfine/objects365/dfine_hgnetv2_l_obj365.yml	source-code	878	9a17f5b771812ffe17e7214a91051b67b03a4e8c14d7d71917d2fd5f0063c171	public
source-code/third-party/D-FINE/configs/dfine/objects365/dfine_hgnetv2_m_obj2coco.yml	source-code	1116	423bcd5c3646894aa16e6d63f8113e5128ce0c12b497556d617c9bf46edf490c	public
source-code/third-party/D-FINE/configs/dfine/objects365/dfine_hgnetv2_m_obj365.yml	source-code	1121	3712d2b2b5600f4a963e5d6e5482f5d7cbd282a4bb3b9f60dbbb2bdb9ccf110e	public
source-code/third-party/D-FINE/configs/dfine/objects365/dfine_hgnetv2_n_obj2coco.yml	source-code	1396	2c13bbaa24c31c9b9b2b3cbea74b3bfb11459ee24a0e2cb92b01f3365c66e795	public
source-code/third-party/D-FINE/configs/dfine/objects365/dfine_hgnetv2_n_obj365.yml	source-code	1342	7eb92ac75534dcd131e2fc2fbfa3ed89c7a29ced5826e6add14654093aed8cb6	public
source-code/third-party/D-FINE/configs/dfine/objects365/dfine_hgnetv2_s_obj2coco.yml	source-code	1139	23026202d3128e415b85ee9ccf3aefb0cae376ea6b8070b73c4ec3815a87c31a	public
source-code/third-party/D-FINE/configs/dfine/objects365/dfine_hgnetv2_s_obj365.yml	source-code	1145	3f1de7bcd59e79a10a6c59c8f7f317918a02634d82f13fb05085554f295a1efb	public
source-code/third-party/D-FINE/configs/dfine/objects365/dfine_hgnetv2_x_obj2coco.yml	source-code	1007	5a51c9e972ce8172afc0fd59561340cfa0311532aec59b883facf3092577675b	public
source-code/third-party/D-FINE/configs/dfine/objects365/dfine_hgnetv2_x_obj365.yml	source-code	1013	69bd6bbda9bc2b871894bc4780309d7e052010f3b03f37555ad2526702055dbf	public
source-code/third-party/D-FINE/configs/runtime.yml	source-code	328	a395084a74fb61a3aec1348e0cdb968a1e2ad427323a60e724b18fa9d09f7742	public
source-code/third-party/D-FINE/requirements.txt	source-code	111	bbcee279e63e2d0a84f062da109173ade45b2c186894f4c7ed5861c695c8581b	public
source-code/third-party/D-FINE/src/__init__.py	source-code	127	7109ec009371d2b175901e3c2d8764023351db75dcafa144a32c7d12bc38e0f0	public
source-code/third-party/D-FINE/src/core/__init__.py	source-code	265	1bafe74920dd247aa96bd3f1cf400b7d9dfb5ab7046505eec2499dec238a6b71	public
source-code/third-party/D-FINE/src/core/_config.py	source-code	9080	fc332d7467123ae4a6fb6b1848370fedd020d5d29e14468e7827fc25902af6e9	public
source-code/third-party/D-FINE/src/core/workspace.py	source-code	5446	c7f47a84a009e0c752fb6c3bef709935139fc281d7b19da9a8a5e3be7a5caad6	public
source-code/third-party/D-FINE/src/core/yaml_config.py	source-code	6902	20759ac57798c30786a76426fe7bf0d423679a07b10957596a4acdc3236975d7	public
source-code/third-party/D-FINE/src/core/yaml_utils.py	source-code	3098	9b2e6992233755b13394bf44c188dcb33dc6e02547ca8935ba58345a27d3b3f4	public
source-code/third-party/D-FINE/src/data/__init__.py	source-code	529	09a647f349646a7c74c894a7c5f4b9d427d6863cfaa0d94f9468432f20a5d559	public
source-code/third-party/D-FINE/src/data/_misc.py	source-code	1888	1adb62aee22d5aeb5351433ce3a70155619d4fa53166658b13d2f4acd1cf0e56	public
source-code/third-party/D-FINE/src/data/dataloader.py	source-code	3631	5ec7746fc31d1e8953637ed1bdd399274a143cfe72ded55ab10a23f1a3392ceb	public
source-code/third-party/D-FINE/src/data/dataset/__init__.py	source-code	477	91de4d6b905db100b5649502f4fe870350d10460d861a7b6d1f64a204a41634c	public
source-code/third-party/D-FINE/src/data/dataset/_dataset.py	source-code	730	791e80fd93177c5d1fb8bd7b81b01587cc4fac75248cdd48e19532c9be6ba6ff	public
source-code/third-party/D-FINE/src/data/dataset/cifar_dataset.py	source-code	617	e792f668e1cb84bbe4be546cee578442f6c2eb9842ba7340d8de05947012dedb	public
source-code/third-party/D-FINE/src/data/dataset/coco_dataset.py	source-code	8049	feea2a595058351410833c9d40c4ae4b221211695a5d9cc5fcb63d0f9b28a3ff	public
source-code/third-party/D-FINE/src/data/dataset/coco_eval.py	source-code	656	5098f5cf59cee7e37b26d58ce4fff90ed389c8a537a4b7500081f73a5b54162d	public
source-code/third-party/D-FINE/src/data/dataset/coco_utils.py	source-code	6721	3deef88c908a19903a65a119f57dc072ad4b5b71bda7b622f1e37a26f8f6b30c	public
source-code/third-party/D-FINE/src/data/dataset/voc_detection.py	source-code	2946	ada7de7743bf325745d3345adb84dcf0f2ffbcbe69ab2f987927ccac0188c2ba	public
source-code/third-party/D-FINE/src/data/dataset/voc_eval.py	source-code	223	71ce94eaa171228011f258384f67f5d69216579fbd60587e4c6cd191d2df3c1f	public
source-code/third-party/D-FINE/src/data/transforms/__init__.py	source-code	441	fd382b65e64135099a219dc69c4880671f1dda962737faea687d870be40a0e4e	public
source-code/third-party/D-FINE/src/data/transforms/_transforms.py	source-code	4593	5d7bd117776ddc6a01f54f24a7b06de3c4ecebb110dd005f7b52b6a8e0edd82e	public
source-code/third-party/D-FINE/src/data/transforms/container.py	source-code	2893	00efa248094230cea10e594d1f6ff3cafe58c789c590b42161594e82d7304f09	public
source-code/third-party/D-FINE/src/data/transforms/functional.py	source-code	5809	89e2d53d57a3f5ecf0e43d6973d71295c69179095a610a317df8bf40ea3ad9f6	public
source-code/third-party/D-FINE/src/data/transforms/mosaic.py	source-code	2607	505dd8068d9b8f6109d983d9467bb93ffa90b56dc9c357cc84c73d1b82e536d4	public
source-code/third-party/D-FINE/src/data/transforms/presets.py	source-code	115	0946ec3cbc389f0c7265f5480a8bc512f903ef143594ecdf1ea271e4866060be	public
source-code/third-party/D-FINE/src/misc/__init__.py	source-code	246	4faa8797f5d53cf43ae5e001f272daa6caed9e051cb353ff8054efa876d232b5	public
source-code/third-party/D-FINE/src/misc/box_ops.py	source-code	2908	1b156ee1218d61b59092db1b53331ab9985b7560fbf830e4516f9a3cc1bdbaaf	public
source-code/third-party/D-FINE/src/misc/dist_utils.py	source-code	7167	e777b2085d4094327fa0c83be431565637e1911576f2db5d9249de8d4db666d7	public
source-code/third-party/D-FINE/src/misc/lazy_loader.py	source-code	2365	8fefff4a0e0dc08bf7cb3ea8f4ed9bf3f8091dfedf5f0c5e9c7b38b5719bde33	public
source-code/third-party/D-FINE/src/misc/logger.py	source-code	8198	1e8952c3de9168453d54345fe748e2ecd4c0b0e0498bc93ec1dc028dd413f519	public
source-code/third-party/D-FINE/src/misc/profiler_utils.py	source-code	763	2e5ed876362f7d1a8e92463d11fe6c48f2edf073471ac15cf687cd04605a246c	public
source-code/third-party/D-FINE/src/misc/visualizer.py	source-code	4583	3c3357237436b0d935832715efc91d1bb5bcd93dcf951468de0a01e471d9e285	public
source-code/third-party/D-FINE/src/nn/__init__.py	source-code	311	460a9b38a00b77d0773cf5ac1d7dc7f6e61bc2807e3787d8153cf6aa1cc1fb12	public
source-code/third-party/D-FINE/src/nn/arch/__init__.py	source-code	193	6fa7f63a20f4acaad657b7474e0a926ccb3fc0faa622a4443f476c9ac2cd8019	public
source-code/third-party/D-FINE/src/nn/arch/classification.py	source-code	1014	6a3f046478fbeb178b085112809b3f0f1aea95f2fd7590617f25f89f8787f4a7	public
source-code/third-party/D-FINE/src/nn/arch/yolo.py	source-code	806	0d7657c672210294063c53529e93fa4f0d2f6c1a1d522289d097564b6d2526fc	public
source-code/third-party/D-FINE/src/nn/backbone/__init__.py	source-code	459	9340d1e27042872b4bcd72a083806f9394cdf87778c651c22a02d7441c761972	public
source-code/third-party/D-FINE/src/nn/backbone/common.py	source-code	3510	445d09ace261e83364ab844ffef8c148c6cca4d146d72ff87aff9c198e53284d	public
source-code/third-party/D-FINE/src/nn/backbone/csp_darknet.py	source-code	6584	48f792a0e32bd82a107448aac3732695fef95963ac0445670f9e92635d84fc5a	public
source-code/third-party/D-FINE/src/nn/backbone/csp_resnet.py	source-code	9698	f774a1f3fa8821e04f28b91d5601d0fd9b4eb3625c96bddef3d5da6e0770aa94	public
source-code/third-party/D-FINE/src/nn/backbone/hgnetv2.py	source-code	18444	88e7b784ae77c65afcf181fd47364218ed806ba1e130579ddf7a64af94e2bfe2	public
source-code/third-party/D-FINE/src/nn/backbone/presnet.py	source-code	7898	efbc9aa7d7f132266bba9b33a6bc6884392ccaebbde66d7b00351fd9c2a0ad49	public
source-code/third-party/D-FINE/src/nn/backbone/test_resnet.py	source-code	2685	e55193ffb5a6c23f1319b1673c0b16bdfb69ffbbd2e8431c2c5609d9a2a6d369	public
source-code/third-party/D-FINE/src/nn/backbone/timm_model.py	source-code	2061	8af01ecc743a6468a444e40fc638bf50809b50fcd4e44281f8f835ed2fd1c9c1	public
source-code/third-party/D-FINE/src/nn/backbone/torchvision_model.py	source-code	1275	d26379163074cd4740abafbf9ccc4acacc13fff6f20cf5e69be4acf300c5ae5e	public
source-code/third-party/D-FINE/src/nn/backbone/utils.py	source-code	1824	8067a520d1dcd5a90cdce5052ca4980eed9d744ab4b14fdb0bd2a43f6becb623	public
source-code/third-party/D-FINE/src/nn/criterion/__init__.py	source-code	260	97c070d344c37f9a702fda93ca71eb5bc0e1058d6eeb50ac0155a3c9ef1bb3d9	public
source-code/third-party/D-FINE/src/nn/criterion/det_criterion.py	source-code	7584	471fb5ce48828e52de66b6b032aa6c735fa2b26fe17e311c665ced29eb0fe21c	public
source-code/third-party/D-FINE/src/nn/postprocessor/__init__.py	source-code	167	ec649b2e9ce6bbdafd3e5002d434d5cf42eb1ee9432b8830927eda3e1b4d3c2f	public
source-code/third-party/D-FINE/src/nn/postprocessor/box_revert.py	source-code	1844	cc1e82d4f88eb9c699abf82f2d86cdae7931e7c96abaf6905799f4b0e3900b58	public
source-code/third-party/D-FINE/src/nn/postprocessor/detr_postprocessor.py	source-code	2658	cc4ebfef9f0aeb0247e76d2ea336f8c15df2193186dcd034f577034a6d9a80fe	public
source-code/third-party/D-FINE/src/nn/postprocessor/nms_postprocessor.py	source-code	2392	b207ac6a5e09496bc6b2c02544c39df24fb4981c8912bd61ed44bcbb33db0552	public
source-code/third-party/D-FINE/src/optim/__init__.py	source-code	197	46cdda7f4997a6d7bb8b3e9a96dfc6dd2f92d9c126449fc6659dec813ad2f6a1	public
source-code/third-party/D-FINE/src/optim/amp.py	source-code	253	0844eb2297798bb189f27d931817de9327829313c20e4bc1c38af57e39f0797e	public
source-code/third-party/D-FINE/src/optim/ema.py	source-code	3785	3842d275fffb737bcab73c35c9e3a1b7d76ec0b243ce684df267a8b0e8045d4d	public
source-code/third-party/D-FINE/src/optim/optim.py	source-code	621	9658c30da33249ecaadae03279f28088e2a3c7780e0072163a1c01bb9843bfe1	public
source-code/third-party/D-FINE/src/optim/warmup.py	source-code	1624	88f60d380a21946ef56f1cadc56e8210faff52b48bfa170c8326803f6f6bc9bc	public
source-code/third-party/D-FINE/src/solver/__init__.py	source-code	341	aea7f16e541f5655391155241d2437e2457595dafff391cae0d814e500d9f921	public
source-code/third-party/D-FINE/src/solver/_solver.py	source-code	25446	82e4b9bd07e137eabc95d2c9e8c43a693eefe9dafd1f0302f51fe252033875c5	public
source-code/third-party/D-FINE/src/solver/clas_engine.py	source-code	2442	7e1d39dfd2cbb2c153ded35d5f79d6be174a14ae2aa1c09d681506eabce6e849	public
source-code/third-party/D-FINE/src/solver/clas_solver.py	source-code	2532	45f953514c7b651a2e56b195ea7f9047b46626615796ae66b298cebff210445e	public
source-code/third-party/D-FINE/src/solver/det_engine.py	source-code	9943	c4f40778ac0f5476d38dd4335053a2d76936486abdac8d76879e8b1a54cc50e6	public
source-code/third-party/D-FINE/src/solver/det_solver.py	source-code	9602	90ab58f069261804be5fadb17da7b10d2f5a9e6a2a10b7783295004c35197e38	public
source-code/third-party/D-FINE/src/solver/det_solver.py.before_resume_fix	source-code	8895	48ddea5437e9b4d0f193673417af84d858213a5fb3a25e77f78c46fa09a17e24	public
source-code/third-party/D-FINE/src/solver/validator.py	source-code	14217	89fef835790ce5f5f49609895e6e7e9a9cc91923daa573b47e15568f8b3bbf9a	public
source-code/third-party/D-FINE/src/zoo/__init__.py	source-code	136	bd80775ac57e520c19517be3d956e9dde10b5f9a74435b9ae4b0dce6cf479172	public
source-code/third-party/D-FINE/src/zoo/dfine/__init__.py	source-code	355	defc56e477f449e1d9a33d5d87fb9a1669d60e77b55e20799d430c47aadd0ebf	public
source-code/third-party/D-FINE/src/zoo/dfine/blog.md	source-code	9082	c5a779d00896210a8ebc09b67b537402946c289504ea1ff9c6c6acb25775bb25	public
source-code/third-party/D-FINE/src/zoo/dfine/blog_cn.md	source-code	7431	0f1c33dbc69bea2ad2e70a218d2e867f4a429c6d547277fa4b7dbc51f535fe3d	public
source-code/third-party/D-FINE/src/zoo/dfine/box_ops.py	source-code	2715	6567626298faa8e9988926d18ff5d9ab81dcb21dfa8add66f7cd1f1bbeb3bf52	public
source-code/third-party/D-FINE/src/zoo/dfine/denoising.py	source-code	5322	5e761edd52ca9581e1de11412a80b9f94c8814815ef6c94d55d6aa71035ee796	public
source-code/third-party/D-FINE/src/zoo/dfine/dfine.py	source-code	867	265902841309972c4fe80b0ccdf63c0cfee8c13417892ab9cdc3e1155c6526d3	public
source-code/third-party/D-FINE/src/zoo/dfine/dfine_criterion.py	source-code	23794	9cd2fb3f6e6884712751efad4316ff2dbfb719d3399dd2d549d1d822676e4272	public
source-code/third-party/D-FINE/src/zoo/dfine/dfine_decoder.py	source-code	35551	56cb60dcdca9076d922dbb38b78e2c86ae6a42f8c773feed2911c62e6c7ec677	public
source-code/third-party/D-FINE/src/zoo/dfine/dfine_utils.py	source-code	6956	a363e9b785235b85f0da45f5423c0f870d73416d2f668c8140f2adec041d9670	public
source-code/third-party/D-FINE/src/zoo/dfine/hybrid_encoder.py	source-code	17245	e0e21c938da54e08372a66fc0782e79db3518edde9bbb003e90141f3e4d30551	public
source-code/third-party/D-FINE/src/zoo/dfine/matcher.py	source-code	6602	d6cc3905ebbcbd64bbd76539efe52a27337428b3a431d92a3e790c7da7aac76a	public
source-code/third-party/D-FINE/src/zoo/dfine/postprocessor.py	source-code	3115	2d262efdcbfbe2e915650960dd66e203fb7bed77ee4230baa418b982e04c4a8d	public
source-code/third-party/D-FINE/src/zoo/dfine/utils.py	source-code	6141	785c2b26b1cb68e383870be3869a19c980b764a2e51d139dd7294cd0df591f28	public
source-code/third-party/D-FINE/tools/benchmark/dataset.py	source-code	3185	bca3b41c2d6b0d8233fbc09359f1ee3b0308465b9d1dabe88a0ad5ffedeb8016	public
source-code/third-party/D-FINE/tools/benchmark/get_info.py	source-code	1372	a342f3eae33a0d7f4019e8a15be719984a4f51aabd4f7720e59f80474c0a136d	public
source-code/third-party/D-FINE/tools/benchmark/requirements.txt	source-code	74	ebce53bc4dfe0c837a19eaae23c356617168d8bf189b0a97023065cb1f81973b	public
source-code/third-party/D-FINE/tools/benchmark/trt_benchmark.py	source-code	7673	d28feaec479228548b46ccdfcb4f7bf2d3fba4deaf73d8a62a15477130dd5c93	public
source-code/third-party/D-FINE/tools/benchmark/utils.py	source-code	2509	746706c15e83d872662376cb31fcabbe3fba8edba0960125c0e4698c45ab76cc	public
source-code/third-party/D-FINE/tools/dataset/remap_obj365.py	source-code	5976	824c9f28fd43eccf530867d3a7ac989766c247235c052ba9642acab4215b4951	public
source-code/third-party/D-FINE/tools/dataset/resize_obj365.py	source-code	5306	d8c15bdf546258d3dd1292cbc5037e0c831147b9c2c0ed793e34890d7705c4ce	public
source-code/third-party/D-FINE/tools/deployment/export_onnx.py	source-code	3496	c1159df4e952b02b49e4d6fb8ee0a00b84fe2d9daee03cddc16709142d4012c8	public
source-code/third-party/D-FINE/tools/deployment/export_yolo_w_nms.py	source-code	2196	4dd7408a87a63d81c1a8af09de4ac502e248089be781d63d4a32fea7c75af7a5	public
source-code/third-party/D-FINE/tools/inference/cppExample/onnx/CMakeLists.txt	source-code	647	d2433c918794c7d19178b8fef8841e927a8a7e493d81ad4f37997bb9061c9b31	public
source-code/third-party/D-FINE/tools/inference/cppExample/onnx/onnxExample.cpp	source-code	13357	b11e9ae25090a94e9e45447510caa58eab53d6aafe34e52efb1f5190d43cdbd1	public
source-code/third-party/D-FINE/tools/inference/cppExample/openvino/CMakeLists.txt	source-code	573	23b30f6edae924b1413c1527d78f225a41f8794282f7c41edcb0454fa261fc05	public
source-code/third-party/D-FINE/tools/inference/cppExample/openvino/openvinoExample.cpp	source-code	1800	94c13048b735d1852f1d1229b27594ad2391e6c0121980819228475f3d93ba33	public
source-code/third-party/D-FINE/tools/inference/cppExample/trt/CMakeLists.txt	source-code	796	ddadd805c4d0b14ee12a8b575a3619677c5a2f19f46ce567582d546f91b2eb11	public
source-code/third-party/D-FINE/tools/inference/cppExample/trt/trtExample.cpp	source-code	14338	4472c91361e9ec41672b526e87e925b457a50db635e01e827a73f720da00a6a0	public
source-code/third-party/D-FINE/tools/inference/onnx_inf.py	source-code	5166	bb7b1ca48e6ec112f03c9a0934caf8af692170281808cdbbf2e1f2c95d4ea287	public
source-code/third-party/D-FINE/tools/inference/openvino_inf.py	source-code	3833	5d65e3ecee9c978bf8b723c4db8058ef5fd001e70f736d82d74038d5dd1d4024	public
source-code/third-party/D-FINE/tools/inference/requirements.txt	source-code	30	a2c15ddb123911425a6e8201ab98123552013d439d148244fdd7088f59aef33d	public
source-code/third-party/D-FINE/tools/inference/torch_inf.py	source-code	4707	fc8c8f70884bc1a3c9779e001c722cafbb6a759f733b8338cbd7d0dd73439538	public
source-code/third-party/D-FINE/tools/inference/trt_inf.py	source-code	7617	78b8cda34174f553b2ae3d1c31321bac0be01f5053379170aeeea141b381290e	public
source-code/third-party/D-FINE/tools/visualization/fiftyone_vis.py	source-code	12866	9525093942b0edba9368bfc1bb6dfe00fca4791f86599f627249661fa2582346	public
source-code/third-party/D-FINE/train.py	source-code	3181	4b1b13f64bba72669437f31016d37c44f415f0206affee8e910120a0c52cacb2	public
source-code/training/architecture-gate/run_architecture_gate_original_exporter.py	source-code	37269	79135bb1245ef26e23eaecfb80513f3916dde876ae12826ec9428da2efffcb41	public
source-code/training/architecture-gate/run_architecture_gate_preliminary.py	source-code	36768	2b85eefdf33205e45a4fad20df4186f20c28a83356d4b8e434d3399edc91121b	public
source-code/training/architecture-gate/run_architecture_gate_streaming.py	source-code	37271	fd48e9575a9ef8606e2c20c882ec2dff6552e10d19016f43da8dbfd78547345b	public
source-code/training/baseline-training/train_dfine_baseline.py	source-code	4260	8716cb3038fd0c9e90b7b48ab1e95f0b9d8094d5983857178ea1f96e97c1c84b	public
source-code/training/baseline-training/train_yolo_baseline.py	source-code	7649	229e8e6ede50edadb73c079ff0d9f41f9f11aa89f102ed6397720d570b38b590	public
source-code/training/formal-training/train_formal_uniform_and_risk_branches.py	source-code	23147	06efbbcb622b0c118f6a60fe0b7c0095c2ae1be7623e0d39d36abc71363fc2e7	public
source-code/training/method-gate/evaluate_method_gate_corruptions.py	source-code	13366	4d7d7fb29c24715be6df045ca53b3354ac2b0666de5bec45042767b805fa3970	public
source-code/training/method-gate/run_method_gate_loader_smoke.py	source-code	16098	b7b953805e8f44eee57d289ee2bfef0f2f2f98f18ae3b0b1121af7c23911045f	public
source-code/training/method-gate/train_context_balanced_cafr_gate.py	source-code	19825	7aa1781901786b03cea0bbefebbfc36344a228328b1bca5b8ed750381e437335	public
source-code/training/method-gate/train_method_gate_arms.py	source-code	19555	a88ac883b2ba7c86f8c1271b533769bdd9558f8031a91ebf1017b240b203dccd	public
source-code/training/training-controls/analyze_training_dynamics_attribution.py	source-code	22530	e25da492c869a695600fddb0f5cd90a02c91c7da6638cf09b8fef3aa2f6cc69f	public
source-code/utilities/diagnostics/run_controlled_corruption_smoke_suite.py	source-code	24906	3f61cd58aa3dc87bf5bc00b0d5324b5e2c834c66c0ce0edf74593c0b3292670f	public
source-code/utilities/diagnostics/run_yolo11seg_diagnostic.py	source-code	14654	77c3f8184164dc61b11c335c8a09a77a6850bb5695c7bd523da28b85165757b3	public
source-code/utilities/diagnostics/smoke_test_yolo.py	source-code	836	b006f09a5f8cdafc42e772ce45bf21071bd6d1e4ae43eec77bf68ddebaef9dd3	public
source-code/utilities/runtime-layout/prepare_runtime_layout.py	source-code	8440	acbf044d6980f56035873c5571c1d85ae2155b8c8f343eef49c47fd6bf46e5a8	public
source-code/utilities/shared-components/controlled_corruptions.py	source-code	14245	cb451b3ab1c5ba134bd5251298293f38f645d279d30614c7dbba7ecac550273a	public
source-code/utilities/shared-tools/calibrate_train_detector_operating_points.py	source-code	19409	6bb84daaf49d3cfa1843ef6aa23e0634b71ed01da5144bed0d92f14db80ab86f	public
source-code/utilities/shared-tools/repair_bdd100k_yolo_label_gap.py	source-code	11135	02187f6f2a74985e9218b999218af7395c0eb1e63d6b505c2f7fa895c900cfe6	public
source-code/utilities/shared-tools/resume_architecture_gate_after_evaluation_oom.py	source-code	16067	8693edd6c514ebf9293e061b4411b8f9339a113c62fff94946cc58cca9891444	public
source-code/utilities/shared-tools/train_common_uniform_stage.py	source-code	13742	d8d24bbd09cd10d635915d496feb100cfa0a95b4120d45f37b91396a043ad31b	public
