manifest	logical_path	resolution	physical_path	bytes	sha256
architecture-intervention/inputs/effective-development-split/artifact_manifest.json	bdd100k_architecture_gate_v3.yaml	active-direct	architecture-intervention/inputs/effective-development-split/bdd100k_architecture_gate_v3.yaml	425	208a57dacf467c4efab4d6d7d687fce63938d24bc4fc2012d551bb49100e808c
architecture-intervention/inputs/effective-development-split/artifact_manifest.json	formal_gate_protocol_v3.json	local-archive	local-archive/data-disk/autodrive/results/evaluation/architecture_gate/prepared_inputs_v3/formal_gate_protocol_v3.json	7223	1f19201fdd1d456b32a64135461fe61d6a7ce945ff5adbcbb4fa879bd7841b8f
architecture-intervention/inputs/effective-development-split/artifact_manifest.json	instances_train_dev_effective.json	active-direct	architecture-intervention/inputs/effective-development-split/instances_train_dev_effective.json	33994293	5e13ec651d0582032e5eacc1a46d885279fabe278463bd7c2be58b2429796faf
architecture-intervention/inputs/projected-p2-definition/artifact_manifest.json	gate_protocol_v2.json	active-direct	architecture-intervention/inputs/projected-p2-definition/gate_protocol_v2.json	3615	143dcc8b2bcc74a9a111957717493b57f8865bfeab0cd242cef4fff5e2d0c4c5
architecture-intervention/inputs/projected-p2-definition/artifact_manifest.json	metadata.json	active-direct	architecture-intervention/inputs/projected-p2-definition/metadata.json	740	299d6511043e227b7a8c1d1c83123cc8258b40ed7d37b1ade13631b4fc4dcd70
architecture-intervention/inputs/projected-p2-definition/artifact_manifest.json	weight_mapping.json	active-direct	architecture-intervention/inputs/projected-p2-definition/weight_mapping.json	145117	750ccfd2359aecebc09caacd9a55b7d05b83039630943d2f6a841b4bf88bec55
architecture-intervention/inputs/projected-p2-definition/artifact_manifest.json	yolo11m_p2_projected_bdd10.yaml	active-direct	architecture-intervention/inputs/projected-p2-definition/yolo11m_p2_projected_bdd10.yaml	1524	bd6bd6cde7f73f54d2e80fd4ad58b44a85d14cb14cb7fb450548b52f5d6ee0ef
architecture-intervention/inputs/projected-p2-definition/artifact_manifest.json	yolo11m_p2_projected_coco80.yaml	active-direct	architecture-intervention/inputs/projected-p2-definition/yolo11m_p2_projected_coco80.yaml	1524	bf732fa8f9fd62bdecae2332236aaac021b68d7eeee99cc5741466ea77bc6e20
architecture-intervention/inputs/projected-p2-definition/artifact_manifest.json	yolo11m_p2_projected_coco_init.pt	active-shared	architecture-intervention/checkpoints/projected-p2-initialization.pt	41786963	eef43a83adb99ee9b3d9e75c25d3454488b28ad5f86ac67fcf850351c3e848dd
architecture-intervention/inputs/split-and-model-configs/artifact_manifest.json	bdd100k_architecture_gate.yaml	active-direct	architecture-intervention/inputs/split-and-model-configs/bdd100k_architecture_gate.yaml	464	5c3979447afd15850fd6b98731edae57d92ce02f4a0dad170ba08bb36d2052d5
architecture-intervention/inputs/split-and-model-configs/artifact_manifest.json	gate_rules.json	active-direct	architecture-intervention/inputs/split-and-model-configs/gate_rules.json	1779	a1494ca9773813b5f912d6683e4ae03460869935f7f08127e2f63f7e6a9575e8
architecture-intervention/inputs/split-and-model-configs/artifact_manifest.json	instances_train_dev.json	active-direct	architecture-intervention/inputs/split-and-model-configs/instances_train_dev.json	33994645	1cddc4f25f987e7a6887c52b60ff2e5adbf73415d5b8b9f3f50f4fa6719b1be4
architecture-intervention/inputs/split-and-model-configs/artifact_manifest.json	metadata.json	active-direct	architecture-intervention/inputs/split-and-model-configs/metadata.json	702	a73d20e30e21fa9fe22a2078591f85f104040d0794cfe18d4b0e9b9cbcbdc7c0
architecture-intervention/inputs/split-and-model-configs/artifact_manifest.json	train_core.txt	active-direct	architecture-intervention/inputs/split-and-model-configs/train_core.txt	6370000	7a13091a343ee4f5a3ae20e60e4ab88728d307b29becb8dd26481edda7ea6751
architecture-intervention/inputs/split-and-model-configs/artifact_manifest.json	train_dev.txt	active-direct	architecture-intervention/inputs/split-and-model-configs/train_dev.txt	490000	d4e1c82556eb6adb30fa2d29f6d86e838922d70ad701f7403058b49184c0fcf2
architecture-intervention/inputs/split-and-model-configs/artifact_manifest.json	yolo11m_p2_gate.yaml	active-direct	architecture-intervention/inputs/split-and-model-configs/yolo11m_p2_gate.yaml	1476	29a859e1e6f7b88aa9739e6dd9981206e9bca942c82bfc226294ef76afcdd243
architecture-intervention/inputs/split-and-model-configs/artifact_manifest.json	yolo11m_standard_gate.yaml	active-direct	architecture-intervention/inputs/split-and-model-configs/yolo11m_standard_gate.yaml	1319	774f9377818db6f2145b1c69967f366f6a00b81bfa7f84372997e9acd2c7e94c
architecture-intervention/protocols/deterministic-training-gate/artifact_manifest.json	determinism_amendment.json	active-direct	architecture-intervention/protocols/deterministic-training-gate/determinism_amendment.json	2056	323977b86c1a731bcf2c7a92436b8db4b7593ec9c0c292f2477d2d31fd1e3900
architecture-intervention/protocols/deterministic-training-gate/artifact_manifest.json	formal_gate_protocol_v4.json	active-direct	architecture-intervention/protocols/deterministic-training-gate/formal_gate_protocol_v4.json	7882	7f003f25d4ddb5828933c9fbdb85441bf86fe20e2824495f369baca65765525a
architecture-intervention/protocols/official-validation-adjudication/artifact_manifest.json	borderline_adjudication_protocol_v5_1.json	active-direct	architecture-intervention/protocols/official-validation-adjudication/borderline_adjudication_protocol_v5_1.json	4580	d2e5d3eee91e82f70a91cc511f0a8d011fd6f65e4cb05cfa0ff7349bca1768e6
architecture-intervention/results/development-gate/evaluations/p2_projected_epoch10/artifact_manifest.json	metrics.json	active-direct	architecture-intervention/results/development-gate/evaluations/p2_projected_epoch10/metrics.json	1106	9e77aa7f1e610e1c350aee9974b890efc9c4a30a007a00cd6f7bde54a1fc3ca6
architecture-intervention/results/development-gate/evaluations/p2_projected_epoch10/artifact_manifest.json	predictions.json	local-archive	local-archive/data-disk/autodrive/results/evaluation/architecture_gate/formal_gate_v4/evaluations/p2_projected_epoch10/predictions.json	158673344	cc4998a5341a9a80309d3d5878723975d09cef1229a383f9ef66a80653c25154
architecture-intervention/results/development-gate/evaluations/p2_projected_epoch20/artifact_manifest.json	metrics.json	active-direct	architecture-intervention/results/development-gate/evaluations/p2_projected_epoch20/metrics.json	1103	4c5724135407627bb152c2a2168862e9aaaac6818b015f89f8c27d91c5fc37ea
architecture-intervention/results/development-gate/evaluations/p2_projected_epoch20/artifact_manifest.json	predictions.json	local-archive	local-archive/data-disk/autodrive/results/evaluation/architecture_gate/formal_gate_v4/evaluations/p2_projected_epoch20/predictions.json	151872996	2b28fe786678212bae9418be379e2f448aa8cd01c8e16f1a3a781691964ec314
architecture-intervention/results/development-gate/evaluations/standard_epoch10/artifact_manifest.json	metrics.json	active-direct	architecture-intervention/results/development-gate/evaluations/standard_epoch10/metrics.json	1095	c60678a18a10f732385c99e76fcc2cf78e1ca762977a8edb280586af01fdcee6
architecture-intervention/results/development-gate/evaluations/standard_epoch10/artifact_manifest.json	predictions.json	local-archive	local-archive/data-disk/autodrive/results/evaluation/architecture_gate/formal_gate_v4/evaluations/standard_epoch10/predictions.json	117009354	20255dc7087424f942dcd7a8457be03ac19684a8f42f085f2e714d7a7a51af73
architecture-intervention/results/development-gate/evaluations/standard_epoch20/artifact_manifest.json	metrics.json	active-direct	architecture-intervention/results/development-gate/evaluations/standard_epoch20/metrics.json	1094	b969be0ca95d683ca5e4c5a534a30316742715b64764507d54ff1a94be1343db
architecture-intervention/results/development-gate/evaluations/standard_epoch20/artifact_manifest.json	predictions.json	local-archive	local-archive/data-disk/autodrive/results/evaluation/architecture_gate/formal_gate_v4/evaluations/standard_epoch20/predictions.json	111579575	e8ba8c8fb0495e5d6a55414ead73d55635823683c13fdd337eee9c76a532d674
failure-diagnosis/detection-matches/artifact_manifest.json	D-FINE-M/false_positives.csv	active-direct	failure-diagnosis/detection-matches/D-FINE-M/false_positives.csv	4804349	fe4755d04e7fe111d3e97d117a14ab6262d1d4b082b9a1b727c246b3d990099b
failure-diagnosis/detection-matches/artifact_manifest.json	D-FINE-M/image_summary.csv	active-direct	failure-diagnosis/detection-matches/D-FINE-M/image_summary.csv	392852	1bfe641bf98d9ed79dc4d9b5ac8fce128ea24c0648744d5ea598f92c67fab67f
failure-diagnosis/detection-matches/artifact_manifest.json	D-FINE-M/object_matches.csv	active-direct	failure-diagnosis/detection-matches/D-FINE-M/object_matches.csv	43306519	8ea36ddf1acf71f26e53ff0292ff9072db2e70bdd3e28ab41531029b2a443a95
failure-diagnosis/detection-matches/artifact_manifest.json	D-FINE-M/summary.json	active-direct	failure-diagnosis/detection-matches/D-FINE-M/summary.json	3553	9d6fb79ded4015d6aa4eeabd7b859a9a8402662886b97218b158dab345d78c41
failure-diagnosis/detection-matches/artifact_manifest.json	YOLO11m/false_positives.csv	active-direct	failure-diagnosis/detection-matches/YOLO11m/false_positives.csv	5893084	5b05f537e42e1e0b76c30944f114f8c1f7287884da41f5fec4341905c0213838
failure-diagnosis/detection-matches/artifact_manifest.json	YOLO11m/image_summary.csv	active-direct	failure-diagnosis/detection-matches/YOLO11m/image_summary.csv	379972	f6b67ec4e43b9e18fd7fd2d98b6967773248b47f18ea7decabf46bd7755b3c31
failure-diagnosis/detection-matches/artifact_manifest.json	YOLO11m/object_matches.csv	active-direct	failure-diagnosis/detection-matches/YOLO11m/object_matches.csv	42742785	bdc3c4dad0d607a9d4111c47571a77679c5464d1e026c8f8429115f3f69107fc
failure-diagnosis/detection-matches/artifact_manifest.json	YOLO11m/summary.json	active-direct	failure-diagnosis/detection-matches/YOLO11m/summary.json	3539	7bb3de206c737d6c299719e001e1f6c5585c8d851bd639f886869a90adefa01f
failure-diagnosis/detection-matches/artifact_manifest.json	metadata.json	active-direct	failure-diagnosis/detection-matches/metadata.json	9395	c2bfea46dc71d9b6a3aa234408d5232bfc42391f593226e82fbfabb7d9f07a29
failure-diagnosis/failure-taxonomy/artifact_manifest.json	failure_object_table.csv	active-direct	failure-diagnosis/failure-taxonomy/failure_object_table.csv	49320715	d9a175a6ffbc9e58ef5718c2b7a304b088e5bb0248849468f374d35ebd68a94f
failure-diagnosis/failure-taxonomy/artifact_manifest.json	metadata.json	active-direct	failure-diagnosis/failure-taxonomy/metadata.json	2642	0e47b59a6188995619fcd4c364c388d663bb0a6cd95490d41d22cbafaba18fe2
failure-diagnosis/failure-taxonomy/artifact_manifest.json	subset_overlap.csv	active-direct	failure-diagnosis/failure-taxonomy/subset_overlap.csv	2627	a5f82539501012699207432a79b98cda8857c0a8789fa4e07392e42738dbf135
failure-diagnosis/failure-taxonomy/artifact_manifest.json	subset_summary.csv	active-direct	failure-diagnosis/failure-taxonomy/subset_summary.csv	363	82141bc48014211a165d3a689e00cc1b1ddfcfc04d542daced8785823cd06d4d
failure-diagnosis/failure-taxonomy/artifact_manifest.json	subsets/dfine_supported_yolo_failure.json	active-direct	failure-diagnosis/failure-taxonomy/subsets/dfine_supported_yolo_failure.json	157938	a48f514aa5626e8011bd264287003e2727fa00c391231b5df872b49ed54013c9
failure-diagnosis/failure-taxonomy/artifact_manifest.json	subsets/small_high_risk.json	active-direct	failure-diagnosis/failure-taxonomy/subsets/small_high_risk.json	511311	424a5ad09d1d227c451463d58425d77ddcee02cef93510f27a8c582c77f8e18b
failure-diagnosis/failure-taxonomy/artifact_manifest.json	subsets/small_jointly_missed.json	active-direct	failure-diagnosis/failure-taxonomy/subsets/small_jointly_missed.json	478175	7c27e4543108d021077e7f4a767fe3ce286c53a698c90ba005a0c9ee1684c4e8
failure-diagnosis/failure-taxonomy/artifact_manifest.json	subsets/yolo_classification_failure.json	active-direct	failure-diagnosis/failure-taxonomy/subsets/yolo_classification_failure.json	36407	fcc5838a1d71c5e2ec1b5753567558647956f93e39b770eea846e03016a29440
failure-diagnosis/failure-taxonomy/artifact_manifest.json	subsets/yolo_localization_failure.json	active-direct	failure-diagnosis/failure-taxonomy/subsets/yolo_localization_failure.json	182398	0f435a73f28c90654b988c15ee4af5acbd4250477ad529ba4cad48c5c259fc48
failure-diagnosis/failure-taxonomy/artifact_manifest.json	subsets/yolo_low_confidence.json	active-direct	failure-diagnosis/failure-taxonomy/subsets/yolo_low_confidence.json	388959	7969dca263bb126832e063212082672af6292570e1445cce9de63c16d07712bb
final-testing/canonical-clean/artifact_manifest.json	canonical_clean_metrics.csv	active-direct	final-testing/canonical-clean/canonical_clean_metrics.csv	4696	27eff399c57deac2c25ed21dae8a108eb918b412670d2a9f35f1cc67610f377b
final-testing/canonical-clean/artifact_manifest.json	canonical_clean_per_class_metrics.csv	active-direct	final-testing/canonical-clean/canonical_clean_per_class_metrics.csv	16954	d065b2b13181d64108c1b659b95e8799c68b7c5cd8f320e2bcd5729f90048b90
final-testing/canonical-clean/artifact_manifest.json	canonical_clean_summary.json	active-direct	final-testing/canonical-clean/canonical_clean_summary.json	9894	796ffb5efad6cd4cc97a2274a85b32ae3ab450e626f759d1fe7b4c0a38ab4ee1
final-testing/canonical-clean/artifact_manifest.json	evaluations/baseline_dfine/metrics.json	active-direct	final-testing/canonical-clean/evaluations/baseline_dfine/metrics.json	608	d2e203aa2065cd333a5ec382b95fc3ced08ff53e37988b549f746a48c4a1c22d
final-testing/canonical-clean/artifact_manifest.json	evaluations/baseline_dfine/prediction_audit.json	active-direct	final-testing/canonical-clean/evaluations/baseline_dfine/prediction_audit.json	556	3922ff9f17a964bcdbc79ab2bf86ee1af2f582747e5b7aa80c9283c8def18ee9
final-testing/canonical-clean/artifact_manifest.json	evaluations/baseline_yolo/metrics.json	active-direct	final-testing/canonical-clean/evaluations/baseline_yolo/metrics.json	609	d7229c3e9bc8cf1949eb47bdf6c7fd0534c09ca081ec7d29ab8b2c4ad182f052
final-testing/canonical-clean/artifact_manifest.json	evaluations/baseline_yolo/prediction_audit.json	active-direct	final-testing/canonical-clean/evaluations/baseline_yolo/prediction_audit.json	545	17ecde7e4adc45fbd53d27c44c5298ec0640871649b7672bddd87f95f8ea034e
final-testing/canonical-clean/artifact_manifest.json	evaluations/common40/metrics.json	active-direct	final-testing/canonical-clean/evaluations/common40/metrics.json	612	b05123165e4672e8cfc49ad49b675788cc98bab8d3a128eb265edfbca54d587e
final-testing/canonical-clean/artifact_manifest.json	evaluations/common40/prediction_audit.json	active-direct	final-testing/canonical-clean/evaluations/common40/prediction_audit.json	548	dc6a92ce81095dcb308439fd5c2ae34a6af31e46ae53b4c1b22a148b26b43755
final-testing/canonical-clean/artifact_manifest.json	evaluations/gate_scalar/metrics.json	active-direct	final-testing/canonical-clean/evaluations/gate_scalar/metrics.json	621	796d10c24586a4e487063ddc379779d962d62cbd7b3ad02ff2d1715006909ab4
final-testing/canonical-clean/artifact_manifest.json	evaluations/gate_scalar/prediction_audit.json	active-direct	final-testing/canonical-clean/evaluations/gate_scalar/prediction_audit.json	549	9a2411b4e86eeeabc4f57f7fe8b8cadd806a542090ca993d3eb89097d0e5e760
final-testing/canonical-clean/artifact_manifest.json	evaluations/gate_typed/metrics.json	active-direct	final-testing/canonical-clean/evaluations/gate_typed/metrics.json	617	d115a413444c26160188ee0ced53d770f5f1087fe78c2634dc614f3ce4adfd01
final-testing/canonical-clean/artifact_manifest.json	evaluations/gate_typed/prediction_audit.json	active-direct	final-testing/canonical-clean/evaluations/gate_typed/prediction_audit.json	548	b2f6e28e1f43698c2c50b1efb7d165c8704a18c36f3a6538d7c037ca22590118
final-testing/canonical-clean/artifact_manifest.json	evaluations/gate_typed_v2/metrics.json	active-direct	final-testing/canonical-clean/evaluations/gate_typed_v2/metrics.json	623	736b977f4b8307d19aa5e5979e1a213a45dc4618fcf439dfde10498d5d0e34b7
final-testing/canonical-clean/artifact_manifest.json	evaluations/gate_typed_v2/prediction_audit.json	active-direct	final-testing/canonical-clean/evaluations/gate_typed_v2/prediction_audit.json	548	a260e79700bc1b6d2da37ddb86d8e66c02724f9bbe6b38989c5c530b3c9ce85a
final-testing/canonical-clean/artifact_manifest.json	evaluations/gate_uniform/metrics.json	active-direct	final-testing/canonical-clean/evaluations/gate_uniform/metrics.json	617	e7aa99f76cdb1c52a60f1641e53c89b91d35e5f5be3c13a446a7f1598a033187
final-testing/canonical-clean/artifact_manifest.json	evaluations/gate_uniform/prediction_audit.json	active-direct	final-testing/canonical-clean/evaluations/gate_uniform/prediction_audit.json	547	e17cc5b878fd7c729a4cf825e71d2220bb9c8e73e1285d17182ac982ce822147
final-testing/canonical-clean/artifact_manifest.json	evaluations/p2_e20/metrics.json	active-direct	final-testing/canonical-clean/evaluations/p2_e20/metrics.json	603	eeea21712352cf5fcc15243d52ea58fe0643b85bc288daebd9f7da7e8e49892d
final-testing/canonical-clean/artifact_manifest.json	evaluations/p2_e20/prediction_audit.json	active-direct	final-testing/canonical-clean/evaluations/p2_e20/prediction_audit.json	547	23a8bf15156230b7e9455f103ff45ab12c62339588efd448580ac8deb16f649a
final-testing/canonical-clean/artifact_manifest.json	evaluations/risk_e100/metrics.json	active-direct	final-testing/canonical-clean/evaluations/risk_e100/metrics.json	601	947e7e86ec74669adce201f33fc2dd823f9da817c665e01e7ca6cf189c13108f
final-testing/canonical-clean/artifact_manifest.json	evaluations/risk_e100/prediction_audit.json	active-direct	final-testing/canonical-clean/evaluations/risk_e100/prediction_audit.json	548	46fa761d125f71cd797c55ae972518d84feecc95910381940d14b841c87bffc4
final-testing/canonical-clean/artifact_manifest.json	evaluations/risk_e56/metrics.json	active-direct	final-testing/canonical-clean/evaluations/risk_e56/metrics.json	604	751ce7988dd28d4d1aaace404dab763ee5c341b2a96d59f18afab26194f48c95
final-testing/canonical-clean/artifact_manifest.json	evaluations/risk_e56/prediction_audit.json	active-direct	final-testing/canonical-clean/evaluations/risk_e56/prediction_audit.json	549	7a506ce37125f22c16edaaff8a129757d9c7848be0d8de3c079050d0bf4b9306
final-testing/canonical-clean/artifact_manifest.json	evaluations/standard_e20/metrics.json	active-direct	final-testing/canonical-clean/evaluations/standard_e20/metrics.json	620	08ea8f77c2ed34037a57d3c2e006407d536f39b344a1e2bbf30bd352a755defd
final-testing/canonical-clean/artifact_manifest.json	evaluations/standard_e20/prediction_audit.json	active-direct	final-testing/canonical-clean/evaluations/standard_e20/prediction_audit.json	547	c7974a72c79241d53d7075d07079af09bee2fbd702075075d96a3f56ce650291
final-testing/canonical-clean/artifact_manifest.json	evaluations/uniform_e100/metrics.json	active-direct	final-testing/canonical-clean/evaluations/uniform_e100/metrics.json	616	b8dd9809ee406a12cc693d7dad350fba15a10c2b50cb716a5e57145430f8b6e1
final-testing/canonical-clean/artifact_manifest.json	evaluations/uniform_e100/prediction_audit.json	active-direct	final-testing/canonical-clean/evaluations/uniform_e100/prediction_audit.json	547	f5b60e67d22ffcf61bd007652d612f0e82a6472154f14d44197af85c63ab06e8
final-testing/canonical-clean/artifact_manifest.json	evaluations/uniform_e56/metrics.json	active-direct	final-testing/canonical-clean/evaluations/uniform_e56/metrics.json	610	7a84cd9ba3f1f58bd9cfacddd2e7e2e86d8e59eb9b53451cb57bff050cfee928
final-testing/canonical-clean/artifact_manifest.json	evaluations/uniform_e56/prediction_audit.json	active-direct	final-testing/canonical-clean/evaluations/uniform_e56/prediction_audit.json	549	0b48c4a76e5884e32d941c1d7b1362ef789590cbf0c79d37b683123702016d8f
final-testing/canonical-clean/artifact_manifest.json	prediction_registry.json	active-direct	final-testing/canonical-clean/prediction_registry.json	16222	e748326efdcc4a388e01cd6b6aecf89df9f06a725ca5dc8e32a1e84fc3cd6a66
final-testing/canonical-clean/artifact_manifest.json	predictions/common40/image_summary.json	local-archive	local-archive/data-disk/autodrive/results/evaluation/final_analysis_v1/canonical_clean_v1/predictions/common40/image_summary.json	1117778	ca97d7a35eece9998ec2135f69a94f6d5c135cfdc9d42a66e1bad5ebdc67950e
final-testing/canonical-clean/artifact_manifest.json	predictions/common40/inference_paths.txt	local-archive	local-archive/data-disk/autodrive/results/segmentation/yolo11m_seg_bdd100k_val/inference_paths.txt	960000	f10fb171a853bd4917b4f4893f396d3d35949333b2f1107be58c487b204bcd8f
final-testing/canonical-clean/artifact_manifest.json	predictions/common40/metadata.json	local-archive	local-archive/data-disk/autodrive/results/evaluation/final_analysis_v1/canonical_clean_v1/predictions/common40/metadata.json	2662	6dfd1cb9a245857a54521a9165794e0a096e47beda86abca3dda2f2b2ec6714b
final-testing/canonical-clean/artifact_manifest.json	predictions/common40/predictions.json	local-archive	local-archive/data-disk/autodrive/results/evaluation/final_analysis_v1/canonical_clean_v1/predictions/common40/predictions.json	297953943	12c1e0f4ceffe06fc31def28b7d1c37206c241fafa0ee008d8e22d00eecefadb
final-testing/canonical-clean/artifact_manifest.json	predictions/gate_scalar/image_summary.json	local-archive	local-archive/data-disk/autodrive/results/evaluation/final_analysis_v1/canonical_clean_v1/predictions/gate_scalar/image_summary.json	1118291	8a299e80de5e7bf6984eceb84ab35bbff691f8609e11852b56e892319d8cbb90
final-testing/canonical-clean/artifact_manifest.json	predictions/gate_scalar/inference_paths.txt	local-archive	local-archive/data-disk/autodrive/results/segmentation/yolo11m_seg_bdd100k_val/inference_paths.txt	960000	f10fb171a853bd4917b4f4893f396d3d35949333b2f1107be58c487b204bcd8f
final-testing/canonical-clean/artifact_manifest.json	predictions/gate_scalar/metadata.json	local-archive	local-archive/data-disk/autodrive/results/evaluation/final_analysis_v1/canonical_clean_v1/predictions/gate_scalar/metadata.json	2644	8ff9b5df3794259150e0720c68193d2f1326a1f098c28ac4304bcc33a7cae632
final-testing/canonical-clean/artifact_manifest.json	predictions/gate_scalar/predictions.json	local-archive	local-archive/data-disk/autodrive/results/evaluation/final_analysis_v1/canonical_clean_v1/predictions/gate_scalar/predictions.json	334754831	6f340eec9e761148db65eb50ac5465123755b43f335964562b24caacad335bf2
final-testing/canonical-clean/artifact_manifest.json	predictions/gate_typed/image_summary.json	local-archive	local-archive/data-disk/autodrive/results/evaluation/final_analysis_v1/canonical_clean_v1/predictions/gate_typed/image_summary.json	1118298	3e7c3092d3aca167e1adb2f0c4e39dd6e7bf1bf323c9b9899075bbb559c6d01c
final-testing/canonical-clean/artifact_manifest.json	predictions/gate_typed/inference_paths.txt	local-archive	local-archive/data-disk/autodrive/results/segmentation/yolo11m_seg_bdd100k_val/inference_paths.txt	960000	f10fb171a853bd4917b4f4893f396d3d35949333b2f1107be58c487b204bcd8f
final-testing/canonical-clean/artifact_manifest.json	predictions/gate_typed/metadata.json	local-archive	local-archive/data-disk/autodrive/results/evaluation/final_analysis_v1/canonical_clean_v1/predictions/gate_typed/metadata.json	2643	02286548c561cd4e9b6f0723cb0b514f73be98086dc3ce54fb3a5144fefc71f1
final-testing/canonical-clean/artifact_manifest.json	predictions/gate_typed/predictions.json	local-archive	local-archive/data-disk/autodrive/results/evaluation/final_analysis_v1/canonical_clean_v1/predictions/gate_typed/predictions.json	335202251	5c83bad6627581980a3abcd8fb7599ca828fe9f3b0c9e444f96e9661d727ce82
final-testing/canonical-clean/artifact_manifest.json	predictions/gate_typed_v2/image_summary.json	local-archive	local-archive/data-disk/autodrive/results/evaluation/final_analysis_v1/canonical_clean_v1/predictions/gate_typed_v2/image_summary.json	1118284	cda143467c542b6b6dc6b44e754f20c161639a57e84adf78293deadb51d135ec
final-testing/canonical-clean/artifact_manifest.json	predictions/gate_typed_v2/inference_paths.txt	local-archive	local-archive/data-disk/autodrive/results/segmentation/yolo11m_seg_bdd100k_val/inference_paths.txt	960000	f10fb171a853bd4917b4f4893f396d3d35949333b2f1107be58c487b204bcd8f
final-testing/canonical-clean/artifact_manifest.json	predictions/gate_typed_v2/metadata.json	local-archive	local-archive/data-disk/autodrive/results/evaluation/final_analysis_v1/canonical_clean_v1/predictions/gate_typed_v2/metadata.json	2652	34400bee3f492f7c9b461da88e4d9706ce1d04016a865786f474645727622d6f
final-testing/canonical-clean/artifact_manifest.json	predictions/gate_typed_v2/predictions.json	local-archive	local-archive/data-disk/autodrive/results/evaluation/final_analysis_v1/canonical_clean_v1/predictions/gate_typed_v2/predictions.json	334010918	4a5bb647f94b586530079ce3c3a413aedb950144c72514174188fdf60a6a8c2b
final-testing/canonical-clean/artifact_manifest.json	predictions/gate_uniform/image_summary.json	local-archive	local-archive/data-disk/autodrive/results/evaluation/final_analysis_v1/canonical_clean_v1/predictions/gate_uniform/image_summary.json	1118208	1484c6b5a92a14798b8cf6eb7018ed5cbbd8bf0fcd7e49cfcc1188c844af3e84
final-testing/canonical-clean/artifact_manifest.json	predictions/gate_uniform/inference_paths.txt	local-archive	local-archive/data-disk/autodrive/results/segmentation/yolo11m_seg_bdd100k_val/inference_paths.txt	960000	f10fb171a853bd4917b4f4893f396d3d35949333b2f1107be58c487b204bcd8f
final-testing/canonical-clean/artifact_manifest.json	predictions/gate_uniform/metadata.json	local-archive	local-archive/data-disk/autodrive/results/evaluation/final_analysis_v1/canonical_clean_v1/predictions/gate_uniform/metadata.json	2641	48874b6f67b831618fc2e44906e1d9f221ffe05b1dfc6374038364df3760b396
final-testing/canonical-clean/artifact_manifest.json	predictions/gate_uniform/predictions.json	local-archive	local-archive/data-disk/autodrive/results/evaluation/final_analysis_v1/canonical_clean_v1/predictions/gate_uniform/predictions.json	329073289	3d69847769a1b7c344c369baa67a25cf9119808cbcb4a66cfbcec185c21f4ab8
final-testing/canonical-clean/artifact_manifest.json	predictions/risk_e100/image_summary.json	local-archive	local-archive/data-disk/autodrive/results/evaluation/final_analysis_v1/canonical_clean_v1/predictions/risk_e100/image_summary.json	1117594	8e1d2d9306186865e086f2bab32cdcd328d16cbdbd42c282b6a8c7eac20dda2b
final-testing/canonical-clean/artifact_manifest.json	predictions/risk_e100/inference_paths.txt	local-archive	local-archive/data-disk/autodrive/results/segmentation/yolo11m_seg_bdd100k_val/inference_paths.txt	960000	f10fb171a853bd4917b4f4893f396d3d35949333b2f1107be58c487b204bcd8f
final-testing/canonical-clean/artifact_manifest.json	predictions/risk_e100/metadata.json	local-archive	local-archive/data-disk/autodrive/results/evaluation/final_analysis_v1/canonical_clean_v1/predictions/risk_e100/metadata.json	2664	20d81fa0d6f4cfb81dcf22c1e3a5b58b26a8bb7f631d730ae0ab75bb688d9c8f
final-testing/canonical-clean/artifact_manifest.json	predictions/risk_e100/predictions.json	local-archive	local-archive/data-disk/autodrive/results/evaluation/final_analysis_v1/canonical_clean_v1/predictions/risk_e100/predictions.json	288483404	12ed01e6839c6b1dd67df64d4a18b7f6df345ae7e9d54f99eda1cea6f3c198ff
final-testing/canonical-clean/artifact_manifest.json	predictions/risk_e56/image_summary.json	local-archive	local-archive/data-disk/autodrive/results/evaluation/final_analysis_v1/canonical_clean_v1/predictions/risk_e56/image_summary.json	1118007	f0b96baf129ea6032f7ffc4d5a20f02459f5a09020bfc9f257d019e057237dce
final-testing/canonical-clean/artifact_manifest.json	predictions/risk_e56/inference_paths.txt	local-archive	local-archive/data-disk/autodrive/results/segmentation/yolo11m_seg_bdd100k_val/inference_paths.txt	960000	f10fb171a853bd4917b4f4893f396d3d35949333b2f1107be58c487b204bcd8f
final-testing/canonical-clean/artifact_manifest.json	predictions/risk_e56/metadata.json	local-archive	local-archive/data-disk/autodrive/results/evaluation/final_analysis_v1/canonical_clean_v1/predictions/risk_e56/metadata.json	2655	cd346afdd416e614090c5c4aa5c5a41a2b32abd4d80768dc1bf45602331f2be9
final-testing/canonical-clean/artifact_manifest.json	predictions/risk_e56/predictions.json	local-archive	local-archive/data-disk/autodrive/results/evaluation/final_analysis_v1/canonical_clean_v1/predictions/risk_e56/predictions.json	313413424	de6152f37d39cbde220b1d2230745e43c0fee32546c539e092a8b08a1f97e698
final-testing/canonical-clean/artifact_manifest.json	predictions/uniform_e100/image_summary.json	local-archive	local-archive/data-disk/autodrive/results/evaluation/final_analysis_v1/canonical_clean_v1/predictions/uniform_e100/image_summary.json	1117542	91bd9b4bd5a9add87f45844423f2a61dd5d4d0fec7abf1031f86b06b067a9f97
final-testing/canonical-clean/artifact_manifest.json	predictions/uniform_e100/inference_paths.txt	local-archive	local-archive/data-disk/autodrive/results/segmentation/yolo11m_seg_bdd100k_val/inference_paths.txt	960000	f10fb171a853bd4917b4f4893f396d3d35949333b2f1107be58c487b204bcd8f
final-testing/canonical-clean/artifact_manifest.json	predictions/uniform_e100/metadata.json	local-archive	local-archive/data-disk/autodrive/results/evaluation/final_analysis_v1/canonical_clean_v1/predictions/uniform_e100/metadata.json	2663	938a0c2a4d88921d6c03edfd9860d0b9b016fc04e28425496cf48cb9fd4e5ade
final-testing/canonical-clean/artifact_manifest.json	predictions/uniform_e100/predictions.json	local-archive	local-archive/data-disk/autodrive/results/evaluation/final_analysis_v1/canonical_clean_v1/predictions/uniform_e100/predictions.json	287432776	975043f38bdd37be04ce1a004bcd3154ed8ff7073c2bd75c20c38809e2850b89
final-testing/canonical-clean/artifact_manifest.json	predictions/uniform_e56/image_summary.json	local-archive	local-archive/data-disk/autodrive/results/evaluation/final_analysis_v1/canonical_clean_v1/predictions/uniform_e56/image_summary.json	1117976	93e660dbeb3082bc76b34663b3560487d6534d47f475f4271f1d767406e935ea
final-testing/canonical-clean/artifact_manifest.json	predictions/uniform_e56/inference_paths.txt	local-archive	local-archive/data-disk/autodrive/results/segmentation/yolo11m_seg_bdd100k_val/inference_paths.txt	960000	f10fb171a853bd4917b4f4893f396d3d35949333b2f1107be58c487b204bcd8f
final-testing/canonical-clean/artifact_manifest.json	predictions/uniform_e56/metadata.json	local-archive	local-archive/data-disk/autodrive/results/evaluation/final_analysis_v1/canonical_clean_v1/predictions/uniform_e56/metadata.json	2656	9e02ed148c07cbad6553fd9d4d9827114d21aef5e9fc9889d0e741240b123d48
final-testing/canonical-clean/artifact_manifest.json	predictions/uniform_e56/predictions.json	local-archive	local-archive/data-disk/autodrive/results/evaluation/final_analysis_v1/canonical_clean_v1/predictions/uniform_e56/predictions.json	311631487	38b8944c55f65ca1c67456489fd88a259fafc28887b8385e0dfa82bbe1417af9
final-testing/canonical-clean/artifact_manifest.json	progress.json	active-direct	final-testing/canonical-clean/progress.json	601	327388ce02e7b134b6efa34b64f125e4a5df726c06a0f32cde6a2549ebd41372
final-testing/corruptions/artifact_manifest.json	benchmark_metadata.json	active-direct	final-testing/corruptions/benchmark_metadata.json	1356	a339a9dede2ad7382d68fd37345b2e3987e066175b8c103681024f7f54eeaa78
final-testing/corruptions/artifact_manifest.json	corruption_metrics.csv	active-direct	final-testing/corruptions/corruption_metrics.csv	58082	20b15fe7795afcd1e1714071a7ced51d2d0125b6ae8951b266d2140583f1b761
final-testing/corruptions/artifact_manifest.json	corruption_metrics.json	active-direct	final-testing/corruptions/corruption_metrics.json	126730	f3dbb92bf9b22d269513e6077a73b7ee493fcb0fc0f1bcafcb4890062b73e3d3
final-testing/corruptions/artifact_manifest.json	corruption_per_class_metrics.csv	active-direct	final-testing/corruptions/corruption_per_class_metrics.csv	76742	fb3e60fadb4fea05764925725e33b6af8850f0314f7e08bdea319d28aaa19873
final-testing/corruptions/artifact_manifest.json	corruption_per_class_metrics.json	active-direct	final-testing/corruptions/corruption_per_class_metrics.json	207913	ee70d8fe22c0f014ecdb695d5e271bc45df729d2f77a2e15fab46bbd229f6124
final-testing/corruptions/artifact_manifest.json	executor_v2_equivalence.json	active-direct	final-testing/corruptions/executor_v2_equivalence.json	849	6c16b1f1b3c6b89e1793e52f2640c40e1da8c0f29ad7c8ad602bf7c258181866
final-testing/corruptions/artifact_manifest.json	model_comparison.csv	active-direct	final-testing/corruptions/model_comparison.csv	161	7228e7b513d12c97f91bbace91f86610749b587cd4332992b95a14cf01957634
final-testing/corruptions/artifact_manifest.json	model_condition_comparisons.csv	active-direct	final-testing/corruptions/model_condition_comparisons.csv	9604	1a8be5d461241dc4c8535bb1a324c7fc4ed176aa6f2e00b63adff872afbe8aa6
final-testing/corruptions/artifact_manifest.json	model_corruption_family_summary.csv	active-direct	final-testing/corruptions/model_corruption_family_summary.csv	6450	e3fb2d38835cce4d26f596746ce9394f87c700e68011d168513167d6030e7a01
final-testing/corruptions/artifact_manifest.json	progress.json	active-direct	final-testing/corruptions/progress.json	21707	f21df27cefe65005bef44f05c1890c16de39876729b308691e36ab73f0f49a8b
final-testing/corruptions/artifact_manifest.json	severity_summary.csv	active-direct	final-testing/corruptions/severity_summary.csv	3718	5c1ba5e287f40f9510f3a4702634892df2d5ec707e9f07ade19ce9ddd7a5d5ca
final-testing/corruptions/artifact_manifest.json	summary.json	active-direct	final-testing/corruptions/summary.json	6534	79405e719f85fe247573f45b3c329c95bf3cb2f64a391a0ef774b94d87b02d99
final-testing/corruptions/artifact_manifest.json	variant_records/common40_blur_s1.json	active-direct	final-testing/corruptions/variant_records/common40_blur_s1.json	5970	876bf9058768ca17771f9ff33f14d6feaf9265429029c1f1d47e80dea9a81529
final-testing/corruptions/artifact_manifest.json	variant_records/common40_blur_s2.json	active-direct	final-testing/corruptions/variant_records/common40_blur_s2.json	5954	73492ce40e1dbeaf62f6c43fa0672be745c60fd2429620fb7f015cdbba3eaeca
final-testing/corruptions/artifact_manifest.json	variant_records/common40_blur_s3.json	active-direct	final-testing/corruptions/variant_records/common40_blur_s3.json	5956	ed7d490703abb51edfb56fa3a662e5a3454a5252902a98d9cb467b29e63891aa
final-testing/corruptions/artifact_manifest.json	variant_records/common40_fog_s1.json	active-direct	final-testing/corruptions/variant_records/common40_fog_s1.json	6028	47e9820c283a4dd6230c63a1cd179224f902bcecd72caac2071171e05baa1598
final-testing/corruptions/artifact_manifest.json	variant_records/common40_fog_s2.json	active-direct	final-testing/corruptions/variant_records/common40_fog_s2.json	6022	1d53eee1d30a95b0f361d16b910385d46f8b78b701c8c530e9b2bb4b6bade460
final-testing/corruptions/artifact_manifest.json	variant_records/common40_fog_s3.json	active-direct	final-testing/corruptions/variant_records/common40_fog_s3.json	6017	ac17da91f26f872b91a911f78d775840a3311f0b5e8b91559bee1e12a71df7e7
final-testing/corruptions/artifact_manifest.json	variant_records/common40_low_light_s1.json	active-direct	final-testing/corruptions/variant_records/common40_low_light_s1.json	6035	854922a0172072e1635b81887af742d1ecf2184f59fd53b2325bdea72b1bed2f
final-testing/corruptions/artifact_manifest.json	variant_records/common40_low_light_s2.json	active-direct	final-testing/corruptions/variant_records/common40_low_light_s2.json	6015	cb21abfcb843e3b709824a2256c7d1bebd127887b03553dd6b878dc943292f9a
final-testing/corruptions/artifact_manifest.json	variant_records/common40_low_light_s3.json	active-direct	final-testing/corruptions/variant_records/common40_low_light_s3.json	6014	d389d03974b965f57f1846f5ef50a1906eabeb4f6ad6f9cdc5c1130cec25f55d
final-testing/corruptions/artifact_manifest.json	variant_records/common40_noise_s1.json	active-direct	final-testing/corruptions/variant_records/common40_noise_s1.json	5970	d3e31a86fd7403f19bed8968c8fcedcc90df0ad0eddee0496f0f10ccd0c1b865
final-testing/corruptions/artifact_manifest.json	variant_records/common40_noise_s2.json	active-direct	final-testing/corruptions/variant_records/common40_noise_s2.json	5960	eac26839f60acbfa78f9c1c6f80c3d3816936a6b001d55ff471fedcf930cd864
final-testing/corruptions/artifact_manifest.json	variant_records/common40_noise_s3.json	active-direct	final-testing/corruptions/variant_records/common40_noise_s3.json	5951	41633f87692eb49d3e8f64afa4710f204b6f5e65e87dfcc310842ccf36534f06
final-testing/corruptions/artifact_manifest.json	variant_records/common40_rain_s1.json	active-direct	final-testing/corruptions/variant_records/common40_rain_s1.json	6094	695edd1606993fed147f85f14023a7958d4113c69fb20d4a5e064546f2dbea2b
final-testing/corruptions/artifact_manifest.json	variant_records/common40_rain_s2.json	active-direct	final-testing/corruptions/variant_records/common40_rain_s2.json	6093	c55677cadbb558431d556556fd5157c0d64bb00b957f01058db3b49450a08d25
final-testing/corruptions/artifact_manifest.json	variant_records/common40_rain_s3.json	active-direct	final-testing/corruptions/variant_records/common40_rain_s3.json	6084	3d6b1f253f292656ea40a2cbd94ce0c6e2b77e794525a94b6b3c93a265900c2c
final-testing/corruptions/artifact_manifest.json	variant_records/p2_e20_blur_s1.json	active-direct	final-testing/corruptions/variant_records/p2_e20_blur_s1.json	5955	6bc8cd224d897e8b67fce07902f4512645005b68534c7d976cbe8584dcf6aec6
final-testing/corruptions/artifact_manifest.json	variant_records/p2_e20_blur_s2.json	active-direct	final-testing/corruptions/variant_records/p2_e20_blur_s2.json	5940	2546efdca69a9290947c7a94cb1bb8ccaf8c15fcbbd44fbd397c02d7ecf0cfbd
final-testing/corruptions/artifact_manifest.json	variant_records/p2_e20_blur_s3.json	active-direct	final-testing/corruptions/variant_records/p2_e20_blur_s3.json	5941	9cb3c21081087af2c1840f82da99ce2fbe83f27238b5154408ae71bfd1dfef35
final-testing/corruptions/artifact_manifest.json	variant_records/p2_e20_fog_s1.json	active-direct	final-testing/corruptions/variant_records/p2_e20_fog_s1.json	6021	1d71eaa76be8f81386c4e8ed9e274d3d8704e0b2e6d67ae8fcbb50c0882a55eb
final-testing/corruptions/artifact_manifest.json	variant_records/p2_e20_fog_s2.json	active-direct	final-testing/corruptions/variant_records/p2_e20_fog_s2.json	6017	f02b041b8c7c9ec79252be68e5d36957a66debba0b7eb24ddc7696606c637ad6
final-testing/corruptions/artifact_manifest.json	variant_records/p2_e20_fog_s3.json	active-direct	final-testing/corruptions/variant_records/p2_e20_fog_s3.json	6010	4d912b691114b4eab1a1a12d40fc662fc1055b75528038cc31b14135ce2fc1df
final-testing/corruptions/artifact_manifest.json	variant_records/p2_e20_low_light_s1.json	active-direct	final-testing/corruptions/variant_records/p2_e20_low_light_s1.json	6010	d2820343d23a109860388abdf1c7e6e27de60ae3ab01ab720cce44bb0f8cb396
final-testing/corruptions/artifact_manifest.json	variant_records/p2_e20_low_light_s2.json	active-direct	final-testing/corruptions/variant_records/p2_e20_low_light_s2.json	6005	24740b072da218ac6687a23dd6ed183f2b9cc797c87c66478ec80270b8f99626
final-testing/corruptions/artifact_manifest.json	variant_records/p2_e20_low_light_s3.json	active-direct	final-testing/corruptions/variant_records/p2_e20_low_light_s3.json	5997	b4a596af44891e74462da172cc37cc40b223596440c0217becc0f34b241b4c12
final-testing/corruptions/artifact_manifest.json	variant_records/p2_e20_noise_s1.json	active-direct	final-testing/corruptions/variant_records/p2_e20_noise_s1.json	5959	677df38b60b967918708c471f8635f0b2a50f5af9533ab6d549f1e91b82ff2b7
final-testing/corruptions/artifact_manifest.json	variant_records/p2_e20_noise_s2.json	active-direct	final-testing/corruptions/variant_records/p2_e20_noise_s2.json	5948	e4ec777cbe55d88380c6ab313f5df5ff7e43361b260eba5e2068f973b21d57d1
final-testing/corruptions/artifact_manifest.json	variant_records/p2_e20_noise_s3.json	active-direct	final-testing/corruptions/variant_records/p2_e20_noise_s3.json	5949	cafa794918fcda20bdf690393aaf7eda674b9c97ee08273768f8d3875fe3ed66
final-testing/corruptions/artifact_manifest.json	variant_records/p2_e20_rain_s1.json	active-direct	final-testing/corruptions/variant_records/p2_e20_rain_s1.json	6082	12eccd08f7b057f94ba9c857a150ad498633a5870de5c5d8da56829df470b0e4
final-testing/corruptions/artifact_manifest.json	variant_records/p2_e20_rain_s2.json	active-direct	final-testing/corruptions/variant_records/p2_e20_rain_s2.json	6080	9fce1a3d69e4dffd88b80fa72ee5559c5137f18980926454a668b68b68ae17e8
final-testing/corruptions/artifact_manifest.json	variant_records/p2_e20_rain_s3.json	active-direct	final-testing/corruptions/variant_records/p2_e20_rain_s3.json	6075	20620422161e4cd14f7de919123df893ca3157b4d12327ee05b9c32f5bb72631
final-testing/corruptions/artifact_manifest.json	variant_records/rebu_risk_e56_blur_s1.json	active-direct	final-testing/corruptions/variant_records/rebu_risk_e56_blur_s1.json	5972	578c0da555dea742e4e1082f188cc9a75c101b1b0086427d25f3607ad926eb68
final-testing/corruptions/artifact_manifest.json	variant_records/rebu_risk_e56_blur_s2.json	active-direct	final-testing/corruptions/variant_records/rebu_risk_e56_blur_s2.json	5961	cec06cbcb77e17584dab3570a9606643fcb72c8346dd351d96595940d69d4f02
final-testing/corruptions/artifact_manifest.json	variant_records/rebu_risk_e56_blur_s3.json	active-direct	final-testing/corruptions/variant_records/rebu_risk_e56_blur_s3.json	5966	6a8be66c4640a12bae1aabc06deba0a2dd2cb3bcc43865573fb4f96b0f6e6e37
final-testing/corruptions/artifact_manifest.json	variant_records/rebu_risk_e56_fog_s1.json	active-direct	final-testing/corruptions/variant_records/rebu_risk_e56_fog_s1.json	6042	700f7ff5b1ecbfd36e040a63c6f6021ec0cefbf0876eecc5a6b4a095f51b0cee
final-testing/corruptions/artifact_manifest.json	variant_records/rebu_risk_e56_fog_s2.json	active-direct	final-testing/corruptions/variant_records/rebu_risk_e56_fog_s2.json	6034	46c09a09f0a3b8d8027e9b43026358ccf90495d26c41a843a6a3368d6a47e803
final-testing/corruptions/artifact_manifest.json	variant_records/rebu_risk_e56_fog_s3.json	active-direct	final-testing/corruptions/variant_records/rebu_risk_e56_fog_s3.json	6031	1490600b229f95b5dd4c8466aa29f8b44637242a9e6eea0e8dfa746c9ec52b77
final-testing/corruptions/artifact_manifest.json	variant_records/rebu_risk_e56_low_light_s1.json	active-direct	final-testing/corruptions/variant_records/rebu_risk_e56_low_light_s1.json	6048	11aa5f58f610d102f4e02760687fa969f75adddd52494b9a89c5d1b074aaf4e9
final-testing/corruptions/artifact_manifest.json	variant_records/rebu_risk_e56_low_light_s2.json	active-direct	final-testing/corruptions/variant_records/rebu_risk_e56_low_light_s2.json	6030	c91b7a7cd26c1e6339ed16668c728f906d33089e479df8429c90ad9db0987f74
final-testing/corruptions/artifact_manifest.json	variant_records/rebu_risk_e56_low_light_s3.json	active-direct	final-testing/corruptions/variant_records/rebu_risk_e56_low_light_s3.json	6028	31b4c8d0387eb329f4212d49e425d1738e96e1a896c050a6c0d70245484875e6
final-testing/corruptions/artifact_manifest.json	variant_records/rebu_risk_e56_noise_s1.json	active-direct	final-testing/corruptions/variant_records/rebu_risk_e56_noise_s1.json	5977	2556076390c8b294bab00989ba3af5cdebcdd364f3db43516eecbbae93016714
final-testing/corruptions/artifact_manifest.json	variant_records/rebu_risk_e56_noise_s2.json	active-direct	final-testing/corruptions/variant_records/rebu_risk_e56_noise_s2.json	5973	7586735b057383adb67cb35ff42d94da3e570e098d8f933f78bb7cad23b66db6
final-testing/corruptions/artifact_manifest.json	variant_records/rebu_risk_e56_noise_s3.json	active-direct	final-testing/corruptions/variant_records/rebu_risk_e56_noise_s3.json	5969	88696cd9598e4c14a2cb4aaf0e80e903bcc81436afe7b0ced6f9c740ceeedb4e
final-testing/corruptions/artifact_manifest.json	variant_records/rebu_risk_e56_rain_s1.json	active-direct	final-testing/corruptions/variant_records/rebu_risk_e56_rain_s1.json	6102	9aed2a911b42cee8c4c074efe89abd39ea2f4591b857d8b8ea23309956092701
final-testing/corruptions/artifact_manifest.json	variant_records/rebu_risk_e56_rain_s2.json	active-direct	final-testing/corruptions/variant_records/rebu_risk_e56_rain_s2.json	6109	dc7ec26e3ddf17c8d6a774b49169c6f2396259d6e33005947b18a037e634cb95
final-testing/corruptions/artifact_manifest.json	variant_records/rebu_risk_e56_rain_s3.json	active-direct	final-testing/corruptions/variant_records/rebu_risk_e56_rain_s3.json	6099	18cbda6b8efe5dc4d4aed05dd19cff80f7d7a667f507bb54bdb31c4b4e4d90be
final-testing/corruptions/artifact_manifest.json	variant_records/standard_e20_blur_s1.json	active-direct	final-testing/corruptions/variant_records/standard_e20_blur_s1.json	5784	bb7500a40fd531b6c6c8037104ad53a4739b28dad1b576259fa7fe2596a3e01a
final-testing/corruptions/artifact_manifest.json	variant_records/standard_e20_blur_s2.json	active-direct	final-testing/corruptions/variant_records/standard_e20_blur_s2.json	5967	fd2be243c50a5e3eea00a6ed5492f7563f4d81ed0faf3e9d58ab340121fecbae
final-testing/corruptions/artifact_manifest.json	variant_records/standard_e20_blur_s3.json	active-direct	final-testing/corruptions/variant_records/standard_e20_blur_s3.json	5960	3ca878f50f297e07fb6b51ee25545387a1f18a0fca77b2e818689efe0472c01d
final-testing/corruptions/artifact_manifest.json	variant_records/standard_e20_fog_s1.json	active-direct	final-testing/corruptions/variant_records/standard_e20_fog_s1.json	6046	a24b42a39f91f9dc3298ee2ca61da0d9a0059a5808d3170b4b65b2c1cd60e94c
final-testing/corruptions/artifact_manifest.json	variant_records/standard_e20_fog_s2.json	active-direct	final-testing/corruptions/variant_records/standard_e20_fog_s2.json	6044	27a7e65c901fc9558e83aab1669cdd80ee4092462b996354585fb53c648dc370
final-testing/corruptions/artifact_manifest.json	variant_records/standard_e20_fog_s3.json	active-direct	final-testing/corruptions/variant_records/standard_e20_fog_s3.json	6040	ced1e99ee5d88a30573dff856eeecebd835126250486a7561b2778d3f17e885f
final-testing/corruptions/artifact_manifest.json	variant_records/standard_e20_low_light_s1.json	active-direct	final-testing/corruptions/variant_records/standard_e20_low_light_s1.json	6035	72b3a3a76005b4f9cfc940464bc2d3b4d494776976da838cb37be1015cb02bec
final-testing/corruptions/artifact_manifest.json	variant_records/standard_e20_low_light_s2.json	active-direct	final-testing/corruptions/variant_records/standard_e20_low_light_s2.json	6028	9619cce6a87f5ed8ac7780958bacca4a1c45b1e6c47465aced9a82959e5e48ad
final-testing/corruptions/artifact_manifest.json	variant_records/standard_e20_low_light_s3.json	active-direct	final-testing/corruptions/variant_records/standard_e20_low_light_s3.json	6025	18ba5b0a1228de4be8c185dad7c16b238a74146441ff8845732a52a6beaf6708
final-testing/corruptions/artifact_manifest.json	variant_records/standard_e20_noise_s1.json	active-direct	final-testing/corruptions/variant_records/standard_e20_noise_s1.json	5980	e4499e17db2786b0d3b8771f7bd61ab2e82d3afe2f857f4f9b0aa975b5344ee5
final-testing/corruptions/artifact_manifest.json	variant_records/standard_e20_noise_s2.json	active-direct	final-testing/corruptions/variant_records/standard_e20_noise_s2.json	5978	d94e7aa7fedd6a29cca80059a05cecd4ef26bd1192c7603f1afcfdde661ffaa8
final-testing/corruptions/artifact_manifest.json	variant_records/standard_e20_noise_s3.json	active-direct	final-testing/corruptions/variant_records/standard_e20_noise_s3.json	5971	48d9491040b18d5e4b0d5baea4a854a0c056f9fb7d97bfd6541c91aee0d30cf4
final-testing/corruptions/artifact_manifest.json	variant_records/standard_e20_rain_s1.json	active-direct	final-testing/corruptions/variant_records/standard_e20_rain_s1.json	6108	fd76398945e851ebfb4887b781038764434b2d837665c373d6a8197fb631943f
final-testing/corruptions/artifact_manifest.json	variant_records/standard_e20_rain_s2.json	active-direct	final-testing/corruptions/variant_records/standard_e20_rain_s2.json	6103	7cb0ae2804beb4e62e4034b8e69f5bc6cd8a89cf5934fb6e1af4cd5962abd6c9
final-testing/corruptions/artifact_manifest.json	variant_records/standard_e20_rain_s3.json	active-direct	final-testing/corruptions/variant_records/standard_e20_rain_s3.json	6102	5ace15294b31eb9cd90708e67aa1606879674cd11e37d9a5fb1ae1d7ff94dc56
final-testing/corruptions/artifact_manifest.json	variant_records/uniform_e56_blur_s1.json	active-direct	final-testing/corruptions/variant_records/uniform_e56_blur_s1.json	5960	e6cae3da176fc857eb1dc3f52c30d58749b0abd4eae1356743d8c72f9616789c
final-testing/corruptions/artifact_manifest.json	variant_records/uniform_e56_blur_s2.json	active-direct	final-testing/corruptions/variant_records/uniform_e56_blur_s2.json	5953	fd3f22d42adfe2d914a41b1355edae1bc6d28fedd88b248d3555815c5e76d860
final-testing/corruptions/artifact_manifest.json	variant_records/uniform_e56_blur_s3.json	active-direct	final-testing/corruptions/variant_records/uniform_e56_blur_s3.json	5951	30fc37629e18f8aed2efc3d3b579f83279e949673fbb83d993cf25f7eb3638f9
final-testing/corruptions/artifact_manifest.json	variant_records/uniform_e56_fog_s1.json	active-direct	final-testing/corruptions/variant_records/uniform_e56_fog_s1.json	6024	cb0b290b5829dfb425b9d63ddb8cf2ed0b44ff53e3f1dc9fb66374b0d3645046
final-testing/corruptions/artifact_manifest.json	variant_records/uniform_e56_fog_s2.json	active-direct	final-testing/corruptions/variant_records/uniform_e56_fog_s2.json	6025	4daebec02e9d92ef0e613c1786e043855838010416cc0e21505de8945903491a
final-testing/corruptions/artifact_manifest.json	variant_records/uniform_e56_fog_s3.json	active-direct	final-testing/corruptions/variant_records/uniform_e56_fog_s3.json	6022	942ede6201d0634fd22497eed900329622f63ad68ece33b618a51988a6e20348
final-testing/corruptions/artifact_manifest.json	variant_records/uniform_e56_low_light_s1.json	active-direct	final-testing/corruptions/variant_records/uniform_e56_low_light_s1.json	6032	6880bdfbc364129fd5525ec0703d140780d743e899abb0efe6b4c26f01aa7bbc
final-testing/corruptions/artifact_manifest.json	variant_records/uniform_e56_low_light_s2.json	active-direct	final-testing/corruptions/variant_records/uniform_e56_low_light_s2.json	6018	aa02a78a089c51ce1aae3526b2d0d25a8951f2a277a6a13f800fb4590c10682e
final-testing/corruptions/artifact_manifest.json	variant_records/uniform_e56_low_light_s3.json	active-direct	final-testing/corruptions/variant_records/uniform_e56_low_light_s3.json	6009	74954aac9d526ee32cd0b1d0c2a6853cf39dd49271ee95416d50592f308649cc
final-testing/corruptions/artifact_manifest.json	variant_records/uniform_e56_noise_s1.json	active-direct	final-testing/corruptions/variant_records/uniform_e56_noise_s1.json	5964	1e4ae10180154b465b2a1bff443bfa9189d13e31bb056efea03a3b5f48943128
final-testing/corruptions/artifact_manifest.json	variant_records/uniform_e56_noise_s2.json	active-direct	final-testing/corruptions/variant_records/uniform_e56_noise_s2.json	5961	8a40edc4b14ce525854bb1a9ca9c1ba30484c4243da65e36d0516664f5f62fae
final-testing/corruptions/artifact_manifest.json	variant_records/uniform_e56_noise_s3.json	active-direct	final-testing/corruptions/variant_records/uniform_e56_noise_s3.json	5956	559912facf8a6b6d980c349041a637b6ea438630c74511dcb827a60113597abb
final-testing/corruptions/artifact_manifest.json	variant_records/uniform_e56_rain_s1.json	active-direct	final-testing/corruptions/variant_records/uniform_e56_rain_s1.json	6100	5272c4e65e5b2c45bd543dff17366ee36346e49a21fb9926c1986bb675d87b4c
final-testing/corruptions/artifact_manifest.json	variant_records/uniform_e56_rain_s2.json	active-direct	final-testing/corruptions/variant_records/uniform_e56_rain_s2.json	6093	cb04076948e03d16bfcc2505b7a88dfccf181954ffbe5044a523a32b232df03b
final-testing/corruptions/artifact_manifest.json	variant_records/uniform_e56_rain_s3.json	active-direct	final-testing/corruptions/variant_records/uniform_e56_rain_s3.json	6083	ebe0ea381b9a5b25bb958f572ad63c54e42cbb3c61e03a99349c1d31e321e88f
final-testing/efficiency/artifact_manifest.json	efficiency_summary.json	active-direct	final-testing/efficiency/efficiency_summary.json	8660	473c1a1091d3385bb7d952d0d3f7746ae60dc06af2ef759608a09d6e9155799b
final-testing/efficiency/artifact_manifest.json	efficiency_table.csv	active-direct	final-testing/efficiency/efficiency_table.csv	468	ec4fc897eb47e225dd9f9bfda5ea549f3a880588514ef918bc5523b065ff7b6c
final-testing/efficiency/artifact_manifest.json	latency_measurements.npz	active-direct	final-testing/efficiency/latency_measurements.npz	4803	77d478bd304870831cc6779aaafc946e945bb2147e5f025221ad5698e5898be0
final-testing/efficiency/artifact_manifest.json	metadata.json	active-direct	final-testing/efficiency/metadata.json	2767	0cba5f7d858a19737236b8190805332469f49cc9804c606e8ce4c656d75f5b9f
final-testing/exposure-audit/artifact_manifest.json	arm_exposure_summary.csv	active-direct	final-testing/exposure-audit/arm_exposure_summary.csv	589	6b280a07de06aa825b2c6f89824195462ece6c07f25889117412a3d3c2e940be
final-testing/exposure-audit/artifact_manifest.json	class_exposure.csv	active-direct	final-testing/exposure-audit/class_exposure.csv	1003	e99f72525a6406d8077d2b5cdce3f59f5dd2f7848344ed1c2f4570d7a91dec96
final-testing/exposure-audit/artifact_manifest.json	metadata.json	active-direct	final-testing/exposure-audit/metadata.json	904	5e94cb467db134d65986f1aa2c2cf89cf60e7a645e7beaddc9f398dda7b3d53f
final-testing/exposure-audit/artifact_manifest.json	objects_per_view_histogram.csv	active-direct	final-testing/exposure-audit/objects_per_view_histogram.csv	2689	cc3321474ab080ca9a66318241b3926770c7137cbfd2c79056b234ee2f700997
final-testing/exposure-audit/artifact_manifest.json	scale_exposure.csv	active-direct	final-testing/exposure-audit/scale_exposure.csv	785	64188e6cb9089cfeb380edf54bcbd808c1bd23955d1681ec59ba9f27b8d2f64c
final-testing/exposure-audit/artifact_manifest.json	source_image_exposure_histogram.csv	active-direct	final-testing/exposure-audit/source_image_exposure_histogram.csv	101	59bae0948a2d9becda19556a3c7847c68dedbbb630ce489d6066cabf0b4f9713
final-testing/exposure-audit/artifact_manifest.json	summary.json	active-direct	final-testing/exposure-audit/summary.json	4468	def588f808a979b01d6b5d3149d7acd94b57edc6d188823498b6cd463c8a7d3f
final-testing/exposure-audit/artifact_manifest.json	target_exposure_by_class.csv	active-direct	final-testing/exposure-audit/target_exposure_by_class.csv	545	9cf8474b4eae005dd33b0af2d10d73de77e0263869498062a6ad23e5097991bf
final-testing/failure-subsets/artifact_manifest.json	failure_object_table.csv	active-direct	final-testing/failure-subsets/failure_object_table.csv	49320715	d9a175a6ffbc9e58ef5718c2b7a304b088e5bb0248849468f374d35ebd68a94f
final-testing/failure-subsets/artifact_manifest.json	metadata.json	active-direct	final-testing/failure-subsets/metadata.json	2642	0e47b59a6188995619fcd4c364c388d663bb0a6cd95490d41d22cbafaba18fe2
final-testing/failure-subsets/artifact_manifest.json	subset_overlap.csv	active-direct	final-testing/failure-subsets/subset_overlap.csv	2627	a5f82539501012699207432a79b98cda8857c0a8789fa4e07392e42738dbf135
final-testing/failure-subsets/artifact_manifest.json	subset_summary.csv	active-direct	final-testing/failure-subsets/subset_summary.csv	363	82141bc48014211a165d3a689e00cc1b1ddfcfc04d542daced8785823cd06d4d
final-testing/failure-subsets/artifact_manifest.json	subsets/dfine_supported_yolo_failure.json	active-direct	final-testing/failure-subsets/subsets/dfine_supported_yolo_failure.json	157938	a48f514aa5626e8011bd264287003e2727fa00c391231b5df872b49ed54013c9
final-testing/failure-subsets/artifact_manifest.json	subsets/small_high_risk.json	active-direct	final-testing/failure-subsets/subsets/small_high_risk.json	511311	424a5ad09d1d227c451463d58425d77ddcee02cef93510f27a8c582c77f8e18b
final-testing/failure-subsets/artifact_manifest.json	subsets/small_jointly_missed.json	active-direct	final-testing/failure-subsets/subsets/small_jointly_missed.json	478175	7c27e4543108d021077e7f4a767fe3ce286c53a698c90ba005a0c9ee1684c4e8
final-testing/failure-subsets/artifact_manifest.json	subsets/yolo_classification_failure.json	active-direct	final-testing/failure-subsets/subsets/yolo_classification_failure.json	36407	fcc5838a1d71c5e2ec1b5753567558647956f93e39b770eea846e03016a29440
final-testing/failure-subsets/artifact_manifest.json	subsets/yolo_localization_failure.json	active-direct	final-testing/failure-subsets/subsets/yolo_localization_failure.json	182398	0f435a73f28c90654b988c15ee4af5acbd4250477ad529ba4cad48c5c259fc48
final-testing/failure-subsets/artifact_manifest.json	subsets/yolo_low_confidence.json	active-direct	final-testing/failure-subsets/subsets/yolo_low_confidence.json	388959	7969dca263bb126832e063212082672af6292570e1445cce9de63c16d07712bb
final-testing/frozen-protocol/artifact-manifest.json	final_testing_protocol_v1.json	active-shared	final-testing/frozen-protocol/final-testing-protocol.json	13677	693c39375cc1eefc4f3ff9f957a8355fb947552a19dfef228cae6cfc21e3dcfe
final-testing/frozen-protocol/artifact-manifest.json	input_inventory.json	active-shared	final-testing/frozen-protocol/input-inventory.json	25233	47354efac7fa634a8e6c713de8adb188ee40be265c25202f35bbb657ba23d16d
final-testing/paired-bootstrap/artifact_manifest.json	bootstrap_model_metrics.npz	active-direct	final-testing/paired-bootstrap/bootstrap_model_metrics.npz	1401097	308e2fc04314936e06658d49df242ede049a75c528e787b32c8e1d501c382032
final-testing/paired-bootstrap/artifact_manifest.json	equivalence_validation.json	active-direct	final-testing/paired-bootstrap/equivalence_validation.json	290	c72b08d4ddf3576a8ba8c4536f117d84918541b45d6e6135a4ed3677b6f076f8
final-testing/paired-bootstrap/artifact_manifest.json	metadata.json	active-direct	final-testing/paired-bootstrap/metadata.json	931	89afbce75ebcf057d5c774f124d793adbf40cd405a27fc75c91da78a08f46f98
final-testing/paired-bootstrap/artifact_manifest.json	model_distributions/baseline_yolo.npz	active-direct	final-testing/paired-bootstrap/model_distributions/baseline_yolo.npz	119540	82425f83d9930ac2056dfdb059594776ea5c97c065464074735f9e2281f3e2df
final-testing/paired-bootstrap/artifact_manifest.json	model_distributions/common40.npz	active-direct	final-testing/paired-bootstrap/model_distributions/common40.npz	119559	e0a6e6ca91f1f86c174781bfb20b5eee3eca9795ca7dca6208a6d5d71a20255b
final-testing/paired-bootstrap/artifact_manifest.json	model_distributions/gate_scalar.npz	active-direct	final-testing/paired-bootstrap/model_distributions/gate_scalar.npz	148396	7fa8828598822517badd7f57c58721a168c09ab2396ccd0a0c6901be6afc0320
final-testing/paired-bootstrap/artifact_manifest.json	model_distributions/gate_typed.npz	active-direct	final-testing/paired-bootstrap/model_distributions/gate_typed.npz	148501	8383af7e44ce43932b05901e38b9a63e44f25a10a3345c151d6a2c5cf5a910d4
final-testing/paired-bootstrap/artifact_manifest.json	model_distributions/gate_uniform.npz	active-direct	final-testing/paired-bootstrap/model_distributions/gate_uniform.npz	148654	240e722c1fac13c3684c8d516d987e475fbb59218cf009eac3f4851b678543f2
final-testing/paired-bootstrap/artifact_manifest.json	model_distributions/p2_e20.npz	active-direct	final-testing/paired-bootstrap/model_distributions/p2_e20.npz	119325	791fe38ab4a2f0490ad9b43348e838517e3c197169d4ab46824980f65fd1fb48
final-testing/paired-bootstrap/artifact_manifest.json	model_distributions/risk_e100.npz	active-direct	final-testing/paired-bootstrap/model_distributions/risk_e100.npz	119359	33594678b48f36816cee8bb45b9c0bc6439d20b1cb837cd88c92094470cf5fdb
final-testing/paired-bootstrap/artifact_manifest.json	model_distributions/risk_e56.npz	active-direct	final-testing/paired-bootstrap/model_distributions/risk_e56.npz	119294	7184a7476554ed57141cdf1beef384449ab8dadfc751d7405b15a5efc5c2a109
final-testing/paired-bootstrap/artifact_manifest.json	model_distributions/standard_e20.npz	active-direct	final-testing/paired-bootstrap/model_distributions/standard_e20.npz	119598	137b1f2c83a3579ef6c0052267757ca8c31f7c47ed398308ffe2e2b1ff6dea13
final-testing/paired-bootstrap/artifact_manifest.json	model_distributions/uniform_e100.npz	active-direct	final-testing/paired-bootstrap/model_distributions/uniform_e100.npz	119275	3d578710e85dd9499fb91d1445f9e22eec551f671db1cc296650e1eb7f746a36
final-testing/paired-bootstrap/artifact_manifest.json	model_distributions/uniform_e56.npz	active-direct	final-testing/paired-bootstrap/model_distributions/uniform_e56.npz	119470	3f74e20b1e4a56598360bdbf8b9614d0379cd89de4f7d02b2f271e8d3c6c10a4
final-testing/paired-bootstrap/artifact_manifest.json	paired_bootstrap_intervals.csv	active-direct	final-testing/paired-bootstrap/paired_bootstrap_intervals.csv	17398	b55be58300d8a5e673ab91cd79e4fd77e7ecd4cf58a8348eb8b3b305c0e35f4e
final-testing/paired-bootstrap/artifact_manifest.json	paired_image_weights.npy	active-direct	final-testing/paired-bootstrap/paired_image_weights.npy	40000128	db803349ac80aee1fc20ad9f0d79dabddd0e2130d69749529a51af79f84ea7dc
final-testing/paired-bootstrap/artifact_manifest.json	performance_benchmark.json	active-direct	final-testing/paired-bootstrap/performance_benchmark.json	232	78cf16e015cfb92aadf39c410506252107349f6ca07f410eaf24cab25fcd4855
final-testing/paired-bootstrap/artifact_manifest.json	run_state.json	active-direct	final-testing/paired-bootstrap/run_state.json	499	4bd44ee732bbed1fd6309340f63defc27effa90f10b9058afc5de3cecdd80892
final-testing/paired-bootstrap/artifact_manifest.json	summary.json	active-direct	final-testing/paired-bootstrap/summary.json	10176	d542f340f848f9bc9f8a4d4453fe42509732a1a561e8b0a42aab0a6f8497fe99
final-testing/qualitative-cases/artifact_manifest.json	case_selection.csv	active-direct	final-testing/qualitative-cases/case_selection.csv	4084	361731163b3fc520bf966531b19178f71854ea767dce2537a2f8e2a777eb051a
final-testing/qualitative-cases/artifact_manifest.json	case_selection.json	active-direct	final-testing/qualitative-cases/case_selection.json	109637	36b802476fe4ad7c8ab6d4898a24c6a823194c994ccb92ce988688874761a861
final-testing/qualitative-cases/artifact_manifest.json	corruption_probe_summary.json	active-direct	final-testing/qualitative-cases/corruption_probe_summary.json	231	f062a8e0a853458c145fe7ad369bf4d6a855232cdb2479c64980aae202624e90
final-testing/qualitative-cases/artifact_manifest.json	figures/blur_or_noise_failure.png	active-direct	final-testing/qualitative-cases/figures/blur_or_noise_failure.png	1374947	838798318c46cf61b2b65a2ddf1495d51050141a18fd207815bbe1b8a73d4837
final-testing/qualitative-cases/artifact_manifest.json	figures/blur_or_noise_success.png	active-direct	final-testing/qualitative-cases/figures/blur_or_noise_success.png	1430801	2c19807ebe0a545f84f5bc9de201a1b2a41d0bad950a6f07cdd70eeaaa333655
final-testing/qualitative-cases/artifact_manifest.json	figures/crop_context_condition_shift.png	active-direct	final-testing/qualitative-cases/figures/crop_context_condition_shift.png	1814905	ca8579583dfee3c4b38eb13195eef660bc8f5291e167704ff90874af8650530c
final-testing/qualitative-cases/artifact_manifest.json	figures/crop_scale_condition_shift.png	active-direct	final-testing/qualitative-cases/figures/crop_scale_condition_shift.png	1487998	13c7715baf3d09e4313aa7fa2c96f0f5c17cbdb7f6d8d0bf5e4191abd0211526
final-testing/qualitative-cases/artifact_manifest.json	figures/p2_remaining_failure.png	active-direct	final-testing/qualitative-cases/figures/p2_remaining_failure.png	629719	0303040d4cbe2287dece15257b38997d24109e939e7b4c4ca107308a383f45aa
final-testing/qualitative-cases/artifact_manifest.json	figures/p2_repairs_small_failure.png	active-direct	final-testing/qualitative-cases/figures/p2_repairs_small_failure.png	781096	962ec2bc260476904b55634e688e7ef82cd6243402cc535246eef0b798812785
final-testing/qualitative-cases/artifact_manifest.json	figures/risk_non_transfer_in_original_scene.png	active-direct	final-testing/qualitative-cases/figures/risk_non_transfer_in_original_scene.png	657617	4243eb4655eb582b0cf5e24e01a92e14090aeaaa988e70731be909647c2ff6a6
final-testing/qualitative-cases/artifact_manifest.json	figures/risk_short_term_recovery.png	active-direct	final-testing/qualitative-cases/figures/risk_short_term_recovery.png	635104	2122419b9d7ec78703a8e5e9db30c789e1b1a82e48c983d960d7119415209040
final-testing/qualitative-cases/artifact_manifest.json	metadata.json	active-direct	final-testing/qualitative-cases/metadata.json	973	31b8ed6c74cd984b52348305dedc1689ecb8066e78b40663a2f824d8fd19cf30
final-testing/scale-context-audit/artifact_manifest.json	class_summary.csv	active-direct	final-testing/scale-context-audit/class_summary.csv	1104	cb36f8f69c9d1cb234242169f4b2c08c5edc0884570d59e11d7c9a542816af9c
final-testing/scale-context-audit/artifact_manifest.json	diagnostic_group_summary.csv	active-direct	final-testing/scale-context-audit/diagnostic_group_summary.csv	1517	78f47d4c49c81161175fc9bc8f867b94b568904163783969aee401ef15b6309e
final-testing/scale-context-audit/artifact_manifest.json	metadata.json	active-direct	final-testing/scale-context-audit/metadata.json	700	3f473ec7bc8df788ec5cdd59b7c531ce7216af56fa002672f82c68ae8827a693
final-testing/scale-context-audit/artifact_manifest.json	per_target_scale_context.csv	active-direct	final-testing/scale-context-audit/per_target_scale_context.csv	8288723	978236943ca7df846b502f5de8e413e1d268188b5f6ff414ba6b56ad8193b7ff
final-testing/scale-context-audit/artifact_manifest.json	scale_transition_matrix.csv	active-direct	final-testing/scale-context-audit/scale_transition_matrix.csv	1574	aa8cdfa48199f86e2eec345d5e99beaa59b48f81c9ed776462c10fe5884708e3
final-testing/scale-context-audit/artifact_manifest.json	summary.json	active-direct	final-testing/scale-context-audit/summary.json	4402	72b1f54f6ca35683c381362ef9199a3eabb3b8fc53c8242a0bcd1917c263a2a8
final-testing/threshold-sensitivity/artifact_manifest.json	class_composition.csv	active-direct	final-testing/threshold-sensitivity/class_composition.csv	44445	b78c58728eaf26218506ea43867fe8e968061987e19a26cddb63b967be22c0ea
final-testing/threshold-sensitivity/artifact_manifest.json	metadata.json	active-direct	final-testing/threshold-sensitivity/metadata.json	756	f82a10f3ca8de4773ec85af39222160ed9665340adaf640bb040575bc38b672b
final-testing/threshold-sensitivity/artifact_manifest.json	primary_effect_direction_stability.csv	active-direct	final-testing/threshold-sensitivity/primary_effect_direction_stability.csv	14147	8df93c11bfb328e6372e8a22cf2b757e8b654ac0d92846273bbc004977e5cd54
final-testing/threshold-sensitivity/artifact_manifest.json	primary_recovery_metrics.json	active-direct	final-testing/threshold-sensitivity/primary_recovery_metrics.json	39507	d75426ee5054149e10af4b49e4dabd9f15a482f915225046dfb908d93709a142
final-testing/threshold-sensitivity/artifact_manifest.json	scale_composition.csv	active-direct	final-testing/threshold-sensitivity/scale_composition.csv	11753	9d4891deb1281ef7d6e3835d6272863f56274ed9de4713e1a3c616fa5a6fb079
final-testing/threshold-sensitivity/artifact_manifest.json	subset_annotation_ids/yolo_central__dfine_central.json	active-direct	final-testing/threshold-sensitivity/subset_annotation_ids/yolo_central__dfine_central.json	1378662	3eab950673529b92a02fc21f61d6fe7d427ed412162f112d0b874fc16283f0d3
final-testing/threshold-sensitivity/artifact_manifest.json	subset_annotation_ids/yolo_central__dfine_high.json	active-direct	final-testing/threshold-sensitivity/subset_annotation_ids/yolo_central__dfine_high.json	1365549	fc8cc342d1067e088800a7e726e1c2aa58e92ce0c3765c95b7ca6401ee2941cf
final-testing/threshold-sensitivity/artifact_manifest.json	subset_annotation_ids/yolo_central__dfine_low.json	active-direct	final-testing/threshold-sensitivity/subset_annotation_ids/yolo_central__dfine_low.json	1392689	9bd9de574fbefce9f23ead6c0ac06af5b5e2014710e5c563b2af1b53ab350cce
final-testing/threshold-sensitivity/artifact_manifest.json	subset_annotation_ids/yolo_high__dfine_central.json	active-direct	final-testing/threshold-sensitivity/subset_annotation_ids/yolo_high__dfine_central.json	1725864	502775352ae011692f7c4f5a59ec1970118f2848f236e1e36dfc04e44919b21f
final-testing/threshold-sensitivity/artifact_manifest.json	subset_annotation_ids/yolo_high__dfine_high.json	active-direct	final-testing/threshold-sensitivity/subset_annotation_ids/yolo_high__dfine_high.json	1701654	a31d4b5e63f297164cacc27d4756894b3027c21799ffe3acb34b9b481a23a8fe
final-testing/threshold-sensitivity/artifact_manifest.json	subset_annotation_ids/yolo_high__dfine_low.json	active-direct	final-testing/threshold-sensitivity/subset_annotation_ids/yolo_high__dfine_low.json	1743697	85d0278044eb26d876de2813bb45d30abab75abc3e3a0e50c7a026fc6a51f7cb
final-testing/threshold-sensitivity/artifact_manifest.json	subset_annotation_ids/yolo_low__dfine_central.json	active-direct	final-testing/threshold-sensitivity/subset_annotation_ids/yolo_low__dfine_central.json	1208348	1372eb1ba9bfc10f7164ce1c0aea88ac4d521c57d7a763f374dfe647712a5dd6
final-testing/threshold-sensitivity/artifact_manifest.json	subset_annotation_ids/yolo_low__dfine_high.json	active-direct	final-testing/threshold-sensitivity/subset_annotation_ids/yolo_low__dfine_high.json	1199916	a8aa91ca3de3a91ccfd02d392b179dfa6379f7105149ed82c8d0328692c5b636
final-testing/threshold-sensitivity/artifact_manifest.json	subset_annotation_ids/yolo_low__dfine_low.json	active-direct	final-testing/threshold-sensitivity/subset_annotation_ids/yolo_low__dfine_low.json	1216483	ca7d2772b2417e5759a059975ecd7fe7c344436c82f21e4e2b3e6220048b4069
final-testing/threshold-sensitivity/artifact_manifest.json	subset_stability.csv	active-direct	final-testing/threshold-sensitivity/subset_stability.csv	6745	8a56cb05298c895417a67f1bcce7d12f7d3b8e37b383c734cdb519b6936dd47e
final-testing/threshold-sensitivity/artifact_manifest.json	summary.json	active-direct	final-testing/threshold-sensitivity/summary.json	4662	148b15816786ccebbae391859cb4678c851d7a9f25b402ef5fd5b4b44cc3f09d
final-testing/threshold-sensitivity/artifact_manifest.json	teacher_matches/dfine_high/D-FINE-M/false_positives.csv	local-archive	local-archive/data-disk/autodrive/results/evaluation/final_analysis_v1/threshold_sensitivity_v1/teacher_matches/dfine_high/D-FINE-M/false_positives.csv	1978302	cbc686dfd0b85173d4efceca8997a7b873c84b1410b617711321f9c9814a2cb8
final-testing/threshold-sensitivity/artifact_manifest.json	teacher_matches/dfine_high/D-FINE-M/image_summary.csv	local-archive	local-archive/data-disk/autodrive/results/evaluation/final_analysis_v1/threshold_sensitivity_v1/teacher_matches/dfine_high/D-FINE-M/image_summary.csv	391313	36c060cd799854bc70114227b23af00f2b70d29af12f980c5e16a14968e4f8b6
final-testing/threshold-sensitivity/artifact_manifest.json	teacher_matches/dfine_high/D-FINE-M/object_matches.csv	local-archive	local-archive/data-disk/autodrive/results/evaluation/final_analysis_v1/threshold_sensitivity_v1/teacher_matches/dfine_high/D-FINE-M/object_matches.csv	42432698	f2d2e401f3b3db7a958647304d6065db943752930ec63d033e3b0a91dd50371a
final-testing/threshold-sensitivity/artifact_manifest.json	teacher_matches/dfine_high/D-FINE-M/summary.json	local-archive	local-archive/data-disk/autodrive/results/evaluation/final_analysis_v1/threshold_sensitivity_v1/teacher_matches/dfine_high/D-FINE-M/summary.json	3534	290e00910bd718fcb157f51c0a666c1a074f230702727c569cad1c511d1cc95c
final-testing/threshold-sensitivity/artifact_manifest.json	teacher_matches/dfine_high/YOLO11m/false_positives.csv	active-shared	failure-diagnosis/detection-matches/YOLO11m/false_positives.csv	5893084	5b05f537e42e1e0b76c30944f114f8c1f7287884da41f5fec4341905c0213838
final-testing/threshold-sensitivity/artifact_manifest.json	teacher_matches/dfine_high/YOLO11m/image_summary.csv	active-shared	failure-diagnosis/detection-matches/YOLO11m/image_summary.csv	379972	f6b67ec4e43b9e18fd7fd2d98b6967773248b47f18ea7decabf46bd7755b3c31
final-testing/threshold-sensitivity/artifact_manifest.json	teacher_matches/dfine_high/YOLO11m/object_matches.csv	active-shared	failure-diagnosis/detection-matches/YOLO11m/object_matches.csv	42742785	bdc3c4dad0d607a9d4111c47571a77679c5464d1e026c8f8429115f3f69107fc
final-testing/threshold-sensitivity/artifact_manifest.json	teacher_matches/dfine_high/YOLO11m/summary.json	local-archive	local-archive/data-disk/autodrive/results/evaluation/final_analysis_v1/threshold_sensitivity_v1/teacher_matches/dfine_high/YOLO11m/summary.json	3539	82dbe268d9a5f667316e4317fd1df6559fbdd34b5f3c681b621980e1bedd715f
final-testing/threshold-sensitivity/artifact_manifest.json	teacher_matches/dfine_high/metadata.json	local-archive	local-archive/data-disk/autodrive/results/evaluation/final_analysis_v1/threshold_sensitivity_v1/teacher_matches/dfine_high/metadata.json	9361	667c99f2167fd15fd6b2a0d97b2feb09e47985bed0a462d46b59de194fbe3c77
final-testing/threshold-sensitivity/artifact_manifest.json	teacher_matches/dfine_low/D-FINE-M/false_positives.csv	local-archive	local-archive/data-disk/autodrive/results/evaluation/final_analysis_v1/threshold_sensitivity_v1/teacher_matches/dfine_low/D-FINE-M/false_positives.csv	9170172	5f199e8015fc01e32ae267c5006a615840784af583db04786285fcff3aad4bb7
final-testing/threshold-sensitivity/artifact_manifest.json	teacher_matches/dfine_low/D-FINE-M/image_summary.csv	local-archive	local-archive/data-disk/autodrive/results/evaluation/final_analysis_v1/threshold_sensitivity_v1/teacher_matches/dfine_low/D-FINE-M/image_summary.csv	395730	e0d5acf6bf1a1fc65ec340d059e1b0387edb83fde8933d1b978a10a8894b3944
final-testing/threshold-sensitivity/artifact_manifest.json	teacher_matches/dfine_low/D-FINE-M/object_matches.csv	local-archive	local-archive/data-disk/autodrive/results/evaluation/final_analysis_v1/threshold_sensitivity_v1/teacher_matches/dfine_low/D-FINE-M/object_matches.csv	43788536	f6a22876f5dd14af3aa3b75bb5dfe93a0d1fc932bbaa246f0932fb2102dd5b17
final-testing/threshold-sensitivity/artifact_manifest.json	teacher_matches/dfine_low/D-FINE-M/summary.json	local-archive	local-archive/data-disk/autodrive/results/evaluation/final_analysis_v1/threshold_sensitivity_v1/teacher_matches/dfine_low/D-FINE-M/summary.json	3499	39bc9503073249d471e97e16544037bb0336bd1cc0c29984473f97309534eac5
final-testing/threshold-sensitivity/artifact_manifest.json	teacher_matches/dfine_low/YOLO11m/false_positives.csv	active-shared	failure-diagnosis/detection-matches/YOLO11m/false_positives.csv	5893084	5b05f537e42e1e0b76c30944f114f8c1f7287884da41f5fec4341905c0213838
final-testing/threshold-sensitivity/artifact_manifest.json	teacher_matches/dfine_low/YOLO11m/image_summary.csv	active-shared	failure-diagnosis/detection-matches/YOLO11m/image_summary.csv	379972	f6b67ec4e43b9e18fd7fd2d98b6967773248b47f18ea7decabf46bd7755b3c31
final-testing/threshold-sensitivity/artifact_manifest.json	teacher_matches/dfine_low/YOLO11m/object_matches.csv	active-shared	failure-diagnosis/detection-matches/YOLO11m/object_matches.csv	42742785	bdc3c4dad0d607a9d4111c47571a77679c5464d1e026c8f8429115f3f69107fc
final-testing/threshold-sensitivity/artifact_manifest.json	teacher_matches/dfine_low/YOLO11m/summary.json	local-archive	local-archive/data-disk/autodrive/results/evaluation/final_analysis_v1/threshold_sensitivity_v1/teacher_matches/dfine_low/YOLO11m/summary.json	3539	efe88249caf87ee1e5f95d718a5f1b1383d26168e2bb254d0c862958c39c014c
final-testing/threshold-sensitivity/artifact_manifest.json	teacher_matches/dfine_low/metadata.json	local-archive	local-archive/data-disk/autodrive/results/evaluation/final_analysis_v1/threshold_sensitivity_v1/teacher_matches/dfine_low/metadata.json	9323	4197e8aaed271dd0313917cc2e1755877f82eeff1c89f13f65dd0f8cae8411b4
final-testing/threshold-sensitivity/artifact_manifest.json	teacher_matches/yolo_high/D-FINE-M/false_positives.csv	active-shared	failure-diagnosis/detection-matches/D-FINE-M/false_positives.csv	4804349	fe4755d04e7fe111d3e97d117a14ab6262d1d4b082b9a1b727c246b3d990099b
final-testing/threshold-sensitivity/artifact_manifest.json	teacher_matches/yolo_high/D-FINE-M/image_summary.csv	active-shared	failure-diagnosis/detection-matches/D-FINE-M/image_summary.csv	392852	1bfe641bf98d9ed79dc4d9b5ac8fce128ea24c0648744d5ea598f92c67fab67f
final-testing/threshold-sensitivity/artifact_manifest.json	teacher_matches/yolo_high/D-FINE-M/object_matches.csv	active-shared	failure-diagnosis/detection-matches/D-FINE-M/object_matches.csv	43306519	8ea36ddf1acf71f26e53ff0292ff9072db2e70bdd3e28ab41531029b2a443a95
final-testing/threshold-sensitivity/artifact_manifest.json	teacher_matches/yolo_high/D-FINE-M/summary.json	local-archive	local-archive/data-disk/autodrive/results/evaluation/final_analysis_v1/threshold_sensitivity_v1/teacher_matches/yolo_high/D-FINE-M/summary.json	3553	cbbca547000af9259e29a5a532a4cc8864c3180677d2ccb96b32f2abc5c17078
final-testing/threshold-sensitivity/artifact_manifest.json	teacher_matches/yolo_high/YOLO11m/false_positives.csv	local-archive	local-archive/data-disk/autodrive/results/evaluation/final_analysis_v1/threshold_sensitivity_v1/teacher_matches/yolo_high/YOLO11m/false_positives.csv	2355090	c718f11c8c26fe6ee8b76590e80c14756cc9e35ea9ac2deb348b625cceb34dc3
final-testing/threshold-sensitivity/artifact_manifest.json	teacher_matches/yolo_high/YOLO11m/image_summary.csv	local-archive	local-archive/data-disk/autodrive/results/evaluation/final_analysis_v1/threshold_sensitivity_v1/teacher_matches/yolo_high/YOLO11m/image_summary.csv	377714	dc459c004cd5df79fca8f0bdbce94221455e2edabe1f9772f149c1bc2f7b3948
final-testing/threshold-sensitivity/artifact_manifest.json	teacher_matches/yolo_high/YOLO11m/object_matches.csv	local-archive	local-archive/data-disk/autodrive/results/evaluation/final_analysis_v1/threshold_sensitivity_v1/teacher_matches/yolo_high/YOLO11m/object_matches.csv	41983078	d76004173fb6851ebbcd1f1ea38c010fe7f88b80f280d94df00ddb664eb6b917
final-testing/threshold-sensitivity/artifact_manifest.json	teacher_matches/yolo_high/YOLO11m/summary.json	local-archive	local-archive/data-disk/autodrive/results/evaluation/final_analysis_v1/threshold_sensitivity_v1/teacher_matches/yolo_high/YOLO11m/summary.json	3518	cc92665fb5fb3fbb038460c760be8bc46a78d9e87bad46f3dd17b81bcec444ba
final-testing/threshold-sensitivity/artifact_manifest.json	teacher_matches/yolo_high/metadata.json	local-archive	local-archive/data-disk/autodrive/results/evaluation/final_analysis_v1/threshold_sensitivity_v1/teacher_matches/yolo_high/metadata.json	9359	10049cd740d6d987d29ec3dea4f064ff2fd7325e295181df0271ffb71b60ef1b
final-testing/threshold-sensitivity/artifact_manifest.json	teacher_matches/yolo_low/D-FINE-M/false_positives.csv	active-shared	failure-diagnosis/detection-matches/D-FINE-M/false_positives.csv	4804349	fe4755d04e7fe111d3e97d117a14ab6262d1d4b082b9a1b727c246b3d990099b
final-testing/threshold-sensitivity/artifact_manifest.json	teacher_matches/yolo_low/D-FINE-M/image_summary.csv	active-shared	failure-diagnosis/detection-matches/D-FINE-M/image_summary.csv	392852	1bfe641bf98d9ed79dc4d9b5ac8fce128ea24c0648744d5ea598f92c67fab67f
final-testing/threshold-sensitivity/artifact_manifest.json	teacher_matches/yolo_low/D-FINE-M/object_matches.csv	active-shared	failure-diagnosis/detection-matches/D-FINE-M/object_matches.csv	43306519	8ea36ddf1acf71f26e53ff0292ff9072db2e70bdd3e28ab41531029b2a443a95
final-testing/threshold-sensitivity/artifact_manifest.json	teacher_matches/yolo_low/D-FINE-M/summary.json	local-archive	local-archive/data-disk/autodrive/results/evaluation/final_analysis_v1/threshold_sensitivity_v1/teacher_matches/yolo_low/D-FINE-M/summary.json	3554	e9b1d68d2bfe2f42e09c06654251a0079f982a96dfb5a3a5bcb1b75b14091368
final-testing/threshold-sensitivity/artifact_manifest.json	teacher_matches/yolo_low/YOLO11m/false_positives.csv	local-archive	local-archive/data-disk/autodrive/results/evaluation/final_analysis_v1/threshold_sensitivity_v1/teacher_matches/yolo_low/YOLO11m/false_positives.csv	11027274	96f8cae3b3ac5f7501f185d991c4ea3ab8f835c2c321716af7039cfe11eee36c
final-testing/threshold-sensitivity/artifact_manifest.json	teacher_matches/yolo_low/YOLO11m/image_summary.csv	local-archive	local-archive/data-disk/autodrive/results/evaluation/final_analysis_v1/threshold_sensitivity_v1/teacher_matches/yolo_low/YOLO11m/image_summary.csv	383584	c557cda6433fa180b82c65f355edd5fed2620c867df476fcc57a59bf9d45abd3
final-testing/threshold-sensitivity/artifact_manifest.json	teacher_matches/yolo_low/YOLO11m/object_matches.csv	local-archive	local-archive/data-disk/autodrive/results/evaluation/final_analysis_v1/threshold_sensitivity_v1/teacher_matches/yolo_low/YOLO11m/object_matches.csv	43157236	febd99b1c36ec47327bc7c9799bc5a0726188eba207dacea28ffd3086d1b6e71
final-testing/threshold-sensitivity/artifact_manifest.json	teacher_matches/yolo_low/YOLO11m/summary.json	local-archive	local-archive/data-disk/autodrive/results/evaluation/final_analysis_v1/threshold_sensitivity_v1/teacher_matches/yolo_low/YOLO11m/summary.json	3525	0bf62f3d17827fb173a12f9fa9bf84581edd85a293ed73c52f34e43acc921ad3
final-testing/threshold-sensitivity/artifact_manifest.json	teacher_matches/yolo_low/metadata.json	local-archive	local-archive/data-disk/autodrive/results/evaluation/final_analysis_v1/threshold_sensitivity_v1/teacher_matches/yolo_low/metadata.json	9367	8500dd2516319fa085a23390df37e88a83a2fa89ef76357d79e9c610c5b7b394
final-testing/training-dynamics/artifact_manifest.json	matched_epoch_attribution.csv	active-direct	final-testing/training-dynamics/matched_epoch_attribution.csv	14296	331e9ff4dba7d73aedf452ff07bdf2bd37ff088d07cb568ce40bc70a95bfe0c7
final-testing/training-dynamics/artifact_manifest.json	metadata.json	active-direct	final-testing/training-dynamics/metadata.json	667	92c9e3884f441898d1c3713c116e434dc2161b66fc17f9ad4e9931be014a5463
final-testing/training-dynamics/artifact_manifest.json	optimization_schedule_audit.json	active-direct	final-testing/training-dynamics/optimization_schedule_audit.json	5989	550ae93507ebf50ef77650080a66ad81ff629d77a05cf88c4c1c618247061dd0
final-testing/training-dynamics/artifact_manifest.json	summary.json	active-direct	final-testing/training-dynamics/summary.json	3558	dc0aacaf78a78e7bf9da4f944baa63becbaa44c481d6e6ea871023d8b381e21b
final-testing/training-dynamics/artifact_manifest.json	trajectory_aggregate.csv	active-direct	final-testing/training-dynamics/trajectory_aggregate.csv	2224	546af37cd934a7b7a8829600314c7da66d4630d79f4e328ddf027504f8d7c7ac
formal-training/common-training/frozen-inputs/artifact_manifest.json	formal_method_selection.json	active-direct	formal-training/common-training/frozen-inputs/formal_method_selection.json	1244	ab2607964e4000453d699a23c7a4868bd71802ff1d132455b34a6df001b8dfbe
formal-training/common-training/frozen-inputs/artifact_manifest.json	formal_training_protocol.json	active-direct	formal-training/common-training/frozen-inputs/formal_training_protocol.json	3245	c40ad7567ebddd44d96390aa5e3c0340a19cbe6f84f83c944d0442ae69205a14
formal-training/common-training/frozen-inputs/artifact_manifest.json	rebu_risk_full70k.yaml	active-direct	formal-training/common-training/frozen-inputs/rebu_risk_full70k.yaml	346	237e2ac21ab0b7a5115bb0cd08c6722f22e2e4122756f3e96ea205e371f7b286
formal-training/common-training/frozen-inputs/artifact_manifest.json	rebu_risk_full70k_train.txt	active-direct	formal-training/common-training/frozen-inputs/rebu_risk_full70k_train.txt	6316827	7a4c8f01a1ecc1ca2c4d6b4c6cd5a0afd341c2a091e8102e08995bd0351dfb92
formal-training/common-training/frozen-inputs/artifact_manifest.json	runtime_anchors.json	active-direct	formal-training/common-training/frozen-inputs/runtime_anchors.json	561	02e3d768a0dc3a13498fc65ca35a584bd192c223537266f294eed0831eb2ac07
formal-training/common-training/frozen-inputs/artifact_manifest.json	uniform_full70k.yaml	active-direct	formal-training/common-training/frozen-inputs/uniform_full70k.yaml	344	9cf4e0be79b3b78e48c2bb149dad1e0daf1f7f443e1ccf197b91ee9f1f04dcee
formal-training/common-training/frozen-inputs/artifact_manifest.json	uniform_full70k_train.txt	active-direct	formal-training/common-training/frozen-inputs/uniform_full70k_train.txt	6859986	d86707c944b4802105c11438621847e50b0af8512ee8ff9dce19a290adc4542c
formal-training/common-training/training-records/artifact_manifest.json	args.yaml	active-direct	formal-training/common-training/training-records/args.yaml	2027	f05423460ef0af466db876663e5d1528f5c82c45340984621a46add3bcab2e93
formal-training/common-training/training-records/artifact_manifest.json	common40_completion.json	active-direct	formal-training/common-training/training-records/common40_completion.json	1596	be2fcf83497fc816309247074c56e30939616f0aeca8335b61c11293714aaa92
formal-training/common-training/training-records/artifact_manifest.json	results.csv	active-direct	formal-training/common-training/training-records/results.csv	3485	08146eede95380b4c47a9592622cf04286905ee27b7a278596ac8991a6c1dd64
formal-training/common-training/training-records/artifact_manifest.json	weights/best.pt	local-archive	local-archive/data-disk/autodrive/results/evaluation/formal_training/training_v1/common_uniform_e1_40/weights/best.pt	41802609	1316af68abe0a1cae0cf63932cf6fc733a211b8f262c6eecc0896358291b31fe
formal-training/common-training/training-records/artifact_manifest.json	weights/common40_ema.pt	active-shared	formal-training/checkpoints/common-epoch-40.pt	41802609	c05ed70a608d026fef6178f40a4dee62e96323731700b42e426c311dd78b27f3
formal-training/common-training/training-records/artifact_manifest.json	weights/last.pt	active-shared	formal-training/checkpoints/common-epoch-40.pt	41802609	c05ed70a608d026fef6178f40a4dee62e96323731700b42e426c311dd78b27f3
formal-training/risk-branch/training-records/artifact_manifest.json	args.yaml	active-direct	formal-training/risk-branch/training-records/args.yaml	2025	591b7269287ce9af0e4c331bc4b756014ed8172637024731a1d421dddcc87297
formal-training/risk-branch/training-records/artifact_manifest.json	branch_completion.json	active-direct	formal-training/risk-branch/training-records/branch_completion.json	2071	0f4c8c3acde0d9a9c382f18da86e9a83a1f8c0068e5b45918e68df2d0871a0fe
formal-training/risk-branch/training-records/artifact_manifest.json	results.csv	active-direct	formal-training/risk-branch/training-records/results.csv	5244	12530bf948ecc97a8e1bf19107e9caa03603a26fe1c78e86b22585965de5feb9
formal-training/risk-branch/training-records/artifact_manifest.json	weights/best.pt	local-archive	local-archive/data-disk/autodrive/results/evaluation/formal_training/training_v2/rebu_risk_e41_100/weights/best.pt	41805169	4d806006863b17713d69fdc684473066ab78a372096616aa0f8bb7bd459ab4e6
formal-training/risk-branch/training-records/artifact_manifest.json	weights/last.pt	active-shared	formal-training/checkpoints/risk-epoch-100.pt	41805169	d85a864b7f84d0f408a68697cf9f4cbbfb73a9b821bb8ca392ba49c2956c447a
formal-training/risk-branch/training-records/artifact_manifest.json	weights/rebu_yolo100_ema.pt	active-shared	formal-training/checkpoints/risk-epoch-100.pt	41805169	d85a864b7f84d0f408a68697cf9f4cbbfb73a9b821bb8ca392ba49c2956c447a
formal-training/training-trajectory/checkpoint-evaluation/artifact_manifest.json	matched_rebu_minus_uniform.csv	active-direct	formal-training/training-trajectory/checkpoint-evaluation/matched_rebu_minus_uniform.csv	10381	52b5a63e7996dee1364c658c942623f622461054955e4e6c3a89dcf14b364523
formal-training/training-trajectory/checkpoint-evaluation/artifact_manifest.json	metrics/common_e40.json	active-direct	formal-training/training-trajectory/checkpoint-evaluation/metrics/common_e40.json	2389	59084aac46602d27b3f3ed68d6c065a04d3498b95d08b40dc35a1cb9da10948d
formal-training/training-trajectory/checkpoint-evaluation/artifact_manifest.json	metrics/rebu_risk_e100.json	active-direct	formal-training/training-trajectory/checkpoint-evaluation/metrics/rebu_risk_e100.json	2401	29efc5a26876f8561e007e74887f22df928c66187c513a8c149c9ce0397dab8c
formal-training/training-trajectory/checkpoint-evaluation/artifact_manifest.json	metrics/rebu_risk_e41.json	active-direct	formal-training/training-trajectory/checkpoint-evaluation/metrics/rebu_risk_e41.json	2393	61ac92389d6efe996a1fb4ae233e5e9062cc494ba798b3a14e4e2359eba8c628
formal-training/training-trajectory/checkpoint-evaluation/artifact_manifest.json	metrics/rebu_risk_e46.json	active-direct	formal-training/training-trajectory/checkpoint-evaluation/metrics/rebu_risk_e46.json	2398	3b35f72d30649f8a41606b5c2f2a059f58c94d43376915fa087d5ec1911d4996
formal-training/training-trajectory/checkpoint-evaluation/artifact_manifest.json	metrics/rebu_risk_e51.json	active-direct	formal-training/training-trajectory/checkpoint-evaluation/metrics/rebu_risk_e51.json	2400	ac512dd90fbe9142683b2c2e56c89e56d3da81227b2f842878cad028d9cb975f
formal-training/training-trajectory/checkpoint-evaluation/artifact_manifest.json	metrics/rebu_risk_e56.json	active-direct	formal-training/training-trajectory/checkpoint-evaluation/metrics/rebu_risk_e56.json	2391	5f0278b2898303b19a7e741fbc2c385d1cb5df76b8e8ec24d44600f31fe5cf84
formal-training/training-trajectory/checkpoint-evaluation/artifact_manifest.json	metrics/rebu_risk_e61.json	active-direct	formal-training/training-trajectory/checkpoint-evaluation/metrics/rebu_risk_e61.json	2389	3e0c566ac04fe6d1bd3b81ecbe62c56a30c086014e9987e12e3a685593a7aa71
formal-training/training-trajectory/checkpoint-evaluation/artifact_manifest.json	metrics/rebu_risk_e66.json	active-direct	formal-training/training-trajectory/checkpoint-evaluation/metrics/rebu_risk_e66.json	2396	92a9df18a9cf691b44095f9c725b09f5fbbfc1addeacc0f2ac365f05ace9dff9
formal-training/training-trajectory/checkpoint-evaluation/artifact_manifest.json	metrics/rebu_risk_e71.json	active-direct	formal-training/training-trajectory/checkpoint-evaluation/metrics/rebu_risk_e71.json	2402	933c832242aa5bb5b04c4fa13f53947562ec5c148017c3489226ec5c3edc47d3
formal-training/training-trajectory/checkpoint-evaluation/artifact_manifest.json	metrics/rebu_risk_e76.json	active-direct	formal-training/training-trajectory/checkpoint-evaluation/metrics/rebu_risk_e76.json	2395	8343c2c3f9eb1e14075a3c48ca43bbf38003b76af5c64dff41d07f616fbeb475
formal-training/training-trajectory/checkpoint-evaluation/artifact_manifest.json	metrics/rebu_risk_e81.json	active-direct	formal-training/training-trajectory/checkpoint-evaluation/metrics/rebu_risk_e81.json	2392	d423a668016b2c7f513dedc23a372fd393479d3f8047de8165d7f1b5d65cabf7
formal-training/training-trajectory/checkpoint-evaluation/artifact_manifest.json	metrics/rebu_risk_e86.json	active-direct	formal-training/training-trajectory/checkpoint-evaluation/metrics/rebu_risk_e86.json	2399	136828ff9060951825f320b3c4aae798b6d9739df51c05994449c2d4247e07bc
formal-training/training-trajectory/checkpoint-evaluation/artifact_manifest.json	metrics/rebu_risk_e91.json	active-direct	formal-training/training-trajectory/checkpoint-evaluation/metrics/rebu_risk_e91.json	2402	43d9ad7f5cfc907d69bc5bdaa10bce61759619dd280ccb4119222c4192f8647f
formal-training/training-trajectory/checkpoint-evaluation/artifact_manifest.json	metrics/rebu_risk_e96.json	active-direct	formal-training/training-trajectory/checkpoint-evaluation/metrics/rebu_risk_e96.json	2394	989b4b7635e9b3a1b746734e711ba2ac5f4a7c34719e9c1946b9d45a0534e01c
formal-training/training-trajectory/checkpoint-evaluation/artifact_manifest.json	metrics/uniform_e100.json	active-direct	formal-training/training-trajectory/checkpoint-evaluation/metrics/uniform_e100.json	2401	90c320e8c4cf34cb3b04fd73fd5689cd368bc9be5cac23027f19f618d63cb478
formal-training/training-trajectory/checkpoint-evaluation/artifact_manifest.json	metrics/uniform_e41.json	active-direct	formal-training/training-trajectory/checkpoint-evaluation/metrics/uniform_e41.json	2380	73b1e101654f1bef1d2cadf6c2b753f2c98468a19168d62414907d71efd1fb2a
formal-training/training-trajectory/checkpoint-evaluation/artifact_manifest.json	metrics/uniform_e46.json	active-direct	formal-training/training-trajectory/checkpoint-evaluation/metrics/uniform_e46.json	2387	4016af85de13c4b51f615a20f936e3a6d8ea633142c224f345d2b3dd7c671609
formal-training/training-trajectory/checkpoint-evaluation/artifact_manifest.json	metrics/uniform_e51.json	active-direct	formal-training/training-trajectory/checkpoint-evaluation/metrics/uniform_e51.json	2390	3ac2dd1a30a20f0cd258563353f2ebdb5051f6a8f7ca16e259cca990ca019c84
formal-training/training-trajectory/checkpoint-evaluation/artifact_manifest.json	metrics/uniform_e56.json	active-direct	formal-training/training-trajectory/checkpoint-evaluation/metrics/uniform_e56.json	2387	536ba94c8b29f635a29f7e08ccaa658428ebf4b24396c9a899d0307d6f12cb1b
formal-training/training-trajectory/checkpoint-evaluation/artifact_manifest.json	metrics/uniform_e61.json	active-direct	formal-training/training-trajectory/checkpoint-evaluation/metrics/uniform_e61.json	2382	53bbf02da9b75814a7192a51afb2e2aba5d07a385c74cc5eefc42687ed20299b
formal-training/training-trajectory/checkpoint-evaluation/artifact_manifest.json	metrics/uniform_e66.json	active-direct	formal-training/training-trajectory/checkpoint-evaluation/metrics/uniform_e66.json	2393	d686f0f15f65edcbc993325b00154db3a69d41b401d3f36a3ee36d83b3615274
formal-training/training-trajectory/checkpoint-evaluation/artifact_manifest.json	metrics/uniform_e71.json	active-direct	formal-training/training-trajectory/checkpoint-evaluation/metrics/uniform_e71.json	2386	532300bc98c9c10174c1bd08188662107948ba5e770933b504498caeebdeca81
formal-training/training-trajectory/checkpoint-evaluation/artifact_manifest.json	metrics/uniform_e76.json	active-direct	formal-training/training-trajectory/checkpoint-evaluation/metrics/uniform_e76.json	2387	17b70f8984a7a8a917ed2650f33d617f0d767caa64e700c1b50b46cf45f64382
formal-training/training-trajectory/checkpoint-evaluation/artifact_manifest.json	metrics/uniform_e81.json	active-direct	formal-training/training-trajectory/checkpoint-evaluation/metrics/uniform_e81.json	2387	b76d6b59d08d33d26e93d452901561275aa33543d871a28a4ca1afc66a9436e2
formal-training/training-trajectory/checkpoint-evaluation/artifact_manifest.json	metrics/uniform_e86.json	active-direct	formal-training/training-trajectory/checkpoint-evaluation/metrics/uniform_e86.json	2390	aba5a30afca3f9936cef5c4eac027f7dd6d3dcfe1a85c7fb2e82859f25b61ec4
formal-training/training-trajectory/checkpoint-evaluation/artifact_manifest.json	metrics/uniform_e91.json	active-direct	formal-training/training-trajectory/checkpoint-evaluation/metrics/uniform_e91.json	2386	c72fa0b0d5ef4e5d9cf034380c5c86fde41d2f96115a1c798a1b2060590f34cc
formal-training/training-trajectory/checkpoint-evaluation/artifact_manifest.json	metrics/uniform_e96.json	active-direct	formal-training/training-trajectory/checkpoint-evaluation/metrics/uniform_e96.json	2394	2fc7a13667d7f4d6deea1d57dec486b36756b76d8b16a3e9034ebc098de5a5b4
formal-training/training-trajectory/checkpoint-evaluation/artifact_manifest.json	temporary_predictions/common_e40/image_summary.json	local-archive	local-archive/data-disk/autodrive/results/evaluation/final_analysis_v1/canonical_clean_v1/predictions/common40/image_summary.json	1117778	ca97d7a35eece9998ec2135f69a94f6d5c135cfdc9d42a66e1bad5ebdc67950e
formal-training/training-trajectory/checkpoint-evaluation/artifact_manifest.json	temporary_predictions/common_e40/inference_paths.txt	local-archive	local-archive/data-disk/autodrive/results/segmentation/yolo11m_seg_bdd100k_val/inference_paths.txt	960000	f10fb171a853bd4917b4f4893f396d3d35949333b2f1107be58c487b204bcd8f
formal-training/training-trajectory/checkpoint-evaluation/artifact_manifest.json	temporary_predictions/common_e40/metadata.json	local-archive	local-archive/data-disk/autodrive/results/evaluation/formal_training/trajectory_evaluation_v1/temporary_predictions/common_e40/metadata.json	2653	af4d38b7df1f9692acef36b25194465ebdf9f12bea0551fb5bd3bde9d70189ba
formal-training/training-trajectory/checkpoint-evaluation/artifact_manifest.json	temporary_predictions/rebu_risk_e100/image_summary.json	local-archive	local-archive/data-disk/autodrive/results/evaluation/final_analysis_v1/canonical_clean_v1/predictions/risk_e100/image_summary.json	1117594	8e1d2d9306186865e086f2bab32cdcd328d16cbdbd42c282b6a8c7eac20dda2b
formal-training/training-trajectory/checkpoint-evaluation/artifact_manifest.json	temporary_predictions/rebu_risk_e100/inference_paths.txt	local-archive	local-archive/data-disk/autodrive/results/segmentation/yolo11m_seg_bdd100k_val/inference_paths.txt	960000	f10fb171a853bd4917b4f4893f396d3d35949333b2f1107be58c487b204bcd8f
formal-training/training-trajectory/checkpoint-evaluation/artifact_manifest.json	temporary_predictions/rebu_risk_e100/metadata.json	local-archive	local-archive/data-disk/autodrive/results/evaluation/formal_training/trajectory_evaluation_v1/temporary_predictions/rebu_risk_e100/metadata.json	2659	4b53b9a2f16dd78112422ebacfaeaaa4782e7fa817adda92a1394e28799d3729
formal-training/training-trajectory/checkpoint-evaluation/artifact_manifest.json	temporary_predictions/rebu_risk_e41/image_summary.json	local-archive	local-archive/data-disk/autodrive/results/evaluation/formal_training/trajectory_evaluation_v1/temporary_predictions/rebu_risk_e41/image_summary.json	1118153	6c8648213ded7a666b0fe9827af464aea140122422d3b8ca83356550333657d5
formal-training/training-trajectory/checkpoint-evaluation/artifact_manifest.json	temporary_predictions/rebu_risk_e41/inference_paths.txt	local-archive	local-archive/data-disk/autodrive/results/segmentation/yolo11m_seg_bdd100k_val/inference_paths.txt	960000	f10fb171a853bd4917b4f4893f396d3d35949333b2f1107be58c487b204bcd8f
formal-training/training-trajectory/checkpoint-evaluation/artifact_manifest.json	temporary_predictions/rebu_risk_e41/metadata.json	local-archive	local-archive/data-disk/autodrive/results/evaluation/formal_training/trajectory_evaluation_v1/temporary_predictions/rebu_risk_e41/metadata.json	2646	b56af06c2b8fbd5bca0c164e70770402dfbef309d89b82c257e9ee0826a19bd3
formal-training/training-trajectory/checkpoint-evaluation/artifact_manifest.json	temporary_predictions/rebu_risk_e46/image_summary.json	local-archive	local-archive/data-disk/autodrive/results/evaluation/formal_training/trajectory_evaluation_v1/temporary_predictions/rebu_risk_e46/image_summary.json	1118149	cba5cf44f4bd9cce9e13399b38ec372e23eeb3ffb82cb0a2dc349528ccae31ee
formal-training/training-trajectory/checkpoint-evaluation/artifact_manifest.json	temporary_predictions/rebu_risk_e46/inference_paths.txt	local-archive	local-archive/data-disk/autodrive/results/segmentation/yolo11m_seg_bdd100k_val/inference_paths.txt	960000	f10fb171a853bd4917b4f4893f396d3d35949333b2f1107be58c487b204bcd8f
formal-training/training-trajectory/checkpoint-evaluation/artifact_manifest.json	temporary_predictions/rebu_risk_e46/metadata.json	local-archive	local-archive/data-disk/autodrive/results/evaluation/formal_training/trajectory_evaluation_v1/temporary_predictions/rebu_risk_e46/metadata.json	2648	ba8c6854c1972759aa40b74dc5fefe1af25efa8b2e0f0bdefd74a625d323093c
formal-training/training-trajectory/checkpoint-evaluation/artifact_manifest.json	temporary_predictions/rebu_risk_e51/image_summary.json	local-archive	local-archive/data-disk/autodrive/results/evaluation/formal_training/trajectory_evaluation_v1/temporary_predictions/rebu_risk_e51/image_summary.json	1118085	bbb5a945e3d06f38c5f26a06c3f31705a8b9868ea8db4ccd42e167ad2d845361
formal-training/training-trajectory/checkpoint-evaluation/artifact_manifest.json	temporary_predictions/rebu_risk_e51/inference_paths.txt	local-archive	local-archive/data-disk/autodrive/results/segmentation/yolo11m_seg_bdd100k_val/inference_paths.txt	960000	f10fb171a853bd4917b4f4893f396d3d35949333b2f1107be58c487b204bcd8f
formal-training/training-trajectory/checkpoint-evaluation/artifact_manifest.json	temporary_predictions/rebu_risk_e51/metadata.json	local-archive	local-archive/data-disk/autodrive/results/evaluation/formal_training/trajectory_evaluation_v1/temporary_predictions/rebu_risk_e51/metadata.json	2649	8e4f3bb3e8711f19e15b723aa1aa14e403c5be0d89970e0309f8381676198a6d
formal-training/training-trajectory/checkpoint-evaluation/artifact_manifest.json	temporary_predictions/rebu_risk_e56/image_summary.json	local-archive	local-archive/data-disk/autodrive/results/evaluation/final_analysis_v1/canonical_clean_v1/predictions/risk_e56/image_summary.json	1118007	f0b96baf129ea6032f7ffc4d5a20f02459f5a09020bfc9f257d019e057237dce
formal-training/training-trajectory/checkpoint-evaluation/artifact_manifest.json	temporary_predictions/rebu_risk_e56/inference_paths.txt	local-archive	local-archive/data-disk/autodrive/results/segmentation/yolo11m_seg_bdd100k_val/inference_paths.txt	960000	f10fb171a853bd4917b4f4893f396d3d35949333b2f1107be58c487b204bcd8f
formal-training/training-trajectory/checkpoint-evaluation/artifact_manifest.json	temporary_predictions/rebu_risk_e56/metadata.json	local-archive	local-archive/data-disk/autodrive/results/evaluation/formal_training/trajectory_evaluation_v1/temporary_predictions/rebu_risk_e56/metadata.json	2650	fe9f2857c0dfcdac195bd133e5a13ec1ed03747b1837eee169b04abed1e3ee39
formal-training/training-trajectory/checkpoint-evaluation/artifact_manifest.json	temporary_predictions/rebu_risk_e61/image_summary.json	local-archive	local-archive/data-disk/autodrive/results/evaluation/formal_training/trajectory_evaluation_v1/temporary_predictions/rebu_risk_e61/image_summary.json	1117954	8037363fe8e448880349defa91e4aba37f2449db93a1a733b8e929e126d5c80c
formal-training/training-trajectory/checkpoint-evaluation/artifact_manifest.json	temporary_predictions/rebu_risk_e61/inference_paths.txt	local-archive	local-archive/data-disk/autodrive/results/segmentation/yolo11m_seg_bdd100k_val/inference_paths.txt	960000	f10fb171a853bd4917b4f4893f396d3d35949333b2f1107be58c487b204bcd8f
formal-training/training-trajectory/checkpoint-evaluation/artifact_manifest.json	temporary_predictions/rebu_risk_e61/metadata.json	local-archive	local-archive/data-disk/autodrive/results/evaluation/formal_training/trajectory_evaluation_v1/temporary_predictions/rebu_risk_e61/metadata.json	2649	7e2a2573b818530497ff8fb042660c9d397f7c11b71bee3dca49ef71fc5611ff
formal-training/training-trajectory/checkpoint-evaluation/artifact_manifest.json	temporary_predictions/rebu_risk_e66/image_summary.json	local-archive	local-archive/data-disk/autodrive/results/evaluation/formal_training/trajectory_evaluation_v1/temporary_predictions/rebu_risk_e66/image_summary.json	1117913	31a3474bfa3598f6100af1275f5b10ab65612d5a388cc3233915fffd38bed4e3
formal-training/training-trajectory/checkpoint-evaluation/artifact_manifest.json	temporary_predictions/rebu_risk_e66/inference_paths.txt	local-archive	local-archive/data-disk/autodrive/results/segmentation/yolo11m_seg_bdd100k_val/inference_paths.txt	960000	f10fb171a853bd4917b4f4893f396d3d35949333b2f1107be58c487b204bcd8f
formal-training/training-trajectory/checkpoint-evaluation/artifact_manifest.json	temporary_predictions/rebu_risk_e66/metadata.json	local-archive	local-archive/data-disk/autodrive/results/evaluation/formal_training/trajectory_evaluation_v1/temporary_predictions/rebu_risk_e66/metadata.json	2649	5252125d108a2248948b6d709ca4a5ff73234e7c286cb236256e01ec0d10581f
formal-training/training-trajectory/checkpoint-evaluation/artifact_manifest.json	temporary_predictions/rebu_risk_e71/image_summary.json	local-archive	local-archive/data-disk/autodrive/results/evaluation/formal_training/trajectory_evaluation_v1/temporary_predictions/rebu_risk_e71/image_summary.json	1117857	e855ea2f9d834b9e7df9f4d294a55ba67268fd563d5e11528ecaf886cf4087dd
formal-training/training-trajectory/checkpoint-evaluation/artifact_manifest.json	temporary_predictions/rebu_risk_e71/inference_paths.txt	local-archive	local-archive/data-disk/autodrive/results/segmentation/yolo11m_seg_bdd100k_val/inference_paths.txt	960000	f10fb171a853bd4917b4f4893f396d3d35949333b2f1107be58c487b204bcd8f
formal-training/training-trajectory/checkpoint-evaluation/artifact_manifest.json	temporary_predictions/rebu_risk_e71/metadata.json	local-archive	local-archive/data-disk/autodrive/results/evaluation/formal_training/trajectory_evaluation_v1/temporary_predictions/rebu_risk_e71/metadata.json	2649	b2729c93c5c5041b07b86e5e27a4997dd9ccd422817ac0854e3f39f5e533e04f
formal-training/training-trajectory/checkpoint-evaluation/artifact_manifest.json	temporary_predictions/rebu_risk_e76/image_summary.json	local-archive	local-archive/data-disk/autodrive/results/evaluation/formal_training/trajectory_evaluation_v1/temporary_predictions/rebu_risk_e76/image_summary.json	1117790	feadb3d87041ee48d76018ee3b7c4c69f09b8b287021ac704a71defa37fb1ddb
formal-training/training-trajectory/checkpoint-evaluation/artifact_manifest.json	temporary_predictions/rebu_risk_e76/inference_paths.txt	local-archive	local-archive/data-disk/autodrive/results/segmentation/yolo11m_seg_bdd100k_val/inference_paths.txt	960000	f10fb171a853bd4917b4f4893f396d3d35949333b2f1107be58c487b204bcd8f
formal-training/training-trajectory/checkpoint-evaluation/artifact_manifest.json	temporary_predictions/rebu_risk_e76/metadata.json	local-archive	local-archive/data-disk/autodrive/results/evaluation/formal_training/trajectory_evaluation_v1/temporary_predictions/rebu_risk_e76/metadata.json	2648	c8ebddce13d1a877cd073489a0c27ac08a50394ee54c78250bc16580133c56c7
formal-training/training-trajectory/checkpoint-evaluation/artifact_manifest.json	temporary_predictions/rebu_risk_e81/image_summary.json	local-archive	local-archive/data-disk/autodrive/results/evaluation/formal_training/trajectory_evaluation_v1/temporary_predictions/rebu_risk_e81/image_summary.json	1117738	0ceb15077297af6277854e77c74eb38c20a443d814777fad9a26e1ebb18b2812
formal-training/training-trajectory/checkpoint-evaluation/artifact_manifest.json	temporary_predictions/rebu_risk_e81/inference_paths.txt	local-archive	local-archive/data-disk/autodrive/results/segmentation/yolo11m_seg_bdd100k_val/inference_paths.txt	960000	f10fb171a853bd4917b4f4893f396d3d35949333b2f1107be58c487b204bcd8f
formal-training/training-trajectory/checkpoint-evaluation/artifact_manifest.json	temporary_predictions/rebu_risk_e81/metadata.json	local-archive	local-archive/data-disk/autodrive/results/evaluation/formal_training/trajectory_evaluation_v1/temporary_predictions/rebu_risk_e81/metadata.json	2649	0aa2bfbadcd236b5831fc0c981d7a9d460961bdb68e051761bb9d0a2c11e7396
formal-training/training-trajectory/checkpoint-evaluation/artifact_manifest.json	temporary_predictions/rebu_risk_e86/image_summary.json	local-archive	local-archive/data-disk/autodrive/results/evaluation/formal_training/trajectory_evaluation_v1/temporary_predictions/rebu_risk_e86/image_summary.json	1117676	3b055f2bcdd8bb085a3e5b0bba4ca6fe3b803dedf2e86bcc3547670c5bd081c8
formal-training/training-trajectory/checkpoint-evaluation/artifact_manifest.json	temporary_predictions/rebu_risk_e86/inference_paths.txt	local-archive	local-archive/data-disk/autodrive/results/segmentation/yolo11m_seg_bdd100k_val/inference_paths.txt	960000	f10fb171a853bd4917b4f4893f396d3d35949333b2f1107be58c487b204bcd8f
formal-training/training-trajectory/checkpoint-evaluation/artifact_manifest.json	temporary_predictions/rebu_risk_e86/metadata.json	local-archive	local-archive/data-disk/autodrive/results/evaluation/formal_training/trajectory_evaluation_v1/temporary_predictions/rebu_risk_e86/metadata.json	2649	f5a000a42d8c829b6821e8bd9179e8dc7e928f4df0d7473658d2d5b6ee9fc66f
formal-training/training-trajectory/checkpoint-evaluation/artifact_manifest.json	temporary_predictions/rebu_risk_e91/image_summary.json	local-archive	local-archive/data-disk/autodrive/results/evaluation/formal_training/trajectory_evaluation_v1/temporary_predictions/rebu_risk_e91/image_summary.json	1117639	96893a5b8f05228f3a938ad11413efddc3a8f914b3167fe7df9210c3f29bba72
formal-training/training-trajectory/checkpoint-evaluation/artifact_manifest.json	temporary_predictions/rebu_risk_e91/inference_paths.txt	local-archive	local-archive/data-disk/autodrive/results/segmentation/yolo11m_seg_bdd100k_val/inference_paths.txt	960000	f10fb171a853bd4917b4f4893f396d3d35949333b2f1107be58c487b204bcd8f
formal-training/training-trajectory/checkpoint-evaluation/artifact_manifest.json	temporary_predictions/rebu_risk_e91/metadata.json	local-archive	local-archive/data-disk/autodrive/results/evaluation/formal_training/trajectory_evaluation_v1/temporary_predictions/rebu_risk_e91/metadata.json	2649	8886fb576371982f6e4aca548fd8613f22c7d2dba52bca4820246dffe5fd8d7f
formal-training/training-trajectory/checkpoint-evaluation/artifact_manifest.json	temporary_predictions/rebu_risk_e96/image_summary.json	local-archive	local-archive/data-disk/autodrive/results/evaluation/formal_training/trajectory_evaluation_v1/temporary_predictions/rebu_risk_e96/image_summary.json	1117613	3247862a0354e7476c94b221a742be2a566a17885c71e15728d7d32d097e5e7b
formal-training/training-trajectory/checkpoint-evaluation/artifact_manifest.json	temporary_predictions/rebu_risk_e96/inference_paths.txt	local-archive	local-archive/data-disk/autodrive/results/segmentation/yolo11m_seg_bdd100k_val/inference_paths.txt	960000	f10fb171a853bd4917b4f4893f396d3d35949333b2f1107be58c487b204bcd8f
formal-training/training-trajectory/checkpoint-evaluation/artifact_manifest.json	temporary_predictions/rebu_risk_e96/metadata.json	local-archive	local-archive/data-disk/autodrive/results/evaluation/formal_training/trajectory_evaluation_v1/temporary_predictions/rebu_risk_e96/metadata.json	2649	98ee99102021c69baaf5c8b7c525ad9caa840daea9c677c536da0511551b033f
formal-training/training-trajectory/checkpoint-evaluation/artifact_manifest.json	temporary_predictions/uniform_e100/image_summary.json	local-archive	local-archive/data-disk/autodrive/results/evaluation/final_analysis_v1/canonical_clean_v1/predictions/uniform_e100/image_summary.json	1117542	91bd9b4bd5a9add87f45844423f2a61dd5d4d0fec7abf1031f86b06b067a9f97
formal-training/training-trajectory/checkpoint-evaluation/artifact_manifest.json	temporary_predictions/uniform_e100/inference_paths.txt	local-archive	local-archive/data-disk/autodrive/results/segmentation/yolo11m_seg_bdd100k_val/inference_paths.txt	960000	f10fb171a853bd4917b4f4893f396d3d35949333b2f1107be58c487b204bcd8f
formal-training/training-trajectory/checkpoint-evaluation/artifact_manifest.json	temporary_predictions/uniform_e100/metadata.json	local-archive	local-archive/data-disk/autodrive/results/evaluation/formal_training/trajectory_evaluation_v1/temporary_predictions/uniform_e100/metadata.json	2652	81491d42b09800dbf28e5ffa0bbcc7b7275f46286154c34168b94e3ac9d5dad8
formal-training/training-trajectory/checkpoint-evaluation/artifact_manifest.json	temporary_predictions/uniform_e41/image_summary.json	local-archive	local-archive/data-disk/autodrive/results/evaluation/formal_training/trajectory_evaluation_v1/temporary_predictions/uniform_e41/image_summary.json	1118048	b3ce4445834a20a99824d66d70ea8fb80742c9f2ead77ed91a71e16bf4559073
formal-training/training-trajectory/checkpoint-evaluation/artifact_manifest.json	temporary_predictions/uniform_e41/inference_paths.txt	local-archive	local-archive/data-disk/autodrive/results/segmentation/yolo11m_seg_bdd100k_val/inference_paths.txt	960000	f10fb171a853bd4917b4f4893f396d3d35949333b2f1107be58c487b204bcd8f
formal-training/training-trajectory/checkpoint-evaluation/artifact_manifest.json	temporary_predictions/uniform_e41/metadata.json	local-archive	local-archive/data-disk/autodrive/results/evaluation/formal_training/trajectory_evaluation_v1/temporary_predictions/uniform_e41/metadata.json	2644	c5719ff92bd3696c8128c38d5ffbaf8bcd2569f813ef7a2e1f9ff45300d2e0bf
formal-training/training-trajectory/checkpoint-evaluation/artifact_manifest.json	temporary_predictions/uniform_e46/image_summary.json	local-archive	local-archive/data-disk/autodrive/results/evaluation/formal_training/trajectory_evaluation_v1/temporary_predictions/uniform_e46/image_summary.json	1118136	2dd0e25982aaf76922c5cbe64373bd7e0b492304883ef9706eefd6165fe2e6e4
formal-training/training-trajectory/checkpoint-evaluation/artifact_manifest.json	temporary_predictions/uniform_e46/inference_paths.txt	local-archive	local-archive/data-disk/autodrive/results/segmentation/yolo11m_seg_bdd100k_val/inference_paths.txt	960000	f10fb171a853bd4917b4f4893f396d3d35949333b2f1107be58c487b204bcd8f
formal-training/training-trajectory/checkpoint-evaluation/artifact_manifest.json	temporary_predictions/uniform_e46/metadata.json	local-archive	local-archive/data-disk/autodrive/results/evaluation/formal_training/trajectory_evaluation_v1/temporary_predictions/uniform_e46/metadata.json	2645	6a729622a78040534622559e57c9412cdfb21ee17c013df35ab8e0fa9d34e1a7
formal-training/training-trajectory/checkpoint-evaluation/artifact_manifest.json	temporary_predictions/uniform_e51/image_summary.json	local-archive	local-archive/data-disk/autodrive/results/evaluation/formal_training/trajectory_evaluation_v1/temporary_predictions/uniform_e51/image_summary.json	1118018	1266dedbd28b51689b918cdfb1559bbf162962f64aa5435baf56de718368cd0d
formal-training/training-trajectory/checkpoint-evaluation/artifact_manifest.json	temporary_predictions/uniform_e51/inference_paths.txt	local-archive	local-archive/data-disk/autodrive/results/segmentation/yolo11m_seg_bdd100k_val/inference_paths.txt	960000	f10fb171a853bd4917b4f4893f396d3d35949333b2f1107be58c487b204bcd8f
formal-training/training-trajectory/checkpoint-evaluation/artifact_manifest.json	temporary_predictions/uniform_e51/metadata.json	local-archive	local-archive/data-disk/autodrive/results/evaluation/formal_training/trajectory_evaluation_v1/temporary_predictions/uniform_e51/metadata.json	2646	2d78fd688d60f6b0a066e6abd5ff2d773406a68bfd28ddf49c1f1d75a738d2e5
formal-training/training-trajectory/checkpoint-evaluation/artifact_manifest.json	temporary_predictions/uniform_e56/image_summary.json	local-archive	local-archive/data-disk/autodrive/results/evaluation/final_analysis_v1/canonical_clean_v1/predictions/uniform_e56/image_summary.json	1117976	93e660dbeb3082bc76b34663b3560487d6534d47f475f4271f1d767406e935ea
formal-training/training-trajectory/checkpoint-evaluation/artifact_manifest.json	temporary_predictions/uniform_e56/inference_paths.txt	local-archive	local-archive/data-disk/autodrive/results/segmentation/yolo11m_seg_bdd100k_val/inference_paths.txt	960000	f10fb171a853bd4917b4f4893f396d3d35949333b2f1107be58c487b204bcd8f
formal-training/training-trajectory/checkpoint-evaluation/artifact_manifest.json	temporary_predictions/uniform_e56/metadata.json	local-archive	local-archive/data-disk/autodrive/results/evaluation/formal_training/trajectory_evaluation_v1/temporary_predictions/uniform_e56/metadata.json	2646	cadefb76cc71b6d72bdf21b1dd9c3223472e7a8be940e5da2f0a04fcb6aa191d
formal-training/training-trajectory/checkpoint-evaluation/artifact_manifest.json	temporary_predictions/uniform_e61/image_summary.json	local-archive	local-archive/data-disk/autodrive/results/evaluation/formal_training/trajectory_evaluation_v1/temporary_predictions/uniform_e61/image_summary.json	1117948	671688dd942042143c2f5045551b63c3502ce2e967da87112414465702f0c4ca
formal-training/training-trajectory/checkpoint-evaluation/artifact_manifest.json	temporary_predictions/uniform_e61/inference_paths.txt	local-archive	local-archive/data-disk/autodrive/results/segmentation/yolo11m_seg_bdd100k_val/inference_paths.txt	960000	f10fb171a853bd4917b4f4893f396d3d35949333b2f1107be58c487b204bcd8f
formal-training/training-trajectory/checkpoint-evaluation/artifact_manifest.json	temporary_predictions/uniform_e61/metadata.json	local-archive	local-archive/data-disk/autodrive/results/evaluation/formal_training/trajectory_evaluation_v1/temporary_predictions/uniform_e61/metadata.json	2645	68ee3c5f15cd7663e131b4d31b260b924120c10ec20ffa1520eb1ac62d3be4c1
formal-training/training-trajectory/checkpoint-evaluation/artifact_manifest.json	temporary_predictions/uniform_e66/image_summary.json	local-archive	local-archive/data-disk/autodrive/results/evaluation/formal_training/trajectory_evaluation_v1/temporary_predictions/uniform_e66/image_summary.json	1117892	48dceb6a7c8d1814462155e67f351db9128e450c465aec201333f453f960a9c8
formal-training/training-trajectory/checkpoint-evaluation/artifact_manifest.json	temporary_predictions/uniform_e66/inference_paths.txt	local-archive	local-archive/data-disk/autodrive/results/segmentation/yolo11m_seg_bdd100k_val/inference_paths.txt	960000	f10fb171a853bd4917b4f4893f396d3d35949333b2f1107be58c487b204bcd8f
formal-training/training-trajectory/checkpoint-evaluation/artifact_manifest.json	temporary_predictions/uniform_e66/metadata.json	local-archive	local-archive/data-disk/autodrive/results/evaluation/formal_training/trajectory_evaluation_v1/temporary_predictions/uniform_e66/metadata.json	2645	08f49bcc95544c8ea926c6363347e954cd685db630f5422e21ecb27a8274a318
formal-training/training-trajectory/checkpoint-evaluation/artifact_manifest.json	temporary_predictions/uniform_e71/image_summary.json	local-archive	local-archive/data-disk/autodrive/results/evaluation/formal_training/trajectory_evaluation_v1/temporary_predictions/uniform_e71/image_summary.json	1117827	9f26cb12ddf8dd6193a7357c8ce4a6faf2f8d44ff46eb1c001c507a21cd3f354
formal-training/training-trajectory/checkpoint-evaluation/artifact_manifest.json	temporary_predictions/uniform_e71/inference_paths.txt	local-archive	local-archive/data-disk/autodrive/results/segmentation/yolo11m_seg_bdd100k_val/inference_paths.txt	960000	f10fb171a853bd4917b4f4893f396d3d35949333b2f1107be58c487b204bcd8f
formal-training/training-trajectory/checkpoint-evaluation/artifact_manifest.json	temporary_predictions/uniform_e71/metadata.json	local-archive	local-archive/data-disk/autodrive/results/evaluation/formal_training/trajectory_evaluation_v1/temporary_predictions/uniform_e71/metadata.json	2644	ced67754f618ea8e8284cfe0ba91f8d05532c91531c4c66542de66f9393684ab
formal-training/training-trajectory/checkpoint-evaluation/artifact_manifest.json	temporary_predictions/uniform_e76/image_summary.json	local-archive	local-archive/data-disk/autodrive/results/evaluation/formal_training/trajectory_evaluation_v1/temporary_predictions/uniform_e76/image_summary.json	1117774	aa4d172f314027aa6401232cd281c10db67dc09f1955c4c2aefc02cb885deea1
formal-training/training-trajectory/checkpoint-evaluation/artifact_manifest.json	temporary_predictions/uniform_e76/inference_paths.txt	local-archive	local-archive/data-disk/autodrive/results/segmentation/yolo11m_seg_bdd100k_val/inference_paths.txt	960000	f10fb171a853bd4917b4f4893f396d3d35949333b2f1107be58c487b204bcd8f
formal-training/training-trajectory/checkpoint-evaluation/artifact_manifest.json	temporary_predictions/uniform_e76/metadata.json	local-archive	local-archive/data-disk/autodrive/results/evaluation/formal_training/trajectory_evaluation_v1/temporary_predictions/uniform_e76/metadata.json	2645	0fa9488d375997520e014501cf612c53c2c768c1d01fcd7d491d8580d71b7967
formal-training/training-trajectory/checkpoint-evaluation/artifact_manifest.json	temporary_predictions/uniform_e81/image_summary.json	local-archive	local-archive/data-disk/autodrive/results/evaluation/formal_training/trajectory_evaluation_v1/temporary_predictions/uniform_e81/image_summary.json	1117711	ce21a0cd8beda6a7c7fdb8ed8699f395f292be75f20d03d35b5411ef5872f78c
formal-training/training-trajectory/checkpoint-evaluation/artifact_manifest.json	temporary_predictions/uniform_e81/inference_paths.txt	local-archive	local-archive/data-disk/autodrive/results/segmentation/yolo11m_seg_bdd100k_val/inference_paths.txt	960000	f10fb171a853bd4917b4f4893f396d3d35949333b2f1107be58c487b204bcd8f
formal-training/training-trajectory/checkpoint-evaluation/artifact_manifest.json	temporary_predictions/uniform_e81/metadata.json	local-archive	local-archive/data-disk/autodrive/results/evaluation/formal_training/trajectory_evaluation_v1/temporary_predictions/uniform_e81/metadata.json	2645	4d20189d82e903d0f4316bd7a3267dd0e2c5333c58cb7495b38f0e9ebea095fe
formal-training/training-trajectory/checkpoint-evaluation/artifact_manifest.json	temporary_predictions/uniform_e86/image_summary.json	local-archive	local-archive/data-disk/autodrive/results/evaluation/formal_training/trajectory_evaluation_v1/temporary_predictions/uniform_e86/image_summary.json	1117639	ef9c77674a8aa4930bd02569249f6c40a8f9257a879c535a2a2c3d063ddd59f8
formal-training/training-trajectory/checkpoint-evaluation/artifact_manifest.json	temporary_predictions/uniform_e86/inference_paths.txt	local-archive	local-archive/data-disk/autodrive/results/segmentation/yolo11m_seg_bdd100k_val/inference_paths.txt	960000	f10fb171a853bd4917b4f4893f396d3d35949333b2f1107be58c487b204bcd8f
formal-training/training-trajectory/checkpoint-evaluation/artifact_manifest.json	temporary_predictions/uniform_e86/metadata.json	local-archive	local-archive/data-disk/autodrive/results/evaluation/formal_training/trajectory_evaluation_v1/temporary_predictions/uniform_e86/metadata.json	2645	a6cb7ec1c9213b87cee758dc6b7ef167dd0d30f37a8476fa4862d00d694eb59b
formal-training/training-trajectory/checkpoint-evaluation/artifact_manifest.json	temporary_predictions/uniform_e91/image_summary.json	local-archive	local-archive/data-disk/autodrive/results/evaluation/formal_training/trajectory_evaluation_v1/temporary_predictions/uniform_e91/image_summary.json	1117598	3b349c89c5a45dfb72f5e90beb476062398379c4337c13b77e5e40599eaa2349
formal-training/training-trajectory/checkpoint-evaluation/artifact_manifest.json	temporary_predictions/uniform_e91/inference_paths.txt	local-archive	local-archive/data-disk/autodrive/results/segmentation/yolo11m_seg_bdd100k_val/inference_paths.txt	960000	f10fb171a853bd4917b4f4893f396d3d35949333b2f1107be58c487b204bcd8f
formal-training/training-trajectory/checkpoint-evaluation/artifact_manifest.json	temporary_predictions/uniform_e91/metadata.json	local-archive	local-archive/data-disk/autodrive/results/evaluation/formal_training/trajectory_evaluation_v1/temporary_predictions/uniform_e91/metadata.json	2645	4ee8f705bd136b0b222ec9677bf1b3357716de29b02ff83721fd30c9f445a9ac
formal-training/training-trajectory/checkpoint-evaluation/artifact_manifest.json	temporary_predictions/uniform_e96/image_summary.json	local-archive	local-archive/data-disk/autodrive/results/evaluation/formal_training/trajectory_evaluation_v1/temporary_predictions/uniform_e96/image_summary.json	1117570	db1f3a609a7f15a6c0a39ace17b7ec79ee284f6e132d0b4a81bb5a527d0b5e8e
formal-training/training-trajectory/checkpoint-evaluation/artifact_manifest.json	temporary_predictions/uniform_e96/inference_paths.txt	local-archive	local-archive/data-disk/autodrive/results/segmentation/yolo11m_seg_bdd100k_val/inference_paths.txt	960000	f10fb171a853bd4917b4f4893f396d3d35949333b2f1107be58c487b204bcd8f
formal-training/training-trajectory/checkpoint-evaluation/artifact_manifest.json	temporary_predictions/uniform_e96/metadata.json	local-archive	local-archive/data-disk/autodrive/results/evaluation/formal_training/trajectory_evaluation_v1/temporary_predictions/uniform_e96/metadata.json	2645	0d062399d7bafee229b4742b291a9b6511eb94fcbc758fb41145986839a95917
formal-training/training-trajectory/checkpoint-evaluation/artifact_manifest.json	trajectory_metrics.csv	active-direct	formal-training/training-trajectory/checkpoint-evaluation/trajectory_metrics.csv	14621	79819bc2b7d5e4a033ed4371885d4a69f6e2641b20e8e42855e42d4854c36057
formal-training/training-trajectory/checkpoint-evaluation/artifact_manifest.json	trajectory_per_class_metrics.csv	active-direct	formal-training/training-trajectory/checkpoint-evaluation/trajectory_per_class_metrics.csv	25582	37a20b78d68bd7df36e1887c6b5f52add98b4e8c13198ac2c6e0a98df67742b4
formal-training/training-trajectory/checkpoint-evaluation/artifact_manifest.json	trajectory_protocol.json	active-direct	formal-training/training-trajectory/checkpoint-evaluation/trajectory_protocol.json	10132	7dc023019c6c6945f837a1608847ec67f80efa4e6b505b0d11a48d2963e68afb
formal-training/training-trajectory/checkpoint-evaluation/artifact_manifest.json	trajectory_summary.json	active-direct	formal-training/training-trajectory/checkpoint-evaluation/trajectory_summary.json	4306	b0ee1f494b315fcda084b5ac994a68ef7acaf52848333a023f6d5aaad978fab7
formal-training/training-trajectory/terminal-window-protocol/artifact_manifest.json	terminal_window_protocol.json	active-direct	formal-training/training-trajectory/terminal-window-protocol/terminal_window_protocol.json	5081	b1caa2b76799d1184372a66c1d475ead2838e60389c29ff529cdfb859e63ef82
formal-training/uniform-branch/training-records/artifact_manifest.json	args.yaml	active-direct	formal-training/uniform-branch/training-records/args.yaml	2019	79312252de6e8823efd73df039d06a65bd4a59b78b25427abeea32616c8ebbc3
formal-training/uniform-branch/training-records/artifact_manifest.json	branch_completion.json	active-direct	formal-training/uniform-branch/training-records/branch_completion.json	2057	87c0268aa4486c1e1c8bed8ba475853e432d45497c979cfabc1de66445d392dd
formal-training/uniform-branch/training-records/artifact_manifest.json	results.csv	active-direct	formal-training/uniform-branch/training-records/results.csv	5234	88d3e9347989f9b494bc162eba0cc63043101141c93300d3434939fdd80dc981
formal-training/uniform-branch/training-records/artifact_manifest.json	weights/best.pt	local-archive	local-archive/data-disk/autodrive/results/evaluation/formal_training/training_v2/uniform_e41_100/weights/best.pt	41805169	81be52c4e261c908e5c2d870257456de2bf4f87b885184768400dd8c7763527e
formal-training/uniform-branch/training-records/artifact_manifest.json	weights/last.pt	active-shared	formal-training/checkpoints/uniform-epoch-100.pt	41805169	2af91824191b0d48d40e35856abafd388776815aaf0a629ace4e734a9be01cf7
formal-training/uniform-branch/training-records/artifact_manifest.json	weights/uniform100_ema.pt	active-shared	formal-training/checkpoints/uniform-epoch-100.pt	41805169	2af91824191b0d48d40e35856abafd388776815aaf0a629ace4e734a9be01cf7
research-evidence/frozen-results/artifact-manifest.json	FINAL_RESULTS.md	active-direct	research-evidence/frozen-results/FINAL_RESULTS.md	7257	63d9ed6da373b6fa06c4b996eaec89f6be3b467fd839aee06987a07a6a4d8201
research-evidence/frozen-results/artifact-manifest.json	claim_evidence_matrix.csv	active-direct	research-evidence/frozen-results/claim_evidence_matrix.csv	1500	3c4fc25ed32d7ebccf2d36ed8a2204b31f9d274ee88a2f945ae54bea5a170fb7
research-evidence/frozen-results/artifact-manifest.json	final_evidence_bundle.json	active-direct	research-evidence/frozen-results/final_evidence_bundle.json	9146	6ea001d995d73334eaea916acdb4a1afbb70ac07a84fce7b2114dc1f891c7898
research-evidence/frozen-results/artifact-manifest.json	metadata.json	active-direct	research-evidence/frozen-results/metadata.json	548	44bb8fcb8539ddf01a8cac8e42804ab077232083fcaaec59ee40a6553830e967
research-evidence/frozen-results/artifact-manifest.json	qualitative_figure_registry.csv	active-direct	research-evidence/frozen-results/qualitative_figure_registry.csv	1836	fd43a1dc63b0e7e5d472ffaa394e4e9a992492ed57698b6fedc49a1cb27cddc6
research-evidence/frozen-results/artifact-manifest.json	tables/table_01_canonical_clean.csv	active-direct	research-evidence/frozen-results/tables/table_01_canonical_clean.csv	2435	59c8dc7fb09a96a78bf581b2872e8514466c7d8dfc313c6ef2773ed78a242394
research-evidence/frozen-results/artifact-manifest.json	tables/table_02_architecture_clean_efficiency.csv	active-direct	research-evidence/frozen-results/tables/table_02_architecture_clean_efficiency.csv	934	ee3c2109858d77bcbd3fdd180b2dd6483137a739b659722b07ba82e06d0f5df6
research-evidence/frozen-results/artifact-manifest.json	tables/table_03_method_clean.csv	active-direct	research-evidence/frozen-results/tables/table_03_method_clean.csv	1718	ffd11fbdc17ac30f8742124e2bf8ecee8f505d8567f4271c5e40f69db5dad22c
research-evidence/frozen-results/artifact-manifest.json	tables/table_04_failure_subsets.csv	active-direct	research-evidence/frozen-results/tables/table_04_failure_subsets.csv	363	82141bc48014211a165d3a689e00cc1b1ddfcfc04d542daced8785823cd06d4d
research-evidence/frozen-results/artifact-manifest.json	tables/table_05_failure_recovery.csv	active-direct	research-evidence/frozen-results/tables/table_05_failure_recovery.csv	265	8639af664a9f2b8ca292d4c4cebe315b4e06c1b9d3010ea22a97522a5a77c931
research-evidence/frozen-results/artifact-manifest.json	tables/table_06_threshold_stability.csv	active-direct	research-evidence/frozen-results/tables/table_06_threshold_stability.csv	1154	f3f8ac32d2b3e601ff6697a0fe9c380eade0f3e756c1cdbc4c8740cbbf01488a
research-evidence/frozen-results/artifact-manifest.json	tables/table_07_bootstrap_primary.csv	active-direct	research-evidence/frozen-results/tables/table_07_bootstrap_primary.csv	4954	f06c13c49d3cb82823ebe4559d8563dcc76778a73b2268330a40ad3b997cbe1b
research-evidence/frozen-results/artifact-manifest.json	tables/table_08_checkpoint_trajectory.csv	active-direct	research-evidence/frozen-results/tables/table_08_checkpoint_trajectory.csv	14621	79819bc2b7d5e4a033ed4371885d4a69f6e2641b20e8e42855e42d4854c36057
research-evidence/frozen-results/artifact-manifest.json	tables/table_09_training_dynamics.csv	active-direct	research-evidence/frozen-results/tables/table_09_training_dynamics.csv	796	48b45b2cce199ed435c0faa6ac97c41e808520321b3615e869d68d3e7f51cd1d
research-evidence/frozen-results/artifact-manifest.json	tables/table_10_exposure_audit.csv	active-direct	research-evidence/frozen-results/tables/table_10_exposure_audit.csv	447	477e91281c232eace12a2b7dbea6f896fe0bbdf9026a2b8e30e5c3e57b4f9efc
research-evidence/frozen-results/artifact-manifest.json	tables/table_11_crop_scale_context.csv	active-direct	research-evidence/frozen-results/tables/table_11_crop_scale_context.csv	320	00ec937519ee4964b79458a21b7e8d3339cbc21a93f9fb7d08be04d5bd2f2ae7
research-evidence/frozen-results/artifact-manifest.json	tables/table_12_scale_transition_matrix.csv	active-direct	research-evidence/frozen-results/tables/table_12_scale_transition_matrix.csv	1574	aa8cdfa48199f86e2eec345d5e99beaa59b48f81c9ed776462c10fe5884708e3
research-evidence/frozen-results/artifact-manifest.json	tables/table_13_corruption_summary.csv	active-direct	research-evidence/frozen-results/tables/table_13_corruption_summary.csv	970	d8c1556e8556be4d588160683adfe3562656c4b5817e9df29ee0ed2e5547244a
research-evidence/frozen-results/artifact-manifest.json	tables/table_14_efficiency.csv	active-direct	research-evidence/frozen-results/tables/table_14_efficiency.csv	468	ec4fc897eb47e225dd9f9bfda5ea549f3a880588514ef918bc5523b065ff7b6c
research-evidence/frozen-results/artifact-manifest.json	tables/table_15_qualitative_cases.csv	active-direct	research-evidence/frozen-results/tables/table_15_qualitative_cases.csv	4084	361731163b3fc520bf966531b19178f71854ea767dce2537a2f8e2a777eb051a
risk-data-intervention/cafr-development/cache-isolation/artifact_manifest.json	cache_isolation_amendment.json	active-direct	risk-data-intervention/cafr-development/cache-isolation/cache_isolation_amendment.json	1616	c5a6926a48d169e1687331d622786da3627e8af3d1949819bb3f65a2f4cb4c8a
risk-data-intervention/cafr-development/cache-isolation/artifact_manifest.json	dev_cache_safe.txt	active-direct	risk-data-intervention/cafr-development/cache-isolation/dev_cache_safe.txt	489979	b723999490746c12ee973fff76a5455b6d85030dd48b5de98fd996caa5536823
risk-data-intervention/cafr-development/cache-isolation/artifact_manifest.json	scalar_risk_data.yaml	active-direct	risk-data-intervention/cafr-development/cache-isolation/scalar_risk_data.yaml	439	ec7e23633324f6dbd0026e20e96e7f2cf1d6de6dae507111abc0ffc48e3ec84f
risk-data-intervention/cafr-development/cache-isolation/artifact_manifest.json	scalar_risk_train.txt	active-direct	risk-data-intervention/cafr-development/cache-isolation/scalar_risk_train.txt	5846310	cbf6f7c0de09f2d0aeaeb981d649b120cdd35d88d493360e2a6a8b36e084b838
risk-data-intervention/cafr-development/cache-isolation/artifact_manifest.json	typed_cafr_data.yaml	active-direct	risk-data-intervention/cafr-development/cache-isolation/typed_cafr_data.yaml	438	4a8acb9f7e80a89240ef1332d4a3bb5eaa0c5e8a23c0ebc21ad0eeb6fc2c95b9
risk-data-intervention/cafr-development/cache-isolation/artifact_manifest.json	typed_cafr_train.txt	active-direct	risk-data-intervention/cafr-development/cache-isolation/typed_cafr_train.txt	5826574	7df42614a75aeb4c560f0a26c22614355816022b7607034a72a90a0495f0c98d
risk-data-intervention/cafr-development/cache-isolation/artifact_manifest.json	uniform_data.yaml	active-direct	risk-data-intervention/cafr-development/cache-isolation/uniform_data.yaml	435	06a8aa4e5f99b68b5b7980d75f1e0a5682ea36235c99832c284bd2252f650714
risk-data-intervention/cafr-development/cache-isolation/artifact_manifest.json	uniform_train.txt	active-direct	risk-data-intervention/cafr-development/cache-isolation/uniform_train.txt	6369983	74485003a734309b06c242ce721f1bac13df0b346ba2e6b627e86cb92df12eb2
risk-data-intervention/cafr-development/clean-gate-result/evaluations/typed_cafr_v2_epoch10/artifact_manifest.json	metrics.json	active-direct	risk-data-intervention/cafr-development/clean-gate-result/evaluations/typed_cafr_v2_epoch10/metrics.json	1100	94b00cb66837f0d3f33efd3381039a92b9500dacd327049c633655e023c7003d
risk-data-intervention/cafr-development/clean-gate-result/evaluations/typed_cafr_v2_epoch10/artifact_manifest.json	predictions.json	local-archive	local-archive/data-disk/autodrive/results/evaluation/method_gate/evaluation_v5_cafr_v2_clean/evaluations/typed_cafr_v2_epoch10/predictions.json	150751773	2c0f973b3865d05119e965247014f933eeaed1194a588c0f6e3df77d0946b844
risk-data-intervention/cafr-development/materialization/artifact_manifest.json	crop_materialization_manifest.csv	active-direct	risk-data-intervention/cafr-development/materialization/crop_materialization_manifest.csv	14257973	d9c0729191b54477452919807919472cc1d8fa9cf3d4a5e16a17f0ee9262d6f0
risk-data-intervention/cafr-development/materialization/artifact_manifest.json	scalar_risk_data.yaml	active-direct	risk-data-intervention/cafr-development/materialization/scalar_risk_data.yaml	434	8e354ac6f4ff7c29ee545c2faeb47e521ee4464c99a58cbff86cad8e1b007a3c
risk-data-intervention/cafr-development/materialization/artifact_manifest.json	scalar_risk_train.txt	active-direct	risk-data-intervention/cafr-development/materialization/scalar_risk_train.txt	5846310	6fd97e5150baa25009b3415aefd3383cc8a3b5a7db1aa445c0227aa84c1776a2
risk-data-intervention/cafr-development/materialization/artifact_manifest.json	summary.json	active-direct	risk-data-intervention/cafr-development/materialization/summary.json	1336	8065a2daaabb24e076809a5a3982271af81b4fd8bc8f13bdaa88e06629e6e204
risk-data-intervention/cafr-development/materialization/artifact_manifest.json	typed_cafr_data.yaml	active-direct	risk-data-intervention/cafr-development/materialization/typed_cafr_data.yaml	433	29877464a3b882934702beec6d4f66e98eb12e65d9f7a1947b12fea81e12131f
risk-data-intervention/cafr-development/materialization/artifact_manifest.json	typed_cafr_train.txt	active-direct	risk-data-intervention/cafr-development/materialization/typed_cafr_train.txt	5826574	260856e95b45cb3bdbad076e72c9a0e5feb51fcf998867d4e16aee3c54a245c5
risk-data-intervention/cafr-development/materialization/artifact_manifest.json	uniform_data.yaml	active-direct	risk-data-intervention/cafr-development/materialization/uniform_data.yaml	430	2a6978fdca28783e6e999b470fe80e4976f32cc53ab40a7ed35cc20031ecedd1
risk-data-intervention/cafr-development/materialization/artifact_manifest.json	uniform_train.txt	active-direct	risk-data-intervention/cafr-development/materialization/uniform_train.txt	6370000	6b8b65086fb86cb8fe64599f73dc80c4c5cb697175cdd065ab0478da8e49fad8
risk-data-intervention/cafr-development/protocol/artifact_manifest.json	cafr_v2_gate_protocol.json	active-direct	risk-data-intervention/cafr-development/protocol/cafr_v2_gate_protocol.json	10924	a1bcf36cba543c82cec65067343f231b9593b799279a73f604fcf320ac781d6d
risk-data-intervention/materialization/cache-isolation/artifact_manifest.json	cache_isolation_amendment.json	active-direct	risk-data-intervention/materialization/cache-isolation/cache_isolation_amendment.json	1594	7dc2cd283127d037642802e9b7ebe806aa4b9dd8f1ec3cbb28f15e9181b1117c
risk-data-intervention/materialization/cache-isolation/artifact_manifest.json	dev_cache_safe.txt	active-direct	risk-data-intervention/materialization/cache-isolation/dev_cache_safe.txt	489978	9dac1b0104b6f7e416d4c64585ef15691b0c0ffeeb0213db6481e1a765adc10e
risk-data-intervention/materialization/cache-isolation/artifact_manifest.json	scalar_risk_data.yaml	active-direct	risk-data-intervention/materialization/cache-isolation/scalar_risk_data.yaml	455	9120545115334ff556ed4f22d00adbaf84c49038bb06d6c7ae66e6600c4d222e
risk-data-intervention/materialization/cache-isolation/artifact_manifest.json	scalar_risk_train.txt	active-direct	risk-data-intervention/materialization/cache-isolation/scalar_risk_train.txt	5826810	9f293ef0cc3026cf91e28efb67733c2a9e5fef87c21d132a597a5a3cc84f0c63
risk-data-intervention/materialization/cache-isolation/artifact_manifest.json	typed_cafr_data.yaml	active-direct	risk-data-intervention/materialization/cache-isolation/typed_cafr_data.yaml	454	85b15e6e02cdd52ccb9939369cbcec9d0fb1f9146197ae4ef071e8c2af2230c6
risk-data-intervention/materialization/cache-isolation/artifact_manifest.json	typed_cafr_train.txt	active-direct	risk-data-intervention/materialization/cache-isolation/typed_cafr_train.txt	5807074	36314bcd4d46b5fe591718ad6f4a4a44fb84308a42586ccd526606b0fb3e29aa
risk-data-intervention/materialization/cache-isolation/artifact_manifest.json	uniform_data.yaml	active-direct	risk-data-intervention/materialization/cache-isolation/uniform_data.yaml	451	b17846dba8459210277172709f192d34dab6c65614c69aee5338f9a03b7949ea
risk-data-intervention/materialization/cache-isolation/artifact_manifest.json	uniform_train.txt	active-direct	risk-data-intervention/materialization/cache-isolation/uniform_train.txt	6369982	3b18530a1391cf1198ce080642928d16e456bb05c591a748f59da1be82742d78
risk-data-intervention/materialization/equal-budget-views/artifact_manifest.json	crop_materialization_manifest.csv	active-direct	risk-data-intervention/materialization/equal-budget-views/crop_materialization_manifest.csv	14225875	507e4f321ab3200a5e9658e217862ecc5e3d1b63603d0ba5081c7679cd1808d3
risk-data-intervention/materialization/equal-budget-views/artifact_manifest.json	scalar_risk_data.yaml	active-direct	risk-data-intervention/materialization/equal-budget-views/scalar_risk_data.yaml	426	c0dcfc7696fc1eadbfa8d80761fb90e4b06c20925e76d3ce28d16bf31caa6843
risk-data-intervention/materialization/equal-budget-views/artifact_manifest.json	scalar_risk_train.txt	active-direct	risk-data-intervention/materialization/equal-budget-views/scalar_risk_train.txt	5826810	b72a596285dcc30c0c6a2abd8b14950cdaa67b78eb4052a7f3c45c81ff62e7bd
risk-data-intervention/materialization/equal-budget-views/artifact_manifest.json	summary.json	active-direct	risk-data-intervention/materialization/equal-budget-views/summary.json	1320	5a7277842994664dd9531104126f8e5bdc367daad20675225ad590eaf8382a14
risk-data-intervention/materialization/equal-budget-views/artifact_manifest.json	typed_cafr_data.yaml	active-direct	risk-data-intervention/materialization/equal-budget-views/typed_cafr_data.yaml	425	682d6d225db6ddae1f01fc698e9b02590fe28f4cc2089ae39fa3a593a0af85b2
risk-data-intervention/materialization/equal-budget-views/artifact_manifest.json	typed_cafr_train.txt	active-direct	risk-data-intervention/materialization/equal-budget-views/typed_cafr_train.txt	5807074	bcffc439d8586f7aebf9de0bc4cdad304b2bcd0d19ad9ebbaefbdbb200aff713
risk-data-intervention/materialization/equal-budget-views/artifact_manifest.json	uniform_data.yaml	active-direct	risk-data-intervention/materialization/equal-budget-views/uniform_data.yaml	422	8f5da4df5727d09695b5bf4a0ed466968be4be8000773be91cd035077c7a0b80
risk-data-intervention/materialization/equal-budget-views/artifact_manifest.json	uniform_train.txt	active-direct	risk-data-intervention/materialization/equal-budget-views/uniform_train.txt	6370000	6b8b65086fb86cb8fe64599f73dc80c4c5cb697175cdd065ab0478da8e49fad8
risk-data-intervention/materialization/object-view-smoke/artifact_manifest.json	sample_manifest.json	active-direct	risk-data-intervention/materialization/object-view-smoke/sample_manifest.json	167915	3aad53325752d20d01a706fb89d14ab059e31de5aa33d2b4ac0068594194e829
risk-data-intervention/materialization/object-view-smoke/artifact_manifest.json	summary.json	active-direct	risk-data-intervention/materialization/object-view-smoke/summary.json	2939	fefe5242482d6f3464739c41a75c63b8252c3d6e217dbdb797858ea292af3d93
risk-data-intervention/results/clean-evaluation/evaluations/scalar_risk_epoch10/artifact_manifest.json	metrics.json	active-direct	risk-data-intervention/results/clean-evaluation/evaluations/scalar_risk_epoch10/metrics.json	1082	680d461b204bf4bd445375c80a7c56087f94ede974b18572c3d527b7b07d917c
risk-data-intervention/results/clean-evaluation/evaluations/scalar_risk_epoch10/artifact_manifest.json	predictions.json	local-archive	local-archive/data-disk/autodrive/results/evaluation/method_gate/evaluation_v2_clean/evaluations/scalar_risk_epoch10/predictions.json	151098630	adec7ae1e03e17df5f9ede4e90ed83ce515e54bb304e08e40cd82fccd4305150
risk-data-intervention/results/clean-evaluation/evaluations/typed_cafr_epoch10/artifact_manifest.json	metrics.json	active-direct	risk-data-intervention/results/clean-evaluation/evaluations/typed_cafr_epoch10/metrics.json	1082	d78cba3fd434575bc393b28e7dba502318597f1306c4c03276e322b09e128dd1
risk-data-intervention/results/clean-evaluation/evaluations/typed_cafr_epoch10/artifact_manifest.json	predictions.json	local-archive	local-archive/data-disk/autodrive/results/evaluation/method_gate/evaluation_v2_clean/evaluations/typed_cafr_epoch10/predictions.json	151308769	416b2b23497584a7dd202e5beda455555fda0eb6497bbe0b2427f72013970302
risk-data-intervention/results/clean-evaluation/evaluations/uniform_epoch10/artifact_manifest.json	metrics.json	active-direct	risk-data-intervention/results/clean-evaluation/evaluations/uniform_epoch10/metrics.json	1069	b306605093c476e0ebcb3cd005603f054dfd35f3fd2c459bf447c5eade5c469d
risk-data-intervention/results/clean-evaluation/evaluations/uniform_epoch10/artifact_manifest.json	predictions.json	local-archive	local-archive/data-disk/autodrive/results/evaluation/method_gate/evaluation_v2_clean/evaluations/uniform_epoch10/predictions.json	148532858	d7407ac6152b771e5d1a67fcdb4e5ba8dc25e9d00b8b26b3379de9139086e156
risk-data-intervention/results/corruption-evaluation/artifact_manifest.json	corruption_metrics.json	active-direct	risk-data-intervention/results/corruption-evaluation/corruption_metrics.json	9642	eef737de171601900ebd603c4217d2a073715496029d27a0ec4e75016c20374b
risk-data-intervention/results/corruption-evaluation/artifact_manifest.json	final_gate_decision.json	active-direct	risk-data-intervention/results/corruption-evaluation/final_gate_decision.json	839	792149f01a1bfc4fc74480008389722f324f9aa8d3e7ca3dfdef959c61ce0626
risk-data-intervention/results/corruption-evaluation/artifact_manifest.json	runs/scalar_risk/blur_s2/image_summary.json	active-direct	risk-data-intervention/results/corruption-evaluation/runs/scalar_risk/blur_s2/image_summary.json	925663	bf419a2a6ca82237297df1dd12500c6c689a3630a160957c0eb386f8fc56c591
risk-data-intervention/results/corruption-evaluation/artifact_manifest.json	runs/scalar_risk/blur_s2/metadata.json	active-direct	risk-data-intervention/results/corruption-evaluation/runs/scalar_risk/blur_s2/metadata.json	3951	b228ed96523d5183745fb2cf90d166dcd48af02d824297e4a752afeb5abef767
risk-data-intervention/results/corruption-evaluation/artifact_manifest.json	runs/scalar_risk/blur_s2/metrics.json	active-direct	risk-data-intervention/results/corruption-evaluation/runs/scalar_risk/blur_s2/metrics.json	750	b5f9e66324a03cad62c0e767bd1846f972c826966492486ce4a5f88e2d7323c7
risk-data-intervention/results/corruption-evaluation/artifact_manifest.json	runs/scalar_risk/blur_s2/predictions.json	local-archive	local-archive/data-disk/autodrive/results/evaluation/method_gate/evaluation_v4_corruptions/runs/scalar_risk/blur_s2/predictions.json	147784973	0dd1866a5747235009c529d1081d0ec8259d6b0522154fa35445d53bf206765d
risk-data-intervention/results/corruption-evaluation/artifact_manifest.json	runs/scalar_risk/low_light_s2/image_summary.json	active-direct	risk-data-intervention/results/corruption-evaluation/runs/scalar_risk/low_light_s2/image_summary.json	950953	c8c6ae7cff80ffe998ffdf5fb395a3311318d72b6b97a86d8ed41d50865a1b72
risk-data-intervention/results/corruption-evaluation/artifact_manifest.json	runs/scalar_risk/low_light_s2/metadata.json	active-direct	risk-data-intervention/results/corruption-evaluation/runs/scalar_risk/low_light_s2/metadata.json	3990	97191646389b606a37a3eb7d792dc2ae60758855ddf876f2f86ae6cedf5c5e9a
risk-data-intervention/results/corruption-evaluation/artifact_manifest.json	runs/scalar_risk/low_light_s2/metrics.json	active-direct	risk-data-intervention/results/corruption-evaluation/runs/scalar_risk/low_light_s2/metrics.json	754	6b72bb7b3ea90cde51b3f4231909a6aac4f3c50a207a075c56d4c5198d7622c2
risk-data-intervention/results/corruption-evaluation/artifact_manifest.json	runs/scalar_risk/low_light_s2/predictions.json	local-archive	local-archive/data-disk/autodrive/results/evaluation/method_gate/evaluation_v4_corruptions/runs/scalar_risk/low_light_s2/predictions.json	170075764	55c48e514fbf298e6886343682126d12636afc222324eff28de19f0bc4551d40
risk-data-intervention/results/corruption-evaluation/artifact_manifest.json	runs/scalar_risk/noise_s2/image_summary.json	active-direct	risk-data-intervention/results/corruption-evaluation/runs/scalar_risk/noise_s2/image_summary.json	930919	b436038c2e0de70458202b07122ac3fc086c2a8b73feecd0c58d7db17f6a1eb1
risk-data-intervention/results/corruption-evaluation/artifact_manifest.json	runs/scalar_risk/noise_s2/metadata.json	active-direct	risk-data-intervention/results/corruption-evaluation/runs/scalar_risk/noise_s2/metadata.json	3954	3141502284f0f644cc531a4415741d04b8244634da2b62286b5f0ee4a0191f74
risk-data-intervention/results/corruption-evaluation/artifact_manifest.json	runs/scalar_risk/noise_s2/metrics.json	active-direct	risk-data-intervention/results/corruption-evaluation/runs/scalar_risk/noise_s2/metrics.json	753	8670d837d561ef4d94e76f76342691bcf2d8793dd24745b94bd3d12156cd9a48
risk-data-intervention/results/corruption-evaluation/artifact_manifest.json	runs/scalar_risk/noise_s2/predictions.json	local-archive	local-archive/data-disk/autodrive/results/evaluation/method_gate/evaluation_v4_corruptions/runs/scalar_risk/noise_s2/predictions.json	175615293	399711ecafbb8da756b614bb34fc9d863aa537b3a80ca509fa296d12f091f749
risk-data-intervention/results/corruption-evaluation/artifact_manifest.json	runs/typed_cafr/blur_s2/image_summary.json	active-direct	risk-data-intervention/results/corruption-evaluation/runs/typed_cafr/blur_s2/image_summary.json	925662	9a4a687fe77600dc18ea5e2611ebc740128cf65ed06f7d192b6b898bc367fddd
risk-data-intervention/results/corruption-evaluation/artifact_manifest.json	runs/typed_cafr/blur_s2/metadata.json	active-direct	risk-data-intervention/results/corruption-evaluation/runs/typed_cafr/blur_s2/metadata.json	3947	85366a25dfe03f2966b6605c65699dd40d0f95b925c20b33dbaf902c499e354a
risk-data-intervention/results/corruption-evaluation/artifact_manifest.json	runs/typed_cafr/blur_s2/metrics.json	active-direct	risk-data-intervention/results/corruption-evaluation/runs/typed_cafr/blur_s2/metrics.json	749	18ca5821eb178dbc38f4b422a99329729755d0af614b70f057f951f586168eeb
risk-data-intervention/results/corruption-evaluation/artifact_manifest.json	runs/typed_cafr/blur_s2/predictions.json	local-archive	local-archive/data-disk/autodrive/results/evaluation/method_gate/evaluation_v4_corruptions/runs/typed_cafr/blur_s2/predictions.json	148350267	d9d2328df1f088484a00d6d3b6218a7716d6e817d8464b94b1a0f5a1f7e8e1e3
risk-data-intervention/results/corruption-evaluation/artifact_manifest.json	runs/typed_cafr/low_light_s2/image_summary.json	active-direct	risk-data-intervention/results/corruption-evaluation/runs/typed_cafr/low_light_s2/image_summary.json	950937	9625608e58848ddc12366a180d42f28851fa2702d11f88fd974e55d4eee14bfe
risk-data-intervention/results/corruption-evaluation/artifact_manifest.json	runs/typed_cafr/low_light_s2/metadata.json	active-direct	risk-data-intervention/results/corruption-evaluation/runs/typed_cafr/low_light_s2/metadata.json	3986	aca13b0ffcb78ad7d5309491aa08a1c1d4584a3fa15a3aecb614e81640852acd
risk-data-intervention/results/corruption-evaluation/artifact_manifest.json	runs/typed_cafr/low_light_s2/metrics.json	active-direct	risk-data-intervention/results/corruption-evaluation/runs/typed_cafr/low_light_s2/metrics.json	755	74c0c834b65059c6f4868dd7e3bca625cc3cb5db4368988177456b7063a05cc2
risk-data-intervention/results/corruption-evaluation/artifact_manifest.json	runs/typed_cafr/low_light_s2/predictions.json	local-archive	local-archive/data-disk/autodrive/results/evaluation/method_gate/evaluation_v4_corruptions/runs/typed_cafr/low_light_s2/predictions.json	170063930	c0bd85fbbe2248ee3fe0d375a2b0cc17df7def09d3bbd30df3936b5d9876b50d
risk-data-intervention/results/corruption-evaluation/artifact_manifest.json	runs/typed_cafr/noise_s2/image_summary.json	active-direct	risk-data-intervention/results/corruption-evaluation/runs/typed_cafr/noise_s2/image_summary.json	930903	928a5d3c4cd1e4129526a5a67b5bd6f5a0c04c350eb363761bc2d92570829084
risk-data-intervention/results/corruption-evaluation/artifact_manifest.json	runs/typed_cafr/noise_s2/metadata.json	active-direct	risk-data-intervention/results/corruption-evaluation/runs/typed_cafr/noise_s2/metadata.json	3949	0daa07ac86d2200035188a0e28097c00ea455b7a47c3e84b755d5c448e1e00bd
risk-data-intervention/results/corruption-evaluation/artifact_manifest.json	runs/typed_cafr/noise_s2/metrics.json	active-direct	risk-data-intervention/results/corruption-evaluation/runs/typed_cafr/noise_s2/metrics.json	747	bc6d30e6b9fe3d18ec6cf64b118ef8f98a4aba440abb6ca6837e38bf023461df
risk-data-intervention/results/corruption-evaluation/artifact_manifest.json	runs/typed_cafr/noise_s2/predictions.json	local-archive	local-archive/data-disk/autodrive/results/evaluation/method_gate/evaluation_v4_corruptions/runs/typed_cafr/noise_s2/predictions.json	173472341	bf5ddfcd284479fe12163afb669942f43878220a108e9302ece76a30149550cd
risk-data-intervention/results/corruption-evaluation/artifact_manifest.json	runs/uniform/blur_s2/image_summary.json	active-direct	risk-data-intervention/results/corruption-evaluation/runs/uniform/blur_s2/image_summary.json	925582	8650751a828203288b98ae3c56fad1ccda0d3baf96b84b5e0b5909132535b854
risk-data-intervention/results/corruption-evaluation/artifact_manifest.json	runs/uniform/blur_s2/metadata.json	active-direct	risk-data-intervention/results/corruption-evaluation/runs/uniform/blur_s2/metadata.json	3933	0a2bc113c3a645bcb306be9a23e15a0444ce58aab5026111a9c495c47e2759c5
risk-data-intervention/results/corruption-evaluation/artifact_manifest.json	runs/uniform/blur_s2/metrics.json	active-direct	risk-data-intervention/results/corruption-evaluation/runs/uniform/blur_s2/metrics.json	747	e7561239ce9d7eef56a8c4f76d8d65a58e775a56614da1b2468a1fae99e05aae
risk-data-intervention/results/corruption-evaluation/artifact_manifest.json	runs/uniform/blur_s2/predictions.json	local-archive	local-archive/data-disk/autodrive/results/evaluation/method_gate/evaluation_v4_corruptions/runs/uniform/blur_s2/predictions.json	140908120	c1a2c4d2f61a38e32b5b4a42fcd2e9f65359f1330c70550295a092a081d55d7c
risk-data-intervention/results/corruption-evaluation/artifact_manifest.json	runs/uniform/low_light_s2/image_summary.json	active-direct	risk-data-intervention/results/corruption-evaluation/runs/uniform/low_light_s2/image_summary.json	950898	401c38e948e582c0a707111015609777ba6b5739f770161ab31d71d71297d462
risk-data-intervention/results/corruption-evaluation/artifact_manifest.json	runs/uniform/low_light_s2/metadata.json	active-direct	risk-data-intervention/results/corruption-evaluation/runs/uniform/low_light_s2/metadata.json	3974	17c0eeeb4905c3cb87f16d304a892a4613c113ac8baf1cea7006fe4cc4323a8d
risk-data-intervention/results/corruption-evaluation/artifact_manifest.json	runs/uniform/low_light_s2/metrics.json	active-direct	risk-data-intervention/results/corruption-evaluation/runs/uniform/low_light_s2/metrics.json	749	e133715834184153d064867f6d3f5d9ba2a5f3e06510500b8ec7242efb969549
risk-data-intervention/results/corruption-evaluation/artifact_manifest.json	runs/uniform/low_light_s2/predictions.json	local-archive	local-archive/data-disk/autodrive/results/evaluation/method_gate/evaluation_v4_corruptions/runs/uniform/low_light_s2/predictions.json	165986501	b7754d31717aa583a3e1505538c043c9dc24eb95cff49da697d1c5597dff07bd
risk-data-intervention/results/corruption-evaluation/artifact_manifest.json	runs/uniform/noise_s2/image_summary.json	active-direct	risk-data-intervention/results/corruption-evaluation/runs/uniform/noise_s2/image_summary.json	930853	ae44f79bdfcd4be0bd56bb34c012db3a9f2152b781537a7ad0c54c3256e5d862
risk-data-intervention/results/corruption-evaluation/artifact_manifest.json	runs/uniform/noise_s2/metadata.json	active-direct	risk-data-intervention/results/corruption-evaluation/runs/uniform/noise_s2/metadata.json	3937	cc505405676b8ab1be0d9518a6cd7d649cf9953f7d783c614039c52a35e5079f
risk-data-intervention/results/corruption-evaluation/artifact_manifest.json	runs/uniform/noise_s2/metrics.json	active-direct	risk-data-intervention/results/corruption-evaluation/runs/uniform/noise_s2/metrics.json	746	226a729aa5e9bbb0a9d73f766fc4db85716cddbdcee747824ea6f9cc026cb8bd
risk-data-intervention/results/corruption-evaluation/artifact_manifest.json	runs/uniform/noise_s2/predictions.json	local-archive	local-archive/data-disk/autodrive/results/evaluation/method_gate/evaluation_v4_corruptions/runs/uniform/noise_s2/predictions.json	169822490	bfc91e6fea97f274160f4380f0fdc3be8509132257549f6438dd990dfc2bb3b5
risk-data-intervention/results/failure-evaluation/artifact_manifest.json	failure_evaluation.json	active-direct	risk-data-intervention/results/failure-evaluation/failure_evaluation.json	28513	098aeef7c88059959429cdb34649816deb89d2dfec8fb883e53bc8bfc6d4a3a0
risk-data-intervention/results/failure-evaluation/artifact_manifest.json	failure_membership.csv	active-direct	risk-data-intervention/results/failure-evaluation/failure_membership.csv	1022675	87ed7969e1690e45321fead670fe6332ce470230b3935dbfa0f633189aeb3a31
risk-data-intervention/results/failure-evaluation/artifact_manifest.json	paired_failure_counts.npz	active-direct	risk-data-intervention/results/failure-evaluation/paired_failure_counts.npz	164964	f66af09e266032606d0effbb4c6bf4a67aa081655c9a24a515e190278159ab98
risk-data-intervention/risk-labels/object-risk-table/artifact_manifest.json	image_risk_summary.csv	active-direct	risk-data-intervention/risk-labels/object-risk-table/image_risk_summary.csv	6840067	4eaaf4552203fa6471ba5f9c3c3a6d39cb94047366ddffbd0055129468711b3a
risk-data-intervention/risk-labels/object-risk-table/artifact_manifest.json	metadata.json	active-direct	risk-data-intervention/risk-labels/object-risk-table/metadata.json	16924	95589945570a9eca8ce23503aed11c3f840429e4cd9faea74bddbe4cfd220416
risk-data-intervention/risk-labels/object-risk-table/artifact_manifest.json	object_risk_table.csv	active-direct	risk-data-intervention/risk-labels/object-risk-table/object_risk_table.csv	323955303	83e03b29ff5b796257fed1a3fb284fc22597e6e748315169e25fa481f9b1ba38
risk-data-intervention/risk-labels/object-risk-table/artifact_manifest.json	risk_summary.json	active-direct	risk-data-intervention/risk-labels/object-risk-table/risk_summary.json	14103	47a6533bbabc0c83f6f817bea88fb2386fccdd9a642f465bce14ccd5fbdb59a4
risk-data-intervention/sampling/initial-scalar-comparison/artifact_manifest.json	common_base_image_ids.json	active-direct	risk-data-intervention/sampling/initial-scalar-comparison/common_base_image_ids.json	402246	bcfb6dec076fc5182dfddc6081574c911184779432f90f101e84a6f591876e78
risk-data-intervention/sampling/initial-scalar-comparison/artifact_manifest.json	sampling_summary.json	active-direct	risk-data-intervention/sampling/initial-scalar-comparison/sampling_summary.json	6539	88b51193fd750a39a557f3223b74ac1b348f98b3f971b8b18e9df3d5c534682c
risk-data-intervention/sampling/initial-scalar-comparison/artifact_manifest.json	scalar_risk_selection.csv	active-direct	risk-data-intervention/sampling/initial-scalar-comparison/scalar_risk_selection.csv	3200326	b086b8cdac3de8a24830114e233d0646ba397dbeb17423a0231871f3d2b5050a
risk-data-intervention/sampling/initial-scalar-comparison/artifact_manifest.json	typed_cafr_selection.csv	active-direct	risk-data-intervention/sampling/initial-scalar-comparison/typed_cafr_selection.csv	3386635	46f0f57efb081eefe5a7ef8e0798076a7068828e93ad9b9d0a12619a360e6ec2
risk-data-intervention/sampling/initial-scalar-comparison/artifact_manifest.json	uniform_supplement_image_ids.json	active-direct	risk-data-intervention/sampling/initial-scalar-comparison/uniform_supplement_image_ids.json	172415	e06b41948ed9c1c0765f9941746a27719ef3301cd14accc2d9a10f0a0f0abf29
risk-data-intervention/sampling/matched-comparison/artifact_manifest.json	common_base_image_ids.json	active-direct	risk-data-intervention/sampling/matched-comparison/common_base_image_ids.json	402246	bcfb6dec076fc5182dfddc6081574c911184779432f90f101e84a6f591876e78
risk-data-intervention/sampling/matched-comparison/artifact_manifest.json	sampling_summary.json	active-direct	risk-data-intervention/sampling/matched-comparison/sampling_summary.json	6970	c212a8868934e685d62020bd544e0cdbee94ab8c9f78e788ee8fd7a2965a8622
risk-data-intervention/sampling/matched-comparison/artifact_manifest.json	scalar_risk_selection.csv	active-direct	risk-data-intervention/sampling/matched-comparison/scalar_risk_selection.csv	3321847	5511374920a45b3a2c4cad5ac5ab8fb6e323e42313113f8c4fc6f3463e063a32
risk-data-intervention/sampling/matched-comparison/artifact_manifest.json	typed_cafr_selection.csv	active-direct	risk-data-intervention/sampling/matched-comparison/typed_cafr_selection.csv	3386635	46f0f57efb081eefe5a7ef8e0798076a7068828e93ad9b9d0a12619a360e6ec2
risk-data-intervention/sampling/matched-comparison/artifact_manifest.json	uniform_supplement_image_ids.json	active-direct	risk-data-intervention/sampling/matched-comparison/uniform_supplement_image_ids.json	172415	e06b41948ed9c1c0765f9941746a27719ef3301cd14accc2d9a10f0a0f0abf29
risk-data-intervention/sampling/unmatched-high-risk-comparison/artifact_manifest.json	common_base_image_ids.json	active-direct	risk-data-intervention/sampling/unmatched-high-risk-comparison/common_base_image_ids.json	402246	bcfb6dec076fc5182dfddc6081574c911184779432f90f101e84a6f591876e78
risk-data-intervention/sampling/unmatched-high-risk-comparison/artifact_manifest.json	sampling_summary.json	active-direct	risk-data-intervention/sampling/unmatched-high-risk-comparison/sampling_summary.json	6453	66b8b7c12140a16c79744e2f0b361ac689b54cb48572745d625c0f0e861c7451
risk-data-intervention/sampling/unmatched-high-risk-comparison/artifact_manifest.json	scalar_risk_selection.csv	active-direct	risk-data-intervention/sampling/unmatched-high-risk-comparison/scalar_risk_selection.csv	3273276	7d6cfe6fef5eb53dc785da8f3f69663c15c0d1c77d977efee161c0c94db227c7
risk-data-intervention/sampling/unmatched-high-risk-comparison/artifact_manifest.json	typed_cafr_selection.csv	active-direct	risk-data-intervention/sampling/unmatched-high-risk-comparison/typed_cafr_selection.csv	3386635	46f0f57efb081eefe5a7ef8e0798076a7068828e93ad9b9d0a12619a360e6ec2
risk-data-intervention/sampling/unmatched-high-risk-comparison/artifact_manifest.json	uniform_supplement_image_ids.json	active-direct	risk-data-intervention/sampling/unmatched-high-risk-comparison/uniform_supplement_image_ids.json	172415	e06b41948ed9c1c0765f9941746a27719ef3301cd14accc2d9a10f0a0f0abf29
